SaleID,DateKey,ProductKey,CustomerKey,EmployeeKey,StoreKey,BranchKey,PromotionKey,ChannelKey,OrderKey,Quantity,UnitPrice,Discount,TotalAmount,IsReturn
1,20260201,104,5356,7,2,1,4,1,,1,1495.48,275.41,3670.85,0
2,20260202,136,5755,15,4,1,11,1,,1,980.65,146.64,2507.47,0
3,20260203,161,6202,18,3,2,3,1,,3,2197.51,206.66,1782.81,0
4,20260204,150,5102,6,2,1,11,1,,2,2026.47,80.73,2342.78,0
5,20260205,103,6398,1,4,1,11,1,,2,1842.74,2.54,1635.76,0
6,20260206,140,6460,23,3,2,7,1,,3,1501.6,65.46,1859.65,0
7,20260207,167,6278,13,1,1,9,1,,6,2719.57,251.81,3026.56,0
8,20260208,177,6248,10,3,1,8,1,,1,1207.08,82.94,1963.12,0
9,20260209,136,5535,21,3,1,3,1,,5,2237.14,269.91,4124.43,0
10,20260210,177,5828,22,3,1,12,1,,1,1972.96,299.24,1667.42,0
11,20260211,154,5829,13,1,1,6,1,,6,2112.09,205.9,3372.41,0
12,20260212,161,6376,12,3,1,11,1,,5,834.73,29.28,1075.75,0
13,20260213,134,6486,18,2,2,11,1,,1,933.41,67.0,4421.45,0
14,20260214,154,5679,12,3,2,8,1,,1,1529.29,259.92,3126.09,0
15,20260215,180,5146,16,2,1,11,1,,4,1671.61,123.93,4418.82,0
16,20260216,120,5282,7,3,2,10,1,,4,743.74,258.72,1311.61,0
17,20260217,111,5999,11,2,2,11,1,,1,411.31,82.06,3925.37,0
18,20260218,122,6181,6,4,1,3,1,,5,1440.91,128.82,2430.61,0
19,20260219,162,5786,1,1,1,12,1,,3,2680.16,267.6,3905.81,0
20,20260220,168,5391,1,1,1,4,1,,6,2504.76,93.63,962.19,0
21,20260221,165,6206,10,2,1,1,1,,3,2676.31,136.78,2841.3,0
22,20260222,168,5692,14,2,2,8,1,,3,2200.28,49.47,4581.02,0
23,20260223,152,5040,8,2,1,4,1,,6,452.59,151.39,1054.23,0
24,20260224,192,6333,2,4,2,9,1,,5,516.61,298.4,3478.86,0
25,20260225,184,5041,2,1,2,8,1,,4,696.63,75.82,3658.41,0
26,20260226,127,6424,22,1,2,7,1,,6,642.35,156.09,3302.59,0
27,20260227,190,5281,14,1,1,5,1,,1,2283.42,149.32,3240.51,0
28,20260228,200,5539,17,2,2,12,1,,4,1108.84,11.82,2733.6,0
29,20260301,127,6410,16,3,1,1,1,,1,2011.92,272.06,4258.54,0
30,20260302,186,6012,5,1,1,12,1,,6,643.1,76.77,1540.22,0
31,20260303,138,5541,15,1,1,3,1,,1,2445.4,108.06,3545.45,0
32,20260304,155,5238,4,1,1,3,1,,6,1953.28,98.6,4525.37,0
33,20260305,180,5550,24,1,2,6,1,,2,673.2,120.08,2554.42,0
34,20260306,150,6413,16,4,1,2,1,,2,2070.81,17.59,4741.1,0
35,20260307,121,5213,14,4,2,3,1,,5,1311.4,107.58,629.67,0
36,20260308,188,6490,5,4,2,2,1,,4,1457.65,19.0,3447.38,0
37,20260309,102,6443,22,2,2,9,1,,5,2051.78,185.47,2447.82,0
38,20260310,194,5510,16,3,2,3,1,,5,2540.95,183.87,552.4,0
39,20260311,121,6036,16,4,1,2,1,,4,1169.52,99.27,1751.71,0
40,20260312,165,5457,18,4,2,4,1,,1,1501.83,240.38,2516.44,0
41,20260313,164,5916,11,1,2,12,1,,6,442.65,121.03,661.24,0
42,20260314,171,5001,3,3,1,11,1,,6,1494.9,102.26,4213.9,0
43,20260315,129,5931,11,4,2,12,1,,4,673.66,227.8,1497.86,0
44,20260316,144,5728,21,3,2,12,1,,1,509.87,49.25,1132.02,0
45,20260317,192,6478,14,1,2,10,1,,2,850.1,279.06,2268.03,0
46,20260318,159,5391,23,3,1,7,1,,1,2623.9,251.24,3149.65,0
47,20260319,199,5923,15,2,2,1,1,,5,2166.91,165.97,2447.65,0
48,20260320,175,5990,17,2,1,12,1,,2,648.53,197.26,3227.72,0
49,20260321,142,6033,13,4,1,5,1,,4,2712.62,291.15,2537.81,0
50,20260322,118,5283,14,3,2,12,1,,6,2645.23,189.77,1404.0,0
51,20260323,180,6464,10,3,1,12,1,,6,2740.43,53.34,2941.21,0
52,20260324,182,5661,23,1,2,9,1,,4,1798.74,282.8,3695.56,0
53,20260325,187,6094,10,4,1,9,1,,1,460.65,43.6,3516.14,0
54,20260326,126,5547,6,3,2,3,1,,1,2057.43,88.54,3891.17,0
55,20260327,105,5735,15,1,1,12,1,,6,1747.05,71.28,4029.38,0
56,20260328,190,5590,23,1,2,7,1,,4,2696.08,292.75,1906.94,0
57,20260329,171,5111,1,3,1,10,1,,4,2391.96,273.45,3670.83,0
58,20260330,183,5754,19,2,1,5,1,,4,825.82,204.8,1341.39,0
59,20260331,123,6053,4,4,1,7,1,,3,1735.84,39.02,3127.94,0
60,20260401,133,5012,11,4,1,1,1,,2,2628.71,179.06,3981.47,0
61,20260402,181,6261,22,3,2,10,1,,5,1259.41,235.21,1930.37,0
62,20260403,129,5377,17,1,1,7,1,,5,1688.89,27.58,1495.39,0
63,20260404,128,6359,11,3,2,5,1,,2,2680.74,185.48,2636.86,0
64,20260405,172,6330,1,1,2,8,1,,2,2570.79,184.11,3295.09,0
65,20260406,106,6398,11,4,1,7,1,,3,1696.57,84.85,4601.01,0
66,20260407,199,5768,17,4,2,1,1,,3,2555.88,57.75,2812.53,0
67,20260408,113,5343,18,1,1,4,1,,6,1910.83,63.95,3584.32,0
68,20260409,114,5422,18,4,1,12,1,,6,769.01,137.77,1992.72,0
69,20260410,112,5151,2,2,2,9,1,,1,1779.91,68.29,1663.92,0
70,20260411,150,5924,21,4,2,6,1,,1,1334.8,35.49,526.55,0
71,20260412,193,6267,3,1,1,6,1,,5,654.73,236.07,1856.08,0
72,20260413,112,5577,15,4,2,11,1,,1,1537.57,160.04,1113.72,0
73,20260414,151,6118,10,2,2,11,1,,6,1955.06,287.22,550.18,0
74,20260415,172,5290,4,1,1,10,1,,5,1345.8,164.26,883.07,0
75,20260416,127,6487,12,2,2,11,1,,5,741.89,55.2,3275.98,0
76,20260417,133,5398,4,2,1,9,1,,4,1947.22,21.94,3522.58,0
77,20260418,133,5202,7,4,2,6,1,,2,2011.11,70.36,1783.12,0
78,20260419,109,5397,11,4,2,6,1,,5,1982.61,208.04,1185.78,0
79,20260420,173,5747,11,4,1,1,1,,3,990.82,66.46,3829.17,0
80,20260421,156,5567,12,2,2,8,1,,4,1468.86,232.43,2691.37,0
81,20260422,114,5360,21,1,2,3,1,,5,871.44,220.06,3319.78,0
82,20260423,194,5155,1,1,2,10,1,,2,2575.13,165.48,2945.61,0
83,20260424,170,5967,21,2,2,7,1,,2,2539.45,176.88,4357.24,0
84,20260425,118,5952,17,1,2,6,1,,5,425.42,71.66,4838.0,0
85,20260426,179,6402,6,2,2,3,1,,2,1759.26,169.74,4424.88,0
86,20260427,119,6500,16,3,1,4,1,,4,956.2,79.31,1553.08,0
87,20260428,186,5424,17,3,2,8,1,,4,2515.72,11.97,3418.36,0
88,20260429,114,6442,17,3,2,10,1,,5,1768.38,113.0,2203.33,0
89,20260430,176,6339,3,3,2,4,1,,5,1374.02,245.17,2052.65,0
90,20260501,162,6238,1,2,2,3,1,,2,585.01,193.04,1451.83,0
91,20260201,124,5323,12,1,1,7,1,,3,2128.61,144.45,2654.67,0
92,20260202,127,6210,6,4,1,4,1,,1,706.92,177.7,1106.26,0
93,20260203,166,5081,19,2,1,3,1,,3,2613.87,154.99,2324.55,0
94,20260204,173,6306,1,3,1,4,1,,4,1855.66,141.42,2667.51,0
95,20260205,129,5842,20,2,1,10,1,,6,1625.93,50.32,3585.16,0
96,20260206,159,6222,19,1,1,7,1,,4,717.31,4.97,2852.2,0
97,20260207,165,6402,14,2,1,3,1,,4,2563.86,179.94,4449.89,0
98,20260208,169,6031,4,1,2,11,1,,2,2564.76,161.79,505.4,0
99,20260209,200,6390,21,4,2,6,1,,1,2074.34,128.69,4722.9,0
100,20260210,162,5781,12,1,2,3,1,,3,1545.14,69.75,4365.74,0
101,20260211,137,6226,18,4,2,4,1,,1,2101.96,236.83,3100.94,0
102,20260212,116,6065,1,4,1,12,1,,3,1381.23,31.97,2417.32,0
103,20260213,175,5520,9,4,2,10,1,,3,2780.32,119.24,1416.62,0
104,20260214,171,6142,16,2,2,9,1,,5,1561.02,296.55,3099.43,0
105,20260215,200,6445,13,2,1,12,1,,2,1471.83,209.79,1228.08,0
106,20260216,128,6042,13,3,1,3,1,,4,2714.97,1.59,909.9,0
107,20260217,119,5966,20,4,1,2,1,,3,932.25,24.01,669.9,0
108,20260218,150,5821,20,3,1,3,1,,6,1586.48,3.21,4327.55,0
109,20260219,167,5586,7,1,1,10,1,,2,2017.66,107.92,3447.59,0
110,20260220,121,5178,9,4,2,11,1,,4,1373.08,60.09,569.15,0
111,20260221,191,5141,3,3,2,6,1,,3,943.11,288.92,2546.42,0
112,20260222,152,6178,1,3,1,7,1,,5,655.52,21.72,1824.13,0
113,20260223,115,6052,9,3,2,7,1,,5,1560.71,72.98,2028.47,0
114,20260224,200,5940,22,4,1,8,1,,1,1018.77,114.8,4048.95,0
115,20260225,129,6387,23,2,2,7,1,,3,1639.61,2.92,4244.8,0
116,20260226,132,5589,3,4,2,2,1,,5,2635.35,142.97,2090.92,0
117,20260227,174,5552,6,2,2,12,1,,2,963.67,72.62,1694.32,0
118,20260228,130,5416,8,3,1,2,1,,1,2608.45,202.74,3485.41,0
119,20260301,179,5014,18,1,2,6,1,,5,1157.0,269.44,4464.44,0
120,20260302,174,5563,16,2,2,7,1,,2,2200.41,38.47,2865.81,0
121,20260303,155,5980,18,1,2,7,1,,6,2262.17,137.16,1041.66,0
122,20260304,167,5943,11,1,1,11,1,,2,1310.63,30.22,2127.21,0
123,20260305,134,5384,18,3,1,5,1,,4,2700.46,102.93,1327.61,0
124,20260306,155,5432,14,3,2,7,1,,3,1481.75,171.42,4906.73,0
125,20260307,188,5469,4,3,1,9,1,,4,2455.14,58.82,4100.17,0
126,20260308,195,5307,16,1,1,7,1,,4,722.73,267.98,3337.93,0
127,20260309,169,6476,11,4,2,5,1,,5,2460.4,14.31,945.39,0
128,20260310,121,5123,7,3,2,11,1,,1,1479.65,100.4,2124.33,0
129,20260311,172,6142,9,3,1,7,1,,1,1242.62,203.88,3225.09,0
130,20260312,174,6180,21,2,2,6,1,,3,2015.66,146.25,3814.37,0
131,20260313,111,5781,20,3,2,11,1,,2,2483.82,192.17,4678.55,0
132,20260314,154,6293,20,4,1,2,1,,2,1224.7,94.04,3438.56,0
133,20260315,191,5548,20,4,2,8,1,,3,2194.95,156.28,2526.3,0
134,20260316,122,5377,1,2,1,11,1,,3,2657.05,210.21,860.29,0
135,20260317,122,5814,4,1,1,8,1,,5,529.18,231.28,2857.92,0
136,20260318,111,5213,9,2,1,11,1,,4,1142.49,74.22,1778.79,0
137,20260319,181,5259,5,2,1,1,1,,6,1256.42,274.58,4389.09,0
138,20260320,160,6108,9,4,1,12,1,,5,824.89,179.28,3339.71,0
139,20260321,182,6156,14,3,2,8,1,,5,945.11,26.87,1885.41,0
140,20260322,153,5533,5,3,1,1,1,,5,2356.91,254.38,2047.48,0
141,20260323,161,6096,1,4,2,5,1,,1,2238.09,239.39,3186.52,0
142,20260324,101,6123,12,2,2,9,1,,4,1347.4,48.98,3817.03,0
143,20260325,150,5775,8,3,1,7,1,,6,974.95,229.36,4594.79,0
144,20260326,189,6403,9,3,2,7,1,,2,2448.36,54.72,1803.18,0
145,20260327,182,5933,20,4,2,12,1,,5,1580.79,96.19,1184.67,0
146,20260328,169,5046,6,1,2,5,1,,2,2116.47,218.13,1547.65,0
147,20260329,120,5031,16,2,2,7,1,,3,2285.74,149.52,2171.29,0
148,20260330,190,5065,11,1,1,1,1,,3,2261.57,21.42,2615.66,0
149,20260331,125,5513,13,1,1,12,1,,2,1323.51,292.49,1612.23,0
150,20260401,105,5408,15,1,1,8,1,,4,2035.46,93.63,1953.78,0
151,20260402,181,6492,2,1,2,8,1,,6,1117.15,108.13,734.39,0
152,20260403,186,5447,4,2,2,6,1,,1,801.66,82.83,1038.42,0
153,20260404,132,5019,2,4,1,6,1,,1,996.93,149.98,3586.75,0
154,20260405,144,6281,2,1,2,11,1,,2,2083.19,237.44,1066.22,0
155,20260406,130,5649,18,3,2,12,1,,2,451.25,113.33,3759.8,0
156,20260407,133,5081,16,4,2,9,1,,6,1576.22,170.01,2946.29,0
157,20260408,142,6500,15,3,1,2,1,,5,772.06,88.7,1685.07,0
158,20260409,147,5930,1,4,1,1,1,,5,2456.39,232.8,1574.54,0
159,20260410,193,5130,22,4,1,9,1,,6,1594.12,165.44,3258.68,0
160,20260411,142,5840,21,3,1,2,1,,5,1981.34,13.13,4720.1,0
161,20260412,123,5065,7,1,2,4,1,,1,476.36,192.53,2248.69,0
162,20260413,163,6077,20,3,1,6,1,,2,1854.29,21.26,4685.95,0
163,20260414,127,6343,16,1,2,11,1,,1,1266.22,223.04,4506.94,0
164,20260415,148,6451,2,3,1,12,1,,1,2402.7,23.38,1471.55,0
165,20260416,167,5199,4,2,2,4,1,,2,1662.86,74.63,3313.96,0
166,20260417,123,6144,24,4,1,11,1,,5,1259.11,137.62,3493.59,0
167,20260418,114,5342,6,4,2,11,1,,2,1681.36,179.97,4700.84,1
168,20260419,141,6127,11,3,2,11,1,,4,2382.77,97.04,1583.25,0
169,20260420,170,5439,13,3,2,8,1,,4,2703.58,0.06,655.98,0
170,20260421,137,6221,1,2,2,1,1,,3,2762.55,64.45,1917.07,0
171,20260422,199,6413,9,2,1,1,1,,4,1253.57,41.52,2151.87,0
172,20260423,175,5512,8,3,2,2,1,,5,1359.52,275.36,3804.2,0
173,20260424,193,5665,16,2,2,12,1,,6,1782.96,272.3,3178.54,0
174,20260425,139,5077,24,4,1,1,1,,3,1235.03,245.14,2374.35,0
175,20260426,116,5465,24,1,2,1,1,,3,1658.52,95.79,3042.11,0
176,20260427,142,6029,23,2,1,1,1,,6,2155.79,117.86,2505.27,0
177,20260428,177,6179,17,1,1,7,1,,3,2287.28,44.4,2012.76,0
178,20260429,161,6171,24,1,2,5,1,,1,1356.46,130.35,3640.42,0
179,20260430,198,5277,16,2,2,7,1,,6,1771.19,168.35,4986.85,0
180,20260501,168,5505,8,1,2,7,1,,3,2043.37,172.81,1006.38,0
181,20260201,153,5868,12,3,1,6,1,,3,1825.31,7.26,1871.68,0
182,20260202,145,6263,15,2,2,1,1,,2,879.24,112.15,3909.8,0
183,20260203,111,5231,24,1,1,10,1,,2,2485.01,246.04,561.8,0
184,20260204,189,5228,10,4,2,1,1,,3,901.62,161.4,1417.11,0
185,20260205,167,5530,18,4,1,12,1,,6,2003.83,112.98,4577.18,0
186,20260206,168,5090,9,2,1,5,1,,2,2294.05,185.39,738.88,0
187,20260207,184,5018,3,4,2,11,1,,6,1264.53,32.37,1816.23,0
188,20260208,184,5792,8,4,1,6,1,,4,2480.25,159.47,1338.88,0
189,20260209,165,5938,18,1,1,4,1,,5,1131.83,146.98,3849.76,0
190,20260210,103,5711,22,3,2,11,1,,3,966.89,293.47,2755.63,0
191,20260211,108,6282,9,4,1,9,1,,3,941.4,102.54,2267.81,0
192,20260212,118,5180,24,4,1,7,1,,2,1774.96,127.94,1905.72,0
193,20260213,178,5675,15,2,1,11,1,,2,1794.47,205.21,1410.4,0
194,20260214,118,5633,23,2,2,3,1,,6,2639.27,275.13,1928.73,0
195,20260215,172,6092,24,1,1,6,1,,2,2144.99,229.63,4460.59,0
196,20260216,153,5843,10,4,2,3,1,,2,656.25,55.42,3931.01,0
197,20260217,179,6264,9,2,1,4,1,,6,462.6,23.84,4009.22,0
198,20260218,118,6029,20,4,2,3,1,,4,1579.47,41.25,1369.67,0
199,20260219,105,5837,1,3,2,4,1,,6,2011.21,60.85,1420.53,0
200,20260220,123,5900,20,4,2,8,1,,2,1426.13,232.86,3235.68,0
201,20260221,149,6475,11,4,1,9,1,,1,1483.86,248.1,690.87,0
202,20260222,132,6063,18,4,1,9,1,,4,1638.7,189.19,721.83,0
203,20260223,138,5901,13,3,2,8,1,,2,1413.91,183.94,745.46,1
204,20260224,167,5292,15,4,1,12,1,,5,671.61,233.62,4720.29,0
205,20260225,190,6120,5,4,2,6,1,,4,459.79,136.1,4534.78,0
206,20260226,126,5932,3,3,2,12,1,,6,2577.19,238.95,3732.69,0
207,20260227,116,5187,4,4,2,2,1,,5,2097.47,218.06,4888.36,0
208,20260228,179,5328,13,4,1,3,1,,3,1757.18,197.86,1175.4,0
209,20260301,119,5367,23,1,2,5,1,,3,2152.39,288.29,1799.51,0
210,20260302,124,5241,5,2,1,10,1,,3,429.3,149.29,2743.89,0
211,20260303,101,6246,16,2,1,10,1,,6,1541.71,123.05,857.32,0
212,20260304,177,5014,8,3,1,1,1,,2,755.81,195.98,665.24,0
213,20260305,105,6367,19,3,2,2,1,,1,661.33,298.12,1226.01,0
214,20260306,137,6252,22,2,2,12,1,,5,1264.45,10.75,3958.3,0
215,20260307,142,5755,13,1,2,9,1,,1,1102.8,40.36,3625.79,0
216,20260308,136,5675,17,4,1,12,1,,2,1868.93,32.79,3783.78,0
217,20260309,181,6084,3,4,2,7,1,,5,2434.72,77.9,3088.14,0
218,20260310,180,5725,5,4,2,8,1,,2,2520.79,69.82,1807.2,0
219,20260311,125,5004,4,1,2,11,1,,1,2169.92,62.2,3268.89,0
220,20260312,154,5848,2,3,2,9,1,,6,909.61,192.19,3605.08,0
221,20260313,133,5139,10,3,2,1,1,,1,2046.01,102.41,3759.78,0
222,20260314,179,5060,6,2,2,6,1,,6,1549.86,142.35,660.01,0
223,20260315,118,5987,5,4,2,8,1,,4,2626.7,16.81,2844.83,0
224,20260316,173,6485,22,3,1,4,1,,5,2045.18,239.86,4496.13,0
225,20260317,146,5136,5,3,1,6,1,,4,1903.63,252.72,3069.42,0
226,20260318,150,5384,20,1,2,12,1,,3,2103.62,81.45,890.59,0
227,20260319,131,5762,15,3,1,9,1,,3,820.03,112.26,668.28,0
228,20260320,126,5190,15,1,2,9,1,,2,856.51,277.09,3795.98,0
229,20260321,168,5636,11,2,1,9,1,,6,2782.53,61.56,664.49,0
230,20260322,150,6462,17,1,1,5,1,,1,2048.93,178.29,891.84,0
231,20260323,160,5095,4,3,1,10,1,,3,1933.24,62.95,1402.5,0
232,20260324,137,5567,18,3,2,11,1,,1,1054.37,47.25,1015.07,0
233,20260325,180,6147,17,1,1,9,1,,3,1718.48,81.32,4744.75,0
234,20260326,137,6176,8,2,1,5,1,,5,2541.38,162.17,728.27,0
235,20260327,104,5965,22,1,1,7,1,,1,606.69,117.58,3671.05,0
236,20260328,176,6290,23,4,2,5,1,,3,2361.86,213.87,3518.92,0
237,20260329,169,5161,15,2,1,12,1,,4,633.43,93.12,3399.88,0
238,20260330,199,5954,16,2,1,3,1,,5,1019.33,109.03,1325.09,0
239,20260331,186,5677,11,4,2,1,1,,1,1540.8,105.43,2575.59,0
240,20260401,122,5579,12,2,1,7,1,,6,2312.22,97.76,3422.53,0
241,20260402,139,6092,15,4,2,4,1,,5,984.86,47.71,2670.69,0
242,20260403,109,5698,7,4,2,10,1,,3,1706.86,70.85,3481.76,0
243,20260404,110,6458,19,4,1,10,1,,5,1510.98,166.53,4199.1,0
244,20260405,123,5631,13,1,1,11,1,,5,2251.22,113.67,2724.33,0
245,20260406,185,5126,3,2,1,10,1,,6,2343.61,227.12,3473.97,0
246,20260407,158,6089,10,4,2,4,1,,2,2035.64,94.98,3066.24,0
247,20260408,187,5624,14,3,1,10,1,,1,1867.58,153.13,4314.37,0
248,20260409,138,5128,12,1,1,12,1,,5,2369.81,107.77,4375.62,0
249,20260410,104,5482,14,4,2,12,1,,4,1374.48,130.56,1450.47,0
250,20260411,123,5973,5,2,2,6,1,,4,770.24,299.24,3515.3,0
251,20260412,118,5024,3,1,1,12,1,,4,1979.02,292.49,1110.99,0
252,20260413,118,6316,14,4,2,10,1,,2,1490.55,127.24,4190.32,0
253,20260414,150,5728,8,2,2,10,1,,1,1787.05,254.04,1565.37,0
254,20260415,165,5552,14,3,1,1,1,,5,1559.84,110.57,3111.21,0
255,20260416,189,5164,5,3,2,9,1,,1,1656.06,183.02,1603.54,0
256,20260417,181,6360,22,1,2,10,1,,1,2568.6,160.51,548.53,0
257,20260418,159,6050,16,3,2,6,1,,3,1094.1,10.6,4652.89,0
258,20260419,196,5623,24,3,1,11,1,,4,1787.54,171.86,3453.44,0
259,20260420,138,6279,1,3,2,2,1,,2,1613.43,255.43,1750.32,0
260,20260421,117,6262,9,3,2,1,1,,6,667.72,52.38,3162.97,0
261,20260422,120,6350,15,3,1,5,1,,6,966.87,54.24,2873.25,0
262,20260423,105,5703,3,2,1,8,1,,4,2248.88,71.38,2480.83,0
263,20260424,182,5343,7,3,1,11,1,,3,2213.16,34.8,1254.2,0
264,20260425,152,5976,10,4,1,7,1,,6,2093.46,142.38,1153.17,0
265,20260426,156,5025,10,4,2,11,1,,3,2708.23,204.86,684.58,0
266,20260427,169,6306,12,4,2,6,1,,3,1041.01,29.48,3444.54,0
267,20260428,151,5945,22,2,1,9,1,,3,2026.52,297.96,1909.71,0
268,20260429,102,6378,1,1,1,7,1,,1,1660.63,205.65,2081.82,0
269,20260430,193,5581,9,2,1,1,1,,5,620.66,281.55,3454.72,0
270,20260501,128,6228,21,1,1,2,1,,5,711.78,196.92,4549.54,0
271,20260201,173,5379,4,2,2,5,1,,4,1985.15,22.71,2540.5,0
272,20260202,136,5875,23,3,2,3,1,,1,1065.49,18.72,2248.66,0
273,20260203,108,5529,9,2,2,2,1,,4,2750.61,60.2,2266.86,0
274,20260204,183,6008,4,2,2,4,1,,5,1944.01,273.78,3719.3,0
275,20260205,114,5072,3,1,2,8,1,,1,2551.63,44.66,3381.51,0
276,20260206,105,6362,13,3,1,12,1,,3,2571.08,172.39,2819.22,0
277,20260207,199,6005,16,4,2,12,1,,1,1696.31,0.99,4793.7,0
278,20260208,200,5988,4,3,2,11,1,,3,1361.48,189.68,4814.71,0
279,20260209,112,5749,18,3,1,8,1,,3,1954.7,52.99,676.99,0
280,20260210,150,6354,7,3,2,2,1,,6,2053.22,145.95,4483.46,0
281,20260211,157,5389,5,1,1,1,1,,6,2791.32,71.55,2249.45,0
282,20260212,170,6318,10,4,2,1,1,,1,1214.28,101.32,3744.55,1
283,20260213,152,5243,7,4,1,12,1,,5,959.17,21.61,3809.57,0
284,20260214,163,6340,1,4,1,4,1,,6,1957.09,4.31,3346.98,0
285,20260215,140,5200,15,2,1,2,1,,1,1593.14,239.75,1492.58,0
286,20260216,126,5873,11,4,2,2,1,,6,1782.32,41.2,4263.92,0
287,20260217,128,5094,19,2,2,2,1,,1,1057.34,227.27,1256.23,0
288,20260218,148,6134,6,4,1,10,1,,1,720.09,237.32,3344.88,1
289,20260219,149,5324,1,4,1,1,1,,1,830.59,26.74,3432.9,0
290,20260220,137,5853,23,4,1,4,1,,2,1935.58,156.93,2354.14,0
291,20260221,123,6251,23,1,1,12,1,,4,1868.92,26.41,4219.18,0
292,20260222,139,5713,14,1,1,4,1,,1,2767.85,293.04,3285.14,0
293,20260223,198,6106,17,2,2,11,1,,6,899.46,15.92,1007.06,0
294,20260224,120,6404,16,4,1,3,1,,6,2614.42,16.21,2138.87,0
295,20260225,127,5891,9,3,2,1,1,,1,2177.0,277.46,1291.49,0
296,20260226,104,5994,17,1,1,4,1,,6,1467.57,173.93,2385.8,0
297,20260227,196,6387,11,2,1,6,1,,2,635.35,221.32,4414.49,0
298,20260228,149,5452,3,4,2,1,1,,4,747.86,278.37,2547.46,0
299,20260301,150,5765,5,4,1,11,1,,3,2741.33,60.66,1072.45,0
300,20260302,189,6165,2,3,1,2,1,,4,1500.59,51.36,2046.09,0
301,20260303,138,6237,6,2,1,2,1,,4,2456.74,146.76,4980.49,0
302,20260304,176,5970,15,3,1,12,1,,4,2166.83,74.0,1972.83,0
303,20260305,175,5456,19,2,1,7,1,,1,496.14,141.2,3958.73,0
304,20260306,105,5872,17,4,2,12,1,,1,1485.86,72.15,3013.19,0
305,20260307,102,6420,24,4,1,3,1,,3,1109.9,194.29,908.28,0
306,20260308,162,6371,10,2,2,10,1,,6,1800.78,292.93,2586.92,0
307,20260309,118,6441,13,2,2,11,1,,4,2089.36,0.41,3322.87,0
308,20260310,150,6415,11,1,2,7,1,,3,2075.33,183.75,3088.53,0
309,20260311,127,6403,3,3,1,9,1,,6,1273.58,15.47,2223.3,0
310,20260312,160,6268,2,3,2,3,1,,6,1741.1,20.1,3692.02,0
311,20260313,127,5284,11,2,1,11,1,,4,2169.71,225.68,4420.09,0
312,20260314,190,5430,24,2,2,6,1,,3,1608.56,126.88,745.07,0
313,20260315,148,5708,15,4,1,8,1,,6,1676.57,247.61,4547.53,0
314,20260316,158,6272,12,1,1,8,1,,1,592.41,269.38,1797.68,0
315,20260317,110,5224,6,3,1,12,1,,2,1591.19,262.5,2843.09,0
316,20260318,181,5047,10,4,1,8,1,,3,1408.31,221.31,596.67,0
317,20260319,125,5129,1,2,2,7,1,,5,1222.7,193.82,1968.38,0
318,20260320,176,6364,23,4,2,5,1,,5,716.69,236.8,1272.82,0
319,20260321,134,5465,16,3,2,1,1,,2,1247.49,136.78,1248.63,0
320,20260322,121,6458,18,3,1,3,1,,6,2062.86,199.91,1190.68,0
321,20260323,131,5240,2,3,1,8,1,,3,1287.21,61.55,3682.1,0
322,20260324,186,5650,12,2,2,8,1,,5,2741.12,160.09,1046.71,0
323,20260325,104,5829,16,2,2,6,1,,2,410.31,221.55,4890.2,0
324,20260326,143,6326,23,3,2,5,1,,5,2000.53,239.87,3778.45,0
325,20260327,157,5694,23,1,2,1,1,,2,2027.22,35.06,611.58,1
326,20260328,180,5452,15,3,1,6,1,,1,1859.56,58.54,2868.95,0
327,20260329,199,5570,7,1,1,9,1,,4,2024.95,287.29,4891.28,0
328,20260330,151,5399,16,3,1,11,1,,3,1354.14,214.79,2424.38,0
329,20260331,150,5764,1,3,2,6,1,,3,2746.06,262.29,894.19,0
330,20260401,194,5910,24,4,2,5,1,,2,2333.61,291.11,2407.24,0
331,20260402,154,5286,19,1,1,4,1,,3,1539.07,260.26,4939.87,0
332,20260403,109,6210,13,1,1,7,1,,6,2594.59,124.35,3001.16,0
333,20260404,191,6164,5,2,1,7,1,,3,1729.28,12.67,4218.12,0
334,20260405,175,5623,16,4,1,1,1,,1,769.66,90.05,3382.5,0
335,20260406,182,5968,4,3,2,3,1,,4,2576.3,193.44,627.99,0
336,20260407,198,5568,16,1,2,10,1,,4,1757.38,260.5,3325.98,0
337,20260408,161,6422,4,3,1,5,1,,2,1795.97,43.84,2574.7,0
338,20260409,189,5278,12,2,1,5,1,,3,1406.83,273.63,2101.93,0
339,20260410,138,5598,17,1,1,11,1,,2,2235.25,179.63,1252.11,0
340,20260411,142,5648,22,3,2,11,1,,6,2052.03,28.75,3110.21,0
341,20260412,119,5027,5,3,2,8,1,,4,1216.75,273.24,960.88,0
342,20260413,120,6031,8,2,1,7,1,,4,2598.47,34.97,1090.54,0
343,20260414,103,5983,12,3,2,3,1,,4,2535.34,179.29,3936.15,0
344,20260415,144,5353,23,3,1,12,1,,1,933.66,257.04,1140.62,0
345,20260416,130,5630,5,2,1,2,1,,4,2057.96,235.21,849.81,0
346,20260417,200,5992,14,1,1,2,1,,1,2303.33,154.04,766.69,0
347,20260418,116,5519,2,1,2,11,1,,1,2210.92,234.71,4640.44,0
348,20260419,127,6204,7,2,2,1,1,,1,749.34,223.86,1748.19,0
349,20260420,175,5713,12,2,1,9,1,,5,564.01,245.88,3934.6,0
350,20260421,168,5445,23,2,2,3,1,,5,410.39,217.6,4659.04,0
351,20260422,165,6450,16,3,1,8,1,,6,2698.59,54.25,2096.7,0
352,20260423,149,5869,7,2,2,2,1,,3,696.68,33.09,1111.61,0
353,20260424,198,5740,23,3,1,2,1,,3,1584.91,115.43,2556.26,1
354,20260425,195,5639,22,4,1,9,1,,4,1097.41,256.61,1349.53,0
355,20260426,109,5975,22,3,1,1,1,,6,1579.96,31.55,2471.26,0
356,20260427,185,6386,3,1,1,7,1,,4,2068.09,293.27,3836.44,0
357,20260428,122,5133,12,2,2,4,1,,5,2425.67,121.29,1547.91,0
358,20260429,155,6486,16,3,2,11,1,,4,1254.63,200.0,4775.62,0
359,20260430,163,6048,9,2,2,2,1,,1,1001.66,149.18,3327.67,0
360,20260501,118,5061,4,1,1,8,1,,6,464.2,53.73,3220.63,0
361,20260201,142,5313,10,1,1,11,1,,5,2242.17,237.82,1408.69,0
362,20260202,185,6020,16,3,2,9,1,,5,442.41,229.19,4958.2,0
363,20260203,116,5786,15,3,2,8,1,,4,486.35,53.06,3467.35,0
364,20260204,200,5621,23,2,2,7,1,,2,1149.9,116.72,3938.05,0
365,20260205,173,6383,16,4,2,9,1,,2,1616.04,117.42,2726.11,0
366,20260206,149,6264,22,3,2,6,1,,1,467.55,13.54,4266.2,0
367,20260207,145,6196,1,3,2,2,1,,4,1228.34,107.21,2080.71,1
368,20260208,185,5501,8,2,2,10,1,,1,2584.93,19.65,1872.11,0
369,20260209,144,5348,1,3,1,8,1,,6,2472.08,170.41,4556.34,0
370,20260210,135,5042,23,4,1,6,1,,4,1768.85,96.73,939.77,0
371,20260211,163,5205,23,2,2,8,1,,5,2347.5,200.22,1249.82,0
372,20260212,139,5745,14,2,2,11,1,,1,2416.91,160.75,1793.1,0
373,20260213,107,5609,19,4,1,10,1,,6,2699.06,215.31,3101.87,0
374,20260214,176,5690,9,1,2,7,1,,2,1233.56,23.0,4206.83,0
375,20260215,165,5615,14,3,1,7,1,,4,1003.04,154.61,3522.02,0
376,20260216,171,5370,1,2,2,4,1,,6,2709.08,222.66,2602.83,0
377,20260217,182,6092,20,4,1,9,1,,2,1274.26,44.32,1177.13,0
378,20260218,188,5615,14,4,2,2,1,,6,888.54,123.73,4206.7,0
379,20260219,183,5329,9,2,2,4,1,,1,759.91,8.31,4086.7,0
380,20260220,140,5951,16,4,2,11,1,,1,884.78,81.81,631.14,0
381,20260221,136,6349,18,2,1,12,1,,4,2277.36,16.6,4534.27,0
382,20260222,141,6233,10,1,2,6,1,,6,1977.83,27.09,4744.23,0
383,20260223,193,5288,8,1,1,9,1,,6,2389.56,284.9,4692.0,0
384,20260224,133,6017,3,2,1,6,1,,3,2397.6,221.17,4126.29,0
385,20260225,196,5484,14,2,1,2,1,,2,913.86,82.36,2337.69,0
386,20260226,176,5115,16,3,1,6,1,,5,1417.08,204.82,4834.92,0
387,20260227,119,5744,16,3,2,1,1,,6,2720.33,181.74,4286.63,0
388,20260228,185,5112,23,2,2,9,1,,4,1142.24,287.55,2132.85,0
389,20260301,188,5250,18,2,2,7,1,,1,2583.49,117.89,4900.97,0
390,20260302,133,5617,3,2,2,4,1,,2,2598.14,189.41,4457.6,0
391,20260303,199,6320,14,1,2,2,1,,4,1530.62,123.89,4285.24,0
392,20260304,192,5866,4,2,2,9,1,,1,1244.46,180.63,4160.43,0
393,20260305,195,5670,15,1,1,11,1,,6,840.98,133.02,3384.94,0
394,20260306,101,5821,7,3,2,10,1,,1,665.99,74.88,3711.04,0
395,20260307,199,6330,5,4,2,8,1,,4,2496.41,40.05,1280.66,0
396,20260308,176,5671,10,2,1,7,1,,3,836.53,262.92,4751.41,0
397,20260309,174,5460,1,1,1,2,1,,4,875.84,210.38,1259.4,0
398,20260310,152,6266,14,3,1,2,1,,3,808.29,170.17,563.52,0
399,20260311,168,5892,15,4,1,4,1,,6,887.55,283.82,4160.36,0
400,20260312,135,5590,24,4,2,3,1,,4,2455.21,180.02,4978.43,0
401,20260313,137,6489,22,2,2,3,1,,4,2301.91,8.63,4892.58,0
402,20260314,131,6266,15,2,2,10,1,,6,1953.37,25.72,2609.97,0
403,20260315,142,6420,13,2,2,12,1,,4,2166.65,76.87,928.76,0
404,20260316,108,5107,11,2,2,6,1,,5,2654.37,290.16,3192.04,0
405,20260317,196,5094,1,3,2,5,1,,4,2011.03,39.67,4515.02,0
406,20260318,106,6189,6,3,1,9,1,,4,2632.78,263.37,1093.64,0
407,20260319,141,6455,17,4,1,5,1,,1,1151.85,293.55,2746.45,0
408,20260320,136,5739,14,3,2,10,1,,3,1640.73,130.73,1242.43,0
409,20260321,195,6007,5,4,1,4,1,,2,530.96,54.94,2616.11,0
410,20260322,121,6446,15,4,1,8,1,,1,1459.65,296.65,3023.85,0
411,20260323,159,6010,4,2,1,6,1,,1,888.96,85.23,4257.29,0
412,20260324,196,6042,9,2,1,9,1,,5,833.37,276.12,1607.71,0
413,20260325,164,6387,4,3,1,5,1,,6,2755.2,36.6,2181.01,0
414,20260326,114,5663,5,1,1,8,1,,6,1982.89,136.22,4798.41,0
415,20260327,177,6348,1,3,1,11,1,,5,2682.15,97.47,3791.95,0
416,20260328,194,6166,5,2,1,11,1,,3,1175.61,16.66,818.26,0
417,20260329,178,5782,3,4,2,3,1,,2,2716.12,259.65,901.35,0
418,20260330,127,5334,13,4,2,11,1,,6,769.92,89.56,4104.95,0
419,20260331,195,5636,22,2,2,11,1,,1,2396.93,153.8,2703.3,0
420,20260401,150,5976,9,4,1,7,1,,3,1873.28,130.23,2417.08,0
421,20260402,106,6052,11,4,1,11,1,,6,2112.73,279.2,2872.75,0
422,20260403,183,6075,3,3,2,7,1,,1,2577.3,143.28,1168.73,0
423,20260404,117,6402,10,2,2,5,1,,5,514.55,22.96,702.93,0
424,20260405,114,6046,14,4,1,8,1,,6,2128.74,243.85,2099.56,0
425,20260406,175,5168,17,1,1,12,1,,6,1510.91,235.85,4293.09,0
426,20260407,106,5171,14,3,2,10,1,,6,1492.0,201.08,3307.15,0
427,20260408,134,5700,6,2,1,2,1,,6,2757.25,77.8,3530.34,0
428,20260409,156,6095,1,1,2,2,1,,1,812.16,143.14,3613.13,1
429,20260410,185,6233,24,4,2,10,1,,5,1265.75,202.14,3606.32,0
430,20260411,151,5620,3,2,1,1,1,,2,668.59,4.77,4867.34,0
431,20260412,104,5429,16,2,1,7,1,,6,2459.65,161.57,887.42,0
432,20260413,199,5950,5,4,2,1,1,,1,798.65,45.73,3661.69,0
433,20260414,163,5966,1,4,1,4,1,,3,1766.63,250.15,729.15,0
434,20260415,102,5211,21,4,2,8,1,,6,1788.79,219.32,4995.62,0
435,20260416,105,5999,13,4,2,4,1,,6,545.69,5.71,3093.82,0
436,20260417,171,5131,9,4,2,2,1,,4,1894.47,193.85,2517.46,0
437,20260418,156,5043,6,3,1,8,1,,3,1451.47,152.29,3144.46,0
438,20260419,188,5695,20,4,1,5,1,,6,2107.32,287.94,4248.86,0
439,20260420,187,6337,24,3,2,3,1,,5,897.3,207.21,887.86,0
440,20260421,162,5265,6,2,1,10,1,,4,642.17,124.8,4971.95,0
441,20260422,139,5481,7,1,1,6,1,,3,1256.91,47.58,4225.77,0
442,20260423,165,5066,3,3,2,2,1,,5,944.06,168.59,2688.64,0
443,20260424,144,5728,2,3,1,12,1,,5,1850.29,31.24,726.9,0
444,20260425,157,5937,4,1,1,9,1,,1,1617.53,50.11,1031.27,0
445,20260426,127,5741,6,3,2,9,1,,4,2158.12,29.79,3411.92,0
446,20260427,143,5283,4,2,2,7,1,,1,988.76,242.74,2035.94,0
447,20260428,165,5351,3,3,2,12,1,,4,1265.54,199.5,1182.25,0
448,20260429,197,6085,14,2,1,7,1,,4,2603.25,269.42,4783.28,0
449,20260430,167,6398,12,1,2,3,1,,1,2122.3,155.2,813.12,0
450,20260501,144,5645,13,2,2,1,1,,4,2222.06,198.05,3386.6,0
451,20260201,174,5119,21,3,2,7,1,,6,2081.9,262.06,3746.98,0
452,20260202,141,5705,1,3,1,12,1,,4,1470.85,61.54,2949.91,0
453,20260203,180,6336,15,3,2,4,1,,3,602.27,161.23,2254.97,0
454,20260204,193,5259,17,3,1,2,1,,5,1724.29,156.4,3906.71,0
455,20260205,121,5048,1,3,1,5,1,,6,1414.59,151.58,3793.94,0
456,20260206,148,5532,21,3,1,1,1,,6,2659.22,134.62,3075.96,0
457,20260207,101,5929,11,2,1,6,1,,3,1082.89,235.44,3716.85,0
458,20260208,187,5287,23,4,1,2,1,,3,1639.48,57.77,4003.47,0
459,20260209,159,5201,5,4,2,2,1,,1,549.26,266.55,2643.14,0
460,20260210,158,5160,12,4,2,5,1,,5,1597.19,127.03,2480.36,0
461,20260211,163,6499,14,2,1,9,1,,2,1563.43,137.31,4856.14,0
462,20260212,166,6084,4,2,2,8,1,,1,2191.59,283.22,2161.99,0
463,20260213,116,6233,14,1,1,6,1,,5,1095.02,156.83,1029.84,0
464,20260214,140,5767,10,3,2,1,1,,2,741.14,176.89,718.93,0
465,20260215,140,5581,7,2,2,1,1,,1,1714.09,20.27,701.07,0
466,20260216,162,6174,10,4,2,7,1,,4,2402.7,250.11,1097.64,0
467,20260217,118,6034,21,4,2,11,1,,4,757.56,218.36,901.92,0
468,20260218,180,6361,20,4,2,4,1,,4,1213.59,13.75,3517.0,0
469,20260219,157,5569,21,1,1,12,1,,1,1772.79,238.85,3683.29,0
470,20260220,172,6322,4,1,1,10,1,,5,1784.45,15.86,3066.1,0
471,20260221,125,5975,17,1,1,11,1,,5,831.38,5.69,4040.41,0
472,20260222,132,6446,19,4,1,9,1,,5,1169.03,176.67,2711.63,0
473,20260223,103,5697,14,2,2,1,1,,5,1161.72,77.15,1015.9,0
474,20260224,113,6110,6,3,1,3,1,,3,2243.93,46.27,4784.74,0
475,20260225,187,5347,2,3,1,1,1,,6,540.4,116.98,1940.19,0
476,20260226,153,5664,9,4,1,1,1,,2,975.1,179.1,1564.21,0
477,20260227,166,6034,13,1,2,1,1,,3,1515.58,122.12,2678.77,0
478,20260228,153,6298,8,1,2,9,1,,5,2020.23,73.89,2996.18,0
479,20260301,117,5624,19,4,2,2,1,,6,1601.04,234.86,1140.65,0
480,20260302,170,5345,8,4,2,1,1,,1,2350.34,288.33,3293.28,0
481,20260303,184,5343,1,1,2,5,1,,5,1002.13,204.0,4996.59,0
482,20260304,181,5436,19,3,1,3,1,,6,1681.81,20.98,903.72,0
483,20260305,190,5252,5,3,2,4,1,,5,1611.57,240.62,4477.69,0
484,20260306,144,6301,9,4,2,4,1,,6,2759.25,102.49,2569.1,0
485,20260307,177,5673,1,2,1,10,1,,4,410.27,2.87,1280.91,0
486,20260308,172,6427,23,4,2,9,1,,1,2289.53,194.73,848.85,0
487,20260309,104,6376,15,1,2,7,1,,5,1259.12,53.16,3955.85,1
488,20260310,190,5018,4,4,2,4,1,,4,422.47,222.94,3912.89,0
489,20260311,188,6453,12,2,1,10,1,,6,1127.63,215.34,1554.16,0
490,20260312,164,5744,2,3,2,12,1,,6,1854.46,2.14,4929.19,0
491,20260313,182,5812,4,3,2,3,1,,5,865.05,221.64,3524.79,0
492,20260314,178,6158,6,1,1,12,1,,1,705.83,280.07,4349.66,0
493,20260315,167,6493,9,2,1,12,1,,6,1679.06,75.88,3020.52,0
494,20260316,159,5005,14,1,2,7,1,,4,1057.69,204.05,2599.64,0
495,20260317,147,6060,2,2,1,5,1,,4,1677.78,94.87,2263.36,0
496,20260318,143,5168,19,1,1,12,1,,4,2698.66,275.1,1385.95,0
497,20260319,143,5637,3,1,1,8,1,,4,2339.34,177.76,3318.34,0
498,20260320,143,5513,8,1,2,4,1,,3,2398.04,246.49,2838.54,0
499,20260321,131,5150,20,4,1,11,1,,4,1789.44,25.66,773.09,0
500,20260322,105,5773,11,1,1,1,1,,4,531.49,183.22,2443.28,0
501,20260323,114,6388,2,1,2,7,1,,4,629.99,225.59,1549.0,0
502,20260324,177,6352,20,1,2,7,1,,4,2308.4,263.98,3286.54,0
503,20260325,144,6334,22,1,2,9,1,,3,1810.75,32.4,555.3,0
504,20260326,192,5139,19,2,1,11,1,,5,1015.09,126.3,3760.8,0
505,20260327,157,5381,8,2,1,1,1,,2,1148.0,130.75,4818.84,0
506,20260328,197,5733,10,2,1,8,1,,3,1847.99,87.32,4866.22,0
507,20260329,167,6202,22,2,1,4,1,,5,2366.04,167.83,745.73,0
508,20260330,145,5401,7,2,1,6,1,,2,2002.86,208.43,4918.65,0
509,20260331,177,6419,11,3,2,7,1,,3,789.47,136.29,4051.36,0
510,20260401,106,6016,8,1,1,12,1,,2,1519.69,63.94,2663.36,0
511,20260402,199,5679,24,4,1,7,1,,2,2382.6,2.02,544.51,0
512,20260403,146,5062,18,1,1,5,1,,4,866.57,175.71,3944.9,0
513,20260404,106,5061,7,2,2,3,1,,2,2524.92,215.65,2029.18,0
514,20260405,171,5504,6,2,1,3,1,,3,2585.56,6.3,3548.54,0
515,20260406,149,6342,4,3,1,5,1,,4,976.36,242.85,3474.09,0
516,20260407,168,6277,14,1,1,3,1,,2,2307.76,57.5,2201.88,0
517,20260408,148,5652,20,4,1,1,1,,5,1809.58,256.33,1823.82,0
518,20260409,120,5672,8,1,2,3,1,,5,2724.12,265.75,1441.57,0
519,20260410,111,5964,22,1,1,9,1,,4,2203.14,193.52,2791.21,0
520,20260411,164,6063,15,2,2,12,1,,3,1661.14,144.99,4800.88,0
521,20260412,161,5550,19,4,1,4,1,,2,2547.72,135.62,1554.73,0
522,20260413,128,5627,14,4,1,6,1,,3,1721.32,40.3,878.13,0
523,20260414,157,6063,12,2,1,8,1,,5,1890.7,127.83,2603.98,0
524,20260415,153,5753,16,3,2,7,1,,1,830.96,70.14,3404.1,0
525,20260416,146,5169,10,1,2,4,1,,1,684.61,108.07,2957.12,0
526,20260417,143,5403,22,3,2,5,1,,6,2357.36,205.06,1735.09,0
527,20260418,191,6238,5,3,1,5,1,,3,2373.54,234.94,2317.15,0
528,20260419,152,6188,21,1,2,11,1,,5,2774.26,285.45,4394.6,0
529,20260420,130,5465,24,2,2,4,1,,5,1808.81,165.78,2609.32,0
530,20260421,160,5698,3,3,1,7,1,,6,1402.45,131.6,4338.25,0
531,20260422,104,5768,5,2,2,12,1,,1,1599.52,197.65,2095.98,0
532,20260423,129,5859,14,4,2,6,1,,5,455.78,235.61,4649.65,0
533,20260424,120,5677,19,4,2,4,1,,4,552.9,115.93,2636.5,0
534,20260425,143,6167,15,3,1,3,1,,1,2019.73,53.29,4219.14,0
535,20260426,178,6001,1,2,1,2,1,,4,1081.16,69.91,3468.06,0
536,20260427,109,5932,2,3,1,3,1,,3,2463.3,123.26,1206.66,0
537,20260428,115,5265,18,4,2,12,1,,1,1333.58,271.08,1429.16,0
538,20260429,127,5635,14,4,1,10,1,,5,2653.97,176.25,2761.14,0
539,20260430,188,5940,9,2,1,3,1,,4,553.53,119.77,4134.05,0
540,20260501,168,5674,19,4,2,8,1,,5,493.8,27.33,3408.35,0
541,20260201,159,5711,23,3,2,10,1,,2,1396.13,53.87,3279.81,0
542,20260202,156,5938,13,2,1,7,1,,6,2669.65,71.91,4417.43,0
543,20260203,136,6287,18,3,1,12,1,,6,2133.78,65.18,2720.69,0
544,20260204,198,6133,4,3,1,2,1,,5,2239.69,97.8,2529.21,0
545,20260205,133,5425,17,1,2,1,1,,1,1933.28,202.69,2578.57,0
546,20260206,144,5818,7,4,1,1,1,,3,675.24,275.14,1972.0,0
547,20260207,196,5951,16,4,1,2,1,,5,1976.85,214.07,2469.76,0
548,20260208,161,5572,6,2,1,10,1,,1,825.37,37.25,3836.51,0
549,20260209,122,5159,22,1,2,3,1,,4,1259.41,65.0,655.0,0
550,20260210,187,6091,7,4,1,11,1,,5,1938.43,214.92,4536.54,0
551,20260211,150,6414,10,4,1,10,1,,1,516.8,113.22,1407.82,0
552,20260212,132,5768,8,2,1,1,1,,4,467.07,4.37,4192.37,0
553,20260213,188,6371,3,2,1,11,1,,2,2137.63,13.2,2806.25,0
554,20260214,142,5661,18,2,1,9,1,,4,2653.42,36.24,1462.01,0
555,20260215,146,5663,6,1,2,11,1,,3,428.76,63.83,1490.43,0
556,20260216,185,5571,21,3,1,2,1,,2,1386.63,230.26,2748.09,0
557,20260217,114,6460,18,2,2,2,1,,5,1178.45,189.26,2248.54,0
558,20260218,199,6421,5,3,1,11,1,,6,1163.12,255.47,2669.59,0
559,20260219,143,5037,20,4,2,9,1,,6,2180.35,151.03,3670.83,0
560,20260220,102,5477,1,1,2,4,1,,6,1428.39,73.06,857.25,0
561,20260221,118,5768,16,3,1,3,1,,4,890.52,11.37,4655.34,0
562,20260222,177,5909,24,3,1,5,1,,3,1944.64,228.15,2843.93,0
563,20260223,154,6328,10,1,1,12,1,,3,1222.55,61.75,743.33,1
564,20260224,186,5509,22,2,2,9,1,,3,840.51,188.93,790.78,0
565,20260225,163,5144,7,1,1,4,1,,2,620.22,177.79,4240.49,0
566,20260226,127,5484,17,1,2,12,1,,4,1147.51,216.5,1602.16,0
567,20260227,123,6241,8,3,2,10,1,,4,2722.54,60.42,4380.91,0
568,20260228,162,5164,12,4,2,3,1,,4,1459.3,151.59,3807.18,0
569,20260301,198,5320,16,1,2,7,1,,1,2221.26,276.46,3178.33,0
570,20260302,120,6133,24,2,2,7,1,,4,1134.03,84.97,3029.64,0
571,20260303,162,5148,11,2,2,4,1,,2,2598.72,1.25,4377.45,0
572,20260304,194,6486,12,4,2,7,1,,4,2729.18,111.94,2702.98,0
573,20260305,183,6205,3,4,1,2,1,,4,2637.11,48.71,3933.28,0
574,20260306,133,6480,12,4,2,12,1,,1,1962.18,277.96,3810.49,0
575,20260307,132,5979,2,3,1,12,1,,6,1948.8,78.4,2549.62,0
576,20260308,188,5302,9,2,1,1,1,,1,2250.33,193.32,4625.97,0
577,20260309,151,6447,19,1,1,7,1,,2,2391.4,75.86,1859.99,0
578,20260310,169,6349,13,3,2,12,1,,1,662.26,171.78,4088.9,0
579,20260311,119,5551,24,2,2,12,1,,3,415.41,50.52,2712.75,1
580,20260312,113,5144,23,4,2,11,1,,3,2159.3,51.19,2185.93,0
581,20260313,191,5276,7,4,1,9,1,,1,1481.59,244.31,1335.37,0
582,20260314,108,5375,7,3,2,8,1,,6,2591.13,32.76,3363.95,0
583,20260315,111,5601,3,4,1,5,1,,1,1221.16,175.69,2650.54,0
584,20260316,187,5207,1,1,2,1,1,,6,1797.87,296.29,935.79,0
585,20260317,167,5015,13,3,2,8,1,,3,1850.49,100.97,3568.37,0
586,20260318,144,5646,8,3,2,7,1,,5,537.38,106.81,1986.15,0
587,20260319,113,5007,15,4,1,1,1,,5,694.95,159.19,4779.78,0
588,20260320,197,5510,12,4,2,9,1,,4,1984.55,0.94,3371.33,0
589,20260321,142,5035,21,3,1,12,1,,3,2027.03,70.07,2680.41,0
590,20260322,195,6255,3,3,2,8,1,,6,2457.04,271.56,3804.25,0
591,20260323,138,6244,7,2,1,3,1,,4,2312.37,90.4,3528.78,0
592,20260324,171,5957,6,4,1,8,1,,6,1697.6,73.01,1266.95,0
593,20260325,185,6434,3,1,2,12,1,,1,784.56,278.69,4561.92,0
594,20260326,199,5575,8,3,2,11,1,,1,1997.14,276.82,3350.97,0
595,20260327,163,5186,23,3,1,10,1,,5,555.2,102.97,4595.75,0
596,20260328,196,6485,13,4,1,4,1,,3,677.66,26.3,901.13,0
597,20260329,195,6213,7,1,2,3,1,,3,2689.76,173.08,507.55,0
598,20260330,108,6209,18,2,2,7,1,,3,2251.07,239.26,4702.66,0
599,20260331,117,6065,22,2,1,7,1,,1,1691.9,138.18,1151.15,0
600,20260401,138,5449,16,4,1,10,1,,3,750.09,199.61,4105.81,0
601,20260402,190,5071,20,3,2,9,1,,6,696.31,299.05,3679.35,0
602,20260403,162,6293,7,4,2,12,1,,4,541.15,243.06,1187.16,0
603,20260404,192,5432,24,2,1,3,1,,4,2145.75,89.73,4167.55,0
604,20260405,121,5045,18,4,2,7,1,,6,1536.21,104.49,2261.13,0
605,20260406,110,6082,24,3,2,12,1,,2,2082.66,164.4,937.94,0
606,20260407,142,6189,2,3,2,11,1,,2,1785.18,132.57,2670.99,0
607,20260408,119,5430,7,2,1,6,1,,6,2454.74,30.58,4034.75,0
608,20260409,119,5772,14,2,1,2,1,,3,2737.98,53.89,736.12,0
609,20260410,166,6332,11,4,1,11,1,,6,1369.59,10.2,1583.85,0
610,20260411,163,5620,23,2,2,12,1,,6,1980.45,233.32,4392.03,0
611,20260412,184,5783,9,4,2,1,1,,1,679.91,36.62,3386.34,0
612,20260413,166,5461,1,4,2,12,1,,6,626.93,177.86,2227.82,0
613,20260414,183,6440,14,3,1,2,1,,3,552.4,272.66,4078.51,0
614,20260415,124,5831,23,1,2,9,1,,5,2280.34,159.03,787.69,0
615,20260416,175,6104,23,1,1,11,1,,1,833.59,179.73,1309.72,0
616,20260417,172,5916,11,1,1,3,1,,5,894.95,48.36,3031.23,0
617,20260418,197,5072,3,1,2,6,1,,5,811.85,293.13,3461.72,0
618,20260419,132,5616,2,3,2,3,1,,5,1577.06,93.88,4598.52,0
619,20260420,146,6242,18,2,1,11,1,,1,969.04,56.42,1848.69,0
620,20260421,128,5275,20,2,2,5,1,,2,2149.85,126.6,2974.32,0
621,20260422,134,5782,21,2,2,8,1,,1,2667.38,202.96,4730.9,0
622,20260423,119,6098,7,1,2,11,1,,6,1949.37,214.33,3036.39,0
623,20260424,183,6048,20,2,2,3,1,,3,2781.88,130.09,616.59,0
624,20260425,178,5507,3,3,1,9,1,,1,2041.55,122.03,1982.11,0
625,20260426,112,5744,11,3,1,4,1,,3,423.67,113.15,4859.48,0
626,20260427,149,5216,4,2,2,10,1,,4,629.3,104.67,3074.71,0
627,20260428,137,6130,9,1,1,3,1,,3,2671.62,116.87,2053.28,0
628,20260429,195,6389,18,4,2,10,1,,2,1021.75,206.0,3709.5,0
629,20260430,185,5259,5,4,2,1,1,,6,1934.06,111.05,3998.88,0
630,20260501,187,6247,14,4,1,8,1,,3,2316.33,150.67,1741.2,0
631,20260201,155,6067,23,2,2,11,1,,1,2673.89,121.95,1907.32,0
632,20260202,112,6300,3,1,1,2,1,,2,1780.76,25.38,1786.33,0
633,20260203,164,5022,14,2,2,8,1,,5,2044.29,203.03,2895.84,0
634,20260204,116,5831,1,2,1,12,1,,4,2086.22,224.9,1599.02,0
635,20260205,195,6355,17,1,2,3,1,,6,2632.44,229.11,4567.09,0
636,20260206,123,5154,12,2,2,1,1,,4,1589.22,51.15,4863.78,0
637,20260207,144,6391,8,1,2,5,1,,4,1104.51,63.92,3821.12,0
638,20260208,173,5807,7,3,1,8,1,,5,2436.04,17.25,526.51,0
639,20260209,159,5673,10,3,1,1,1,,3,2536.47,55.85,2095.4,0
640,20260210,113,5883,16,2,1,9,1,,5,2556.42,123.22,4608.99,0
641,20260211,101,5319,22,3,1,8,1,,4,1298.34,109.35,4514.87,0
642,20260212,169,5552,4,4,2,3,1,,2,1248.97,130.19,2116.57,0
643,20260213,191,5407,4,2,2,1,1,,2,1346.91,223.18,4554.49,0
644,20260214,121,6365,7,4,2,2,1,,4,1573.76,148.67,3567.81,0
645,20260215,117,5666,13,4,1,2,1,,1,2302.51,37.84,2048.54,0
646,20260216,102,6402,8,1,2,7,1,,5,2169.84,130.3,1802.6,0
647,20260217,163,5170,14,2,1,12,1,,5,848.46,84.34,1017.59,0
648,20260218,134,6436,8,4,1,8,1,,6,2278.52,30.92,3787.06,0
649,20260219,179,5372,7,2,1,2,1,,2,1363.08,82.16,1364.8,0
650,20260220,119,5874,1,2,1,1,1,,4,1377.51,91.93,3349.89,0
651,20260221,130,5455,11,4,2,1,1,,5,1424.97,15.5,995.25,0
652,20260222,147,5575,12,4,1,6,1,,1,836.2,0.16,3471.94,0
653,20260223,142,5435,10,4,2,10,1,,1,1434.18,75.68,2710.79,0
654,20260224,143,5624,4,1,1,11,1,,5,2249.11,39.09,2122.56,0
655,20260225,147,6207,17,3,1,11,1,,3,904.08,115.21,4492.37,0
656,20260226,117,6290,24,1,1,10,1,,6,2361.78,57.88,2505.96,0
657,20260227,113,5154,18,3,2,12,1,,4,2775.15,60.6,3743.46,0
658,20260228,106,5262,7,4,2,9,1,,3,2547.79,134.54,3727.97,0
659,20260301,156,5139,16,4,1,3,1,,5,1057.96,290.25,1803.45,0
660,20260302,173,5125,23,2,2,8,1,,6,1677.93,154.05,837.43,0
661,20260303,157,6044,13,4,2,10,1,,3,896.62,1.08,3073.54,0
662,20260304,176,6427,1,4,2,5,1,,2,1111.27,80.55,1035.97,0
663,20260305,129,5094,18,2,2,1,1,,6,755.53,265.08,4672.62,0
664,20260306,135,5106,21,2,1,9,1,,1,403.36,104.24,3223.22,0
665,20260307,148,5665,3,3,1,7,1,,5,1107.75,295.58,3316.8,0
666,20260308,102,5729,8,3,1,5,1,,1,1689.73,293.63,4001.84,0
667,20260309,200,6195,4,4,2,11,1,,6,1850.42,61.85,2489.83,0
668,20260310,142,5551,7,4,1,8,1,,2,2151.55,130.17,1167.5,0
669,20260311,162,5192,16,2,2,3,1,,2,853.26,147.16,3782.66,0
670,20260312,183,5578,1,3,1,3,1,,4,2049.68,56.35,1145.85,0
671,20260313,155,5503,15,4,1,12,1,,5,729.5,225.13,553.05,0
672,20260314,113,5774,13,1,1,1,1,,6,2643.23,39.65,3965.53,0
673,20260315,135,5293,21,1,1,2,1,,5,2166.72,101.52,3683.55,0
674,20260316,126,5286,16,4,1,5,1,,3,1549.38,73.14,2945.87,0
675,20260317,135,6286,18,1,1,1,1,,1,1707.14,30.77,4489.06,0
676,20260318,154,5291,1,2,1,4,1,,4,1324.92,105.99,1790.81,0
677,20260319,188,5788,22,1,2,3,1,,1,938.85,286.94,1768.16,0
678,20260320,110,6261,11,1,2,2,1,,1,1850.82,53.42,2887.16,0
679,20260321,177,5372,22,4,1,11,1,,6,1123.75,245.27,2067.74,0
680,20260322,114,5556,16,3,2,12,1,,1,2293.25,258.51,4901.22,0
681,20260323,200,6344,5,3,1,7,1,,4,2131.22,235.66,2652.94,0
682,20260324,109,5232,19,4,2,3,1,,1,1175.33,38.26,3953.91,0
683,20260325,146,5654,16,4,2,12,1,,4,1844.18,190.98,1122.0,0
684,20260326,184,5504,13,4,2,9,1,,5,1582.24,160.86,1535.52,0
685,20260327,111,6190,23,4,1,12,1,,1,964.46,0.86,4972.57,0
686,20260328,103,5743,18,4,1,2,1,,1,2587.27,108.26,4321.98,0
687,20260329,200,5286,10,4,1,9,1,,4,981.99,248.35,751.4,0
688,20260330,118,5241,23,2,2,12,1,,1,2070.69,127.41,743.38,0
689,20260331,114,6358,19,1,2,10,1,,2,472.45,109.57,855.47,0
690,20260401,110,5026,19,4,1,3,1,,4,2184.54,224.43,3643.54,0
691,20260402,139,5963,14,3,2,11,1,,6,431.7,33.38,770.0,0
692,20260403,183,5066,20,2,1,1,1,,4,2398.43,203.97,4441.89,0
693,20260404,171,6457,9,3,1,7,1,,2,1052.39,27.58,2199.02,0
694,20260405,117,5434,13,1,1,7,1,,2,2374.01,292.8,3222.88,0
695,20260406,110,6419,15,4,2,11,1,,6,1372.24,114.14,746.02,0
696,20260407,148,6325,14,2,2,2,1,,1,586.74,180.96,4309.74,0
697,20260408,104,5491,10,2,1,2,1,,2,1833.07,226.96,1891.04,0
698,20260409,171,5414,21,1,1,5,1,,1,2743.99,169.44,3036.83,0
699,20260410,162,5094,2,3,1,5,1,,1,2753.3,225.5,4814.33,0
700,20260411,165,5400,11,4,2,3,1,,6,2019.25,99.4,4534.3,1
701,20260412,165,5207,17,2,1,10,1,,4,1544.69,260.64,668.34,0
702,20260413,121,5311,22,4,1,11,1,,1,2686.76,69.47,1470.41,0
703,20260414,188,6340,5,2,2,8,1,,2,1213.65,108.09,4351.79,0
704,20260415,156,5082,23,4,1,4,1,,5,1856.5,287.4,3051.05,0
705,20260416,164,5200,1,2,2,9,1,,1,1597.39,136.44,1263.73,0
706,20260417,138,5331,3,3,2,6,1,,1,570.72,213.2,2573.34,0
707,20260418,161,5525,15,2,1,10,1,,4,495.02,257.7,2304.23,0
708,20260419,180,6394,5,4,2,9,1,,5,2684.91,112.1,3569.9,0
709,20260420,165,5922,9,1,1,12,1,,2,2079.39,168.24,1195.53,0
710,20260421,114,5596,13,2,2,2,1,,2,1331.74,138.68,920.76,0
711,20260422,160,5960,21,4,1,2,1,,2,2156.27,275.24,4651.21,0
712,20260423,199,5888,7,4,2,2,1,,3,1221.82,181.31,1456.86,0
713,20260424,195,5976,4,3,2,1,1,,5,773.78,140.99,3380.97,0
714,20260425,141,6164,2,4,1,6,1,,4,2748.55,64.03,1451.72,0
715,20260426,103,6401,14,3,2,11,1,,2,600.62,20.78,2322.81,0
716,20260427,139,6459,15,4,1,11,1,,3,841.79,16.12,4527.3,0
717,20260428,155,5701,10,2,1,6,1,,4,1555.9,160.65,4027.36,0
718,20260429,190,5895,12,4,1,9,1,,5,876.54,216.82,3103.2,0
719,20260430,119,5664,22,3,1,3,1,,4,2641.17,149.83,1923.84,0
720,20260501,187,5833,9,1,2,3,1,,6,1478.39,290.84,938.51,0
721,20260201,128,5385,14,2,2,4,1,,3,903.43,57.35,3558.33,0
722,20260202,102,5759,12,1,2,5,1,,5,2365.72,37.42,2746.09,0
723,20260203,159,5848,14,3,2,9,1,,4,1655.61,229.52,1010.21,0
724,20260204,123,5940,14,3,1,9,1,,5,790.38,130.76,1782.63,0
725,20260205,185,6411,22,4,2,12,1,,5,2650.96,271.76,946.51,0
726,20260206,112,5213,3,1,2,2,1,,4,2199.86,187.15,2951.3,0
727,20260207,182,5910,17,1,2,7,1,,2,934.91,136.39,2214.86,0
728,20260208,126,5962,4,3,2,7,1,,6,2089.2,222.35,534.22,0
729,20260209,148,5459,17,3,2,11,1,,3,1137.75,270.8,4592.02,0
730,20260210,187,5495,1,4,1,1,1,,1,768.1,112.32,4175.18,0
731,20260211,195,6229,11,3,1,10,1,,4,980.39,292.05,1366.97,0
732,20260212,183,5806,2,4,1,11,1,,4,2745.65,52.12,4568.77,0
733,20260213,167,5325,14,2,1,12,1,,2,1610.22,189.43,4029.27,0
734,20260214,198,6285,9,2,2,4,1,,1,623.84,131.23,3330.02,0
735,20260215,176,5314,1,1,2,1,1,,6,2162.01,295.02,3355.08,0
736,20260216,200,5734,6,2,1,5,1,,2,1685.0,73.58,4010.13,0
737,20260217,149,5534,22,1,2,2,1,,2,1905.85,191.52,3107.1,0
738,20260218,114,5228,15,1,1,3,1,,3,1028.79,54.19,848.22,0
739,20260219,147,5426,13,1,2,1,1,,4,576.58,287.77,843.41,0
740,20260220,188,5860,13,3,2,3,1,,2,1117.01,271.09,3468.5,0
741,20260221,181,6243,2,1,2,6,1,,4,2787.8,180.0,522.57,0
742,20260222,167,5522,4,2,1,9,1,,1,1643.19,228.29,1473.38,0
743,20260223,147,5236,7,1,2,3,1,,2,600.26,207.48,1069.61,0
744,20260224,136,5987,7,1,2,12,1,,5,1964.62,140.11,4140.55,0
745,20260225,156,6050,13,2,2,3,1,,2,2048.94,266.19,1764.87,1
746,20260226,151,5211,19,3,1,4,1,,6,1570.8,264.86,2406.82,0
747,20260227,196,5557,11,1,2,7,1,,2,1761.14,112.19,3347.14,0
748,20260228,109,5921,6,1,2,10,1,,4,1104.34,248.01,3402.94,0
749,20260301,168,5722,13,1,1,3,1,,3,1430.53,55.77,1603.93,0
750,20260302,128,6346,12,3,1,6,1,,1,423.12,206.49,3725.61,1
751,20260303,128,5954,19,3,1,9,1,,1,1325.42,180.54,2872.68,0
752,20260304,114,6149,9,1,2,11,1,,4,1162.68,96.04,1387.05,0
753,20260305,164,6022,2,3,2,2,1,,1,1486.68,180.43,3160.27,0
754,20260306,131,6181,1,3,1,11,1,,5,2771.09,273.49,1779.65,0
755,20260307,152,5076,18,1,2,11,1,,1,566.69,28.54,4111.31,0
756,20260308,193,5617,9,3,2,7,1,,1,1735.48,93.95,3255.44,0
757,20260309,151,5612,23,4,2,11,1,,1,2423.38,281.31,962.35,0
758,20260310,129,5098,1,2,1,6,1,,6,2138.21,67.9,896.08,0
759,20260311,193,5756,18,1,1,5,1,,1,665.93,284.14,837.69,0
760,20260312,143,6409,20,4,2,12,1,,2,2619.66,175.04,1039.56,0
761,20260313,141,5304,19,4,2,11,1,,1,1652.23,72.16,2650.67,0
762,20260314,163,5575,11,4,1,2,1,,3,2238.88,213.41,2088.54,0
763,20260315,132,6351,21,2,1,2,1,,4,544.64,3.94,1472.61,0
764,20260316,150,5385,16,1,2,4,1,,5,2227.85,154.18,1910.12,0
765,20260317,140,6452,15,2,1,3,1,,2,2600.07,115.67,2535.94,0
766,20260318,180,6052,7,4,1,2,1,,3,1415.43,205.88,4781.73,0
767,20260319,174,6328,4,2,2,2,1,,6,664.48,4.98,2573.81,0
768,20260320,135,5059,16,4,2,5,1,,1,2624.63,25.22,2441.63,0
769,20260321,120,5813,17,4,2,1,1,,4,1054.21,29.34,3418.8,0
770,20260322,194,5866,7,3,1,7,1,,2,1825.72,158.87,2721.27,0
771,20260323,156,5224,22,1,1,2,1,,2,676.45,268.52,3088.54,0
772,20260324,131,5135,18,1,2,4,1,,5,2078.83,121.37,2267.98,0
773,20260325,129,6417,9,4,1,3,1,,2,1234.32,86.4,3183.41,0
774,20260326,194,5007,4,2,2,12,1,,3,2446.15,206.38,1266.05,0
775,20260327,188,5143,6,2,2,8,1,,2,2709.38,199.81,2425.65,0
776,20260328,103,5364,9,1,1,11,1,,1,1825.61,290.86,3124.21,0
777,20260329,163,5507,16,1,1,1,1,,5,2032.11,87.2,1527.29,0
778,20260330,165,5343,5,1,1,5,1,,6,1205.63,147.2,2078.51,0
779,20260331,170,5528,22,4,2,6,1,,4,432.55,105.79,3695.71,0
780,20260401,167,6360,20,4,1,5,1,,6,1646.34,191.94,1165.55,0
781,20260402,153,5452,22,2,2,8,1,,1,986.48,222.3,4879.81,0
782,20260403,147,5423,24,1,1,7,1,,6,659.04,82.18,3321.01,0
783,20260404,170,5921,17,2,2,11,1,,3,2531.19,117.31,2377.82,0
784,20260405,136,5634,7,1,2,10,1,,1,1440.3,136.51,4856.69,0
785,20260406,145,5591,4,1,2,11,1,,2,1519.16,45.07,4850.02,0
786,20260407,180,6144,22,2,2,8,1,,3,555.08,88.42,2542.36,0
787,20260408,128,5580,19,1,1,8,1,,3,412.22,105.68,4253.5,0
788,20260409,107,5515,5,3,2,9,1,,6,2700.46,168.22,4791.58,0
789,20260410,192,5555,5,2,2,10,1,,1,1097.92,9.64,4698.21,0
790,20260411,132,6390,21,4,2,7,1,,1,2543.28,276.06,3186.67,1
791,20260412,123,6155,14,3,1,11,1,,2,1000.05,124.89,1397.85,0
792,20260413,140,5176,10,4,1,7,1,,4,630.5,157.97,3623.6,0
793,20260414,165,6404,23,3,2,6,1,,4,1519.73,288.43,2575.78,0
794,20260415,172,5055,14,1,1,10,1,,3,2287.92,174.1,2179.0,0
795,20260416,180,6113,19,3,1,7,1,,2,1367.06,1.79,4133.66,0
796,20260417,167,5943,2,1,1,5,1,,6,656.92,178.3,4198.73,0
797,20260418,173,5987,23,3,1,2,1,,6,1803.08,153.25,3726.28,0
798,20260419,190,5420,17,2,2,3,1,,2,2548.13,191.9,1196.49,0
799,20260420,181,5637,24,1,2,10,1,,6,881.68,20.14,1188.6,0
800,20260421,116,6065,4,2,1,2,1,,4,459.18,151.74,2258.21,0
801,20260422,116,5615,13,4,1,4,1,,5,1024.65,183.83,2476.08,0
802,20260423,185,6264,4,4,1,11,1,,1,843.54,245.57,3458.59,0
803,20260424,122,6048,24,2,2,8,1,,3,1094.68,30.01,3149.44,0
804,20260425,148,6368,9,4,2,12,1,,1,1513.51,244.05,1166.75,0
805,20260426,137,5937,4,4,1,10,1,,3,481.8,195.13,3457.36,0
806,20260427,157,5088,12,2,2,12,1,,4,1064.57,294.53,2109.86,0
807,20260428,165,5432,12,4,1,3,1,,6,763.37,196.78,3034.16,0
808,20260429,159,6465,5,3,2,7,1,,1,2598.78,193.54,2194.35,0
809,20260430,161,6241,22,2,2,3,1,,6,1177.78,286.56,2066.43,1
810,20260501,180,5827,3,1,1,12,1,,2,956.09,199.58,2747.45,0
811,20260201,187,5976,11,2,1,2,1,,2,2147.59,115.23,4879.94,0
812,20260202,109,5127,20,3,1,1,1,,6,574.92,229.01,3229.4,0
813,20260203,104,5357,11,1,2,7,1,,2,2773.29,172.13,1398.8,1
814,20260204,133,6006,15,3,1,4,1,,6,789.01,244.15,4139.02,0
815,20260205,125,5177,19,1,1,4,1,,1,2344.02,267.99,2118.02,0
816,20260206,153,6164,18,1,2,3,1,,6,2151.95,273.3,3390.05,0
817,20260207,164,5390,7,4,2,6,1,,5,2559.41,256.03,4107.18,0
818,20260208,157,5876,21,4,1,10,1,,1,705.26,155.17,954.11,0
819,20260209,164,5473,2,3,1,4,1,,3,2613.46,75.41,3664.73,0
820,20260210,109,5324,10,1,1,9,1,,5,1600.11,119.77,754.92,0
821,20260211,190,5228,19,4,2,11,1,,1,477.46,126.42,1402.3,0
822,20260212,198,5122,5,2,2,11,1,,1,965.48,21.87,4765.99,0
823,20260213,179,6440,2,3,1,7,1,,5,2174.29,278.81,4493.83,0
824,20260214,162,5266,9,1,1,1,1,,4,1618.25,195.1,2441.82,0
825,20260215,139,5467,1,1,1,4,1,,5,1859.53,113.82,3576.18,0
826,20260216,103,6132,16,1,2,7,1,,6,700.57,210.4,2972.95,0
827,20260217,115,5897,4,3,2,4,1,,3,1447.66,17.38,1544.15,0
828,20260218,176,5021,8,4,1,1,1,,6,999.81,17.07,754.95,0
829,20260219,157,5370,10,1,2,6,1,,5,1972.5,73.27,1815.86,0
830,20260220,178,5815,16,1,1,2,1,,3,2652.09,61.76,3673.65,0
831,20260221,146,5452,15,3,2,9,1,,3,2485.53,73.26,4518.4,0
832,20260222,141,6430,18,1,1,6,1,,4,2093.2,186.56,1759.03,1
833,20260223,127,5281,17,2,2,12,1,,5,905.85,111.72,4173.71,0
834,20260224,119,5074,8,4,2,2,1,,1,1597.38,10.13,1750.85,0
835,20260225,150,5616,3,1,2,10,1,,4,1588.86,258.83,2230.98,0
836,20260226,106,5460,7,4,1,11,1,,4,1677.98,198.12,640.88,0
837,20260227,198,5713,1,3,2,10,1,,2,2217.41,102.28,4231.58,0
838,20260228,156,5876,24,1,1,9,1,,4,2685.94,279.74,1793.38,0
839,20260301,169,5950,14,3,1,7,1,,4,2189.52,277.4,1093.43,0
840,20260302,102,5575,22,3,1,4,1,,5,1109.98,171.32,673.73,0
841,20260303,136,5741,9,3,1,2,1,,3,1764.26,96.3,1690.33,0
842,20260304,123,5909,15,1,2,1,1,,4,488.81,107.62,3369.84,0
843,20260305,172,5447,14,1,1,5,1,,5,1723.47,285.99,2481.98,0
844,20260306,134,5566,9,4,1,4,1,,6,818.79,261.37,3451.9,0
845,20260307,130,5235,21,1,1,11,1,,5,2465.37,173.97,688.8,0
846,20260308,192,5467,2,3,2,1,1,,6,2427.83,254.82,2931.99,0
847,20260309,106,6230,8,3,1,2,1,,5,1465.15,153.31,1566.4,0
848,20260310,142,6169,12,4,1,11,1,,4,2502.05,42.92,1969.43,0
849,20260311,147,5687,14,3,2,5,1,,5,474.78,110.49,1808.93,0
850,20260312,120,6211,1,1,1,6,1,,5,2117.84,222.61,4025.6,0
851,20260313,192,5705,7,4,1,11,1,,6,760.18,228.78,3421.45,0
852,20260314,110,5460,19,4,1,9,1,,1,1857.04,197.76,2841.51,0
853,20260315,141,5552,7,3,1,6,1,,2,2317.61,293.24,1539.01,0
854,20260316,141,5237,23,2,2,12,1,,4,1268.51,105.6,2775.4,0
855,20260317,147,6339,16,2,2,7,1,,2,1766.42,248.04,1063.77,0
856,20260318,169,5502,14,2,2,5,1,,3,1153.23,24.45,2394.6,0
857,20260319,119,6180,16,2,1,8,1,,1,800.25,125.59,3944.79,0
858,20260320,192,5963,24,1,1,1,1,,4,457.44,50.08,828.57,0
859,20260321,166,6085,13,4,2,3,1,,4,2072.63,72.43,1820.26,0
860,20260322,144,5690,19,1,1,2,1,,6,2609.74,284.98,4598.03,0
861,20260323,181,5922,24,4,2,8,1,,6,723.05,55.04,3946.8,0
862,20260324,166,5172,5,1,2,11,1,,6,1488.47,96.13,1295.25,0
863,20260325,193,6205,9,1,1,5,1,,4,1218.68,169.24,4537.86,0
864,20260326,175,6041,14,3,2,7,1,,3,2217.52,286.05,688.7,0
865,20260327,195,6498,7,4,2,10,1,,5,1154.48,104.2,1245.17,0
866,20260328,137,5561,16,4,1,3,1,,3,2654.09,77.83,3227.77,0
867,20260329,114,5475,22,3,1,2,1,,2,1725.19,152.61,1259.84,0
868,20260330,177,5082,18,2,1,8,1,,1,1286.9,84.55,4765.46,0
869,20260331,155,6500,15,2,2,5,1,,1,2119.0,275.76,1039.73,0
870,20260401,156,6011,9,1,1,5,1,,6,2004.92,290.53,4116.38,0
871,20260402,196,5456,24,1,2,3,1,,5,1204.81,136.04,3809.85,0
872,20260403,187,5152,23,3,1,7,1,,1,2637.68,238.26,1928.87,0
873,20260404,172,6354,21,1,1,4,1,,2,1807.22,261.63,1490.94,0
874,20260405,126,5544,16,2,2,3,1,,6,1592.14,39.54,3356.48,0
875,20260406,112,6058,24,2,1,7,1,,1,1577.66,183.37,3694.96,0
876,20260407,105,5857,23,3,2,11,1,,5,963.32,104.61,2887.08,0
877,20260408,124,5615,8,3,2,8,1,,6,1341.3,107.14,2664.32,0
878,20260409,113,5449,4,3,2,8,1,,3,993.75,127.46,1292.87,0
879,20260410,141,6353,4,3,2,12,1,,2,2256.84,145.12,4121.25,0
880,20260411,163,6231,14,2,1,5,1,,3,1617.97,266.94,4022.73,0
881,20260412,108,6152,11,3,2,7,1,,4,2341.67,127.56,1673.15,0
882,20260413,107,5550,16,2,2,11,1,,1,1140.43,122.94,3076.28,0
883,20260414,122,6098,7,1,2,3,1,,5,1695.44,285.08,595.03,0
884,20260415,149,5185,23,3,2,9,1,,1,1971.84,155.59,2129.44,0
885,20260416,126,5322,18,4,1,5,1,,2,2585.57,99.45,1470.27,1
886,20260417,194,5510,1,1,1,9,1,,1,1603.6,237.4,690.28,0
887,20260418,137,5618,1,2,1,1,1,,3,2199.8,243.9,2200.36,0
888,20260419,152,5269,24,3,1,2,1,,1,1610.82,211.05,3796.87,0
889,20260420,103,5031,24,2,1,12,1,,5,2302.29,58.29,3225.61,0
890,20260421,140,5663,14,1,2,5,1,,4,886.4,79.28,3452.23,0
891,20260422,161,5772,10,4,1,4,1,,4,1746.39,145.0,4584.5,0
892,20260423,169,6038,8,4,1,8,1,,6,1344.75,111.82,2959.62,0
893,20260424,114,5927,8,1,2,4,1,,4,1287.57,168.95,3392.68,0
894,20260425,143,5295,21,1,1,9,1,,2,898.44,282.63,3170.34,0
895,20260426,111,5290,13,4,1,1,1,,4,1004.86,93.44,2020.41,0
896,20260427,120,5075,11,4,1,5,1,,6,902.14,168.72,2699.27,0
897,20260428,164,5642,21,2,2,8,1,,6,1559.19,166.44,3828.58,0
898,20260429,194,5167,4,4,1,7,1,,2,2216.53,48.63,3866.67,0
899,20260430,122,5405,15,1,1,7,1,,4,809.73,240.95,2692.37,0
900,20260501,196,6121,14,4,1,5,1,,1,1445.15,88.27,4648.87,0
901,20260201,187,5556,17,3,2,10,1,,6,798.27,87.06,3582.61,0
902,20260202,179,6464,12,3,2,8,1,,2,2646.89,278.12,3740.59,0
903,20260203,118,5337,17,4,1,6,1,,4,830.14,141.15,4969.9,0
904,20260204,101,5639,23,2,1,12,1,,1,1690.56,99.31,774.99,0
905,20260205,160,6218,6,1,2,11,1,,5,2520.02,103.49,563.58,0
906,20260206,125,5563,10,4,2,6,1,,5,2240.77,280.29,3025.01,0
907,20260207,183,6351,7,1,1,2,1,,6,919.46,53.5,3036.47,0
908,20260208,117,6070,19,4,2,10,1,,5,1851.46,290.0,3817.69,0
909,20260209,179,6370,16,2,1,1,1,,2,2773.81,27.4,4115.09,0
910,20260210,119,5294,6,4,1,6,1,,1,2550.29,15.66,2802.67,0
911,20260211,157,5872,22,4,2,5,1,,5,2224.02,72.23,2269.61,0
912,20260212,200,5790,23,4,2,5,1,,5,1160.73,23.46,3224.21,0
913,20260213,128,5341,21,3,1,7,1,,5,1459.95,208.53,1627.43,0
914,20260214,116,6143,14,3,1,1,1,,3,2452.89,231.22,2056.96,0
915,20260215,155,5438,20,2,2,6,1,,2,2639.66,298.63,1381.26,0
916,20260216,147,6078,7,1,2,6,1,,1,2586.5,274.74,2762.57,0
917,20260217,102,6243,9,1,2,11,1,,4,1355.91,298.72,3669.19,0
918,20260218,136,6281,2,1,2,10,1,,6,1490.75,52.13,3874.71,1
919,20260219,183,6118,4,1,2,1,1,,5,2546.24,45.96,3812.88,0
920,20260220,117,5170,14,1,1,8,1,,6,2105.42,94.27,4360.51,0
921,20260221,136,5398,21,1,2,11,1,,3,2554.57,50.76,4938.22,0
922,20260222,193,5751,17,1,2,7,1,,6,2007.14,19.49,4212.71,0
923,20260223,165,5303,24,3,1,3,1,,4,506.82,182.56,3599.23,0
924,20260224,153,5355,21,1,2,5,1,,5,1241.64,102.44,3056.78,0
925,20260225,190,5177,19,4,1,2,1,,1,838.0,25.93,1928.76,0
926,20260226,181,5042,6,1,1,11,1,,3,1504.84,263.16,4744.57,0
927,20260227,140,6395,21,2,1,5,1,,1,1310.35,86.12,1755.34,0
928,20260228,173,5647,14,2,1,5,1,,2,825.07,88.48,3639.01,0
929,20260301,134,5190,16,3,2,6,1,,6,1655.3,248.85,3591.68,0
930,20260302,122,5076,19,4,1,9,1,,5,905.59,210.66,2061.15,0
931,20260303,188,5592,7,3,2,2,1,,5,2256.18,77.46,2604.6,0
932,20260304,105,5237,17,2,2,3,1,,4,1808.37,111.68,2200.6,0
933,20260305,176,5070,11,1,2,1,1,,2,1411.38,100.41,3415.47,0
934,20260306,113,5384,12,3,1,8,1,,5,846.79,6.52,4141.5,0
935,20260307,159,6216,19,4,2,8,1,,2,1006.18,111.96,2020.45,1
936,20260308,187,5822,10,1,1,9,1,,1,1410.37,232.22,4792.92,0
937,20260309,152,6215,1,2,1,5,1,,5,2716.57,282.85,1393.08,0
938,20260310,173,5286,5,3,1,2,1,,3,2302.87,42.44,2057.46,0
939,20260311,151,5339,15,1,1,4,1,,2,1123.08,24.11,1562.83,0
940,20260312,127,5895,3,2,1,11,1,,5,2429.6,112.28,2648.05,0
941,20260313,145,5205,16,4,1,8,1,,6,1303.1,139.05,1592.34,0
942,20260314,113,5794,5,3,1,7,1,,3,2555.25,245.94,3786.67,0
943,20260315,155,6223,13,1,2,8,1,,6,2177.03,175.93,1497.62,0
944,20260316,178,5365,8,3,2,6,1,,5,2375.77,183.17,3882.58,0
945,20260317,110,6323,8,2,2,4,1,,1,906.96,130.62,2028.14,0
946,20260318,184,5369,14,2,2,5,1,,4,2020.66,144.2,1674.59,0
947,20260319,154,5368,6,4,1,8,1,,1,1231.09,219.8,3451.41,0
948,20260320,152,5026,6,3,1,10,1,,5,1321.58,136.41,2687.63,0
949,20260321,186,5823,14,1,2,7,1,,3,2180.96,34.79,4132.06,0
950,20260322,158,6029,12,4,2,9,1,,3,668.01,53.65,2408.29,0
951,20260323,198,5786,22,1,1,1,1,,3,2675.68,212.27,1660.26,0
952,20260324,166,6259,24,4,2,1,1,,4,1076.11,36.47,2703.3,0
953,20260325,147,5103,20,3,2,7,1,,3,2019.99,230.05,605.89,0
954,20260326,135,5367,10,3,2,1,1,,4,1179.12,190.79,3181.01,0
955,20260327,146,6499,2,4,1,3,1,,1,1683.96,37.82,1150.9,0
956,20260328,164,5883,9,3,2,12,1,,5,985.84,247.67,4257.13,0
957,20260329,194,6073,19,4,1,2,1,,3,1294.71,44.03,4895.79,0
958,20260330,182,5208,13,1,2,11,1,,6,1124.77,120.22,1327.69,0
959,20260331,196,5527,24,1,2,2,1,,2,1770.15,298.48,3270.12,0
960,20260401,170,5500,23,1,2,10,1,,4,916.5,280.64,1736.54,0
961,20260402,189,5381,9,1,2,3,1,,6,1083.79,1.52,1432.11,0
962,20260403,154,6346,5,3,2,8,1,,5,2296.62,190.46,937.16,0
963,20260404,129,5038,23,3,1,2,1,,5,1090.8,213.61,4221.39,0
964,20260405,176,5862,21,3,2,8,1,,5,430.16,102.18,2058.65,0
965,20260406,157,5311,15,4,1,9,1,,6,808.03,117.02,2313.22,0
966,20260407,185,6171,3,4,2,2,1,,2,2195.23,158.88,1868.15,0
967,20260408,197,5646,15,4,1,3,1,,5,1803.85,187.28,3042.02,0
968,20260409,154,5048,10,4,1,7,1,,5,716.07,182.14,4323.51,0
969,20260410,113,5811,7,2,1,10,1,,3,828.69,47.74,3998.86,0
970,20260411,195,5822,18,4,2,4,1,,4,2561.1,83.66,3967.25,0
971,20260412,181,5217,22,3,2,4,1,,4,1587.6,139.17,4217.62,0
972,20260413,158,5322,6,4,2,1,1,,5,2391.68,228.88,3452.86,0
973,20260414,188,5202,13,4,2,7,1,,2,1927.4,185.66,1123.57,0
974,20260415,180,6031,3,4,1,6,1,,5,999.86,170.79,2623.61,0
975,20260416,112,5759,1,4,1,3,1,,4,1285.75,262.4,1288.45,0
976,20260417,192,5410,11,2,2,2,1,,1,896.82,138.35,1602.71,0
977,20260418,178,5909,8,2,2,9,1,,6,666.78,181.2,1990.67,0
978,20260419,121,5502,15,1,1,12,1,,1,2036.86,121.9,2838.95,0
979,20260420,161,5790,3,4,2,12,1,,5,690.36,232.98,3411.9,0
980,20260421,169,6464,1,4,2,12,1,,1,1103.11,119.52,4200.42,0
981,20260422,199,5082,12,4,2,7,1,,1,648.7,254.12,3910.73,0
982,20260423,175,5229,24,2,2,7,1,,6,1215.6,273.89,4079.99,0
983,20260424,127,5542,4,3,1,8,1,,6,1579.78,73.42,1670.0,0
984,20260425,138,6412,15,3,2,12,1,,3,1763.75,178.33,3925.95,0
985,20260426,119,6069,10,1,1,6,1,,5,1270.54,87.37,4751.56,0
986,20260427,121,6163,21,3,2,12,1,,4,2015.87,46.33,4123.39,0
987,20260428,117,5301,20,3,2,5,1,,6,947.0,255.28,3124.54,0
988,20260429,119,6197,1,3,2,12,1,,5,2189.1,298.84,2326.3,0
989,20260430,180,5349,12,2,2,9,1,,3,1307.15,277.82,3417.69,0
990,20260501,168,5988,6,4,2,1,1,,6,2672.68,102.71,1891.89,0
991,20260201,129,5308,9,1,1,6,1,,4,1502.37,273.81,4578.36,0
992,20260202,196,6074,8,2,2,11,1,,1,1356.38,29.65,1982.82,0
993,20260203,109,5556,18,1,1,8,1,,5,1655.08,73.41,4087.71,0
994,20260204,124,6413,21,2,1,12,1,,6,1494.56,12.07,3241.12,0
995,20260205,171,5569,3,2,1,3,1,,5,1126.63,62.32,1597.73,0
996,20260206,198,6191,16,4,1,9,1,,1,1165.26,190.17,1383.92,0
997,20260207,115,5906,3,4,1,2,1,,5,1814.5,179.49,1849.82,0
998,20260208,102,6192,14,1,2,11,1,,2,1813.45,190.48,3899.94,0
999,20260209,101,5516,14,3,2,11,1,,2,1188.73,144.98,1776.9,0
1000,20260210,183,5614,9,2,2,5,1,,6,1747.03,92.64,2480.2,0
1001,20260211,197,5374,16,1,2,9,1,,4,1589.89,53.64,3921.97,0
1002,20260212,187,5624,4,4,2,11,1,,6,1692.62,54.8,4004.56,0
1003,20260213,198,5475,7,3,2,6,1,,5,1532.5,205.42,4673.98,0
1004,20260214,127,6170,22,2,2,3,1,,2,2239.35,235.74,4335.61,0
1005,20260215,179,6357,6,3,2,11,1,,5,2293.0,233.93,1712.22,0
1006,20260216,134,5967,10,3,1,5,1,,3,2144.1,248.77,1919.06,0
1007,20260217,140,5872,19,4,2,1,1,,4,532.74,122.64,3406.07,0
1008,20260218,118,5936,9,1,1,4,1,,6,2120.01,88.44,2180.64,0
1009,20260219,142,5876,13,3,1,4,1,,5,1607.06,256.92,980.76,0
1010,20260220,132,5329,11,4,2,1,1,,6,1336.15,287.92,3679.2,0
1011,20260221,132,5574,20,4,1,2,1,,1,1935.11,82.81,2162.52,0
1012,20260222,137,5228,16,2,1,6,1,,6,1393.07,45.53,1176.89,0
1013,20260223,139,6176,7,1,2,4,1,,3,1774.56,228.84,1673.24,0
1014,20260224,168,5597,23,1,1,2,1,,6,2107.37,94.19,4340.45,0
1015,20260225,199,5914,24,2,1,6,1,,4,946.44,108.66,1395.43,0
1016,20260226,191,5531,9,1,1,2,1,,6,1385.87,118.89,2688.61,0
1017,20260227,107,6083,2,3,1,10,1,,4,2789.57,287.94,4428.86,0
1018,20260228,142,6104,16,3,2,11,1,,1,2162.64,169.59,4884.02,0
1019,20260301,200,5231,18,2,1,10,1,,4,1864.08,297.88,3883.58,0
1020,20260302,199,6401,14,3,2,8,1,,6,765.29,99.13,1317.53,0
1021,20260303,174,5696,15,4,1,7,1,,5,1105.15,187.11,2254.76,0
1022,20260304,102,5462,11,4,1,5,1,,2,1802.5,230.33,2895.64,0
1023,20260305,184,6363,7,3,1,4,1,,2,894.75,54.48,618.01,0
1024,20260306,178,5081,5,3,1,6,1,,3,2628.32,197.45,1407.66,0
1025,20260307,121,5869,9,2,1,6,1,,1,729.55,269.66,2478.38,0
1026,20260308,149,5053,15,2,2,1,1,,4,1452.51,59.59,3969.43,0
1027,20260309,176,5256,3,2,1,3,1,,2,688.86,146.73,3221.82,0
1028,20260310,196,5649,14,2,1,2,1,,5,1263.66,76.59,1003.97,0
1029,20260311,159,5034,1,4,2,7,1,,1,1251.23,283.72,4264.41,0
1030,20260312,156,6336,10,2,1,11,1,,6,2344.41,262.78,571.33,0
1031,20260313,136,6495,21,3,1,3,1,,2,825.66,2.78,2833.8,0
1032,20260314,118,6424,16,1,1,10,1,,2,2479.23,198.29,2172.67,0
1033,20260315,154,5323,14,2,1,9,1,,2,2180.72,243.1,1317.27,0
1034,20260316,115,5333,1,4,1,5,1,,4,1900.75,272.69,1693.32,0
1035,20260317,142,5059,1,3,1,8,1,,1,2163.88,43.3,2334.44,0
1036,20260318,170,5773,20,2,1,2,1,,1,1236.8,66.81,2389.47,0
1037,20260319,109,5231,16,4,2,9,1,,4,722.57,180.98,3365.85,0
1038,20260320,140,5976,16,3,1,6,1,,6,1695.97,287.07,3507.94,0
1039,20260321,113,5979,16,2,1,4,1,,5,711.54,282.69,1514.98,0
1040,20260322,111,5195,23,4,2,10,1,,1,999.47,75.2,3785.14,0
1041,20260323,139,5674,23,4,2,3,1,,3,1412.85,198.36,3107.16,0
1042,20260324,105,5789,21,1,1,3,1,,1,743.09,10.23,4076.47,0
1043,20260325,121,5813,11,1,2,8,1,,3,850.6,260.86,4868.51,0
1044,20260326,152,5926,7,4,2,9,1,,4,682.77,83.79,3958.3,0
1045,20260327,144,5691,6,3,2,8,1,,5,1495.16,28.95,4352.96,0
1046,20260328,198,6064,9,1,2,7,1,,6,460.99,163.0,925.63,0
1047,20260329,159,5228,4,3,1,6,1,,3,1486.16,165.99,4727.97,0
1048,20260330,165,5374,13,2,1,11,1,,2,2262.19,59.6,3850.68,0
1049,20260331,168,6231,5,1,2,9,1,,2,2064.87,299.15,1250.39,0
1050,20260401,121,5206,22,2,1,12,1,,2,1697.97,286.54,2408.07,0
1051,20260402,126,5571,2,4,2,7,1,,5,2732.82,268.12,2606.02,0
1052,20260403,118,6478,10,1,1,5,1,,6,1733.82,93.48,4653.73,0
1053,20260404,179,6217,3,1,2,3,1,,2,1554.24,48.08,4874.43,0
1054,20260405,132,5802,6,4,2,10,1,,2,996.58,105.12,1518.37,0
1055,20260406,136,5288,13,1,1,4,1,,4,741.78,82.64,1973.61,0
1056,20260407,182,5241,17,3,1,11,1,,5,1530.66,198.13,1844.7,0
1057,20260408,116,6109,24,4,1,2,1,,6,1219.31,81.63,4945.82,0
1058,20260409,149,5524,4,4,2,10,1,,2,2502.98,207.43,4075.05,0
1059,20260410,198,5597,8,1,1,12,1,,5,2703.36,259.53,1585.82,0
1060,20260411,186,6013,23,4,2,1,1,,6,652.46,230.98,4290.46,0
1061,20260412,194,5565,9,3,2,11,1,,3,2759.41,24.93,955.09,0
1062,20260413,163,5498,19,4,1,10,1,,4,1997.51,31.19,4014.15,0
1063,20260414,191,6000,18,4,2,1,1,,5,658.71,251.46,3392.05,0
1064,20260415,113,6179,4,1,1,6,1,,5,2014.26,271.14,2398.23,0
1065,20260416,151,6472,24,1,2,11,1,,4,2445.36,172.0,2852.44,0
1066,20260417,152,6287,24,4,1,4,1,,5,833.77,189.16,1980.33,0
1067,20260418,138,5845,1,4,2,6,1,,6,1225.72,292.07,1619.15,0
1068,20260419,158,5098,11,4,2,3,1,,2,1740.35,259.04,3417.29,0
1069,20260420,195,5822,12,2,2,2,1,,3,1244.33,161.47,4123.2,0
1070,20260421,130,5649,10,1,1,11,1,,4,1151.02,149.16,1337.86,0
1071,20260422,149,5415,9,4,2,6,1,,4,2549.87,226.43,4816.89,0
1072,20260423,142,5033,4,2,2,9,1,,6,1941.54,88.86,3019.65,0
1073,20260424,123,5816,20,1,1,2,1,,1,2108.0,274.41,3484.36,0
1074,20260425,134,5299,23,3,2,7,1,,2,2611.02,31.09,4802.34,0
1075,20260426,138,6257,19,1,2,4,1,,4,2382.72,73.77,1197.55,0
1076,20260427,136,5054,16,2,1,4,1,,2,1456.85,243.46,1154.2,0
1077,20260428,138,5500,1,4,2,7,1,,5,1722.94,170.43,2355.46,0
1078,20260429,167,6190,13,4,2,12,1,,3,2328.22,79.07,2166.03,0
1079,20260430,131,5656,18,3,1,12,1,,2,1171.99,248.23,3660.96,0
1080,20260501,169,6186,5,1,2,9,1,,3,651.54,247.89,1525.21,0
1081,20260201,145,6470,23,2,2,5,1,,5,2407.87,138.07,2470.42,0
1082,20260202,176,5894,3,2,1,9,1,,4,1741.59,17.26,2064.21,0
1083,20260203,191,5303,3,3,1,12,1,,3,1767.41,284.21,3774.92,0
1084,20260204,192,6225,16,4,1,7,1,,2,1988.32,92.95,3637.43,0
1085,20260205,139,5677,8,4,1,9,1,,6,1808.49,258.82,4869.0,0
1086,20260206,107,6459,12,1,1,10,1,,1,1671.45,219.11,3796.5,0
1087,20260207,132,6232,6,2,1,11,1,,4,2148.8,99.54,923.73,0
1088,20260208,152,6176,23,4,2,7,1,,6,1538.58,254.18,1323.45,0
1089,20260209,140,5728,6,4,2,8,1,,1,842.96,120.43,1519.88,0
1090,20260210,183,6297,3,3,2,2,1,,5,1018.64,263.79,774.05,0
1091,20260211,172,5122,22,3,1,3,1,,1,2712.64,158.74,520.97,0
1092,20260212,150,5628,1,3,1,3,1,,2,1927.56,149.46,2908.46,0
1093,20260213,145,5199,22,2,2,10,1,,2,2539.45,211.91,4458.52,0
1094,20260214,123,6040,5,4,1,10,1,,1,2644.7,266.47,4071.41,0
1095,20260215,116,5639,10,1,2,11,1,,2,1816.26,50.22,948.75,0
1096,20260216,125,6236,5,3,2,11,1,,5,2396.25,235.22,4748.05,0
1097,20260217,186,6136,3,3,1,6,1,,2,974.68,245.28,1347.53,0
1098,20260218,152,5086,12,1,2,11,1,,6,2211.07,177.34,4314.98,0
1099,20260219,112,6359,21,3,2,9,1,,6,882.24,96.09,2515.57,0
1100,20260220,126,5600,21,4,2,7,1,,4,597.73,7.15,969.43,0
1101,20260221,172,5992,20,4,2,8,1,,3,2250.02,209.67,2873.98,0
1102,20260222,106,5386,3,3,1,11,1,,3,2174.22,160.29,712.43,0
1103,20260223,139,5789,7,3,1,11,1,,4,2172.5,157.2,1302.31,0
1104,20260224,148,6395,23,1,1,2,1,,4,2679.91,267.71,3705.85,0
1105,20260225,110,6463,7,4,1,10,1,,6,1871.24,13.57,2216.7,0
1106,20260226,189,5239,10,1,1,11,1,,3,2762.56,296.13,4219.57,0
1107,20260227,148,5824,2,2,1,10,1,,2,1892.23,77.46,4649.8,0
1108,20260228,188,6169,23,3,1,11,1,,6,2592.97,122.76,546.02,0
1109,20260301,153,5773,9,2,2,5,1,,5,425.03,207.76,688.1,0
1110,20260302,199,5920,5,2,1,11,1,,1,676.67,270.67,2698.42,0
1111,20260303,124,6100,11,2,2,11,1,,6,2633.49,119.46,2913.17,0
1112,20260304,137,6168,9,1,1,7,1,,2,2680.5,166.42,2740.85,0
1113,20260305,117,6062,2,4,2,2,1,,1,948.75,249.93,1330.15,0
1114,20260306,198,6421,3,2,2,10,1,,3,1451.46,42.83,3186.51,0
1115,20260307,106,6358,17,2,1,12,1,,3,505.02,4.26,1187.2,0
1116,20260308,133,5360,12,4,1,11,1,,1,1339.15,45.93,1813.13,0
1117,20260309,109,5462,6,2,2,11,1,,6,1453.29,261.4,812.22,0
1118,20260310,132,6233,17,3,1,3,1,,5,2714.02,17.01,3581.43,0
1119,20260311,153,6061,18,1,1,12,1,,3,1288.89,43.05,967.07,1
1120,20260312,130,5013,13,1,1,7,1,,5,687.14,67.36,3327.29,0
1121,20260313,173,6118,3,1,2,10,1,,6,1326.53,205.68,2240.45,0
1122,20260314,196,5487,22,4,2,6,1,,6,1491.96,275.83,1189.12,0
1123,20260315,169,5738,8,2,2,11,1,,6,818.45,290.21,4996.13,0
1124,20260316,121,5754,24,1,2,5,1,,2,502.13,123.11,4459.12,0
1125,20260317,130,5824,5,3,1,7,1,,4,2520.69,138.17,2535.4,1
1126,20260318,150,5950,12,3,2,11,1,,4,719.48,158.98,1607.03,0
1127,20260319,192,5392,19,2,2,8,1,,5,2469.85,237.62,2186.67,0
1128,20260320,140,5438,13,2,2,2,1,,5,1965.37,90.1,4248.0,0
1129,20260321,200,6278,14,1,1,4,1,,3,1724.06,47.02,2229.31,0
1130,20260322,167,5885,6,4,1,12,1,,2,1326.33,200.1,1729.94,0
1131,20260323,196,6394,19,2,2,10,1,,2,761.64,94.95,1605.64,0
1132,20260324,195,5268,16,3,1,11,1,,1,2288.71,25.73,539.01,0
1133,20260325,107,5679,3,3,2,4,1,,6,761.45,63.9,4283.05,0
1134,20260326,147,6277,11,4,2,6,1,,6,820.52,90.97,4110.51,0
1135,20260327,121,5312,6,4,1,9,1,,5,1383.23,168.5,3329.07,0
1136,20260328,190,5576,23,2,1,11,1,,2,2582.04,29.12,677.2,0
1137,20260329,149,5969,13,4,1,1,1,,5,2051.49,245.39,4689.24,0
1138,20260330,175,6172,6,4,1,8,1,,6,1760.28,265.68,4945.17,0
1139,20260331,148,5142,6,2,2,11,1,,4,2600.23,33.29,4707.63,0
1140,20260401,186,5404,21,3,2,12,1,,1,1251.31,295.07,2726.37,0
1141,20260402,180,6209,14,2,2,5,1,,2,1632.21,294.61,4569.26,0
1142,20260403,104,6003,11,2,1,11,1,,2,2081.24,78.93,4982.69,0
1143,20260404,144,5083,9,4,1,6,1,,5,475.3,261.61,4669.45,0
1144,20260405,102,6175,1,3,2,4,1,,4,1312.04,10.79,3523.57,0
1145,20260406,190,5769,11,3,2,7,1,,6,1221.11,282.87,3736.03,0
1146,20260407,171,5396,16,3,2,2,1,,4,2605.06,25.44,3498.0,0
1147,20260408,141,6043,4,1,1,2,1,,2,578.6,112.02,1193.03,0
1148,20260409,131,5179,3,1,1,12,1,,3,2488.38,185.24,1203.1,0
1149,20260410,181,5944,21,3,1,10,1,,1,534.8,41.61,4631.01,0
1150,20260411,111,5381,3,1,1,7,1,,6,959.38,15.0,857.35,0
1151,20260412,142,6281,17,2,2,4,1,,6,2771.03,181.64,1337.29,0
1152,20260413,137,6499,22,1,2,3,1,,5,415.15,52.76,1389.74,0
1153,20260414,119,6111,19,2,1,12,1,,1,851.68,254.58,3903.29,0
1154,20260415,130,5333,13,3,2,9,1,,6,1084.97,127.96,4210.11,0
1155,20260416,195,5494,17,1,2,5,1,,2,555.17,18.83,2049.0,0
1156,20260417,194,5124,20,4,1,11,1,,6,1470.24,293.15,3535.26,0
1157,20260418,141,6205,12,1,2,12,1,,3,1481.89,222.66,2662.02,0
1158,20260419,164,5615,16,3,1,4,1,,5,809.33,207.26,2343.8,0
1159,20260420,160,5665,13,4,2,8,1,,2,741.0,225.17,2388.19,0
1160,20260421,104,5286,11,4,1,7,1,,3,433.48,237.41,3477.97,0
1161,20260422,123,5310,19,2,1,2,1,,1,1339.1,44.97,2017.92,0
1162,20260423,103,6019,13,2,2,9,1,,3,946.57,145.96,3756.78,0
1163,20260424,156,5892,6,4,1,6,1,,1,560.57,96.98,2645.15,0
1164,20260425,138,5290,8,4,1,7,1,,4,431.12,92.4,1213.71,0
1165,20260426,181,5637,22,4,1,10,1,,2,1671.13,102.33,2180.1,0
1166,20260427,189,5263,12,4,1,1,1,,4,1288.02,73.83,4750.6,0
1167,20260428,189,5479,11,4,2,9,1,,3,1785.33,99.32,1374.7,0
1168,20260429,117,5660,21,2,1,4,1,,4,1751.92,267.17,1910.57,0
1169,20260430,113,5787,5,3,1,9,1,,4,1510.45,270.13,4762.15,1
1170,20260501,194,5545,3,4,2,4,1,,3,2108.58,109.13,3999.92,0
1171,20260201,161,5506,8,1,2,6,1,,5,1558.13,43.84,1727.41,0
1172,20260202,141,5993,11,2,1,10,1,,5,688.87,220.03,3809.73,0
1173,20260203,125,6073,17,3,1,7,1,,4,2081.55,255.81,1841.8,0
1174,20260204,127,5296,10,1,1,11,1,,6,2229.7,23.61,2592.23,0
1175,20260205,119,5915,21,4,1,10,1,,4,2220.31,32.32,1730.98,0
1176,20260206,136,5406,23,4,2,3,1,,5,708.49,286.83,1057.62,0
1177,20260207,142,6132,16,3,1,6,1,,6,1300.07,7.64,2454.17,0
1178,20260208,142,5811,6,3,1,11,1,,3,1177.63,226.95,677.22,0
1179,20260209,166,5115,24,2,2,2,1,,1,735.79,30.68,1235.22,0
1180,20260210,192,5482,3,3,2,6,1,,1,1390.34,225.26,2716.05,0
1181,20260211,170,5128,17,4,2,12,1,,2,1715.43,26.84,1432.65,0
1182,20260212,121,5237,9,2,1,1,1,,6,2040.45,7.27,3393.06,0
1183,20260213,190,5462,16,1,1,4,1,,2,2679.92,286.33,1119.53,0
1184,20260214,141,5662,13,4,1,9,1,,3,1581.35,200.89,3637.06,0
1185,20260215,171,5140,2,2,1,4,1,,2,1798.57,2.15,3658.21,0
1186,20260216,175,5754,17,2,2,4,1,,2,1686.95,274.56,3849.14,0
1187,20260217,137,5545,18,3,2,3,1,,2,2210.01,76.88,1380.98,0
1188,20260218,134,5805,4,3,2,1,1,,4,1848.08,195.42,2803.12,0
1189,20260219,152,5420,6,1,1,7,1,,1,2182.75,262.27,1400.64,0
1190,20260220,173,5612,23,2,2,6,1,,4,530.48,187.84,3050.81,0
1191,20260221,133,5445,17,1,2,1,1,,2,2391.01,258.11,1428.59,0
1192,20260222,193,5796,24,3,2,7,1,,5,2209.26,276.25,2660.79,0
1193,20260223,177,5585,22,2,1,10,1,,1,2522.59,255.8,3286.75,0
1194,20260224,102,5562,1,3,2,7,1,,6,1763.47,47.85,740.92,0
1195,20260225,128,6323,7,4,2,2,1,,3,1401.97,6.72,3967.0,0
1196,20260226,116,5619,5,3,2,4,1,,1,2606.58,223.28,3568.23,0
1197,20260227,104,5976,6,1,1,2,1,,6,963.53,260.94,3109.0,0
1198,20260228,172,5560,9,1,2,2,1,,6,2060.32,64.64,2288.93,0
1199,20260301,149,5062,2,4,2,8,1,,4,820.05,3.98,4538.34,0
1200,20260302,185,5130,9,3,2,4,1,,3,458.59,81.59,4423.96,0
1201,20260303,131,6413,15,1,1,10,1,,4,1741.47,210.88,4063.84,0
1202,20260304,192,5097,10,3,1,10,1,,3,1495.02,141.74,1237.53,0
1203,20260305,185,5761,24,2,2,12,1,,6,1232.29,52.19,2308.01,0
1204,20260306,160,5712,10,2,2,11,1,,5,1378.78,288.42,889.01,0
1205,20260307,133,5282,11,3,2,8,1,,5,2468.32,49.28,692.4,0
1206,20260308,165,6281,5,3,1,10,1,,2,2745.36,237.68,4211.08,0
1207,20260309,151,5168,14,1,1,9,1,,1,1781.12,76.42,2977.02,0
1208,20260310,122,5465,22,3,2,2,1,,3,2156.45,239.07,2968.03,0
1209,20260311,151,6072,22,4,1,10,1,,3,2199.58,206.34,4945.78,0
1210,20260312,129,6312,21,4,1,12,1,,2,2118.88,267.96,4861.76,0
1211,20260313,114,6015,5,1,2,4,1,,4,1126.86,62.77,3372.12,0
1212,20260314,125,5049,1,1,2,2,1,,2,845.71,232.82,821.01,0
1213,20260315,133,5927,4,4,2,11,1,,4,425.36,179.27,2044.26,0
1214,20260316,148,5427,10,4,2,11,1,,5,1824.01,203.74,4896.56,0
1215,20260317,164,5655,12,1,2,12,1,,4,2466.82,115.13,2925.58,0
1216,20260318,113,5866,23,3,2,1,1,,4,492.81,146.23,4576.44,0
1217,20260319,161,5517,18,1,1,4,1,,6,2393.51,189.39,923.03,0
1218,20260320,149,5691,8,4,1,6,1,,3,1726.3,211.21,2530.4,0
1219,20260321,179,5841,4,1,1,10,1,,6,2274.0,280.66,2499.93,0
1220,20260322,165,5372,15,3,2,9,1,,6,2138.39,75.96,1029.51,0
1221,20260323,167,6006,6,4,2,3,1,,1,1096.69,99.42,993.54,0
1222,20260324,120,5158,7,4,2,4,1,,1,1329.53,223.36,3442.42,0
1223,20260325,123,5772,2,3,1,4,1,,3,2477.36,175.07,2720.08,0
1224,20260326,192,5911,23,1,1,3,1,,2,716.8,293.64,3223.43,0
1225,20260327,104,5898,16,3,2,1,1,,6,1660.42,208.14,3356.74,0
1226,20260328,114,5858,16,1,2,7,1,,5,2084.91,20.08,892.59,0
1227,20260329,186,5733,16,4,1,3,1,,1,457.86,25.91,1340.56,0
1228,20260330,126,5914,22,3,2,8,1,,1,2730.08,196.88,3119.54,0
1229,20260331,115,6147,2,2,1,3,1,,3,719.72,210.44,550.37,1
1230,20260401,108,6045,1,1,2,10,1,,5,421.26,264.12,1116.78,0
1231,20260402,132,5984,7,2,2,8,1,,4,913.89,51.73,2988.65,0
1232,20260403,181,6109,3,2,1,9,1,,2,2466.85,20.4,2810.23,0
1233,20260404,110,6160,6,2,2,11,1,,3,2650.26,248.39,2328.76,0
1234,20260405,197,5885,2,3,2,1,1,,2,2011.97,279.23,2258.49,0
1235,20260406,178,5461,24,2,2,10,1,,5,2532.99,193.81,3899.44,0
1236,20260407,121,5495,20,3,2,2,1,,4,1839.57,125.19,3027.59,0
1237,20260408,191,5299,21,1,2,5,1,,4,1074.0,195.05,4940.06,0
1238,20260409,144,5622,18,3,2,8,1,,5,1570.69,227.23,4277.78,0
1239,20260410,176,6424,18,2,2,6,1,,1,2059.42,292.57,2897.33,0
1240,20260411,179,6294,3,3,2,5,1,,3,1826.64,68.35,4670.69,0
1241,20260412,142,5491,19,2,2,5,1,,2,2381.76,155.3,2351.93,0
1242,20260413,134,6225,14,2,1,12,1,,3,855.92,205.79,3706.79,0
1243,20260414,171,5658,7,4,1,2,1,,6,2134.58,87.44,1611.62,0
1244,20260415,177,6298,11,2,2,6,1,,2,1339.91,215.11,4696.18,0
1245,20260416,159,6101,11,2,2,10,1,,1,1006.09,289.95,4159.02,0
1246,20260417,151,5007,3,2,2,8,1,,4,2643.4,165.19,4195.21,0
1247,20260418,166,6163,14,2,2,1,1,,4,1907.47,146.87,986.36,0
1248,20260419,156,5793,11,1,1,3,1,,1,1267.2,240.39,745.26,0
1249,20260420,109,5569,4,3,1,2,1,,6,2048.14,61.47,4510.9,0
1250,20260421,173,5123,1,1,2,10,1,,6,1065.22,128.94,1537.2,0
1251,20260422,180,6237,19,3,2,4,1,,2,455.09,175.24,3930.58,0
1252,20260423,122,5785,7,1,1,2,1,,5,2177.09,293.6,1713.78,0
1253,20260424,163,5256,4,2,2,4,1,,2,1502.82,49.69,1280.94,0
1254,20260425,129,5573,4,1,1,11,1,,3,1444.46,258.27,4323.15,0
1255,20260426,158,5438,8,1,1,7,1,,6,1465.92,45.12,4496.53,0
1256,20260427,179,5779,1,3,1,11,1,,4,1447.96,262.54,2040.3,0
1257,20260428,103,6023,17,4,2,10,1,,2,1295.11,211.04,3204.29,0
1258,20260429,190,6400,13,2,2,4,1,,2,1154.11,121.53,1619.45,0
1259,20260430,138,5473,13,4,1,11,1,,5,985.77,209.27,2535.11,0
1260,20260501,103,5797,19,3,2,7,1,,1,1578.3,217.25,4591.35,0
1261,20260201,112,5896,9,3,1,5,1,,3,2587.84,77.96,1211.44,0
1262,20260202,129,6200,21,2,1,7,1,,3,515.15,68.57,3681.97,0
1263,20260203,121,5190,20,1,2,2,1,,5,2636.82,135.93,1819.19,0
1264,20260204,156,5571,6,2,2,5,1,,2,1649.22,69.54,915.22,0
1265,20260205,107,6173,21,2,2,9,1,,4,2660.84,268.48,1563.1,0
1266,20260206,126,6235,23,1,1,2,1,,3,2361.5,53.62,1058.62,0
1267,20260207,160,6134,12,2,1,9,1,,2,989.55,2.62,4349.33,0
1268,20260208,199,5558,17,1,1,7,1,,2,800.8,140.72,4309.42,1
1269,20260209,131,6248,12,3,2,4,1,,4,820.35,32.96,1616.97,0
1270,20260210,182,6242,2,1,2,3,1,,1,1089.29,158.67,2704.8,0
1271,20260211,197,5809,18,4,2,11,1,,5,1249.45,181.66,3732.6,0
1272,20260212,196,5830,9,4,1,9,1,,4,702.98,10.93,830.38,0
1273,20260213,148,5612,4,4,2,7,1,,3,1296.7,94.36,1394.16,0
1274,20260214,103,5442,14,2,2,10,1,,6,735.63,238.13,2283.62,0
1275,20260215,119,5034,8,4,2,8,1,,4,1519.24,139.56,4470.73,0
1276,20260216,160,5268,14,1,1,3,1,,6,2614.59,88.63,739.04,0
1277,20260217,160,5792,21,4,1,10,1,,3,1251.46,153.77,2646.99,0
1278,20260218,162,5139,12,3,1,5,1,,5,798.27,297.63,1156.73,0
1279,20260219,192,6151,9,1,1,9,1,,2,1913.62,111.38,2517.61,0
1280,20260220,143,6256,15,3,2,5,1,,3,522.2,155.1,1054.84,0
1281,20260221,157,5999,14,1,1,3,1,,4,1192.36,214.28,3791.52,0
1282,20260222,182,5548,5,2,1,2,1,,5,1321.33,118.32,688.51,0
1283,20260223,139,5025,5,2,2,10,1,,2,1402.21,247.78,1182.41,0
1284,20260224,171,6164,9,2,1,2,1,,2,2461.22,79.65,2671.99,0
1285,20260225,109,5449,15,2,2,2,1,,1,2006.6,243.51,2042.32,0
1286,20260226,194,5763,16,3,2,11,1,,6,1183.68,46.68,3568.81,0
1287,20260227,192,6208,17,3,1,4,1,,1,1441.3,81.66,4729.73,0
1288,20260228,139,6022,24,4,1,10,1,,3,2324.02,77.29,4208.31,0
1289,20260301,172,5458,8,2,2,3,1,,1,2073.72,151.75,2356.9,0
1290,20260302,152,5859,19,3,2,2,1,,2,789.87,144.35,4677.84,0
1291,20260303,109,5643,2,4,2,7,1,,2,1394.13,293.51,2002.04,0
1292,20260304,148,5243,10,2,2,8,1,,4,1812.22,121.6,4322.53,0
1293,20260305,137,5499,20,2,2,3,1,,5,1185.14,113.05,872.95,0
1294,20260306,111,5169,24,1,1,9,1,,4,1582.36,27.69,4865.27,0
1295,20260307,190,6328,5,1,1,8,1,,2,478.44,87.43,4296.11,0
1296,20260308,187,6405,23,3,1,1,1,,2,2542.91,99.04,675.24,0
1297,20260309,175,5169,2,1,1,3,1,,4,2378.06,147.11,1702.99,0
1298,20260310,138,6261,17,1,2,3,1,,1,1509.61,255.72,1208.27,0
1299,20260311,200,6434,17,1,2,10,1,,2,2053.68,9.61,4334.7,0
1300,20260312,186,5334,23,4,2,6,1,,5,1135.36,196.05,4165.87,0
1301,20260313,154,5482,10,3,1,4,1,,4,756.93,46.57,857.54,0
1302,20260314,176,5242,5,1,2,3,1,,2,2134.65,84.74,1997.28,0
1303,20260315,141,6187,8,4,2,7,1,,1,2631.7,200.48,3522.38,0
1304,20260316,194,6204,10,2,2,11,1,,1,1274.1,117.24,2052.89,0
1305,20260317,107,5065,9,4,1,8,1,,4,1979.99,119.25,3691.14,0
1306,20260318,142,5921,5,3,2,11,1,,3,2699.36,225.45,4406.6,0
1307,20260319,124,5016,6,3,2,2,1,,4,2501.25,100.37,689.11,0
1308,20260320,118,5492,17,4,2,4,1,,6,833.23,11.53,541.51,0
1309,20260321,147,6457,11,3,2,1,1,,1,1558.72,247.3,2754.85,0
1310,20260322,128,5303,11,3,2,9,1,,5,1869.91,183.67,2457.22,0
1311,20260323,194,5081,15,3,2,1,1,,3,1198.25,122.2,3321.69,0
1312,20260324,109,5972,14,4,1,6,1,,5,934.96,79.41,4511.81,0
1313,20260325,105,5470,22,3,2,5,1,,1,1673.78,12.16,4784.04,0
1314,20260326,158,5490,13,1,2,1,1,,1,2325.74,82.09,4164.91,0
1315,20260327,170,5854,1,3,1,8,1,,5,912.19,198.39,1794.01,0
1316,20260328,115,5481,13,3,1,9,1,,6,880.62,205.53,858.55,0
1317,20260329,183,5503,16,1,1,3,1,,6,2154.44,50.71,1815.42,0
1318,20260330,133,5852,6,4,1,12,1,,2,1267.43,229.53,1799.5,0
1319,20260331,170,6417,18,1,1,3,1,,1,2447.27,1.0,1577.98,0
1320,20260401,200,5554,6,1,2,6,1,,1,1601.11,250.56,2905.66,0
1321,20260402,166,5251,16,3,1,6,1,,1,1247.78,116.36,1351.85,0
1322,20260403,133,6486,1,1,1,3,1,,2,1221.04,156.63,3602.88,0
1323,20260404,125,5981,21,3,1,6,1,,4,2302.4,129.72,4132.74,0
1324,20260405,200,5825,7,2,1,10,1,,6,1560.22,175.91,3638.1,0
1325,20260406,196,5465,22,4,2,7,1,,3,1942.07,59.73,688.84,0
1326,20260407,158,5386,1,3,1,11,1,,3,1956.92,124.66,4268.84,0
1327,20260408,141,5950,3,2,1,10,1,,5,1747.39,34.95,1110.97,0
1328,20260409,164,6134,18,3,1,10,1,,1,2286.75,191.42,1607.17,0
1329,20260410,169,5872,10,1,1,1,1,,3,1995.58,299.52,3631.58,0
1330,20260411,149,5314,9,3,2,2,1,,5,1273.08,149.49,3823.83,0
1331,20260412,153,5047,1,3,2,3,1,,6,623.38,41.23,2862.29,0
1332,20260413,177,5206,12,1,1,5,1,,3,1163.95,37.12,3093.85,0
1333,20260414,175,5162,8,1,2,5,1,,5,2211.62,273.89,858.48,0
1334,20260415,192,6125,19,3,2,2,1,,4,2205.52,12.22,4634.77,0
1335,20260416,154,5191,22,3,2,12,1,,1,728.54,28.29,4751.13,0
1336,20260417,101,5219,16,1,2,6,1,,4,1700.71,79.28,3158.84,0
1337,20260418,172,5508,3,3,1,3,1,,6,2603.59,210.21,967.43,0
1338,20260419,103,5964,7,2,1,12,1,,6,1623.24,296.89,523.79,0
1339,20260420,167,5560,19,2,2,9,1,,2,542.49,63.3,3500.97,0
1340,20260421,125,6081,10,3,1,7,1,,5,1387.7,173.5,1712.12,0
1341,20260422,179,5256,23,4,2,11,1,,5,1594.43,293.34,2324.95,0
1342,20260423,125,5519,23,2,1,11,1,,5,687.95,201.31,1096.02,0
1343,20260424,106,5473,8,1,1,11,1,,4,719.11,65.44,4817.3,0
1344,20260425,174,5006,21,2,1,12,1,,1,1392.05,102.41,2511.84,0
1345,20260426,119,6484,21,1,2,6,1,,4,1308.94,155.66,1737.79,0
1346,20260427,185,5413,21,2,1,7,1,,3,851.2,199.76,4760.44,0
1347,20260428,132,6004,16,3,2,1,1,,3,407.34,139.07,776.32,0
1348,20260429,108,5940,17,3,1,7,1,,1,2515.14,42.21,1756.98,0
1349,20260430,155,5029,16,1,2,6,1,,3,1946.2,134.8,3597.94,1
1350,20260501,136,5977,13,3,1,8,1,,2,1451.51,40.05,4014.54,0
1351,20260201,183,5996,13,2,1,2,1,,3,2130.98,156.61,3604.59,0
1352,20260202,135,6349,17,3,2,1,1,,1,1761.17,265.44,1585.52,0
1353,20260203,137,5517,8,2,2,9,1,,1,757.83,5.87,3958.22,0
1354,20260204,199,6135,14,3,1,8,1,,2,849.69,219.79,3743.96,0
1355,20260205,155,5515,23,3,1,11,1,,4,2007.61,288.2,3043.47,0
1356,20260206,146,5197,13,4,1,4,1,,3,509.93,100.84,2621.23,0
1357,20260207,131,6091,11,4,1,7,1,,5,439.44,22.88,3043.22,0
1358,20260208,118,5474,14,1,1,8,1,,4,1683.95,221.58,961.77,0
1359,20260209,171,5904,23,2,1,12,1,,2,924.33,29.06,1654.05,0
1360,20260210,176,5838,4,3,2,4,1,,1,1217.95,71.01,1034.51,0
1361,20260211,133,6226,18,2,1,8,1,,6,1065.0,50.11,3907.97,0
1362,20260212,194,5014,16,2,2,6,1,,1,612.9,174.86,4661.65,0
1363,20260213,136,5001,14,3,2,8,1,,5,2070.25,8.07,938.8,0
1364,20260214,181,6171,1,3,1,3,1,,2,962.13,13.56,1307.26,0
1365,20260215,127,5405,5,3,2,1,1,,6,1478.72,185.59,641.71,0
1366,20260216,193,6483,7,3,2,11,1,,4,769.43,18.98,4555.2,0
1367,20260217,161,5775,1,2,2,1,1,,5,820.23,252.87,2391.6,0
1368,20260218,111,5323,7,1,1,7,1,,1,1443.08,209.91,1247.85,0
1369,20260219,192,6066,23,3,2,3,1,,5,1678.83,170.19,4791.28,0
1370,20260220,155,5353,20,4,2,6,1,,3,1855.08,277.86,4092.36,0
1371,20260221,103,5402,13,3,2,9,1,,4,2625.39,262.42,1019.06,0
1372,20260222,189,5260,2,2,1,9,1,,4,1347.06,194.9,3706.02,0
1373,20260223,118,5109,17,2,1,3,1,,2,2579.2,152.52,3231.06,0
1374,20260224,110,5495,18,1,2,9,1,,5,624.49,78.34,2970.08,0
1375,20260225,123,5091,14,4,1,3,1,,2,2077.06,26.81,1165.2,0
1376,20260226,157,5147,14,1,2,8,1,,2,2035.21,297.83,2019.57,0
1377,20260227,105,5024,1,1,1,2,1,,3,795.82,222.66,3366.68,0
1378,20260228,111,5170,23,2,2,2,1,,4,2280.76,161.71,2171.93,0
1379,20260301,181,6239,1,2,2,6,1,,4,2013.23,238.41,2768.09,0
1380,20260302,138,5599,9,2,1,9,1,,2,1840.84,172.92,2645.5,0
1381,20260303,163,6070,3,2,1,5,1,,5,1891.97,12.74,2207.5,0
1382,20260304,106,6039,14,4,1,1,1,,5,517.25,198.61,4486.07,0
1383,20260305,149,5708,21,3,1,6,1,,6,1638.14,159.01,2323.33,0
1384,20260306,173,5252,8,4,1,5,1,,5,946.83,96.49,3475.96,0
1385,20260307,147,5636,6,4,1,9,1,,6,494.5,140.93,2330.29,0
1386,20260308,131,5841,20,4,2,1,1,,5,2268.67,285.93,4352.7,0
1387,20260309,168,5379,5,1,1,5,1,,1,2627.53,259.58,1637.67,0
1388,20260310,168,5255,18,1,2,11,1,,6,1020.79,257.08,1298.5,0
1389,20260311,161,6021,8,2,2,12,1,,2,1667.97,19.25,1705.1,0
1390,20260312,120,6379,3,2,2,10,1,,6,1108.36,51.26,3071.39,0
1391,20260313,186,6366,24,3,2,5,1,,2,449.7,263.83,3904.16,0
1392,20260314,117,5755,24,4,1,2,1,,3,2705.86,75.55,2578.84,0
1393,20260315,106,5800,10,4,1,6,1,,3,2218.38,259.88,690.44,0
1394,20260316,152,5470,24,3,2,9,1,,6,848.69,57.5,4394.61,0
1395,20260317,194,5048,22,1,2,7,1,,3,1386.86,83.94,1807.7,0
1396,20260318,174,6087,17,1,1,12,1,,1,1284.09,166.83,2754.36,1
1397,20260319,123,5565,11,2,2,10,1,,6,547.67,206.48,668.93,0
1398,20260320,188,6309,2,3,1,4,1,,2,901.45,229.51,2097.79,0
1399,20260321,168,5528,19,3,1,7,1,,6,932.51,42.42,959.79,0
1400,20260322,113,6457,20,4,2,12,1,,1,1706.51,181.94,1393.78,0
1401,20260323,176,5188,21,2,2,4,1,,2,1371.99,96.91,1515.73,0
1402,20260324,153,5072,24,1,1,10,1,,5,1592.0,288.51,4961.4,0
1403,20260325,113,5946,17,4,1,1,1,,2,900.89,7.97,4148.09,0
1404,20260326,176,5219,11,4,1,9,1,,2,2410.23,157.16,559.04,0
1405,20260327,189,5773,11,4,2,5,1,,6,1080.76,293.7,1038.65,0
1406,20260328,193,5851,1,2,2,6,1,,5,2301.0,40.18,760.75,0
1407,20260329,140,6237,3,1,2,2,1,,5,1101.38,69.4,2884.5,0
1408,20260330,144,5055,19,2,2,4,1,,2,2355.87,47.3,1470.14,0
1409,20260331,178,6036,5,1,1,8,1,,3,1204.46,125.48,915.01,0
1410,20260401,105,6425,24,3,1,9,1,,5,1377.4,224.14,4233.12,0
1411,20260402,181,5044,11,2,2,7,1,,4,1444.89,237.22,708.61,0
1412,20260403,189,5197,4,2,2,1,1,,1,2665.24,262.45,749.24,0
1413,20260404,127,5740,13,4,1,1,1,,4,769.58,136.69,1941.7,0
1414,20260405,196,5436,4,2,1,5,1,,3,1253.91,245.22,2790.84,0
1415,20260406,124,5894,19,1,2,11,1,,4,1418.74,168.41,4560.88,0
1416,20260407,180,5432,17,3,2,12,1,,1,677.99,91.2,2995.39,0
1417,20260408,168,5917,7,3,2,4,1,,4,2470.8,273.82,3814.96,0
1418,20260409,168,5280,14,1,1,4,1,,6,1298.33,217.16,740.3,0
1419,20260410,186,5759,15,1,1,9,1,,3,2783.66,174.25,791.78,0
1420,20260411,138,5586,19,2,1,12,1,,4,2780.55,174.87,1245.2,0
1421,20260412,197,6225,23,4,2,11,1,,3,2392.68,192.52,3917.73,0
1422,20260413,196,6495,22,4,1,9,1,,3,748.43,235.06,3106.76,1
1423,20260414,182,6165,8,2,2,10,1,,1,1106.58,231.69,4493.02,0
1424,20260415,173,6268,7,2,1,2,1,,2,2414.05,242.12,1503.63,0
1425,20260416,200,5290,14,4,1,7,1,,5,2079.23,297.01,2628.4,0
1426,20260417,151,6312,4,4,2,1,1,,6,1460.77,224.78,1892.76,0
1427,20260418,193,5468,17,2,2,11,1,,6,1845.76,108.54,1597.83,0
1428,20260419,167,5284,22,1,2,1,1,,3,2704.05,266.18,1030.12,0
1429,20260420,119,6424,19,4,2,1,1,,5,2331.0,235.22,2328.04,0
1430,20260421,198,5735,18,2,2,11,1,,3,624.39,165.18,3078.11,0
1431,20260422,145,5834,21,1,1,1,1,,5,1556.63,127.79,3524.05,0
1432,20260423,188,5299,7,3,2,2,1,,3,2423.94,233.17,2294.02,0
1433,20260424,120,5493,19,3,2,11,1,,1,2451.13,249.76,1239.1,0
1434,20260425,197,5459,1,1,2,10,1,,4,2577.61,116.79,4993.0,0
1435,20260426,115,5793,17,2,1,2,1,,6,864.0,183.57,4206.02,0
1436,20260427,104,5099,3,4,1,10,1,,6,1070.19,87.91,3229.4,0
1437,20260428,195,5659,2,4,2,3,1,,6,1652.34,261.55,4772.41,0
1438,20260429,183,5843,21,2,1,12,1,,3,929.23,83.94,575.68,0
1439,20260430,164,5903,15,3,2,3,1,,1,2114.36,134.71,1128.79,0
1440,20260501,152,5844,22,2,1,6,1,,1,1733.11,27.62,4426.02,0
1441,20260201,193,6281,16,4,1,3,1,,5,2078.27,180.54,3961.01,0
1442,20260202,134,5047,13,3,1,4,1,,2,886.4,69.63,4717.59,0
1443,20260203,141,5733,23,2,1,6,1,,4,660.91,163.41,856.18,0
1444,20260204,102,5420,6,1,1,10,1,,2,401.11,33.79,3876.52,0
1445,20260205,131,6052,22,3,1,8,1,,4,1710.67,292.93,2191.91,0
1446,20260206,125,5447,15,1,2,5,1,,3,1822.13,217.8,1259.12,0
1447,20260207,175,5662,2,2,2,5,1,,5,503.2,245.24,2440.22,0
1448,20260208,137,5109,8,4,1,11,1,,3,2396.8,119.51,2903.82,0
1449,20260209,119,5949,24,4,1,3,1,,1,433.63,48.44,915.21,0
1450,20260210,163,6207,18,2,1,11,1,,2,1026.64,279.18,2389.4,0
1451,20260211,174,6119,11,4,2,4,1,,4,2479.8,69.49,4201.45,0
1452,20260212,132,5236,17,2,2,7,1,,1,1212.33,171.73,2523.39,0
1453,20260213,195,5047,16,4,2,11,1,,1,1488.58,210.03,2311.97,1
1454,20260214,164,5484,13,2,1,6,1,,1,1302.68,43.09,3465.1,0
1455,20260215,122,5370,8,3,2,11,1,,2,606.85,118.01,4430.53,0
1456,20260216,147,5031,11,4,1,11,1,,3,1371.84,45.1,827.88,0
1457,20260217,184,5357,3,2,2,10,1,,4,2725.4,226.49,4797.01,0
1458,20260218,172,6210,18,3,1,7,1,,5,1861.51,86.64,2960.27,0
1459,20260219,103,5325,5,1,2,1,1,,5,2060.3,68.94,4287.94,0
1460,20260220,156,6473,20,3,2,11,1,,2,1115.53,181.68,4307.61,0
1461,20260221,179,6049,18,1,1,5,1,,3,1484.47,163.71,2560.48,0
1462,20260222,197,5074,23,4,1,6,1,,2,964.67,163.19,2514.11,0
1463,20260223,162,5402,18,2,1,10,1,,4,1059.76,234.07,4835.86,0
1464,20260224,109,6474,21,4,2,10,1,,5,1581.93,162.59,4356.61,0
1465,20260225,174,5894,17,4,1,3,1,,3,1638.68,58.85,4973.86,0
1466,20260226,105,6318,18,3,1,7,1,,6,846.97,187.56,1568.67,0
1467,20260227,107,6425,9,1,2,7,1,,4,2146.45,99.56,2554.86,0
1468,20260228,105,5063,22,1,1,5,1,,5,822.18,223.94,4336.17,0
1469,20260301,135,5515,6,4,2,10,1,,4,870.66,105.91,4168.52,0
1470,20260302,138,5381,21,2,1,11,1,,5,2174.47,254.02,4052.91,0
1471,20260303,129,5399,18,1,2,7,1,,2,1025.75,205.34,4621.99,0
1472,20260304,124,6092,11,4,1,6,1,,4,802.43,172.63,2316.43,0
1473,20260305,176,5454,23,2,2,9,1,,5,2276.04,111.02,1505.99,0
1474,20260306,165,5218,18,4,2,6,1,,1,2683.91,146.89,1682.82,0
1475,20260307,150,6145,11,1,2,8,1,,6,1089.53,78.51,534.21,0
1476,20260308,140,6287,20,1,1,2,1,,4,1837.6,49.44,1396.17,0
1477,20260309,191,5684,19,2,2,1,1,,1,2412.55,63.06,1884.11,0
1478,20260310,142,5602,15,1,2,6,1,,2,657.33,218.68,2147.5,0
1479,20260311,128,5860,16,1,1,7,1,,4,2443.74,13.74,4819.1,0
1480,20260312,135,5307,23,1,2,2,1,,1,2263.2,53.2,2223.2,0
1481,20260313,168,5250,23,4,1,10,1,,6,2403.79,227.33,530.27,0
1482,20260314,147,5266,8,3,2,3,1,,2,2644.42,167.22,4608.02,0
1483,20260315,200,5877,14,1,2,10,1,,5,1397.23,226.29,2925.12,0
1484,20260316,136,5612,6,2,2,12,1,,3,1624.5,294.95,4519.27,0
1485,20260317,136,6109,21,3,2,6,1,,3,2290.26,252.47,1796.15,0
1486,20260318,165,5264,10,1,1,12,1,,4,2764.93,7.62,4696.59,0
1487,20260319,101,5081,2,2,2,6,1,,6,950.98,194.2,1544.4,0
1488,20260320,131,5269,21,1,2,6,1,,1,900.03,97.19,2662.38,0
1489,20260321,167,5418,21,4,1,11,1,,1,1081.38,85.31,2839.14,0
1490,20260322,179,5785,13,4,1,8,1,,6,2777.11,66.63,2520.52,0
1491,20260323,182,5904,24,3,2,3,1,,6,415.28,109.89,2818.91,0
1492,20260324,195,6442,6,3,2,4,1,,1,1661.99,241.62,1277.93,0
1493,20260325,170,5217,24,2,1,2,1,,2,880.43,42.96,4285.25,0
1494,20260326,101,6284,10,1,1,7,1,,6,419.48,26.96,1601.37,0
1495,20260327,134,6003,6,2,2,6,1,,1,1678.03,230.08,2318.11,0
1496,20260328,191,5179,22,4,1,3,1,,3,1552.19,96.25,3860.72,0
1497,20260329,147,6152,21,3,2,3,1,,4,771.41,171.37,647.12,0
1498,20260330,119,6267,3,4,2,11,1,,5,978.61,30.67,738.93,0
1499,20260331,124,6472,15,1,2,3,1,,1,1497.2,64.52,2493.04,0
1500,20260401,192,6492,7,2,1,6,1,,2,814.11,172.99,3050.94,0
1501,20260402,179,5439,24,4,1,2,1,,6,1425.04,98.09,4342.4,0
1502,20260403,110,6312,10,2,1,4,1,,2,1180.25,109.11,4838.68,0
1503,20260404,174,6107,7,3,2,5,1,,4,693.18,217.44,2583.62,0
1504,20260405,196,6010,8,2,2,5,1,,2,2660.56,171.31,1674.67,0
1505,20260406,133,6183,16,1,1,8,1,,5,2379.69,258.18,2474.58,0
1506,20260407,124,6170,6,4,1,3,1,,1,1194.66,200.02,3181.53,0
1507,20260408,198,6080,16,1,1,8,1,,6,2548.92,98.06,3108.1,0
1508,20260409,172,6063,8,2,1,1,1,,6,2206.6,29.57,4069.55,0
1509,20260410,151,6494,24,1,1,3,1,,1,2520.09,79.59,2993.95,0
1510,20260411,178,6405,15,4,2,11,1,,2,2063.97,216.61,4453.32,0
1511,20260412,186,6054,12,2,1,11,1,,5,1346.43,18.26,4270.35,0
1512,20260413,197,5083,7,1,2,5,1,,2,2614.11,193.62,4166.03,0
1513,20260414,174,5657,4,4,1,6,1,,2,2689.83,261.6,3067.32,0
1514,20260415,112,5047,5,2,2,11,1,,1,621.94,59.65,1747.33,0
1515,20260416,195,6048,7,1,1,1,1,,5,1397.4,141.03,1446.88,0
1516,20260417,176,6024,3,1,1,7,1,,1,1919.9,219.53,1020.02,0
1517,20260418,121,5242,22,4,2,8,1,,6,735.12,34.55,3971.2,0
1518,20260419,187,5183,4,1,2,7,1,,1,710.81,54.21,1044.31,0
1519,20260420,193,5066,15,2,2,11,1,,6,2621.27,227.99,4695.81,0
1520,20260421,126,6276,24,2,1,5,1,,5,861.87,114.09,1437.81,1
1521,20260422,102,6353,6,4,2,9,1,,1,759.12,235.5,1292.62,0
1522,20260423,112,5583,1,4,1,6,1,,1,1783.43,97.99,1105.85,0
1523,20260424,177,5588,13,2,1,10,1,,2,2081.5,110.02,4854.54,0
1524,20260425,193,5780,3,1,1,12,1,,6,1765.29,103.57,4006.49,0
1525,20260426,175,6017,1,1,1,8,1,,1,740.51,57.23,4708.26,0
1526,20260427,171,5669,18,3,2,5,1,,2,908.83,8.11,4736.81,0
1527,20260428,196,5320,1,2,2,1,1,,4,695.47,184.28,2656.9,1
1528,20260429,172,6014,9,1,1,10,1,,5,547.64,215.65,4837.97,0
1529,20260430,156,5873,19,1,2,4,1,,2,703.56,84.42,3425.42,0
1530,20260501,114,5702,11,3,1,11,1,,6,1940.9,66.55,3696.49,0
1531,20260201,137,5067,8,1,1,1,1,,5,1271.65,271.53,4804.65,0
1532,20260202,173,6311,15,3,2,5,1,,5,555.72,132.84,3546.81,0
1533,20260203,145,5762,10,4,1,4,1,,3,1550.97,31.93,4265.47,0
1534,20260204,133,5946,14,1,1,1,1,,5,542.56,35.55,4026.2,0
1535,20260205,116,5080,7,1,2,9,1,,2,640.91,119.59,3935.5,0
1536,20260206,112,6002,6,4,1,9,1,,1,1640.44,243.7,3515.88,0
1537,20260207,158,5220,5,1,1,6,1,,6,545.93,25.33,2787.63,0
1538,20260208,153,5928,4,2,1,8,1,,6,950.05,23.91,715.09,0
1539,20260209,137,5740,17,3,2,5,1,,2,2322.46,52.49,3668.29,0
1540,20260210,104,5036,19,4,1,6,1,,5,2462.57,202.91,2510.69,0
1541,20260211,191,5880,20,3,2,1,1,,2,689.19,1.64,1395.34,0
1542,20260212,186,5411,20,4,1,8,1,,3,2411.99,266.89,2465.64,0
1543,20260213,120,5162,12,1,1,3,1,,6,2449.0,5.69,759.11,0
1544,20260214,135,5826,14,4,1,5,1,,3,1904.41,7.48,805.15,0
1545,20260215,115,5104,15,4,2,2,1,,3,489.64,224.71,1682.12,0
1546,20260216,131,6114,18,1,2,10,1,,1,1156.11,200.31,3684.78,0
1547,20260217,141,5353,2,3,1,10,1,,3,1951.8,179.38,2736.08,0
1548,20260218,151,6242,17,4,1,11,1,,1,876.79,177.1,3583.2,0
1549,20260219,154,5783,20,3,1,7,1,,4,2693.08,44.53,2682.3,0
1550,20260220,107,5994,16,3,1,4,1,,2,2229.27,131.07,1449.21,0
1551,20260221,189,6056,22,3,1,10,1,,4,2336.83,20.1,4201.46,0
1552,20260222,134,5339,14,2,1,4,1,,4,522.35,138.22,4568.34,0
1553,20260223,122,5217,3,4,1,3,1,,6,1996.86,8.23,4114.62,0
1554,20260224,181,5532,4,1,1,6,1,,6,2084.36,184.56,2808.3,0
1555,20260225,165,6198,15,2,1,2,1,,4,2710.05,219.29,2918.76,0
1556,20260226,181,6204,10,1,1,9,1,,4,2545.99,91.23,1122.08,0
1557,20260227,198,5247,15,3,1,10,1,,4,2734.05,112.14,4696.28,0
1558,20260228,170,5354,2,1,2,9,1,,1,1405.09,96.06,3499.63,0
1559,20260301,124,5387,13,1,2,10,1,,4,619.61,194.39,878.15,0
1560,20260302,121,6047,16,3,1,10,1,,6,1416.34,271.14,1176.97,0
1561,20260303,193,5804,19,4,1,5,1,,1,1813.22,68.8,1030.61,0
1562,20260304,112,6190,14,1,2,7,1,,1,1586.45,165.55,1616.5,0
1563,20260305,163,5582,22,2,2,12,1,,4,1249.7,233.71,2571.08,0
1564,20260306,185,6373,21,4,1,5,1,,6,508.4,181.42,2397.35,0
1565,20260307,182,5580,20,4,2,9,1,,2,2128.85,280.67,2431.89,0
1566,20260308,135,5928,17,3,1,2,1,,4,427.88,168.25,959.94,0
1567,20260309,119,5328,12,2,2,5,1,,5,1712.11,0.1,4854.48,0
1568,20260310,200,5455,9,4,1,10,1,,1,2512.8,41.24,1663.39,0
1569,20260311,162,5310,17,4,1,7,1,,1,1895.77,19.02,1849.55,0
1570,20260312,128,5232,19,2,2,11,1,,5,1936.23,48.97,4193.37,0
1571,20260313,127,6464,14,1,1,4,1,,4,2127.31,268.33,2037.78,0
1572,20260314,132,5090,9,3,1,7,1,,3,2271.42,210.1,4595.04,0
1573,20260315,147,5571,10,4,1,5,1,,1,1879.07,128.68,3426.29,0
1574,20260316,125,6428,10,3,1,10,1,,4,1364.96,18.95,3900.22,0
1575,20260317,162,5134,17,2,2,10,1,,5,1775.76,163.99,688.24,0
1576,20260318,170,6494,1,4,2,9,1,,2,632.56,23.89,1718.92,0
1577,20260319,167,5215,8,3,1,7,1,,6,1303.68,79.51,2399.83,0
1578,20260320,185,6103,20,2,2,12,1,,5,1718.93,93.48,2780.25,0
1579,20260321,173,5640,23,1,2,6,1,,5,1026.93,94.07,3469.58,0
1580,20260322,115,5255,20,2,1,1,1,,6,2274.51,298.41,1608.78,0
1581,20260323,149,6423,2,3,1,2,1,,4,588.66,204.83,778.4,0
1582,20260324,177,6102,18,4,1,7,1,,3,996.53,292.76,3414.28,0
1583,20260325,113,6055,19,3,2,6,1,,5,533.95,145.65,721.18,0
1584,20260326,177,6344,21,3,1,5,1,,5,2731.06,75.07,711.31,0
1585,20260327,149,5769,22,3,2,7,1,,4,1385.1,98.06,2461.12,0
1586,20260328,121,5030,10,3,2,6,1,,4,2215.04,101.98,4516.09,0
1587,20260329,174,5923,10,3,1,4,1,,5,2332.64,8.67,1088.85,0
1588,20260330,148,5529,13,4,1,11,1,,2,2249.02,100.95,1801.36,0
1589,20260331,114,5813,21,3,2,4,1,,1,421.97,279.57,2414.73,0
1590,20260401,124,5243,6,2,2,3,1,,4,1427.64,264.41,3622.77,0
1591,20260402,161,5637,13,2,2,10,1,,1,1336.34,31.1,1295.95,0
1592,20260403,191,5205,3,3,2,9,1,,5,1934.6,298.01,527.54,0
1593,20260404,169,5031,4,4,2,8,1,,6,1586.88,167.65,1381.48,0
1594,20260405,111,5355,19,3,2,1,1,,3,1470.68,298.26,2338.47,0
1595,20260406,134,5337,21,4,1,3,1,,6,666.18,49.39,1417.51,0
1596,20260407,133,5469,24,4,2,4,1,,4,1229.73,176.62,2236.41,0
1597,20260408,197,6091,2,4,2,11,1,,2,1284.39,79.42,2813.25,0
1598,20260409,140,5262,4,2,2,5,1,,3,2312.6,293.98,1707.6,0
1599,20260410,105,6385,14,3,2,11,1,,3,1084.5,140.17,3828.95,0
1600,20260411,126,5158,4,2,1,3,1,,6,2763.34,85.64,2917.7,0
1601,20260412,198,6498,16,1,2,8,1,,4,2233.98,72.87,1820.61,0
1602,20260413,183,6390,24,2,2,3,1,,1,859.91,249.78,2925.03,0
1603,20260414,188,5348,3,4,2,12,1,,1,1972.13,18.23,4310.58,0
1604,20260415,178,5793,8,1,2,6,1,,6,1924.82,9.96,3239.96,0
1605,20260416,130,5666,24,2,2,10,1,,2,1194.46,68.86,1875.13,0
1606,20260417,105,6434,21,1,1,12,1,,4,1457.3,151.55,2813.85,0
1607,20260418,109,5871,12,2,2,5,1,,3,2600.3,286.65,1677.44,0
1608,20260419,155,5110,18,2,2,12,1,,1,1540.27,185.86,2526.51,0
1609,20260420,171,5220,1,3,1,11,1,,5,696.0,160.99,4821.55,0
1610,20260421,166,6354,9,4,2,10,1,,5,1634.78,46.5,4490.26,0
1611,20260422,189,6227,2,3,2,8,1,,5,2087.39,251.25,970.94,0
1612,20260423,158,6395,5,3,2,4,1,,1,2344.54,258.55,4939.23,0
1613,20260424,170,5781,23,3,1,5,1,,2,2570.94,249.49,3419.14,0
1614,20260425,176,5921,6,2,1,10,1,,1,762.27,33.82,3407.32,0
1615,20260426,171,6024,1,4,1,10,1,,2,2760.17,155.12,2816.08,0
1616,20260427,107,6458,19,2,1,3,1,,1,507.48,35.09,1333.01,0
1617,20260428,123,5005,1,1,2,8,1,,4,1310.57,13.59,634.1,0
1618,20260429,181,6223,22,4,2,2,1,,1,1714.58,245.35,1352.08,0
1619,20260430,150,5191,10,1,1,9,1,,3,2628.53,194.96,3385.19,0
1620,20260501,111,6208,17,1,2,5,1,,4,2279.29,229.93,2976.49,0
1621,20260201,118,5400,11,3,2,10,1,,3,2396.94,237.03,656.91,0
1622,20260202,126,5035,15,4,1,1,1,,3,2361.69,83.68,1982.41,0
1623,20260203,196,6205,13,4,1,6,1,,1,2567.05,13.82,2447.83,0
1624,20260204,186,5799,14,3,1,2,1,,1,2571.97,117.9,2169.36,0
1625,20260205,112,6452,3,2,2,1,1,,4,1699.97,30.17,3263.53,0
1626,20260206,176,5551,20,4,1,9,1,,5,436.11,231.9,3920.94,0
1627,20260207,156,5860,18,2,2,9,1,,2,1307.01,217.68,3040.71,0
1628,20260208,152,5327,13,4,1,9,1,,2,1695.85,167.41,2840.18,0
1629,20260209,182,6159,4,4,2,10,1,,1,1273.8,111.3,3161.13,0
1630,20260210,124,5744,15,1,2,7,1,,1,2063.71,71.02,600.25,0
1631,20260211,112,5272,14,3,2,11,1,,5,1785.55,249.31,1340.47,0
1632,20260212,102,5620,3,1,2,3,1,,1,2281.52,108.36,2797.24,0
1633,20260213,116,5944,16,4,2,12,1,,1,2010.31,41.39,1835.59,0
1634,20260214,178,5379,3,1,1,5,1,,1,1860.52,177.67,4729.84,0
1635,20260215,156,5546,6,2,1,10,1,,4,1202.24,176.29,2521.76,0
1636,20260216,191,5542,24,3,2,3,1,,1,2375.94,103.98,1821.42,0
1637,20260217,163,5093,11,4,1,1,1,,5,739.69,253.37,2152.26,0
1638,20260218,101,6455,19,1,1,2,1,,6,1358.32,277.6,4543.14,0
1639,20260219,153,5564,2,4,1,4,1,,2,1068.27,259.36,4963.46,0
1640,20260220,165,5334,18,3,2,1,1,,1,613.5,156.05,4753.94,0
1641,20260221,167,5375,6,3,2,4,1,,1,727.0,125.91,2252.69,0
1642,20260222,170,5765,1,4,1,1,1,,3,2663.13,192.44,3888.76,0
1643,20260223,108,5188,4,3,1,10,1,,2,2425.22,265.77,991.43,0
1644,20260224,185,5177,11,2,2,2,1,,6,2512.27,223.16,1523.36,0
1645,20260225,157,5110,19,2,1,1,1,,1,1509.7,242.9,3171.42,0
1646,20260226,188,5031,1,4,2,12,1,,6,607.9,151.25,4033.43,0
1647,20260227,172,6457,11,3,1,11,1,,2,2313.88,156.57,2359.42,0
1648,20260228,172,6174,7,4,2,3,1,,5,1017.02,286.96,3946.96,0
1649,20260301,153,5181,20,2,2,4,1,,3,2346.25,24.79,4557.63,0
1650,20260302,193,5145,2,3,2,1,1,,2,1244.31,168.44,3248.48,0
1651,20260303,129,6403,6,1,2,5,1,,2,2729.97,235.1,3777.67,0
1652,20260304,157,5525,17,2,2,3,1,,4,1671.86,121.69,1728.54,0
1653,20260305,170,5892,2,4,2,4,1,,5,1715.09,296.92,4984.05,0
1654,20260306,139,6110,17,2,2,3,1,,3,2320.48,114.79,4916.29,0
1655,20260307,181,5611,13,2,1,6,1,,3,527.38,244.89,4671.55,0
1656,20260308,191,5103,13,3,2,10,1,,3,1245.85,109.27,2286.8,0
1657,20260309,127,6157,6,1,1,9,1,,3,2565.55,97.37,691.27,0
1658,20260310,181,6434,10,1,1,4,1,,1,2682.5,299.03,2582.15,0
1659,20260311,165,5795,4,1,1,6,1,,3,2089.98,133.56,2250.79,0
1660,20260312,188,6440,6,2,1,7,1,,6,1890.36,275.81,1918.07,0
1661,20260313,135,6431,3,2,1,2,1,,6,724.56,131.32,1911.86,0
1662,20260314,173,5732,2,1,1,7,1,,6,2605.53,23.68,999.47,0
1663,20260315,128,6474,6,3,2,8,1,,6,2537.43,101.94,2471.28,0
1664,20260316,106,6009,4,4,1,3,1,,4,1827.91,14.86,2092.4,0
1665,20260317,196,6209,22,3,1,4,1,,6,2202.39,19.73,543.75,0
1666,20260318,151,5590,22,2,2,12,1,,1,887.83,269.18,1033.33,0
1667,20260319,136,5714,5,1,1,7,1,,1,1615.56,209.62,3921.43,0
1668,20260320,109,5148,18,3,1,4,1,,6,1208.35,184.61,4513.58,0
1669,20260321,170,5736,12,2,2,11,1,,5,1217.12,13.71,2245.65,0
1670,20260322,105,5122,14,4,1,11,1,,1,1354.68,128.54,4613.03,0
1671,20260323,171,5121,3,4,2,8,1,,3,505.81,208.64,1587.36,0
1672,20260324,162,6026,9,2,1,11,1,,2,1768.66,86.69,3114.74,0
1673,20260325,148,5461,1,1,2,8,1,,4,1304.74,254.42,1207.29,0
1674,20260326,142,5017,7,2,2,1,1,,1,1583.75,295.61,1908.97,0
1675,20260327,117,5802,6,3,1,8,1,,5,1011.45,174.63,3324.81,0
1676,20260328,185,6173,23,2,1,4,1,,3,1194.47,28.57,568.55,0
1677,20260329,105,6171,2,4,1,6,1,,2,413.48,229.29,2934.56,0
1678,20260330,153,6046,9,2,1,3,1,,1,612.13,117.77,1489.75,0
1679,20260331,118,6263,1,3,2,8,1,,3,2210.17,298.81,3004.18,0
1680,20260401,170,5924,11,2,1,3,1,,5,2168.67,231.32,1902.58,0
1681,20260402,151,5096,8,2,2,11,1,,2,2313.61,265.42,1136.59,0
1682,20260403,148,5725,17,2,1,5,1,,4,2759.93,266.98,3627.06,0
1683,20260404,117,5003,15,1,1,6,1,,2,941.56,225.58,527.54,0
1684,20260405,125,5884,23,2,1,11,1,,5,2141.34,51.28,2086.57,0
1685,20260406,168,5255,17,4,1,11,1,,3,1757.3,130.12,3977.61,0
1686,20260407,165,5895,7,3,2,9,1,,5,595.73,176.56,1908.26,0
1687,20260408,196,5950,23,4,1,12,1,,6,626.07,166.8,700.06,0
1688,20260409,107,5696,8,4,1,2,1,,5,2749.81,182.6,1195.58,0
1689,20260410,175,5983,6,3,2,5,1,,1,1977.66,298.63,1121.46,0
1690,20260411,193,5977,6,1,1,3,1,,5,913.0,88.36,1073.57,0
1691,20260412,130,5278,22,2,1,5,1,,1,1065.82,146.18,1754.43,0
1692,20260413,128,6498,5,1,1,7,1,,3,1785.46,213.16,3654.95,0
1693,20260414,187,5260,24,1,1,1,1,,6,898.86,15.21,4716.97,0
1694,20260415,190,5306,8,2,1,12,1,,4,1595.26,255.15,1072.36,0
1695,20260416,114,5500,12,2,1,3,1,,5,624.49,100.64,711.66,0
1696,20260417,133,5811,7,1,1,6,1,,6,2303.31,69.24,4226.8,0
1697,20260418,159,5942,12,4,1,10,1,,5,938.19,230.37,3577.04,0
1698,20260419,184,5332,20,1,2,11,1,,6,2747.87,22.21,1843.42,0
1699,20260420,178,5084,6,2,1,1,1,,3,995.06,289.61,2935.46,0
1700,20260421,136,5137,20,4,2,3,1,,2,1761.97,240.44,1413.61,0
1701,20260422,116,5860,16,1,1,6,1,,4,1737.23,110.57,4285.57,0
1702,20260423,151,5944,2,4,1,12,1,,4,2631.67,25.23,2804.65,0
1703,20260424,151,5742,12,1,2,10,1,,3,2269.13,234.97,1852.26,0
1704,20260425,105,5904,14,4,1,11,1,,3,1851.18,56.57,1511.24,0
1705,20260426,154,5705,1,3,2,3,1,,4,855.45,253.95,2234.03,0
1706,20260427,156,5241,3,3,1,5,1,,2,2285.99,199.64,4638.36,0
1707,20260428,195,5704,21,3,2,11,1,,2,643.39,154.41,2809.57,0
1708,20260429,106,6094,24,4,1,12,1,,5,2632.73,44.26,1580.46,0
1709,20260430,140,6457,3,4,2,4,1,,2,1743.29,241.5,4493.13,0
1710,20260501,193,5577,15,2,2,11,1,,1,1275.21,70.76,1604.85,0
1711,20260201,126,5072,23,2,1,2,1,,6,2402.69,254.5,2880.51,0
1712,20260202,152,5058,12,3,2,8,1,,6,1336.97,206.95,3538.13,0
1713,20260203,164,5678,15,4,2,12,1,,6,1205.21,59.81,4851.74,0
1714,20260204,156,5760,19,4,2,7,1,,4,2634.86,178.39,2762.55,0
1715,20260205,109,5883,7,3,1,2,1,,2,1223.82,110.98,2909.69,0
1716,20260206,102,6173,11,3,1,6,1,,2,2225.0,178.78,1953.93,0
1717,20260207,148,6180,13,4,2,8,1,,2,670.82,276.79,560.96,0
1718,20260208,136,5280,8,3,1,5,1,,2,1323.53,279.94,1786.62,0
1719,20260209,186,5543,21,2,1,3,1,,4,2359.79,90.3,1925.31,0
1720,20260210,140,5438,23,1,2,10,1,,4,928.03,231.1,1517.02,0
1721,20260211,188,5038,1,1,2,9,1,,3,2607.41,42.63,1041.11,0
1722,20260212,148,6495,18,4,1,9,1,,3,1164.01,62.73,4170.4,0
1723,20260213,185,5573,24,2,2,9,1,,4,1023.43,253.24,3427.19,0
1724,20260214,187,6021,2,1,2,4,1,,6,2715.7,260.91,4701.91,0
1725,20260215,187,5052,23,4,2,12,1,,2,934.15,133.41,2538.35,0
1726,20260216,174,5881,13,3,2,4,1,,2,1523.27,33.44,4599.62,0
1727,20260217,183,5096,21,3,1,8,1,,5,550.92,278.27,2153.69,0
1728,20260218,184,6064,22,1,1,1,1,,2,1561.23,204.73,3782.7,0
1729,20260219,109,5634,6,3,2,11,1,,2,687.8,7.94,1855.06,0
1730,20260220,174,6418,4,2,2,9,1,,6,2065.91,148.31,1240.15,0
1731,20260221,105,5407,4,2,2,10,1,,3,1242.55,46.25,3990.04,0
1732,20260222,123,6477,1,2,2,4,1,,3,706.77,112.06,3269.17,0
1733,20260223,185,6399,7,2,1,3,1,,2,1935.85,231.26,2492.12,0
1734,20260224,190,6262,7,2,1,5,1,,3,2446.87,207.36,4227.37,0
1735,20260225,129,5726,8,2,1,7,1,,4,609.06,105.0,656.41,0
1736,20260226,151,5188,2,4,1,9,1,,2,1333.82,149.35,4818.24,0
1737,20260227,198,6036,6,2,2,1,1,,1,433.98,37.4,2283.92,0
1738,20260228,146,6321,18,2,1,12,1,,1,2712.78,147.9,4071.9,0
1739,20260301,181,5891,23,3,2,7,1,,4,880.73,132.78,1681.95,0
1740,20260302,119,5430,7,2,1,3,1,,6,1620.06,190.42,3894.72,0
1741,20260303,138,5520,5,3,1,12,1,,6,2777.95,189.4,1328.6,0
1742,20260304,194,5725,13,1,2,3,1,,5,2782.97,101.26,2172.16,0
1743,20260305,107,5798,8,4,1,2,1,,6,675.38,16.63,2285.69,0
1744,20260306,163,5565,4,2,1,8,1,,6,1156.61,257.03,4774.0,0
1745,20260307,199,5250,21,3,1,1,1,,6,572.17,232.43,1285.32,0
1746,20260308,185,5118,17,3,2,4,1,,5,2387.61,142.06,2144.19,0
1747,20260309,109,5643,24,3,2,1,1,,3,1164.21,170.6,4096.77,1
1748,20260310,181,6352,3,3,1,7,1,,6,1042.4,23.25,3948.92,0
1749,20260311,187,5701,11,4,2,1,1,,5,2640.03,27.4,3744.03,0
1750,20260312,176,5434,19,3,2,9,1,,4,1258.61,55.46,2647.22,1
1751,20260313,101,5281,1,3,1,7,1,,2,1999.99,21.34,4400.95,0
1752,20260314,164,5197,5,1,1,5,1,,1,2657.92,171.47,3883.54,0
1753,20260315,156,6271,13,4,2,7,1,,1,1759.35,156.97,1470.29,0
1754,20260316,122,5874,16,4,1,2,1,,5,2764.22,55.61,2470.32,0
1755,20260317,150,6383,1,4,2,12,1,,5,2713.2,160.43,2638.19,0
1756,20260318,170,5861,12,2,1,11,1,,6,1772.0,274.75,3618.36,0
1757,20260319,126,5237,20,1,2,6,1,,3,852.1,286.14,3524.51,0
1758,20260320,175,6305,11,2,1,2,1,,2,509.63,36.32,811.64,0
1759,20260321,104,5715,16,4,2,5,1,,5,1936.2,239.86,1778.42,0
1760,20260322,101,6457,2,1,1,7,1,,5,1514.24,91.85,2951.4,1
1761,20260323,198,5892,16,4,2,10,1,,4,1823.41,277.01,4481.66,0
1762,20260324,112,5860,7,4,2,7,1,,6,2777.46,77.08,1987.82,0
1763,20260325,103,5833,8,3,2,12,1,,2,1528.62,11.29,3826.02,0
1764,20260326,135,6158,14,2,2,8,1,,1,663.78,190.5,3425.33,0
1765,20260327,118,6166,23,4,1,6,1,,2,518.91,111.29,2596.78,0
1766,20260328,102,5368,12,3,1,3,1,,5,786.65,124.06,1428.67,0
1767,20260329,139,5481,3,3,2,9,1,,5,2439.85,252.15,3935.53,0
1768,20260330,179,5806,12,3,2,11,1,,4,995.23,291.71,3891.74,0
1769,20260331,138,5454,10,3,1,5,1,,5,691.15,170.82,3215.66,0
1770,20260401,132,6245,8,3,2,10,1,,4,1084.21,172.48,1713.38,0
1771,20260402,153,5541,1,2,1,4,1,,1,1823.97,150.15,1077.37,0
1772,20260403,193,5977,24,2,2,2,1,,2,778.46,290.2,4989.68,0
1773,20260404,198,6170,15,2,1,12,1,,2,676.34,143.62,695.08,0
1774,20260405,142,5618,17,3,1,5,1,,6,2103.41,123.84,2015.05,0
1775,20260406,175,5271,5,1,1,1,1,,1,1124.25,170.01,4317.15,0
1776,20260407,149,5132,5,2,1,1,1,,2,2553.37,262.39,979.86,0
1777,20260408,200,5236,7,4,2,7,1,,3,1669.04,178.47,1356.42,0
1778,20260409,175,5691,21,4,1,9,1,,4,2730.05,23.66,3081.49,0
1779,20260410,128,5141,9,3,2,4,1,,3,2069.83,118.96,1495.79,0
1780,20260411,110,5457,18,3,1,4,1,,3,2536.6,57.15,2333.28,1
1781,20260412,186,5278,2,2,1,5,1,,4,1102.61,79.54,1435.61,0
1782,20260413,114,5039,10,2,2,12,1,,5,1397.64,222.44,3536.59,0
1783,20260414,185,5812,18,1,1,9,1,,6,1153.1,212.35,1133.91,0
1784,20260415,136,5782,19,1,1,11,1,,1,1951.92,291.68,2471.69,0
1785,20260416,137,5132,15,3,1,1,1,,3,898.81,95.56,1198.25,0
1786,20260417,169,5751,2,2,1,9,1,,5,2666.37,126.64,2022.53,0
1787,20260418,158,5690,24,2,1,4,1,,2,1648.75,46.0,4069.44,0
1788,20260419,102,5280,1,2,2,7,1,,5,2779.62,64.66,4450.17,0
1789,20260420,130,5045,8,2,2,7,1,,4,1458.34,220.22,1052.85,0
1790,20260421,155,5935,12,1,2,7,1,,2,2262.17,182.9,2063.18,0
1791,20260422,141,5511,24,1,1,5,1,,6,1288.47,16.82,4737.03,0
1792,20260423,123,5473,24,3,2,3,1,,2,469.7,81.26,4630.55,0
1793,20260424,117,5096,5,3,2,2,1,,5,2342.8,239.15,4627.72,0
1794,20260425,103,5187,15,2,1,11,1,,2,1102.42,264.32,763.2,0
1795,20260426,193,5848,9,4,1,8,1,,6,1926.55,148.56,4211.78,0
1796,20260427,153,5217,20,2,2,1,1,,4,1263.43,162.49,2915.7,0
1797,20260428,157,5316,22,4,1,6,1,,5,2493.3,19.23,1199.98,0
1798,20260429,177,5083,19,3,2,7,1,,5,1076.19,76.42,2782.1,0
1799,20260430,195,5302,8,4,1,11,1,,2,1483.29,230.83,843.39,0
1800,20260501,124,5205,5,1,1,1,1,,1,1674.2,289.8,688.84,0
1801,20260201,190,5710,23,4,1,11,1,,1,1490.6,14.85,4209.71,0
1802,20260202,138,6421,2,2,1,6,1,,1,1810.62,185.83,1633.19,0
1803,20260203,146,5365,20,3,1,8,1,,1,814.39,42.63,2715.03,0
1804,20260204,150,5522,8,2,2,3,1,,2,451.51,257.15,1173.44,0
1805,20260205,115,5770,6,4,2,11,1,,3,1818.65,193.81,4324.99,0
1806,20260206,125,5400,24,1,1,4,1,,3,1106.63,132.85,4571.8,0
1807,20260207,103,5625,17,4,2,1,1,,3,1515.1,241.33,546.46,0
1808,20260208,148,6258,22,4,2,2,1,,5,2238.61,93.97,4046.1,0
1809,20260209,158,6018,9,2,2,7,1,,6,1979.04,47.99,4449.42,0
1810,20260210,195,5649,14,2,2,3,1,,4,2611.08,142.25,4076.56,0
1811,20260211,121,5735,19,2,1,7,1,,1,2525.97,104.79,876.72,0
1812,20260212,178,5275,1,3,1,3,1,,5,1086.01,21.4,4658.27,0
1813,20260213,199,5841,7,1,1,10,1,,3,1157.93,199.45,3117.05,0
1814,20260214,130,5893,8,4,1,11,1,,4,813.67,186.73,1834.97,0
1815,20260215,198,5369,2,4,2,2,1,,3,1991.79,187.05,621.81,0
1816,20260216,186,6129,11,1,1,4,1,,6,656.73,196.41,3921.27,0
1817,20260217,106,5090,9,2,1,2,1,,6,600.9,255.15,924.63,0
1818,20260218,123,5157,12,3,1,12,1,,3,1691.98,260.92,2945.48,0
1819,20260219,169,6023,13,3,1,2,1,,5,663.36,98.01,3003.22,0
1820,20260220,108,5798,10,3,1,11,1,,1,502.19,116.48,3065.08,0
1821,20260221,165,6020,15,4,1,6,1,,5,1185.5,221.02,2244.73,0
1822,20260222,152,5578,13,3,1,10,1,,4,2138.13,65.31,3463.27,0
1823,20260223,115,6251,5,4,1,3,1,,1,863.94,5.13,3605.8,0
1824,20260224,106,5583,6,3,1,2,1,,3,2158.57,281.3,4626.66,0
1825,20260225,173,6434,4,1,2,10,1,,4,768.22,228.11,3146.57,0
1826,20260226,177,6256,9,1,1,9,1,,6,877.99,220.61,589.56,0
1827,20260227,129,5885,14,4,1,12,1,,6,2188.3,211.87,780.75,0
1828,20260228,145,5403,24,2,2,4,1,,5,1350.47,261.89,517.32,0
1829,20260301,181,5096,11,2,2,4,1,,5,2557.95,164.95,508.6,0
1830,20260302,146,6133,23,2,2,10,1,,2,1983.96,169.37,3251.59,0
1831,20260303,108,5924,13,4,1,8,1,,4,2640.55,257.34,1297.9,0
1832,20260304,172,5424,17,4,1,4,1,,4,1378.02,224.1,2775.46,0
1833,20260305,182,5234,21,4,1,7,1,,4,651.41,130.22,1871.16,0
1834,20260306,200,5223,1,1,1,3,1,,6,1614.02,47.06,4550.31,0
1835,20260307,192,6247,5,1,1,6,1,,2,1506.61,180.03,4352.62,0
1836,20260308,168,5977,11,1,2,8,1,,4,1325.54,195.19,2401.21,0
1837,20260309,181,6482,12,2,1,11,1,,5,1654.35,256.89,4159.48,0
1838,20260310,132,5154,20,2,2,10,1,,4,2695.65,35.03,4631.99,0
1839,20260311,189,5227,12,4,1,9,1,,6,1117.38,198.22,1301.88,0
1840,20260312,187,5035,23,2,2,7,1,,3,2070.23,246.59,2902.4,0
1841,20260313,198,5350,20,3,1,3,1,,3,1475.72,92.41,2782.53,0
1842,20260314,173,5333,11,3,1,10,1,,3,2010.79,188.48,540.65,0
1843,20260315,157,5611,5,1,2,5,1,,6,1540.43,229.45,2354.03,0
1844,20260316,176,5624,3,4,2,8,1,,1,1749.85,165.97,3178.8,0
1845,20260317,140,6405,22,4,2,9,1,,3,2045.4,255.18,1779.02,0
1846,20260318,136,5155,17,2,2,2,1,,4,1508.9,86.69,2562.51,0
1847,20260319,181,5704,7,4,1,7,1,,3,2263.37,160.11,1693.49,0
1848,20260320,141,5021,20,2,2,1,1,,3,2715.65,35.48,4494.33,0
1849,20260321,105,5336,13,2,2,1,1,,4,1360.52,165.86,4557.79,0
1850,20260322,103,6115,6,3,2,6,1,,5,650.5,66.43,3003.27,0
1851,20260323,170,6174,18,2,1,6,1,,4,1132.29,244.44,2979.79,0
1852,20260324,180,6219,24,4,2,12,1,,1,1728.0,124.8,4394.72,0
1853,20260325,102,5306,15,3,1,1,1,,1,910.85,203.9,3740.92,0
1854,20260326,198,6391,13,1,2,11,1,,2,441.49,290.47,2108.46,0
1855,20260327,138,5199,18,3,1,8,1,,5,1995.92,269.16,1823.85,0
1856,20260328,158,6167,2,4,1,11,1,,1,1673.97,48.6,4451.84,0
1857,20260329,105,5064,4,2,2,6,1,,6,694.9,69.28,4635.2,0
1858,20260330,139,5517,5,1,2,8,1,,3,1996.64,286.41,3013.82,0
1859,20260331,152,5767,6,3,1,7,1,,2,2289.75,37.81,1956.23,0
1860,20260401,145,6252,20,4,2,3,1,,3,2637.85,230.44,1329.07,0
1861,20260402,124,5256,20,1,2,4,1,,2,2636.49,194.25,1827.03,0
1862,20260403,104,5530,16,3,2,7,1,,3,1698.84,205.42,1965.56,0
1863,20260404,177,5457,20,4,2,3,1,,1,2435.45,245.33,2904.7,0
1864,20260405,141,5013,16,1,1,5,1,,3,2148.77,65.45,1248.01,0
1865,20260406,177,5116,1,2,2,3,1,,6,843.6,27.42,4410.15,0
1866,20260407,192,5968,8,2,2,8,1,,2,1421.44,81.21,3391.42,0
1867,20260408,194,5505,20,3,2,12,1,,6,1170.95,97.42,1314.25,0
1868,20260409,186,5626,6,3,1,12,1,,3,643.37,34.7,2760.61,0
1869,20260410,163,5755,20,1,2,2,1,,1,1206.37,15.67,4332.56,0
1870,20260411,107,5744,10,1,2,8,1,,4,1137.42,141.48,3941.09,0
1871,20260412,182,5440,12,2,2,8,1,,5,2156.32,255.95,1831.08,0
1872,20260413,160,5244,12,3,2,4,1,,3,1094.52,270.39,1414.29,0
1873,20260414,143,5474,16,1,1,4,1,,1,1671.64,126.39,4432.31,0
1874,20260415,109,6410,7,2,1,7,1,,1,1631.15,151.81,4503.31,0
1875,20260416,172,5140,12,2,2,9,1,,4,871.12,85.57,2996.83,0
1876,20260417,124,5648,22,1,2,3,1,,1,1468.41,91.72,1970.22,0
1877,20260418,185,5436,11,2,2,9,1,,1,643.67,169.36,983.21,0
1878,20260419,155,6405,16,2,2,5,1,,4,1591.75,220.57,2492.12,0
1879,20260420,149,5333,19,4,1,5,1,,2,903.76,118.82,3144.47,0
1880,20260421,174,5527,13,4,2,6,1,,1,1863.02,172.53,4056.33,0
1881,20260422,189,5076,4,1,2,8,1,,2,1785.85,159.39,1552.79,0
1882,20260423,188,6452,11,2,1,12,1,,1,1696.73,122.88,2849.3,0
1883,20260424,137,5349,21,3,2,5,1,,6,2650.92,232.94,1838.93,0
1884,20260425,197,6373,20,4,2,8,1,,2,1746.5,263.05,4207.48,0
1885,20260426,163,5673,21,3,1,9,1,,6,666.79,177.7,1306.18,0
1886,20260427,110,5904,24,4,1,3,1,,3,1669.16,56.26,3237.96,0
1887,20260428,158,5168,15,1,2,10,1,,5,1118.2,289.65,4664.48,0
1888,20260429,113,5545,7,4,2,3,1,,5,2787.79,294.61,971.65,0
1889,20260430,124,6488,7,1,1,9,1,,5,1220.13,130.33,2913.69,0
1890,20260501,200,5168,19,2,2,9,1,,1,1060.25,274.93,3093.97,0
1891,20260201,103,6265,22,2,1,8,1,,4,1785.02,111.12,1165.13,0
1892,20260202,155,5867,19,2,1,6,1,,1,1907.21,197.1,3850.31,0
1893,20260203,169,5043,24,4,1,11,1,,3,868.38,202.0,589.89,0
1894,20260204,196,5249,4,2,1,1,1,,2,2700.46,159.79,4337.74,0
1895,20260205,161,5630,5,3,2,2,1,,2,2136.42,12.68,765.82,0
1896,20260206,168,5672,18,1,1,1,1,,3,1186.58,263.8,1847.02,0
1897,20260207,192,5945,7,4,1,6,1,,6,2308.18,159.28,1425.39,0
1898,20260208,197,5824,5,4,1,4,1,,6,1236.83,216.19,2304.24,0
1899,20260209,132,5429,12,2,1,12,1,,1,1903.92,163.37,4889.42,0
1900,20260210,197,5882,3,3,2,8,1,,6,991.14,195.2,4373.48,0
1901,20260211,149,5491,19,4,1,6,1,,3,2295.65,34.71,2209.24,0
1902,20260212,132,5805,22,1,1,9,1,,2,1531.69,54.51,626.78,0
1903,20260213,121,6116,20,4,2,7,1,,1,1223.48,74.81,1296.9,0
1904,20260214,111,5774,9,3,1,12,1,,6,1389.3,10.49,971.79,0
1905,20260215,190,5946,11,2,2,9,1,,6,2605.71,122.88,1695.2,0
1906,20260216,148,5255,2,2,1,3,1,,4,2752.31,2.48,1142.19,0
1907,20260217,154,5428,14,2,1,5,1,,6,1021.99,81.18,1022.27,0
1908,20260218,197,6186,8,3,1,1,1,,5,1388.23,239.19,2382.75,0
1909,20260219,152,5533,23,1,1,3,1,,5,1687.79,257.46,4723.18,0
1910,20260220,166,5931,9,3,2,2,1,,6,969.11,249.43,1978.93,0
1911,20260221,196,5930,5,4,1,8,1,,3,2531.84,6.38,4855.26,0
1912,20260222,171,6147,4,1,2,5,1,,6,2237.6,10.53,1872.8,0
1913,20260223,127,6210,17,1,2,4,1,,5,1527.74,195.57,2116.15,0
1914,20260224,166,5456,24,2,1,7,1,,3,2226.35,134.85,4232.3,0
1915,20260225,113,5477,23,1,1,10,1,,1,2660.99,104.73,2806.93,0
1916,20260226,182,5859,1,2,1,7,1,,2,1236.83,236.26,4864.5,0
1917,20260227,134,5139,21,2,1,2,1,,5,483.64,195.71,2525.95,0
1918,20260228,118,5015,9,3,1,1,1,,1,2097.46,148.42,3162.04,0
1919,20260301,191,5558,4,2,1,5,1,,3,2794.79,72.06,2978.77,0
1920,20260302,110,5122,20,4,2,2,1,,6,2616.63,43.26,1746.72,0
1921,20260303,160,5058,19,4,1,12,1,,4,2759.11,259.67,3084.51,0
1922,20260304,127,5376,6,3,1,8,1,,3,2304.28,55.66,562.95,0
1923,20260305,189,6323,22,2,1,7,1,,1,658.92,248.53,732.28,0
1924,20260306,125,5626,13,4,1,12,1,,4,916.27,142.47,1171.89,0
1925,20260307,152,5919,23,2,1,3,1,,1,476.31,100.57,4065.9,0
1926,20260308,151,5849,24,2,1,10,1,,3,871.83,287.53,3125.27,0
1927,20260309,102,5695,15,4,2,1,1,,1,629.87,73.02,2000.92,0
1928,20260310,173,5026,1,4,1,10,1,,4,614.74,225.79,655.73,0
1929,20260311,158,5352,6,1,1,4,1,,5,2351.19,169.91,3844.6,0
1930,20260312,161,5155,21,4,2,3,1,,2,687.88,241.28,1642.49,0
1931,20260313,191,5573,24,4,1,8,1,,1,1766.75,164.15,4967.65,0
1932,20260314,109,5971,1,4,2,5,1,,2,1376.95,294.98,1151.15,0
1933,20260315,129,5618,10,2,1,6,1,,2,622.82,119.19,1148.32,0
1934,20260316,124,5440,19,3,1,3,1,,6,2593.27,199.3,576.58,0
1935,20260317,135,5625,24,4,2,3,1,,4,1880.86,62.47,1321.84,0
1936,20260318,183,6282,12,3,1,4,1,,2,1528.78,23.67,2595.28,0
1937,20260319,139,6475,18,1,1,5,1,,3,2385.19,107.73,2930.22,0
1938,20260320,115,5783,2,2,1,2,1,,5,2001.8,95.9,4685.63,0
1939,20260321,175,5187,6,4,2,12,1,,3,2158.02,240.7,4482.03,0
1940,20260322,133,5981,18,4,2,3,1,,2,1512.66,299.74,4585.35,0
1941,20260323,165,6077,9,3,2,5,1,,1,1626.81,69.22,4193.89,0
1942,20260324,172,5182,19,1,1,8,1,,3,1887.31,170.18,885.89,0
1943,20260325,139,5090,2,4,1,7,1,,5,2708.67,187.6,4251.23,0
1944,20260326,142,5472,9,3,2,5,1,,4,2666.92,11.72,1209.74,0
1945,20260327,129,6176,17,4,2,5,1,,4,849.98,214.32,543.78,0
1946,20260328,109,5341,7,4,1,1,1,,3,2566.39,0.45,1436.62,0
1947,20260329,128,5005,2,1,1,9,1,,5,1304.57,237.98,3847.0,0
1948,20260330,152,5929,8,1,1,1,1,,5,1650.62,230.44,3056.58,0
1949,20260331,112,5249,9,1,2,1,1,,1,1791.15,256.76,915.55,0
1950,20260401,173,6286,5,2,1,11,1,,4,883.7,137.02,4242.51,0
1951,20260402,187,6090,19,4,1,7,1,,1,1700.26,219.92,1850.91,0
1952,20260403,111,6122,14,4,2,7,1,,2,497.51,6.92,3185.26,0
1953,20260404,176,6055,9,2,1,7,1,,1,2536.76,216.9,1599.43,0
1954,20260405,158,5169,4,1,2,2,1,,6,1849.91,193.73,3624.36,0
1955,20260406,143,6027,5,3,1,1,1,,2,1926.21,241.48,3491.29,0
1956,20260407,109,5744,7,3,1,5,1,,4,1386.68,133.94,2187.78,0
1957,20260408,174,6244,20,3,2,10,1,,6,1056.01,121.33,2487.28,0
1958,20260409,192,5110,4,1,1,5,1,,6,2130.44,243.03,3678.53,0
1959,20260410,170,5188,23,2,1,11,1,,2,1632.01,178.94,3951.76,0
1960,20260411,101,5306,13,2,1,9,1,,3,1601.91,21.01,1679.36,0
1961,20260412,142,5279,15,2,2,11,1,,2,1387.81,47.93,4687.48,0
1962,20260413,145,5931,1,1,2,2,1,,2,1887.41,297.75,3020.06,0
1963,20260414,118,6130,23,3,1,9,1,,1,2047.88,281.48,3327.54,0
1964,20260415,181,5671,12,1,2,11,1,,4,674.61,9.51,2590.92,0
1965,20260416,123,5449,2,3,2,7,1,,1,529.08,38.34,1590.36,0
1966,20260417,119,5939,3,1,1,12,1,,6,2577.7,60.15,4568.36,0
1967,20260418,173,6285,14,1,2,2,1,,2,470.48,271.33,4759.27,0
1968,20260419,192,5767,1,4,2,7,1,,3,938.53,244.47,4510.42,0
1969,20260420,197,5530,10,4,1,5,1,,6,826.49,43.3,2479.13,0
1970,20260421,129,6299,10,4,1,2,1,,5,611.47,70.98,2146.78,0
1971,20260422,193,6282,7,3,2,3,1,,3,963.71,167.5,2398.35,0
1972,20260423,163,5840,18,2,1,6,1,,1,2198.69,37.87,2564.81,0
1973,20260424,124,5808,15,1,2,7,1,,6,2342.18,280.48,4693.47,0
1974,20260425,152,5313,5,3,1,10,1,,4,2521.3,122.63,2956.0,0
1975,20260426,166,5553,20,3,2,8,1,,1,1989.74,173.45,3376.0,0
1976,20260427,147,5031,2,4,1,9,1,,3,1601.44,145.01,1856.02,0
1977,20260428,119,5258,8,3,2,4,1,,3,528.75,217.82,4454.17,0
1978,20260429,197,5775,18,2,1,3,1,,1,1207.07,191.16,4295.64,0
1979,20260430,178,5730,6,3,2,10,1,,2,441.26,119.9,3609.3,0
1980,20260501,137,6317,3,1,1,11,1,,6,1869.9,232.23,2960.16,0
1981,20260201,111,6088,5,4,1,1,1,,6,1429.68,92.02,2018.13,0
1982,20260202,176,5589,17,2,1,9,1,,5,1065.35,240.41,2915.78,0
1983,20260203,152,5830,9,1,2,2,1,,1,2783.11,54.52,1224.49,0
1984,20260204,148,5637,7,3,1,12,1,,2,993.12,8.79,3687.05,0
1985,20260205,107,5637,20,4,1,4,1,,4,741.47,214.06,3388.37,0
1986,20260206,165,5789,2,1,1,3,1,,1,2798.81,60.49,3176.04,0
1987,20260207,171,6213,20,1,1,2,1,,3,477.84,3.96,1840.16,0
1988,20260208,161,5240,8,1,2,12,1,,1,1815.27,139.99,3435.04,0
1989,20260209,154,5094,24,1,2,3,1,,3,2040.98,185.05,3880.65,0
1990,20260210,107,6479,17,3,1,10,1,,6,1083.75,293.45,2599.97,0
1991,20260211,168,5674,12,1,1,2,1,,2,2699.69,102.22,2019.64,0
1992,20260212,122,6447,4,1,2,3,1,,5,1668.36,260.17,2496.38,0
1993,20260213,196,5008,16,2,2,10,1,,1,2116.14,140.38,4754.72,0
1994,20260214,114,5874,1,1,2,3,1,,2,2545.02,203.05,4456.02,0
1995,20260215,176,6298,13,3,2,8,1,,1,1685.14,145.55,4268.76,0
1996,20260216,106,5917,14,1,1,3,1,,3,1712.87,202.12,3723.43,0
1997,20260217,147,5721,15,1,1,3,1,,6,1016.54,260.44,1373.7,0
1998,20260218,199,5277,7,4,1,3,1,,1,1337.69,11.42,4969.91,0
1999,20260219,178,6370,13,3,2,5,1,,4,1999.32,5.98,4103.81,0
2000,20260220,188,6399,12,1,2,10,1,,6,684.15,173.42,4921.44,0
2001,20260221,147,6428,24,2,1,6,1,,1,2165.92,251.62,4525.92,0
2002,20260222,119,5796,3,1,2,1,1,,2,874.3,13.93,4734.58,0
2003,20260223,184,6071,9,2,2,4,1,,6,2195.34,33.75,2921.87,0
2004,20260224,129,6184,5,3,2,9,1,,1,928.94,3.07,4607.94,0
2005,20260225,195,5871,20,1,1,6,1,,2,512.44,30.28,4602.16,0
2006,20260226,149,5976,24,3,2,12,1,,3,1370.27,238.26,1539.9,0
2007,20260227,179,5676,8,3,1,2,1,,1,1182.04,246.06,4462.09,0
2008,20260228,136,6022,14,3,1,8,1,,5,2368.63,175.56,2410.19,0
2009,20260301,116,5656,16,2,2,6,1,,6,2235.8,259.27,1115.67,0
2010,20260302,199,5157,15,4,2,2,1,,2,962.1,111.63,3032.54,0
2011,20260303,165,5202,11,3,2,3,1,,4,2449.8,191.85,3930.92,0
2012,20260304,177,5946,6,2,2,1,1,,2,1109.53,87.82,3912.7,0
2013,20260305,148,5574,14,4,2,3,1,,1,1259.45,132.46,622.92,0
2014,20260306,127,5126,17,4,1,6,1,,4,2333.22,226.41,2663.08,0
2015,20260307,183,5471,16,1,1,2,1,,4,1163.32,293.61,2885.34,0
2016,20260308,200,5381,15,3,1,5,1,,5,2432.02,211.7,3522.74,0
2017,20260309,150,5103,6,2,2,5,1,,4,2044.6,120.85,1163.75,0
2018,20260310,158,5381,18,3,1,8,1,,4,1428.67,40.83,2503.94,0
2019,20260311,149,6400,7,2,2,2,1,,6,895.67,101.48,3769.83,0
2020,20260312,152,5975,14,2,2,10,1,,2,922.93,158.7,3749.16,0
2021,20260313,161,6244,2,4,1,5,1,,5,2604.45,156.99,2270.23,0
2022,20260314,187,5479,6,1,2,6,1,,2,1023.3,104.06,614.3,0
2023,20260315,168,6237,5,4,1,10,1,,4,2181.29,287.1,1973.17,0
2024,20260316,158,5879,9,1,2,4,1,,6,1974.97,96.5,2526.04,0
2025,20260317,195,5971,17,4,2,12,1,,3,1226.23,47.64,4327.42,0
2026,20260318,176,6443,1,2,2,3,1,,2,1544.46,258.09,3873.11,0
2027,20260319,117,5933,24,2,1,1,1,,6,822.55,283.11,1162.51,0
2028,20260320,114,5218,3,4,2,11,1,,4,1422.22,36.21,2713.19,0
2029,20260321,155,5337,2,3,1,10,1,,5,1292.68,86.69,4267.17,1
2030,20260322,152,6182,18,2,1,6,1,,2,2655.99,250.66,4799.09,0
2031,20260323,102,5425,19,2,1,1,1,,2,2192.51,298.47,4927.76,0
2032,20260324,171,5029,4,3,1,11,1,,4,1044.73,248.65,772.48,0
2033,20260325,170,5052,3,4,2,1,1,,2,2334.94,24.12,4657.33,0
2034,20260326,158,5081,11,1,1,5,1,,5,875.88,55.42,4258.09,0
2035,20260327,124,5520,9,4,1,2,1,,4,783.78,83.59,2496.21,0
2036,20260328,131,6138,1,2,1,12,1,,4,2214.96,97.53,773.9,0
2037,20260329,145,6262,24,3,1,12,1,,5,925.56,181.41,1072.49,0
2038,20260330,190,5324,16,2,1,3,1,,5,682.9,116.29,2066.28,0
2039,20260331,107,5612,19,4,1,3,1,,4,2124.46,135.77,3406.47,0
2040,20260401,122,5930,6,3,2,4,1,,5,1574.2,187.03,3319.71,0
2041,20260402,148,5048,15,1,2,5,1,,1,1404.87,148.55,2135.25,0
2042,20260403,153,5045,6,1,1,11,1,,6,2613.68,169.51,4290.82,0
2043,20260404,122,6219,2,2,1,2,1,,3,2263.91,283.35,4469.53,0
2044,20260405,131,6270,2,3,2,9,1,,5,2593.29,175.43,1280.09,0
2045,20260406,121,5714,7,2,1,3,1,,1,2697.77,73.4,802.56,0
2046,20260407,120,5767,21,3,2,1,1,,1,1883.66,218.82,4951.9,0
2047,20260408,137,5673,23,1,1,7,1,,5,1610.3,166.32,3021.18,0
2048,20260409,189,5427,20,2,1,4,1,,2,1106.9,73.89,4636.11,0
2049,20260410,176,5874,5,1,1,6,1,,5,2191.89,161.51,3402.99,0
2050,20260411,116,5259,9,3,1,3,1,,5,538.08,234.02,3881.11,0
2051,20260412,151,5642,20,2,1,2,1,,2,982.54,148.92,1391.4,0
2052,20260413,162,5942,10,3,2,3,1,,1,2575.39,115.18,3178.84,0
2053,20260414,135,6313,3,2,2,6,1,,5,2766.36,29.34,1095.98,0
2054,20260415,151,5915,3,2,1,8,1,,3,957.09,120.23,4748.69,0
2055,20260416,136,5970,11,2,2,5,1,,4,646.93,271.71,3655.49,0
2056,20260417,180,5872,4,4,1,1,1,,1,1770.6,47.5,3838.22,0
2057,20260418,169,5551,11,2,2,1,1,,2,798.92,31.77,2092.25,0
2058,20260419,130,5680,12,1,2,2,1,,3,903.72,231.57,951.65,0
2059,20260420,182,5216,10,2,1,9,1,,4,1564.27,177.38,3369.7,0
2060,20260421,134,5955,20,2,2,12,1,,6,1003.18,39.39,4868.37,0
2061,20260422,165,6117,8,3,2,12,1,,5,2298.92,177.21,3811.79,0
2062,20260423,101,5620,18,4,2,1,1,,4,1582.5,114.66,3085.61,0
2063,20260424,127,5481,6,4,2,2,1,,3,2494.26,282.83,1246.68,0
2064,20260425,160,6468,18,3,2,5,1,,1,2520.21,100.06,2765.55,0
2065,20260426,146,6080,17,2,1,6,1,,6,1449.38,238.12,1107.39,0
2066,20260427,123,5037,24,3,2,8,1,,2,1980.31,233.68,2130.86,0
2067,20260428,128,6306,11,3,1,10,1,,4,805.06,47.71,1326.05,0
2068,20260429,145,5018,4,2,2,12,1,,6,2641.18,121.72,3906.2,0
2069,20260430,139,5916,6,4,1,10,1,,3,2513.95,193.84,907.88,0
2070,20260501,122,5333,8,3,1,5,1,,5,1776.15,178.21,4046.27,0
2071,20260201,178,6439,21,4,2,3,1,,6,1464.12,40.31,2293.26,0
2072,20260202,134,5702,2,3,2,4,1,,2,560.21,250.79,3411.57,0
2073,20260203,103,6469,8,1,1,12,1,,1,1779.81,73.68,3933.57,0
2074,20260204,169,6269,6,2,1,5,1,,4,624.75,284.89,1499.87,0
2075,20260205,101,6424,2,4,1,9,1,,2,1507.37,197.72,1941.67,0
2076,20260206,136,5820,4,4,1,8,1,,4,2488.74,117.28,1482.75,0
2077,20260207,168,6461,12,1,1,10,1,,3,947.85,52.04,1721.2,0
2078,20260208,112,5911,14,2,1,11,1,,1,893.41,260.2,1392.02,0
2079,20260209,153,5235,1,3,2,12,1,,1,2715.99,89.9,4724.11,0
2080,20260210,192,5204,13,3,2,5,1,,1,2596.94,58.99,1304.05,0
2081,20260211,161,6349,13,3,2,7,1,,1,1412.78,207.76,4055.18,0
2082,20260212,178,5599,6,1,2,7,1,,1,1536.12,257.5,950.39,0
2083,20260213,171,5904,1,1,2,10,1,,5,1755.12,51.73,3638.0,0
2084,20260214,106,5346,10,2,2,5,1,,3,2251.59,23.33,2732.95,0
2085,20260215,129,5551,12,4,2,4,1,,5,2377.4,171.78,2518.86,0
2086,20260216,198,5023,6,3,2,9,1,,3,2188.86,113.55,3924.79,0
2087,20260217,154,6146,19,1,2,12,1,,4,815.1,154.72,3802.74,0
2088,20260218,135,5130,21,1,1,10,1,,3,945.13,262.32,3316.2,0
2089,20260219,141,5987,24,3,1,2,1,,4,2142.67,70.34,4011.03,0
2090,20260220,178,5033,2,2,2,9,1,,1,1028.44,128.2,1871.26,0
2091,20260221,183,6301,14,1,2,4,1,,4,1612.45,271.96,1678.66,0
2092,20260222,128,5937,2,4,2,2,1,,5,2205.86,252.97,4833.58,0
2093,20260223,145,5852,9,4,2,3,1,,6,2504.41,226.51,2318.59,0
2094,20260224,109,5754,22,3,1,9,1,,3,2359.54,223.96,3070.64,0
2095,20260225,108,5306,15,4,1,10,1,,1,426.62,155.11,2005.35,0
2096,20260226,190,5931,21,4,1,5,1,,2,1272.02,225.87,2427.82,0
2097,20260227,144,5075,8,2,2,5,1,,4,1821.14,73.69,621.72,0
2098,20260228,162,6321,15,2,1,7,1,,4,2082.02,266.3,1041.09,0
2099,20260301,118,5375,24,2,2,7,1,,4,2586.94,192.71,3992.46,0
2100,20260302,179,5034,17,4,2,6,1,,2,1605.72,98.85,3190.08,0
2101,20260303,106,5794,16,2,2,4,1,,3,2031.37,50.75,2817.67,0
2102,20260304,180,6032,16,4,1,12,1,,3,2317.17,191.3,4316.72,0
2103,20260305,186,6305,10,2,1,2,1,,6,1492.99,78.71,4354.01,0
2104,20260306,155,6434,3,4,2,1,1,,4,1337.81,56.05,775.37,0
2105,20260307,109,5824,6,1,2,4,1,,5,1795.25,230.02,2790.37,0
2106,20260308,179,5165,22,2,2,2,1,,5,769.4,210.73,4845.99,0
2107,20260309,199,5418,8,4,1,8,1,,6,2594.61,1.82,2403.0,0
2108,20260310,140,6251,9,2,2,10,1,,3,778.56,61.87,3629.55,0
2109,20260311,169,6407,22,2,1,11,1,,2,2698.34,90.75,4953.05,0
2110,20260312,177,6418,1,1,2,6,1,,5,1865.19,125.56,620.53,0
2111,20260313,149,6227,6,1,2,9,1,,4,855.64,110.36,4983.05,0
2112,20260314,168,5333,9,2,2,11,1,,2,2348.14,209.21,4022.65,0
2113,20260315,189,6390,24,1,2,12,1,,5,667.95,141.44,4370.15,0
2114,20260316,101,5792,21,4,2,11,1,,2,2026.72,103.12,3403.4,0
2115,20260317,175,5107,4,4,2,10,1,,6,1979.61,270.38,3443.22,0
2116,20260318,112,5673,1,2,2,1,1,,1,1542.29,281.07,4897.97,0
2117,20260319,153,6292,10,1,2,1,1,,2,474.61,188.73,641.5,0
2118,20260320,182,5135,15,2,2,3,1,,5,797.45,283.76,2976.21,0
2119,20260321,184,5607,10,3,1,11,1,,1,1498.34,154.9,3468.97,0
2120,20260322,144,6158,6,4,2,2,1,,1,1405.48,0.65,4716.77,0
2121,20260323,188,5231,24,4,1,3,1,,4,1374.75,39.73,3008.61,0
2122,20260324,168,5274,1,2,1,8,1,,1,1925.45,241.34,4974.19,0
2123,20260325,154,5399,22,3,2,5,1,,2,1182.55,178.46,3335.96,0
2124,20260326,124,6315,9,3,2,1,1,,1,828.74,220.74,1828.56,0
2125,20260327,185,6348,5,3,1,11,1,,3,915.88,179.0,3135.05,0
2126,20260328,120,5457,15,3,1,1,1,,2,1723.17,79.88,2531.07,0
2127,20260329,191,5121,8,4,2,1,1,,2,2603.9,88.09,2189.45,0
2128,20260330,118,6413,10,1,2,6,1,,2,2076.16,127.47,2755.54,0
2129,20260331,111,6434,18,4,2,5,1,,6,439.04,72.92,2300.49,0
2130,20260401,190,5558,17,2,1,6,1,,6,1767.89,299.42,1619.46,0
2131,20260402,148,5567,23,4,2,3,1,,2,2705.75,69.25,672.98,0
2132,20260403,152,5950,20,4,2,10,1,,1,710.43,174.44,3051.26,0
2133,20260404,163,6366,6,2,1,5,1,,2,1851.6,116.09,1246.04,0
2134,20260405,153,6155,20,2,1,7,1,,4,1355.57,289.95,4768.82,0
2135,20260406,173,6195,14,2,1,6,1,,4,1864.65,177.0,4503.59,0
2136,20260407,177,6347,5,2,1,6,1,,5,2163.53,259.55,2299.18,0
2137,20260408,166,5951,23,4,2,10,1,,2,1293.21,234.3,555.61,0
2138,20260409,116,5506,9,2,1,9,1,,3,2548.51,243.93,930.41,0
2139,20260410,126,6236,17,2,1,3,1,,2,1365.88,8.8,4535.62,0
2140,20260411,138,5610,2,4,2,3,1,,5,2138.5,283.17,4804.63,0
2141,20260412,140,6336,22,2,1,5,1,,6,2645.88,21.22,1852.34,0
2142,20260413,103,5419,17,4,2,3,1,,6,2424.68,141.02,649.27,0
2143,20260414,179,6107,14,3,2,5,1,,2,2181.48,200.14,3637.83,0
2144,20260415,138,5024,11,2,1,9,1,,2,960.48,249.5,639.41,0
2145,20260416,163,5874,14,1,2,9,1,,5,1361.63,274.61,3057.73,0
2146,20260417,200,6117,2,3,2,9,1,,2,2510.43,25.55,3464.97,0
2147,20260418,132,6287,1,4,2,7,1,,1,2647.47,129.18,1999.42,0
2148,20260419,162,5314,21,3,1,5,1,,2,2308.97,92.21,1659.32,0
2149,20260420,191,5335,11,2,1,11,1,,2,1557.19,185.6,4326.89,0
2150,20260421,113,5027,2,4,2,8,1,,2,1941.67,21.98,4957.61,0
2151,20260422,145,5128,8,4,1,10,1,,6,830.41,13.5,3627.54,0
2152,20260423,180,6196,20,1,1,9,1,,4,864.1,137.89,1354.45,0
2153,20260424,194,5377,10,3,2,8,1,,3,1719.88,0.03,1719.2,0
2154,20260425,156,5053,15,4,1,4,1,,3,2767.47,276.9,4481.85,0
2155,20260426,189,5964,14,3,1,10,1,,1,2287.43,188.96,4898.56,0
2156,20260427,189,6142,12,1,2,12,1,,2,2706.43,49.94,2921.96,0
2157,20260428,145,5161,9,3,2,4,1,,3,488.89,244.18,3012.55,0
2158,20260429,146,6043,1,3,2,9,1,,6,589.73,220.98,929.46,0
2159,20260430,158,5534,9,4,2,4,1,,5,1999.37,276.55,711.01,0
2160,20260501,163,5969,1,1,2,1,1,,5,989.99,248.66,556.71,0
2161,20260201,140,5654,10,1,2,1,1,,2,1850.1,236.54,2956.69,0
2162,20260202,123,5167,18,1,1,10,1,,4,1344.77,48.1,4728.97,0
2163,20260203,194,5082,8,3,2,11,1,,3,1908.02,208.01,594.69,0
2164,20260204,157,6094,18,1,1,7,1,,3,777.87,209.34,907.44,0
2165,20260205,149,5579,23,4,1,4,1,,6,968.15,216.25,1094.68,0
2166,20260206,108,5389,20,4,2,5,1,,1,1607.53,152.17,740.4,0
2167,20260207,199,5885,16,1,2,1,1,,5,803.65,293.71,3720.37,0
2168,20260208,177,6433,20,1,2,4,1,,1,620.5,204.22,4597.11,0
2169,20260209,150,5776,4,1,2,9,1,,3,1728.51,168.26,2043.1,0
2170,20260210,152,5494,6,1,1,10,1,,6,1367.87,88.58,2546.7,0
2171,20260211,188,6377,6,2,1,6,1,,2,1841.49,141.12,531.55,0
2172,20260212,162,5559,12,3,2,8,1,,6,2075.74,236.99,4385.94,0
2173,20260213,187,6391,5,2,1,8,1,,1,1094.26,223.77,4202.93,0
2174,20260214,174,5695,24,2,2,7,1,,4,2329.38,299.34,1095.22,0
2175,20260215,153,5369,8,3,2,1,1,,3,957.01,4.08,3870.68,0
2176,20260216,110,6095,10,1,1,6,1,,4,2351.09,272.16,526.72,0
2177,20260217,150,6059,13,1,2,1,1,,4,967.61,118.87,1574.18,0
2178,20260218,102,5760,2,2,1,11,1,,6,1429.44,251.23,3307.3,1
2179,20260219,176,5248,1,2,1,10,1,,1,2772.25,17.61,3833.51,0
2180,20260220,182,5060,5,3,1,1,1,,5,1029.5,47.42,1400.14,0
2181,20260221,159,5760,19,4,2,4,1,,1,1778.75,247.31,4861.29,0
2182,20260222,106,5102,20,4,1,3,1,,4,1237.16,244.42,2718.49,0
2183,20260223,138,6355,11,3,2,11,1,,5,2684.37,13.15,1786.23,0
2184,20260224,172,6239,10,3,2,4,1,,5,617.35,167.23,3337.8,0
2185,20260225,116,6472,18,4,2,11,1,,3,1670.54,85.02,4275.35,0
2186,20260226,137,5677,13,4,1,3,1,,5,2306.08,111.3,1055.07,0
2187,20260227,179,6014,2,3,2,7,1,,1,963.36,243.49,961.47,0
2188,20260228,154,5286,10,4,1,8,1,,1,1111.2,259.11,1194.19,0
2189,20260301,154,5832,1,2,1,6,1,,1,1278.33,109.55,819.53,0
2190,20260302,126,6395,1,1,2,4,1,,6,2142.01,285.34,2404.22,0
2191,20260303,113,5648,14,1,2,9,1,,4,1773.0,112.03,1306.59,0
2192,20260304,139,5154,7,2,2,5,1,,4,1761.2,16.98,2189.19,0
2193,20260305,134,6499,24,3,1,2,1,,6,2347.96,208.32,4943.81,0
2194,20260306,160,6196,2,3,2,2,1,,5,2640.58,23.99,3393.44,0
2195,20260307,168,6306,19,4,2,12,1,,3,2434.27,121.38,1466.64,0
2196,20260308,143,5796,4,2,1,6,1,,6,1857.46,79.15,3517.49,0
2197,20260309,159,5811,18,1,2,11,1,,4,518.02,55.72,1592.99,0
2198,20260310,196,6422,16,4,1,9,1,,3,986.47,1.79,3390.75,0
2199,20260311,173,5381,6,1,2,7,1,,4,980.55,56.9,4178.21,0
2200,20260312,189,6447,20,4,1,11,1,,2,904.8,299.49,2321.93,0
2201,20260313,134,5082,6,2,2,4,1,,2,2357.15,280.43,4530.96,0
2202,20260314,159,5771,20,2,2,3,1,,4,1536.15,71.03,4698.73,0
2203,20260315,121,5459,24,3,1,1,1,,2,971.92,54.71,3088.54,0
2204,20260316,133,6411,1,1,2,10,1,,2,947.09,239.51,2823.2,0
2205,20260317,138,5284,7,3,2,11,1,,1,1851.16,157.58,4502.56,0
2206,20260318,102,6378,16,3,2,2,1,,3,2422.58,207.01,1070.77,0
2207,20260319,150,5118,15,3,2,10,1,,6,1862.44,20.83,2980.01,0
2208,20260320,129,5255,1,1,2,5,1,,2,912.27,46.42,3980.56,0
2209,20260321,156,6281,24,2,1,8,1,,4,1521.85,65.5,4726.55,0
2210,20260322,154,6487,17,1,2,7,1,,3,2152.27,8.48,4111.95,0
2211,20260323,101,5425,18,3,1,4,1,,4,2314.17,100.52,1909.36,0
2212,20260324,180,6032,10,2,2,2,1,,6,2377.82,192.09,4059.88,0
2213,20260325,139,6491,2,2,2,5,1,,1,2020.95,260.56,2629.59,0
2214,20260326,198,5752,17,2,2,8,1,,4,730.53,170.75,510.89,0
2215,20260327,156,5328,1,1,1,12,1,,4,858.18,152.51,4919.5,0
2216,20260328,182,5827,9,4,1,5,1,,5,1474.76,94.52,2685.66,0
2217,20260329,176,5428,4,2,2,12,1,,5,2412.74,212.42,4289.51,0
2218,20260330,177,5159,9,4,1,10,1,,6,1888.53,94.5,1911.12,0
2219,20260331,137,6224,23,2,1,7,1,,4,1111.84,38.27,3853.86,0
2220,20260401,176,5527,13,1,1,2,1,,2,2124.64,175.72,4705.52,0
2221,20260402,169,6334,3,1,2,10,1,,3,1749.72,101.83,1631.65,0
2222,20260403,101,6434,3,2,2,7,1,,6,2077.63,275.76,1235.07,0
2223,20260404,125,6212,17,3,2,5,1,,2,2384.11,278.74,1227.27,0
2224,20260405,151,6465,15,4,1,9,1,,5,1663.25,272.7,1079.46,0
2225,20260406,158,6077,21,4,1,6,1,,6,1711.97,254.35,803.27,0
2226,20260407,167,5102,13,1,1,12,1,,6,1013.0,192.73,2303.66,0
2227,20260408,160,6178,20,3,2,1,1,,6,1178.96,128.51,2497.2,0
2228,20260409,135,6162,13,2,1,1,1,,5,2459.39,133.43,1405.99,0
2229,20260410,116,5104,18,1,1,7,1,,1,1322.06,39.72,945.3,0
2230,20260411,142,5730,11,4,2,5,1,,3,1598.23,278.04,4761.6,0
2231,20260412,142,5672,12,4,2,2,1,,2,1011.44,129.29,525.74,0
2232,20260413,107,5792,17,4,2,9,1,,4,2340.06,256.75,1810.27,0
2233,20260414,108,5732,3,4,2,6,1,,3,1180.23,46.17,4512.98,0
2234,20260415,139,5533,3,4,2,1,1,,2,2324.02,249.96,1407.16,0
2235,20260416,153,6095,14,1,1,6,1,,4,2481.43,219.06,2536.86,0
2236,20260417,132,5837,7,1,2,5,1,,2,2599.14,153.81,2350.46,0
2237,20260418,123,5093,23,3,1,9,1,,5,2166.12,67.0,4924.04,0
2238,20260419,200,5570,24,1,1,5,1,,6,1788.13,175.16,2449.66,0
2239,20260420,109,6244,16,4,2,3,1,,3,1207.92,45.86,1709.27,0
2240,20260421,127,5743,13,3,1,5,1,,3,2594.5,139.21,2092.72,0
2241,20260422,199,5774,23,4,2,9,1,,1,1775.29,149.48,3376.21,0
2242,20260423,129,6174,9,1,2,10,1,,6,2227.04,13.55,3460.37,0
2243,20260424,156,5003,6,3,2,3,1,,6,2492.59,256.98,4106.44,0
2244,20260425,112,5725,17,2,2,9,1,,3,1865.26,261.3,2608.9,0
2245,20260426,140,5315,2,2,1,10,1,,6,1456.04,137.95,1785.66,0
2246,20260427,156,5943,12,3,1,11,1,,3,560.06,269.81,3820.16,0
2247,20260428,188,6071,24,2,1,1,1,,5,1652.76,217.17,4275.95,0
2248,20260429,141,6314,17,4,2,2,1,,5,1408.68,73.41,3949.04,0
2249,20260430,122,5880,1,3,2,12,1,,5,2216.19,49.72,2389.96,0
2250,20260501,162,5600,17,2,1,8,1,,2,2079.51,115.18,1318.07,0
2251,20260201,176,5438,22,1,2,2,1,,5,2615.98,239.47,906.48,0
2252,20260202,170,6026,5,3,1,7,1,,3,2372.09,168.94,2364.44,0
2253,20260203,171,6216,1,4,1,4,1,,2,1504.4,43.32,3441.94,0
2254,20260204,116,5923,20,1,1,3,1,,2,1531.66,248.26,754.76,0
2255,20260205,191,5878,11,3,2,1,1,,6,2532.57,84.17,2597.07,0
2256,20260206,158,6190,11,3,1,11,1,,4,1409.73,94.19,1411.36,0
2257,20260207,168,5159,18,1,2,12,1,,2,1510.65,19.89,3124.33,0
2258,20260208,142,6012,20,1,2,6,1,,5,2770.16,228.63,3322.34,0
2259,20260209,122,5830,18,2,2,9,1,,5,1463.91,61.61,602.84,0
2260,20260210,120,5035,22,4,2,2,1,,2,970.71,119.74,989.48,0
2261,20260211,115,6294,22,1,2,12,1,,1,1713.24,242.18,948.96,0
2262,20260212,173,6326,18,4,1,9,1,,2,2357.15,7.97,4223.84,0
2263,20260213,101,5823,13,1,1,1,1,,4,1806.73,65.83,4007.01,0
2264,20260214,176,6137,5,4,1,4,1,,3,2572.69,153.41,4683.64,0
2265,20260215,156,6355,10,4,1,4,1,,6,1158.84,126.22,1975.57,0
2266,20260216,166,6258,14,2,1,6,1,,3,2057.24,3.98,2690.77,0
2267,20260217,131,5208,6,2,1,6,1,,3,1216.63,12.81,4298.71,0
2268,20260218,141,5902,22,1,2,3,1,,6,624.67,143.53,3215.77,0
2269,20260219,195,5456,17,3,2,5,1,,1,1146.83,294.56,2918.28,0
2270,20260220,114,5157,10,1,2,8,1,,1,1963.36,210.47,3886.44,0
2271,20260221,130,6328,11,1,1,7,1,,5,2777.15,34.15,3325.03,0
2272,20260222,151,6094,20,1,1,10,1,,6,1450.99,261.81,3280.6,0
2273,20260223,169,5110,5,2,2,11,1,,3,1257.19,153.71,1685.32,0
2274,20260224,161,6177,10,1,1,7,1,,6,2454.94,286.13,4164.82,0
2275,20260225,109,5885,7,2,2,8,1,,2,2220.12,151.81,1437.41,0
2276,20260226,116,5728,19,4,2,8,1,,6,2600.79,180.43,3664.85,0
2277,20260227,119,6357,15,2,1,9,1,,4,2708.16,232.21,1437.7,0
2278,20260228,105,5280,19,1,2,9,1,,3,2612.24,198.57,3391.4,0
2279,20260301,130,5465,6,3,1,7,1,,6,1294.84,165.0,3320.73,0
2280,20260302,133,6101,8,4,2,1,1,,4,2584.92,89.97,4076.19,0
2281,20260303,161,6453,9,4,1,12,1,,1,1228.9,189.66,2105.31,0
2282,20260304,137,6332,3,4,2,12,1,,5,675.77,19.09,513.22,0
2283,20260305,102,5331,6,1,1,7,1,,5,1724.35,193.66,4742.56,0
2284,20260306,113,5467,10,3,2,7,1,,6,2534.46,211.57,1648.15,0
2285,20260307,172,5417,23,4,2,5,1,,1,2166.27,38.54,4146.64,0
2286,20260308,117,6098,13,3,1,4,1,,1,2348.58,127.43,4337.34,0
2287,20260309,145,5061,19,4,1,2,1,,5,2537.66,124.68,2535.89,0
2288,20260310,116,6229,24,4,2,7,1,,4,2686.11,0.45,4988.22,0
2289,20260311,196,5808,8,3,1,1,1,,2,2304.24,251.49,1101.38,0
2290,20260312,190,5451,9,1,1,4,1,,6,1450.52,127.01,1493.18,0
2291,20260313,154,6000,12,1,1,8,1,,4,1874.24,98.22,3360.49,0
2292,20260314,136,5827,4,3,2,1,1,,5,794.09,73.59,4362.56,0
2293,20260315,109,5938,10,4,2,7,1,,3,736.27,242.7,4161.0,0
2294,20260316,115,6126,13,2,2,3,1,,4,923.64,170.28,4020.33,0
2295,20260317,146,6317,13,3,2,10,1,,2,1934.46,145.79,2474.02,0
2296,20260318,134,5190,10,1,1,4,1,,5,1176.1,291.84,3843.28,0
2297,20260319,143,5704,3,2,2,5,1,,6,1013.96,164.8,2665.0,0
2298,20260320,124,6093,18,2,1,5,1,,4,2212.07,287.01,797.47,0
2299,20260321,147,5566,13,1,2,11,1,,4,1101.79,248.84,1169.68,0
2300,20260322,112,5235,9,4,2,10,1,,3,912.78,40.2,3596.92,0
2301,20260323,138,5029,19,3,2,4,1,,4,1589.31,130.63,926.41,0
2302,20260324,125,5107,23,3,1,1,1,,1,2135.41,160.77,4842.63,0
2303,20260325,111,5640,7,1,2,2,1,,1,1000.41,129.94,2906.87,0
2304,20260326,122,6293,4,1,2,9,1,,1,1717.1,29.2,3268.13,0
2305,20260327,152,6293,17,3,2,5,1,,2,1193.6,136.24,737.96,0
2306,20260328,183,6123,21,1,1,7,1,,5,1975.71,73.32,4138.86,0
2307,20260329,110,5763,9,2,1,1,1,,4,479.78,55.41,744.03,0
2308,20260330,165,5885,11,3,1,11,1,,3,2597.23,41.43,1797.38,0
2309,20260331,113,5197,10,2,1,7,1,,4,1552.96,30.93,839.25,0
2310,20260401,141,6206,19,2,1,2,1,,4,1418.6,74.95,4319.62,0
2311,20260402,167,5289,5,2,1,5,1,,1,475.62,95.85,4410.77,0
2312,20260403,176,5268,6,2,1,6,1,,4,735.61,8.26,4823.96,0
2313,20260404,195,6258,2,1,1,4,1,,3,1682.04,62.72,3091.44,0
2314,20260405,125,5467,21,2,2,3,1,,5,1309.2,291.86,4084.73,0
2315,20260406,121,5499,24,3,2,7,1,,6,1079.94,37.87,1869.26,0
2316,20260407,165,5819,10,3,2,7,1,,1,815.83,175.09,2435.22,0
2317,20260408,125,5549,6,1,2,4,1,,4,2200.85,191.0,2630.99,1
2318,20260409,132,5567,22,3,1,10,1,,4,2392.91,106.86,4256.78,0
2319,20260410,112,5686,23,2,2,7,1,,3,2353.78,168.82,798.51,0
2320,20260411,163,5799,6,3,1,11,1,,5,545.39,274.84,2374.2,0
2321,20260412,114,5546,16,3,1,4,1,,4,2437.59,209.39,1216.64,0
2322,20260413,157,5555,13,4,2,11,1,,2,1211.35,168.36,3644.34,0
2323,20260414,190,5836,5,3,1,3,1,,3,886.12,273.23,3897.4,0
2324,20260415,150,6012,19,2,2,2,1,,3,1539.57,47.0,2559.5,0
2325,20260416,183,6430,14,2,1,6,1,,3,910.01,197.8,2348.71,0
2326,20260417,143,6025,24,4,1,11,1,,5,462.72,235.44,2269.83,0
2327,20260418,169,5302,10,4,1,10,1,,5,2204.92,227.68,4042.98,0
2328,20260419,110,5851,4,3,1,11,1,,5,599.93,118.1,4017.25,0
2329,20260420,184,5403,23,4,1,1,1,,2,455.49,241.92,2632.93,0
2330,20260421,149,5121,16,2,1,2,1,,3,1687.13,127.08,2668.88,0
2331,20260422,171,6458,1,2,2,12,1,,3,1777.22,35.35,4906.45,0
2332,20260423,137,5816,7,3,2,7,1,,2,1175.96,83.39,1148.67,0
2333,20260424,175,6297,6,4,2,6,1,,4,892.28,244.78,3190.32,0
2334,20260425,159,5285,24,3,1,4,1,,4,2369.58,78.68,4309.16,0
2335,20260426,111,6368,4,2,2,12,1,,4,2124.65,170.15,897.94,0
2336,20260427,153,5925,22,1,2,11,1,,5,938.07,98.59,3200.37,0
2337,20260428,105,5215,13,1,1,6,1,,5,466.1,120.41,3732.87,0
2338,20260429,173,6233,9,1,1,4,1,,2,955.9,291.62,1469.5,0
2339,20260430,186,5859,16,2,2,9,1,,1,1075.47,247.66,2954.73,0
2340,20260501,189,5544,3,1,1,7,1,,4,1841.19,11.31,4972.89,0
2341,20260201,170,5187,4,4,1,5,1,,5,1970.69,177.09,3459.62,0
2342,20260202,199,5052,2,3,1,1,1,,2,1671.13,249.24,2377.53,0
2343,20260203,154,5244,13,1,1,10,1,,5,494.93,87.59,1048.97,0
2344,20260204,199,5411,9,3,2,9,1,,3,2531.57,298.92,1442.88,0
2345,20260205,126,5153,14,1,2,10,1,,6,630.8,251.2,4676.64,0
2346,20260206,113,5421,18,4,1,2,1,,3,2289.29,29.66,3658.51,0
2347,20260207,112,6015,4,2,1,12,1,,1,1799.12,92.83,4314.18,0
2348,20260208,103,5278,10,4,1,3,1,,5,1733.55,196.56,1801.98,0
2349,20260209,116,5272,18,4,2,6,1,,2,2580.73,280.17,837.87,0
2350,20260210,178,5437,14,4,2,8,1,,4,1106.95,128.61,3223.38,0
2351,20260211,131,6135,3,1,2,5,1,,5,2729.5,197.29,2205.28,0
2352,20260212,174,5587,6,2,1,2,1,,3,1081.5,14.37,3694.94,0
2353,20260213,111,5688,7,3,1,7,1,,5,1992.3,289.74,1334.96,0
2354,20260214,109,5833,18,3,2,6,1,,2,2796.02,52.65,3451.95,0
2355,20260215,195,5639,3,1,1,11,1,,3,1079.19,216.2,792.52,0
2356,20260216,191,5956,19,3,2,7,1,,4,1850.82,152.01,4918.89,0
2357,20260217,177,5453,2,1,2,2,1,,5,2776.98,210.23,2033.3,0
2358,20260218,158,5713,22,4,1,6,1,,3,2267.91,88.87,1155.4,1
2359,20260219,124,5919,21,1,2,3,1,,4,1370.1,228.13,2127.31,0
2360,20260220,147,5054,9,4,1,8,1,,1,1992.01,24.9,4365.6,0
2361,20260221,184,5563,4,2,1,7,1,,5,1955.88,288.31,4375.16,0
2362,20260222,134,5083,23,4,1,1,1,,1,2724.2,294.14,2353.33,0
2363,20260223,170,6228,2,3,1,8,1,,2,1687.12,2.31,2334.4,0
2364,20260224,125,6028,24,1,1,6,1,,6,787.21,68.81,2984.96,0
2365,20260225,124,5359,18,2,2,1,1,,5,1066.52,98.02,1199.95,0
2366,20260226,125,5734,20,3,1,1,1,,3,621.45,217.89,2994.1,0
2367,20260227,158,6240,4,2,2,2,1,,6,677.11,73.88,3501.56,0
2368,20260228,200,5644,7,3,2,3,1,,2,2238.74,159.18,1090.63,0
2369,20260301,101,5895,10,1,2,8,1,,5,2753.31,179.64,2589.63,0
2370,20260302,131,5060,5,1,1,1,1,,3,645.58,86.31,4400.25,0
2371,20260303,143,5497,10,1,2,3,1,,5,2226.28,28.68,3451.04,0
2372,20260304,137,5962,18,4,2,5,1,,6,2521.09,38.67,663.86,0
2373,20260305,111,6314,17,2,1,7,1,,2,2214.42,149.32,4607.27,0
2374,20260306,183,6455,1,2,2,9,1,,5,2255.46,200.29,938.06,0
2375,20260307,185,6271,24,4,2,4,1,,6,1365.99,172.71,1935.21,0
2376,20260308,143,6132,11,3,2,6,1,,5,1773.2,209.36,593.85,0
2377,20260309,198,5570,6,1,2,10,1,,4,1759.45,14.65,1841.17,0
2378,20260310,120,6065,20,4,1,7,1,,1,2146.93,116.55,2391.7,0
2379,20260311,131,5479,15,3,2,8,1,,1,599.19,95.5,2498.72,0
2380,20260312,112,5457,14,1,2,10,1,,5,540.61,107.31,3357.58,0
2381,20260313,166,5575,7,4,2,10,1,,5,785.75,183.86,2289.96,0
2382,20260314,135,5618,15,4,1,6,1,,1,1675.61,202.59,1581.75,0
2383,20260315,119,5514,6,2,2,9,1,,1,2240.3,82.17,2544.66,0
2384,20260316,117,5631,4,3,2,4,1,,4,1840.85,98.29,2021.16,1
2385,20260317,159,5578,19,1,2,3,1,,4,1751.44,113.65,1229.68,0
2386,20260318,122,5756,15,1,1,4,1,,2,1977.18,186.17,2020.72,0
2387,20260319,177,5597,12,2,1,2,1,,3,1936.09,276.49,1126.85,0
2388,20260320,150,5464,2,3,1,3,1,,5,1444.2,55.15,4467.86,0
2389,20260321,180,6229,3,4,1,2,1,,4,1109.18,47.09,1124.76,0
2390,20260322,117,5055,10,1,2,8,1,,5,2626.27,53.05,1036.51,0
2391,20260323,188,5494,19,2,2,7,1,,5,903.8,257.53,4253.96,0
2392,20260324,151,5454,5,3,1,4,1,,1,2413.6,175.91,2750.5,0
2393,20260325,139,6089,12,1,1,3,1,,1,1403.17,201.43,719.37,0
2394,20260326,174,5491,21,2,1,6,1,,5,941.66,181.26,881.39,0
2395,20260327,108,5005,2,1,1,12,1,,5,1955.27,129.09,2195.52,0
2396,20260328,124,5698,13,3,2,2,1,,5,2175.91,106.17,3198.66,0
2397,20260329,101,6490,15,2,1,1,1,,3,2305.41,103.24,4117.11,0
2398,20260330,128,5280,24,2,1,7,1,,6,1906.06,139.64,4018.28,0
2399,20260331,199,5155,10,3,2,5,1,,4,2161.4,251.36,2497.72,0
2400,20260401,195,5243,20,3,2,4,1,,6,1874.27,273.73,4639.99,0
2401,20260402,186,5925,16,4,2,12,1,,4,1215.96,103.38,3464.75,0
2402,20260403,183,5857,3,2,1,10,1,,2,1729.06,246.41,3416.01,0
2403,20260404,162,6122,2,4,1,12,1,,5,543.7,39.61,811.61,0
2404,20260405,115,5801,16,4,1,7,1,,6,2382.17,189.78,1420.24,0
2405,20260406,132,5278,5,2,2,2,1,,5,1253.77,46.59,4410.52,0
2406,20260407,149,6303,17,3,2,7,1,,2,2587.88,25.14,1787.3,0
2407,20260408,120,6242,10,2,1,1,1,,1,2653.5,73.45,4235.8,0
2408,20260409,199,5504,19,2,1,12,1,,6,575.56,42.96,2468.09,0
2409,20260410,177,6350,21,4,2,10,1,,2,704.34,143.62,4839.99,0
2410,20260411,192,5529,4,4,1,11,1,,4,1390.56,171.04,4470.73,0
2411,20260412,144,5431,17,2,1,2,1,,1,2269.46,200.19,636.5,0
2412,20260413,150,5724,6,4,2,5,1,,2,1434.6,259.74,4445.71,0
2413,20260414,148,5131,5,4,1,5,1,,3,2663.36,66.18,4135.09,0
2414,20260415,132,6002,12,4,2,7,1,,5,1526.23,123.22,2880.21,0
2415,20260416,166,5602,19,4,1,3,1,,3,2353.95,173.33,3686.71,0
2416,20260417,116,5045,10,4,1,6,1,,1,2700.58,173.58,4868.13,0
2417,20260418,154,5670,13,3,1,3,1,,6,530.17,126.51,1068.68,0
2418,20260419,158,5856,23,4,1,10,1,,2,2175.27,210.65,3262.5,0
2419,20260420,175,5442,9,3,1,2,1,,2,1781.27,90.35,4409.04,0
2420,20260421,185,5761,1,2,1,4,1,,3,2543.15,138.44,4927.85,0
2421,20260422,189,6433,22,1,2,6,1,,4,2135.29,139.09,4447.49,0
2422,20260423,148,5239,17,3,1,8,1,,1,888.67,194.92,2883.65,0
2423,20260424,112,5600,15,2,1,4,1,,4,1948.26,264.25,3620.37,0
2424,20260425,173,6431,23,3,2,2,1,,6,2614.07,146.47,3946.72,0
2425,20260426,157,5025,13,2,2,11,1,,2,2010.17,254.61,4027.2,0
2426,20260427,167,5874,7,1,1,2,1,,2,2519.87,247.63,621.8,0
2427,20260428,107,6475,22,3,2,3,1,,4,2361.06,231.97,4413.55,0
2428,20260429,127,5420,7,4,2,11,1,,5,1314.46,284.1,2792.79,0
2429,20260430,189,6107,20,4,2,12,1,,6,1931.53,209.19,2215.36,0
2430,20260501,143,6311,22,3,2,7,1,,5,719.39,168.69,2167.12,0
2431,20260201,154,5574,19,1,1,4,1,,2,1027.72,110.88,4402.25,0
2432,20260202,173,5441,12,1,1,2,1,,1,2557.41,87.53,993.76,0
2433,20260203,145,6087,23,1,1,4,1,,5,2161.0,173.12,3907.99,0
2434,20260204,195,5074,10,3,1,1,1,,3,547.45,72.6,2068.57,0
2435,20260205,150,6043,11,1,1,6,1,,2,1653.86,196.36,1734.98,0
2436,20260206,183,5445,16,3,2,6,1,,3,1613.65,59.13,3310.09,0
2437,20260207,102,5212,13,3,2,5,1,,4,663.98,252.24,2528.61,0
2438,20260208,134,5074,3,1,1,8,1,,6,646.5,269.24,2872.02,0
2439,20260209,172,6323,23,2,2,12,1,,1,1446.24,32.01,2821.81,0
2440,20260210,150,5869,17,4,1,2,1,,5,1771.09,247.98,2234.21,0
2441,20260211,146,6187,24,2,1,3,1,,4,557.61,260.94,3737.38,0
2442,20260212,104,5682,18,2,2,4,1,,3,1255.69,161.74,3146.28,0
2443,20260213,155,5671,15,2,2,4,1,,3,2684.45,296.22,3103.26,0
2444,20260214,176,6043,6,3,1,7,1,,4,1982.7,28.28,4574.4,0
2445,20260215,190,5988,11,1,1,11,1,,3,1694.62,80.31,2413.95,0
2446,20260216,171,5994,20,2,1,4,1,,1,763.9,154.63,1420.29,0
2447,20260217,160,5367,16,4,2,10,1,,5,2346.69,66.59,1924.95,0
2448,20260218,182,5760,24,1,1,6,1,,2,2499.49,111.19,1849.21,0
2449,20260219,114,5489,1,4,1,1,1,,5,2598.63,277.16,1062.78,0
2450,20260220,193,5017,21,4,1,9,1,,6,2427.07,285.04,4070.11,0
2451,20260221,161,5934,24,1,1,9,1,,3,736.5,38.48,3796.19,0
2452,20260222,184,6033,13,2,1,10,1,,1,420.69,272.22,1158.92,0
2453,20260223,107,5290,23,3,1,4,1,,3,2020.33,146.66,4498.02,0
2454,20260224,107,5715,24,4,2,8,1,,1,2217.74,250.27,4026.66,0
2455,20260225,155,5247,22,4,1,7,1,,3,2103.46,130.35,3973.46,0
2456,20260226,152,5933,14,3,1,10,1,,5,2136.23,113.29,4346.12,0
2457,20260227,125,5589,9,1,1,10,1,,6,1279.95,48.44,4208.54,1
2458,20260228,137,5284,22,4,2,4,1,,4,1897.94,287.16,1320.35,0
2459,20260301,112,6187,3,3,1,10,1,,6,431.88,6.38,3619.76,0
2460,20260302,162,6376,8,4,1,2,1,,3,1582.82,192.16,1014.3,0
2461,20260303,143,5077,24,1,1,2,1,,4,2101.21,272.86,2385.77,0
2462,20260304,104,6033,2,2,2,6,1,,5,1772.37,62.68,1677.44,0
2463,20260305,160,5689,20,4,1,4,1,,3,1093.65,150.12,1431.57,0
2464,20260306,163,5183,20,2,1,5,1,,5,1367.01,171.04,4181.91,0
2465,20260307,150,5497,23,4,2,5,1,,6,2396.21,243.69,603.26,0
2466,20260308,127,5188,16,2,2,7,1,,3,751.01,155.53,1896.7,0
2467,20260309,169,5683,9,2,2,11,1,,2,1096.24,11.82,654.72,0
2468,20260310,195,6384,22,2,1,9,1,,4,1993.77,25.91,3499.43,0
2469,20260311,149,5036,11,1,1,9,1,,3,1071.53,247.17,2729.78,0
2470,20260312,115,5821,21,2,1,11,1,,6,2141.18,296.51,1941.21,0
2471,20260313,154,6343,7,4,1,1,1,,1,2576.98,17.06,669.72,0
2472,20260314,107,6078,20,2,1,9,1,,4,1650.5,218.14,4142.94,0
2473,20260315,140,6089,2,2,1,6,1,,6,2684.41,19.34,2946.9,0
2474,20260316,177,5369,20,1,1,1,1,,3,2095.07,190.01,2377.22,0
2475,20260317,112,5497,14,4,1,9,1,,6,459.36,236.66,870.56,0
2476,20260318,118,6382,21,4,1,6,1,,5,1127.44,137.66,3638.33,0
2477,20260319,133,5938,1,3,1,2,1,,1,487.21,104.66,2968.16,0
2478,20260320,128,6382,24,2,1,10,1,,4,1593.27,60.84,2515.39,0
2479,20260321,165,5595,5,1,1,12,1,,3,735.83,126.66,1547.51,0
2480,20260322,153,5730,21,1,1,7,1,,4,1425.14,207.02,942.32,0
2481,20260323,164,5981,13,2,1,7,1,,2,1437.86,157.79,3491.61,0
2482,20260324,146,5051,3,4,1,8,1,,4,812.55,47.67,2413.01,0
2483,20260325,156,5910,17,1,1,8,1,,6,1353.0,284.88,4952.8,0
2484,20260326,142,5347,6,1,2,5,1,,5,1800.96,242.53,3045.2,0
2485,20260327,114,5278,11,3,2,8,1,,4,765.51,96.81,3214.68,0
2486,20260328,164,5779,10,1,1,9,1,,3,2703.02,159.66,1926.89,0
2487,20260329,110,6456,10,1,2,2,1,,4,1191.19,165.43,1348.12,0
2488,20260330,109,5285,19,3,2,6,1,,1,1682.52,132.42,3417.29,0
2489,20260331,140,6077,14,1,1,11,1,,3,2257.28,1.31,3215.61,0
2490,20260401,134,5553,20,2,2,9,1,,4,1238.99,138.92,724.05,0
2491,20260402,130,6316,1,2,1,1,1,,1,644.02,263.16,2029.53,0
2492,20260403,102,5131,21,4,1,8,1,,3,810.2,226.27,603.31,0
2493,20260404,185,6318,20,3,1,3,1,,2,944.95,56.71,3221.28,0
2494,20260405,116,6299,18,1,2,3,1,,1,432.74,285.67,3375.22,0
2495,20260406,103,5279,9,2,2,11,1,,6,1416.34,77.87,4122.19,0
2496,20260407,158,5745,8,4,2,1,1,,6,2341.53,148.45,4018.53,0
2497,20260408,112,6315,9,3,2,11,1,,5,1281.95,122.4,3996.38,0
2498,20260409,164,5524,2,4,2,4,1,,3,1950.26,75.95,2177.05,0
2499,20260410,133,5677,24,1,2,7,1,,6,1429.93,164.69,2914.07,0
2500,20260411,154,5725,17,2,2,9,1,,2,2287.72,168.47,4352.67,0
2501,20260412,185,5724,21,4,1,7,1,,4,918.0,293.59,4234.42,0
2502,20260413,167,5642,8,2,1,11,1,,4,1534.63,157.36,520.59,0
2503,20260414,166,6248,10,2,1,11,1,,4,2251.49,183.03,1482.99,0
2504,20260415,184,5516,10,2,2,10,1,,6,1209.32,160.67,2102.14,0
2505,20260416,198,6483,10,3,1,6,1,,6,476.51,52.46,1711.13,0
2506,20260417,160,5339,24,1,1,8,1,,2,1072.87,275.33,3911.71,0
2507,20260418,198,5402,19,1,2,8,1,,2,2595.23,147.01,1138.45,0
2508,20260419,176,5645,9,3,1,4,1,,5,2620.9,19.03,1119.68,0
2509,20260420,172,5720,4,3,1,11,1,,2,2053.91,190.81,1849.54,0
2510,20260421,144,5048,22,2,1,5,1,,2,1224.2,265.42,1126.71,0
2511,20260422,160,6222,9,2,1,8,1,,5,2460.33,227.53,1346.41,0
2512,20260423,193,6485,4,1,1,4,1,,6,1246.22,8.76,4971.91,0
2513,20260424,122,5822,12,2,2,5,1,,2,1723.27,252.15,2211.37,1
2514,20260425,124,6368,12,1,1,9,1,,3,1590.18,158.56,2993.03,0
2515,20260426,187,5717,12,3,2,2,1,,3,1916.61,129.42,684.4,0
2516,20260427,178,6282,3,2,2,2,1,,1,1543.93,270.56,1869.96,0
2517,20260428,146,5641,22,2,2,12,1,,1,2617.14,125.36,2632.58,0
2518,20260429,170,5221,14,4,1,4,1,,4,1000.43,28.64,4295.48,0
2519,20260430,112,6368,11,4,2,7,1,,6,2132.59,260.85,1250.54,0
2520,20260501,155,5528,4,2,2,1,1,,5,1018.09,35.56,4890.68,0
2521,20260201,184,5906,13,2,1,10,1,,5,2638.98,127.17,1553.19,0
2522,20260202,178,5884,8,1,1,10,1,,5,1206.47,22.13,3851.29,0
2523,20260203,108,5637,11,1,2,12,1,,5,2371.61,161.96,4629.58,0
2524,20260204,117,6387,23,4,2,4,1,,6,2329.19,284.29,4785.21,0
2525,20260205,128,5575,8,1,2,9,1,,3,2440.5,27.14,1812.89,0
2526,20260206,120,5118,5,3,1,7,1,,3,1279.04,257.71,1151.39,0
2527,20260207,123,6480,8,1,1,5,1,,2,1531.31,230.13,2487.04,0
2528,20260208,160,5379,20,1,1,12,1,,3,1102.73,7.28,1783.57,0
2529,20260209,134,5398,3,2,2,4,1,,4,2519.04,111.75,4619.08,0
2530,20260210,111,5079,22,2,2,8,1,,1,2027.69,32.16,571.1,0
2531,20260211,119,6400,19,1,2,10,1,,2,1335.58,234.68,2028.79,0
2532,20260212,109,5926,7,2,1,7,1,,2,2044.74,25.01,741.09,0
2533,20260213,165,6002,8,2,1,2,1,,5,1719.87,119.12,4549.52,0
2534,20260214,142,5907,7,4,2,8,1,,1,2254.9,107.7,3041.96,0
2535,20260215,188,5925,16,1,2,11,1,,3,1231.02,178.46,3284.38,0
2536,20260216,194,5166,12,2,1,5,1,,3,1162.71,3.11,4946.86,0
2537,20260217,101,5269,21,4,1,9,1,,4,1731.88,10.26,1458.71,0
2538,20260218,140,6307,12,1,1,10,1,,3,1607.2,135.78,2284.7,0
2539,20260219,131,6329,2,3,1,10,1,,6,2292.83,81.94,3581.8,0
2540,20260220,159,6392,12,3,1,9,1,,6,2136.64,72.03,2407.84,0
2541,20260221,165,5198,2,1,1,9,1,,6,717.19,51.76,718.11,0
2542,20260222,197,5643,4,2,1,5,1,,4,544.26,163.65,1218.57,0
2543,20260223,101,5202,8,2,2,4,1,,2,475.66,165.05,1386.44,0
2544,20260224,194,5158,22,4,1,12,1,,6,1386.58,124.6,540.67,0
2545,20260225,169,6158,22,1,2,4,1,,6,1312.9,3.79,3870.89,1
2546,20260226,176,6447,10,4,2,8,1,,2,510.82,6.94,1082.31,0
2547,20260227,133,6432,23,1,1,8,1,,1,1496.2,130.11,1710.47,0
2548,20260228,147,5057,21,3,1,3,1,,2,1501.07,158.73,864.17,0
2549,20260301,115,6197,3,3,2,6,1,,3,2643.38,126.09,2626.75,0
2550,20260302,179,5810,12,3,2,2,1,,5,846.55,128.34,852.11,0
2551,20260303,157,5914,24,1,2,3,1,,4,977.24,106.31,979.48,0
2552,20260304,195,5823,13,4,1,1,1,,3,1272.3,62.24,943.01,0
2553,20260305,170,6075,16,3,1,3,1,,6,735.5,206.22,4674.33,0
2554,20260306,198,5592,22,4,1,5,1,,3,2289.9,265.72,1291.59,0
2555,20260307,155,5420,24,2,1,5,1,,6,665.08,241.66,2372.43,0
2556,20260308,113,6402,10,2,1,6,1,,2,1109.25,68.03,3204.34,0
2557,20260309,169,5864,7,4,2,8,1,,1,2420.13,116.49,2196.98,0
2558,20260310,173,5794,19,4,1,4,1,,4,1722.9,233.82,1540.97,0
2559,20260311,104,5570,18,2,2,11,1,,5,2609.28,68.35,3780.21,0
2560,20260312,189,5162,12,2,1,12,1,,5,672.68,193.15,2671.49,0
2561,20260313,108,5786,11,2,2,2,1,,1,2578.82,14.96,3842.72,0
2562,20260314,188,5298,19,1,1,9,1,,4,808.81,154.07,1763.45,0
2563,20260315,116,6063,7,1,1,9,1,,1,1471.24,175.02,4950.06,0
2564,20260316,152,6336,2,4,2,11,1,,4,1661.97,218.73,4264.3,0
2565,20260317,167,6344,9,4,2,10,1,,5,1477.11,180.08,1920.76,0
2566,20260318,118,5219,16,1,1,5,1,,5,2448.8,237.16,4945.3,0
2567,20260319,146,6059,24,1,1,1,1,,4,584.73,63.38,4103.55,0
2568,20260320,191,5642,14,2,1,7,1,,2,2389.82,50.45,2574.49,0
2569,20260321,147,5722,15,2,2,2,1,,4,1832.04,182.64,1480.63,0
2570,20260322,172,6039,3,1,1,9,1,,6,2105.27,194.48,4491.77,0
2571,20260323,107,5803,17,2,1,2,1,,2,1943.2,3.89,845.87,0
2572,20260324,164,5713,7,2,1,7,1,,2,2325.94,207.32,2397.16,0
2573,20260325,116,5496,3,4,2,5,1,,5,487.91,254.37,1897.13,0
2574,20260326,178,5116,8,4,1,10,1,,3,2199.36,111.47,3994.36,0
2575,20260327,165,5461,11,4,1,11,1,,5,2600.97,164.45,4238.89,0
2576,20260328,120,5987,9,2,1,3,1,,3,2265.27,267.59,976.29,0
2577,20260329,135,5143,20,2,2,9,1,,1,1910.44,252.91,4564.53,0
2578,20260330,133,6011,14,2,1,12,1,,2,2096.0,121.74,667.95,0
2579,20260331,190,6111,13,2,2,6,1,,3,634.4,62.37,3976.52,0
2580,20260401,133,5652,8,1,2,7,1,,2,2262.35,180.93,539.05,0
2581,20260402,199,5964,20,4,2,10,1,,1,1961.47,128.59,3477.21,0
2582,20260403,147,6187,18,4,1,11,1,,3,2595.2,9.63,4933.72,0
2583,20260404,179,6240,6,1,2,8,1,,6,2263.36,56.45,3428.83,0
2584,20260405,198,5191,14,4,1,2,1,,2,917.9,186.51,1364.49,0
2585,20260406,155,5928,1,4,1,2,1,,4,1976.47,211.98,4885.79,0
2586,20260407,191,5370,10,2,1,11,1,,2,2163.94,283.53,923.26,0
2587,20260408,179,6076,24,2,1,7,1,,6,2589.67,55.45,1556.1,0
2588,20260409,141,5632,1,1,1,11,1,,3,1096.45,50.46,3923.51,0
2589,20260410,171,5555,5,1,1,12,1,,3,987.16,251.04,2155.35,0
2590,20260411,190,6231,10,4,2,6,1,,6,2546.67,27.26,3507.38,0
2591,20260412,166,5873,22,1,2,7,1,,3,419.35,240.81,1782.53,0
2592,20260413,140,6014,12,2,1,4,1,,4,493.44,93.31,3363.29,0
2593,20260414,139,5666,3,1,1,7,1,,1,2001.75,246.54,817.7,0
2594,20260415,183,5409,11,4,2,10,1,,3,834.97,173.37,4955.34,0
2595,20260416,105,6299,6,2,2,7,1,,6,1315.85,174.93,4714.44,0
2596,20260417,155,6229,6,2,2,4,1,,2,1689.42,27.98,1625.22,0
2597,20260418,109,6281,18,2,1,10,1,,2,2280.26,91.66,1761.99,1
2598,20260419,181,5305,10,1,2,7,1,,6,826.42,223.4,1715.72,0
2599,20260420,125,5413,10,2,1,5,1,,2,1534.34,30.76,4806.8,0
2600,20260421,168,5781,14,3,1,9,1,,4,2262.51,108.59,1795.87,1
2601,20260422,137,5511,24,2,2,10,1,,2,1730.76,103.06,2523.95,0
2602,20260423,127,5697,1,3,1,9,1,,6,2568.21,156.92,3296.58,0
2603,20260424,148,6247,9,4,1,4,1,,5,1424.61,271.29,4431.31,0
2604,20260425,155,5581,11,2,2,10,1,,1,2414.82,141.1,1976.62,0
2605,20260426,134,5938,4,2,1,1,1,,5,2315.61,102.07,1113.68,0
2606,20260427,166,5933,7,3,2,12,1,,6,1865.25,120.59,2197.81,0
2607,20260428,156,5881,15,3,2,1,1,,4,2081.91,137.27,4340.09,0
2608,20260429,183,5046,14,1,1,5,1,,5,1456.76,24.61,618.43,0
2609,20260430,198,5441,17,3,2,2,1,,3,1341.25,248.78,2384.74,0
2610,20260501,194,5668,1,3,1,9,1,,6,1612.44,283.1,3588.01,0
2611,20260201,150,6007,22,3,2,10,1,,6,2039.42,61.32,3624.32,0
2612,20260202,148,6251,21,4,2,1,1,,3,1178.09,272.8,3405.71,0
2613,20260203,153,5837,23,2,2,6,1,,3,509.35,247.45,3872.25,0
2614,20260204,134,5365,18,4,1,8,1,,6,1688.94,50.35,1990.1,0
2615,20260205,158,5255,10,1,1,6,1,,1,2752.81,204.75,1583.23,0
2616,20260206,142,6446,16,4,1,7,1,,3,1633.99,236.88,3331.33,0
2617,20260207,198,5511,17,3,1,12,1,,4,2462.68,260.45,3520.28,0
2618,20260208,126,5662,17,3,1,1,1,,6,2415.76,6.52,857.6,0
2619,20260209,198,5290,15,4,2,2,1,,5,1956.45,0.46,1822.76,0
2620,20260210,165,5756,5,4,2,6,1,,5,1302.51,142.45,4511.9,0
2621,20260211,150,5671,14,2,1,4,1,,6,1413.91,76.12,3560.01,0
2622,20260212,128,6288,20,3,2,9,1,,5,1306.05,221.62,1600.72,0
2623,20260213,114,6101,3,2,1,4,1,,3,1455.39,126.5,2645.5,0
2624,20260214,196,5098,15,2,1,8,1,,3,1071.86,107.2,2576.98,0
2625,20260215,155,5355,22,4,1,7,1,,2,2663.68,133.35,1909.23,0
2626,20260216,106,6044,20,4,2,5,1,,4,2718.85,257.61,3259.74,0
2627,20260217,188,5588,21,2,2,9,1,,6,1202.28,176.23,4317.99,0
2628,20260218,158,5942,9,1,1,8,1,,4,1517.75,167.27,1766.27,0
2629,20260219,134,5308,1,4,2,8,1,,3,593.24,179.03,2078.3,0
2630,20260220,139,5181,3,3,2,4,1,,6,2264.69,17.82,3147.62,0
2631,20260221,105,6318,23,1,2,12,1,,1,2311.14,111.78,2106.81,0
2632,20260222,165,5308,8,3,2,6,1,,2,1660.8,287.58,2000.89,0
2633,20260223,185,5866,12,2,2,3,1,,2,2475.81,39.04,2352.28,0
2634,20260224,105,6293,22,1,1,5,1,,4,469.37,299.86,3815.88,0
2635,20260225,109,5123,24,2,2,10,1,,6,1268.02,126.42,853.99,1
2636,20260226,189,6225,17,4,2,2,1,,1,1714.28,204.85,1932.27,0
2637,20260227,128,5918,9,4,2,2,1,,3,2152.4,141.12,2412.73,0
2638,20260228,112,6046,21,4,2,11,1,,1,1073.59,138.47,3125.98,0
2639,20260301,152,6375,21,4,1,12,1,,5,437.97,111.86,1099.25,0
2640,20260302,152,5703,20,3,1,9,1,,6,1885.18,82.87,1238.32,0
2641,20260303,130,6417,8,1,1,10,1,,6,846.25,126.84,1785.98,0
2642,20260304,103,5647,9,4,1,10,1,,5,1413.59,274.39,801.88,0
2643,20260305,108,5727,3,2,1,9,1,,4,1302.63,92.5,1883.88,0
2644,20260306,132,5437,18,1,2,8,1,,6,2177.56,101.88,1675.18,0
2645,20260307,139,5620,5,1,1,6,1,,5,1029.89,30.93,4685.1,0
2646,20260308,196,6377,6,2,2,11,1,,2,2411.93,297.63,2917.72,0
2647,20260309,196,6397,23,4,2,5,1,,4,1549.76,28.65,905.78,0
2648,20260310,127,5751,3,2,1,3,1,,3,1633.88,58.68,4553.16,0
2649,20260311,154,5652,18,1,2,4,1,,5,2645.6,232.75,2141.06,0
2650,20260312,122,6421,4,4,2,6,1,,5,2336.15,17.37,3098.01,0
2651,20260313,139,6446,22,1,1,9,1,,4,1192.7,242.3,4277.76,0
2652,20260314,115,5772,15,3,1,4,1,,5,893.28,256.14,3144.18,0
2653,20260315,140,6091,19,1,1,12,1,,1,2782.61,288.16,792.64,0
2654,20260316,134,5789,7,3,1,12,1,,5,2756.87,51.91,4616.28,0
2655,20260317,114,6412,20,3,2,12,1,,2,2747.38,254.1,4281.87,0
2656,20260318,195,5209,6,1,2,3,1,,4,2571.05,88.56,4955.66,0
2657,20260319,138,6483,13,1,1,4,1,,1,1197.62,192.33,2130.99,0
2658,20260320,107,5129,11,2,1,4,1,,1,2340.32,89.05,2524.01,0
2659,20260321,169,5181,22,1,1,10,1,,6,1377.44,184.17,1863.86,0
2660,20260322,199,5641,11,4,2,12,1,,6,1437.18,224.79,1874.42,0
2661,20260323,139,5246,18,2,1,3,1,,4,2653.02,257.31,3190.78,0
2662,20260324,144,5313,2,4,2,11,1,,1,2643.85,275.21,4116.61,0
2663,20260325,103,5859,4,4,2,12,1,,5,623.88,17.66,3891.9,0
2664,20260326,190,6489,17,2,1,11,1,,3,721.59,222.02,2320.24,0
2665,20260327,119,5855,17,2,1,11,1,,1,1918.77,149.77,4675.42,0
2666,20260328,152,5350,21,4,2,3,1,,1,1669.79,189.43,2734.56,0
2667,20260329,191,5177,24,1,1,6,1,,5,952.95,198.61,3353.65,0
2668,20260330,182,5721,16,2,1,9,1,,6,1494.08,211.04,1210.55,0
2669,20260331,104,5096,21,4,2,9,1,,3,1877.64,220.5,1643.4,0
2670,20260401,125,6140,15,1,1,10,1,,3,612.09,100.4,4554.35,0
2671,20260402,106,5679,22,1,1,11,1,,5,1358.64,241.8,697.63,0
2672,20260403,171,5059,6,2,2,1,1,,4,2279.62,254.16,4488.84,0
2673,20260404,134,5924,13,3,1,12,1,,5,455.91,261.19,3355.54,0
2674,20260405,194,6197,17,3,2,7,1,,6,1023.0,10.58,4552.61,0
2675,20260406,143,6285,12,4,1,4,1,,5,1741.27,159.25,4670.36,0
2676,20260407,157,6491,13,3,2,12,1,,5,1896.26,71.3,1427.02,0
2677,20260408,185,5108,14,2,1,10,1,,1,2523.33,297.69,4097.14,0
2678,20260409,125,6139,13,1,2,8,1,,5,1065.03,225.97,4561.48,0
2679,20260410,111,6183,20,1,1,9,1,,1,897.55,36.38,3744.64,0
2680,20260411,133,6068,19,3,1,9,1,,2,2681.77,170.86,1886.18,0
2681,20260412,176,6457,4,3,2,10,1,,6,514.67,108.51,1884.31,0
2682,20260413,117,6149,8,3,1,12,1,,4,1538.16,191.88,4190.33,0
2683,20260414,143,6493,8,2,2,8,1,,1,2338.79,76.75,2797.4,0
2684,20260415,167,5828,21,4,2,7,1,,6,1985.99,177.9,1250.6,0
2685,20260416,200,6359,22,2,1,9,1,,2,2120.57,270.32,3920.61,0
2686,20260417,115,6080,7,2,1,6,1,,2,500.16,269.48,2814.08,0
2687,20260418,155,6097,24,3,2,8,1,,4,1933.93,150.71,3248.65,0
2688,20260419,152,5571,11,2,2,5,1,,6,1073.74,97.64,3086.79,0
2689,20260420,143,5301,3,2,2,11,1,,2,594.79,143.27,4537.5,0
2690,20260421,188,6453,11,2,2,5,1,,5,2100.49,289.61,891.44,0
2691,20260422,188,5132,23,3,2,11,1,,2,1428.5,96.97,1041.35,0
2692,20260423,196,6336,4,4,2,5,1,,3,937.65,183.94,2100.17,0
2693,20260424,141,5148,12,4,2,2,1,,5,1367.93,158.82,2420.46,0
2694,20260425,193,5017,2,2,2,12,1,,5,2363.62,18.31,996.16,0
2695,20260426,125,5078,3,3,2,11,1,,6,772.56,276.59,1150.63,0
2696,20260427,168,5576,18,2,2,11,1,,5,801.74,114.47,2989.84,0
2697,20260428,173,6288,17,3,2,11,1,,6,518.36,24.84,3351.96,0
2698,20260429,165,5069,9,1,1,4,1,,3,1728.52,21.6,4344.5,0
2699,20260430,129,5899,24,2,2,9,1,,4,1360.59,224.06,969.47,0
2700,20260501,145,5669,9,3,2,1,1,,3,988.12,46.27,2268.28,0
2701,20260201,179,5896,16,3,2,11,1,,6,730.69,40.81,3331.07,0
2702,20260202,196,5423,13,3,1,2,1,,5,2058.1,213.18,4194.55,1
2703,20260203,145,5838,15,2,2,12,1,,1,809.71,25.65,4465.58,0
2704,20260204,146,5658,24,2,1,1,1,,6,1593.11,102.06,1940.12,0
2705,20260205,118,5183,6,4,1,7,1,,3,922.11,182.2,2289.49,0
2706,20260206,183,6049,9,3,2,1,1,,4,1746.83,233.03,600.69,0
2707,20260207,162,5704,3,1,1,8,1,,4,1299.15,20.56,3076.64,0
2708,20260208,189,5568,10,1,2,10,1,,2,1213.73,201.66,2432.5,0
2709,20260209,136,6270,18,2,1,9,1,,6,1207.23,171.11,1724.51,0
2710,20260210,157,5890,12,4,2,10,1,,1,1555.38,108.49,1863.47,0
2711,20260211,179,5540,21,2,2,4,1,,4,1688.9,197.17,958.32,0
2712,20260212,153,6155,6,2,1,10,1,,3,2242.44,257.58,741.96,0
2713,20260213,152,6422,8,3,1,6,1,,2,1263.86,139.14,1062.45,0
2714,20260214,107,6360,2,1,1,6,1,,6,1005.43,136.46,1529.22,0
2715,20260215,137,6259,9,2,1,11,1,,3,2066.16,145.13,1278.27,0
2716,20260216,147,5960,17,3,2,5,1,,1,935.8,81.11,4848.82,0
2717,20260217,182,6000,10,1,2,9,1,,3,2501.29,112.23,1462.99,0
2718,20260218,186,5644,5,2,1,9,1,,3,2720.17,104.86,579.44,0
2719,20260219,200,6381,24,3,2,12,1,,5,1123.39,146.34,4675.85,0
2720,20260220,113,6339,14,4,1,3,1,,5,2256.19,78.75,3381.24,0
2721,20260221,200,5397,14,2,1,4,1,,6,2166.55,236.13,3371.38,1
2722,20260222,157,5004,10,1,2,2,1,,3,1361.07,177.87,4891.12,0
2723,20260223,182,6468,4,3,2,11,1,,5,1573.94,242.81,4192.32,0
2724,20260224,132,5596,4,3,2,10,1,,3,2787.27,155.46,1475.38,0
2725,20260225,137,5764,23,4,1,2,1,,4,460.96,182.54,2247.37,0
2726,20260226,103,5160,15,3,1,11,1,,1,2219.15,131.5,658.7,0
2727,20260227,150,5943,19,3,1,8,1,,5,1437.94,179.21,4748.72,0
2728,20260228,141,5643,22,1,2,12,1,,2,663.62,239.44,3102.35,0
2729,20260301,200,5485,22,4,2,7,1,,6,999.97,299.46,4057.64,0
2730,20260302,163,5492,12,3,2,1,1,,4,538.7,38.43,2902.9,0
2731,20260303,128,5554,3,2,1,6,1,,1,2207.88,183.63,834.85,0
2732,20260304,125,5097,20,4,2,3,1,,4,1924.61,292.67,1520.2,0
2733,20260305,152,6378,8,3,2,12,1,,6,1762.66,132.49,4190.83,0
2734,20260306,109,6423,9,1,1,12,1,,6,426.41,15.46,2553.25,0
2735,20260307,193,5468,12,4,2,9,1,,2,1335.6,7.56,1283.48,0
2736,20260308,144,5372,22,4,1,12,1,,4,2343.47,283.79,3683.94,0
2737,20260309,109,5290,17,4,2,10,1,,1,612.31,37.88,1077.9,0
2738,20260310,126,5341,3,3,1,6,1,,2,2332.25,24.78,986.92,0
2739,20260311,163,6315,18,2,2,10,1,,3,1346.35,227.47,1933.13,0
2740,20260312,134,6289,21,3,2,6,1,,6,915.45,112.44,4185.37,0
2741,20260313,136,5587,3,1,1,12,1,,5,1997.76,229.35,3633.27,0
2742,20260314,111,5438,13,4,1,9,1,,1,2049.16,43.32,1427.35,0
2743,20260315,183,6318,18,1,1,8,1,,6,1429.21,90.27,948.73,0
2744,20260316,200,5573,16,1,2,7,1,,6,722.99,8.37,835.25,0
2745,20260317,185,6070,8,2,1,6,1,,3,2739.47,269.82,1000.81,0
2746,20260318,157,5347,18,2,2,1,1,,2,403.89,144.5,3999.7,0
2747,20260319,138,5960,16,1,1,7,1,,6,1996.03,130.65,4870.96,0
2748,20260320,131,5953,13,2,2,1,1,,4,1410.56,144.83,4272.52,0
2749,20260321,182,5853,6,1,2,3,1,,1,1076.65,157.07,2822.65,0
2750,20260322,172,5102,22,3,1,9,1,,4,2353.41,66.71,1517.85,0
2751,20260323,186,5332,13,3,2,7,1,,3,1875.42,140.18,991.35,0
2752,20260324,179,5171,13,1,2,12,1,,6,2206.56,182.77,591.95,0
2753,20260325,133,6166,2,4,1,4,1,,3,713.65,244.31,4991.22,0
2754,20260326,191,6221,15,1,1,9,1,,1,2169.74,112.13,3082.41,0
2755,20260327,125,5814,18,2,2,8,1,,1,1509.69,52.55,4823.26,0
2756,20260328,132,5138,20,2,2,12,1,,2,2274.3,102.28,1273.43,0
2757,20260329,101,5288,6,1,2,10,1,,6,2630.13,7.53,3685.28,0
2758,20260330,159,5752,9,1,1,10,1,,2,877.57,298.1,2953.56,0
2759,20260331,197,6032,10,2,1,1,1,,4,1269.01,71.79,4115.47,0
2760,20260401,111,5984,10,3,2,7,1,,5,922.41,207.08,2053.23,0
2761,20260402,104,5334,24,1,2,1,1,,1,761.3,162.92,1352.29,0
2762,20260403,174,5677,12,4,1,4,1,,3,2339.26,258.7,2542.08,0
2763,20260404,164,6010,3,4,1,4,1,,1,1228.96,150.1,4584.0,0
2764,20260405,174,5622,3,2,2,12,1,,4,411.55,27.97,2264.72,0
2765,20260406,170,5475,21,3,1,4,1,,4,1324.44,77.66,3902.24,0
2766,20260407,159,5827,15,4,2,1,1,,1,1330.66,67.33,1960.69,0
2767,20260408,184,6464,19,4,1,2,1,,6,2230.14,228.09,700.73,0
2768,20260409,129,5363,9,4,2,6,1,,4,2550.73,79.21,4407.26,0
2769,20260410,115,5001,10,3,1,10,1,,3,2082.18,294.97,3764.13,0
2770,20260411,128,5240,18,1,2,7,1,,1,2455.47,253.54,1229.89,0
2771,20260412,107,5932,20,3,2,8,1,,4,2396.69,31.56,730.51,0
2772,20260413,174,5969,13,3,2,6,1,,3,2016.67,105.33,2036.39,0
2773,20260414,120,6049,19,4,1,3,1,,4,2039.5,63.03,2781.09,0
2774,20260415,135,6394,1,2,1,10,1,,5,1018.77,205.58,2877.91,0
2775,20260416,145,5854,1,4,2,12,1,,5,2149.39,54.6,4394.76,0
2776,20260417,184,6471,14,1,1,9,1,,2,2635.57,234.54,2643.61,0
2777,20260418,180,5907,15,4,2,10,1,,3,1524.13,227.06,1423.04,0
2778,20260419,173,5833,5,4,1,8,1,,4,1814.22,263.8,4135.54,0
2779,20260420,157,5143,22,1,1,8,1,,2,2772.05,36.96,2992.54,0
2780,20260421,154,5354,6,1,2,9,1,,6,2599.09,86.23,1237.84,0
2781,20260422,125,6402,8,1,1,4,1,,5,1814.53,68.94,1759.65,0
2782,20260423,103,5822,23,1,2,10,1,,3,2098.52,204.02,510.38,0
2783,20260424,179,5705,21,2,1,6,1,,4,1690.45,117.54,4003.38,0
2784,20260425,177,5626,3,2,2,4,1,,4,2116.97,14.57,4034.61,0
2785,20260426,134,5520,17,3,2,9,1,,4,2271.69,102.19,979.85,0
2786,20260427,175,6294,17,1,2,3,1,,3,1240.15,93.31,1144.28,0
2787,20260428,101,5664,8,4,2,5,1,,2,1276.39,240.21,2658.52,0
2788,20260429,155,6128,17,4,2,1,1,,6,833.02,68.61,3155.41,0
2789,20260430,117,5346,4,2,1,8,1,,1,2564.71,27.91,4859.77,0
2790,20260501,142,6148,13,4,1,10,1,,5,1988.4,161.98,2623.89,0
2791,20260201,168,5992,6,4,1,12,1,,1,1003.84,47.25,1893.72,0
2792,20260202,147,5838,6,1,2,11,1,,5,1341.52,90.13,2422.0,0
2793,20260203,131,5399,6,1,2,1,1,,1,1178.04,210.48,1304.59,0
2794,20260204,163,5640,11,1,1,1,1,,2,2034.65,219.19,3452.38,0
2795,20260205,101,5169,24,4,2,5,1,,3,2673.08,20.05,1739.42,0
2796,20260206,164,6269,5,1,1,5,1,,4,1396.13,262.33,1937.92,0
2797,20260207,195,5037,4,3,1,7,1,,6,2033.31,134.19,1740.99,0
2798,20260208,107,5471,24,4,1,8,1,,5,2580.51,102.5,3807.25,0
2799,20260209,125,5414,1,3,2,3,1,,2,2053.11,64.85,2907.09,0
2800,20260210,183,5022,14,1,1,5,1,,3,1469.04,178.33,1531.04,0
2801,20260211,152,5995,3,3,2,9,1,,6,639.34,190.28,531.35,0
2802,20260212,147,5091,24,1,2,8,1,,5,2754.92,292.63,3511.89,0
2803,20260213,104,6265,5,3,1,10,1,,2,510.93,254.52,1196.32,0
2804,20260214,193,6477,12,2,1,4,1,,6,758.55,169.53,4288.0,1
2805,20260215,135,6179,21,2,2,10,1,,3,1613.25,178.02,964.13,0
2806,20260216,169,6294,12,3,1,2,1,,4,2421.56,240.62,3406.66,0
2807,20260217,111,5579,20,2,1,8,1,,3,2393.18,137.85,3631.96,0
2808,20260218,115,5635,6,3,2,4,1,,5,1388.91,115.64,2056.22,0
2809,20260219,111,6060,18,2,1,3,1,,3,1967.52,285.74,4855.31,0
2810,20260220,161,6491,15,2,2,12,1,,4,1552.04,264.56,1660.47,0
2811,20260221,125,6302,10,2,2,5,1,,5,2552.17,155.67,1241.56,0
2812,20260222,149,5742,16,1,2,7,1,,6,2443.38,66.84,2833.37,0
2813,20260223,187,6327,2,2,1,4,1,,3,2627.43,194.18,3383.18,0
2814,20260224,117,5601,16,4,1,11,1,,1,2130.39,170.29,542.68,0
2815,20260225,109,5859,23,3,2,4,1,,4,1396.48,86.4,1255.07,0
2816,20260226,149,6423,23,2,1,6,1,,3,1825.36,276.85,1493.71,0
2817,20260227,177,5473,2,1,2,11,1,,1,2589.69,203.63,1167.39,0
2818,20260228,131,5223,23,1,2,3,1,,2,1350.4,273.43,1663.81,0
2819,20260301,143,5863,19,1,1,11,1,,1,1652.09,37.76,3246.69,0
2820,20260302,129,5446,11,3,2,5,1,,2,779.0,161.61,1590.61,0
2821,20260303,198,6326,11,4,2,12,1,,4,2290.04,239.18,870.89,0
2822,20260304,146,5511,20,1,1,3,1,,4,2245.96,49.06,1855.38,0
2823,20260305,194,5484,13,3,1,1,1,,6,886.7,181.53,571.55,0
2824,20260306,105,6441,21,1,2,5,1,,4,1375.79,259.4,3402.15,0
2825,20260307,139,5299,15,4,1,12,1,,6,1179.73,77.94,4722.53,0
2826,20260308,192,5582,6,2,1,7,1,,5,1582.5,43.08,3673.98,0
2827,20260309,108,5887,15,3,2,10,1,,2,1892.73,91.73,1540.39,0
2828,20260310,174,5820,19,1,2,6,1,,2,2174.42,201.56,4393.07,0
2829,20260311,189,5711,6,4,1,6,1,,4,875.51,248.17,4216.98,0
2830,20260312,113,5454,8,1,2,4,1,,3,1216.93,188.72,4272.16,0
2831,20260313,127,5104,6,2,2,5,1,,1,2428.32,45.76,3911.69,0
2832,20260314,133,5045,21,3,1,12,1,,4,777.48,72.52,2060.78,0
2833,20260315,142,5149,13,1,1,4,1,,2,1183.97,245.66,2693.63,0
2834,20260316,112,5749,12,3,2,1,1,,5,2694.45,80.03,4989.5,0
2835,20260317,107,5560,5,2,2,6,1,,4,1133.32,23.61,3292.92,0
2836,20260318,148,5763,3,2,2,4,1,,5,2321.88,10.68,2688.41,0
2837,20260319,167,5155,19,1,1,12,1,,3,2568.2,104.79,3843.15,0
2838,20260320,194,6411,10,3,1,10,1,,6,2498.77,33.02,3614.03,0
2839,20260321,197,5644,12,4,1,7,1,,4,2314.1,52.1,2817.19,0
2840,20260322,184,5270,9,4,1,1,1,,4,688.78,123.16,4304.19,0
2841,20260323,110,6375,22,3,2,4,1,,3,715.42,262.2,503.49,0
2842,20260324,156,5150,11,1,2,3,1,,1,1154.54,168.71,2234.36,0
2843,20260325,146,6368,21,4,2,8,1,,1,1134.57,205.75,3617.29,0
2844,20260326,155,5050,17,1,1,2,1,,1,588.75,85.36,3894.4,0
2845,20260327,194,5197,2,2,1,8,1,,5,1658.67,167.18,2920.76,0
2846,20260328,127,5079,9,4,1,7,1,,2,1731.67,34.16,4850.98,0
2847,20260329,161,6450,18,3,1,9,1,,6,1247.73,126.14,3181.48,0
2848,20260330,145,6286,2,4,2,7,1,,5,1687.13,48.09,2653.85,0
2849,20260331,168,5071,1,4,1,12,1,,4,775.82,0.53,3372.43,0
2850,20260401,171,5230,22,3,2,3,1,,6,863.57,63.23,2389.89,0
2851,20260402,103,5955,17,2,1,9,1,,2,519.32,120.1,2495.5,0
2852,20260403,167,6226,19,3,1,11,1,,3,1232.03,85.22,2968.81,0
2853,20260404,153,5946,3,3,2,8,1,,3,1754.32,283.15,2205.13,0
2854,20260405,166,6482,14,4,2,2,1,,5,1210.3,147.43,954.39,0
2855,20260406,155,5624,12,4,1,6,1,,6,1858.29,109.63,2309.77,0
2856,20260407,139,5510,3,1,2,4,1,,5,2636.79,4.88,645.68,0
2857,20260408,145,6084,12,4,2,4,1,,2,2249.27,211.05,2669.5,0
2858,20260409,131,5038,22,2,1,7,1,,4,2050.03,144.31,3163.56,0
2859,20260410,121,5852,4,3,2,9,1,,4,2015.91,3.78,965.73,0
2860,20260411,134,6362,2,2,2,5,1,,3,1171.0,197.46,4985.54,0
2861,20260412,138,6209,2,1,1,10,1,,4,1363.51,137.47,2841.93,0
2862,20260413,162,5277,10,4,1,7,1,,2,431.66,239.5,3973.73,0
2863,20260414,132,6078,8,1,1,1,1,,5,590.72,67.02,1208.25,0
2864,20260415,140,6267,8,1,2,12,1,,6,1067.15,131.3,3056.62,0
2865,20260416,183,5846,11,3,2,7,1,,2,1628.76,148.96,1375.93,0
2866,20260417,113,6069,20,4,1,3,1,,3,772.49,233.4,3343.26,0
2867,20260418,108,5009,6,2,1,1,1,,2,938.69,286.18,675.29,0
2868,20260419,149,5959,15,1,1,6,1,,1,1982.31,155.6,3814.6,0
2869,20260420,134,5210,17,2,1,6,1,,1,1390.76,129.41,3693.37,0
2870,20260421,115,5369,7,2,2,9,1,,5,1105.39,82.62,3356.99,0
2871,20260422,105,6196,18,4,1,7,1,,1,1183.32,142.09,3251.75,0
2872,20260423,171,5578,10,3,1,1,1,,2,784.17,293.12,3623.36,0
2873,20260424,120,5515,18,4,1,12,1,,1,986.36,138.45,2579.11,0
2874,20260425,139,5752,2,2,1,2,1,,5,475.76,45.75,3555.68,0
2875,20260426,181,6203,4,3,1,10,1,,2,2006.89,122.63,2224.56,0
2876,20260427,104,5541,15,1,1,2,1,,5,2330.17,184.69,3801.37,0
2877,20260428,149,6348,22,2,2,12,1,,4,1382.1,165.66,3996.78,0
2878,20260429,138,5130,2,2,2,2,1,,3,623.77,226.69,2820.51,0
2879,20260430,115,6152,21,1,2,1,1,,3,2611.91,209.22,1541.55,0
2880,20260501,141,6303,4,4,1,5,1,,3,1481.05,150.7,2363.32,0
2881,20260201,174,5563,2,4,2,2,1,,3,1985.4,151.0,2869.55,0
2882,20260202,109,5045,7,1,2,6,1,,4,1052.24,142.14,4758.65,0
2883,20260203,120,5938,11,4,2,1,1,,4,2141.55,8.2,1466.58,0
2884,20260204,158,5544,9,4,1,10,1,,2,992.64,31.96,1529.42,0
2885,20260205,196,6260,10,1,1,11,1,,4,2712.33,21.24,4250.55,0
2886,20260206,103,5460,6,4,2,6,1,,2,2656.73,210.85,3004.35,0
2887,20260207,145,6002,13,2,1,11,1,,1,594.91,298.94,3211.52,0
2888,20260208,183,5681,10,4,1,3,1,,3,942.06,11.24,4689.59,0
2889,20260209,103,5126,9,4,2,9,1,,4,1513.31,90.09,3026.44,0
2890,20260210,200,6302,21,3,2,9,1,,1,1521.51,269.45,1609.05,0
2891,20260211,114,5052,2,4,2,1,1,,1,1466.84,284.91,3943.49,0
2892,20260212,129,6340,16,3,2,10,1,,2,2341.47,244.76,4704.04,0
2893,20260213,157,6081,4,1,1,8,1,,1,1776.96,227.67,4244.66,0
2894,20260214,105,5570,20,1,1,2,1,,3,1087.87,25.84,4872.82,0
2895,20260215,146,5685,19,4,2,5,1,,2,957.67,199.67,2835.42,0
2896,20260216,185,6157,24,4,2,6,1,,2,949.15,295.69,2660.2,0
2897,20260217,188,5055,7,2,2,4,1,,1,2503.44,227.14,1900.03,0
2898,20260218,189,6200,19,2,2,11,1,,4,2751.87,64.33,2236.63,0
2899,20260219,115,6257,16,4,1,2,1,,4,919.49,170.38,1865.47,0
2900,20260220,155,6423,5,3,2,12,1,,6,765.37,275.47,4067.51,0
2901,20260221,172,5715,17,4,2,11,1,,2,2405.42,46.03,2656.23,0
2902,20260222,150,6134,15,1,2,12,1,,1,2778.48,287.69,1730.66,0
2903,20260223,126,5255,16,4,2,1,1,,4,414.07,109.15,3384.88,0
2904,20260224,162,5469,11,4,1,2,1,,6,691.44,40.87,610.24,0
2905,20260225,190,6204,18,2,2,5,1,,4,1125.42,62.59,3166.38,0
2906,20260226,189,6221,15,1,1,5,1,,6,2745.23,193.77,2122.79,0
2907,20260227,101,5473,20,2,2,11,1,,2,1541.05,251.98,945.75,1
2908,20260228,170,5810,13,2,2,6,1,,2,1850.41,255.67,746.42,0
2909,20260301,104,6273,6,4,1,1,1,,1,2000.34,235.13,4083.23,0
2910,20260302,115,6367,24,1,1,6,1,,4,577.12,21.12,3134.39,0
2911,20260303,125,6151,9,3,1,3,1,,1,2453.0,0.36,3526.64,0
2912,20260304,172,6049,5,2,2,11,1,,4,2397.3,187.35,3938.73,0
2913,20260305,188,6452,18,4,2,3,1,,2,2017.25,65.42,776.13,0
2914,20260306,186,5538,17,1,2,11,1,,4,2676.85,73.5,4963.35,0
2915,20260307,147,5650,24,4,1,10,1,,2,703.47,21.55,4960.92,0
2916,20260308,171,5279,5,1,2,4,1,,1,1663.05,295.21,4198.76,0
2917,20260309,116,5985,13,1,1,1,1,,2,855.0,78.54,1023.66,0
2918,20260310,181,5894,20,2,2,9,1,,2,1160.47,187.7,3159.75,0
2919,20260311,153,5948,14,3,1,4,1,,2,940.79,173.22,804.74,0
2920,20260312,174,5468,22,2,2,3,1,,5,758.04,266.06,4122.69,0
2921,20260313,159,5209,6,4,1,8,1,,5,1024.09,253.71,3054.52,0
2922,20260314,122,5382,11,2,2,5,1,,3,1123.08,156.07,3920.54,0
2923,20260315,132,6290,14,4,1,2,1,,1,1141.86,291.33,1493.54,0
2924,20260316,155,5528,1,1,2,9,1,,4,1549.37,252.27,1927.69,0
2925,20260317,145,6217,22,1,2,12,1,,2,2272.0,159.19,4680.82,0
2926,20260318,107,5352,12,1,1,1,1,,6,2151.37,286.36,4791.72,0
2927,20260319,160,5345,4,4,1,12,1,,4,1348.65,6.75,1155.89,0
2928,20260320,142,6042,10,1,1,3,1,,5,1166.74,197.37,3152.47,0
2929,20260321,163,5960,8,4,1,10,1,,3,2744.19,255.81,1921.31,0
2930,20260322,145,5139,19,2,2,12,1,,4,1046.64,25.6,789.76,0
2931,20260323,187,5444,13,4,1,4,1,,6,1666.49,44.53,2098.16,0
2932,20260324,184,5949,14,1,1,3,1,,3,2675.38,87.5,4325.73,0
2933,20260325,127,5426,1,1,1,6,1,,4,2694.98,9.62,4764.8,0
2934,20260326,190,5300,19,2,2,11,1,,5,734.36,139.9,4826.97,0
2935,20260327,122,5227,2,4,1,2,1,,2,1928.02,68.86,2420.42,0
2936,20260328,146,5596,18,3,1,3,1,,1,1532.65,1.98,3277.32,0
2937,20260329,103,6128,10,2,2,5,1,,6,566.45,204.56,1220.75,0
2938,20260330,179,6430,14,2,2,6,1,,1,776.82,219.41,1972.57,0
2939,20260331,143,5188,22,1,1,6,1,,1,477.67,34.45,1866.09,0
2940,20260401,169,5525,23,2,1,7,1,,2,899.18,14.3,1444.12,0
2941,20260402,102,5926,5,2,1,6,1,,1,768.5,196.26,1539.11,0
2942,20260403,191,5390,22,3,1,11,1,,3,873.98,137.07,4130.95,0
2943,20260404,174,5235,14,2,1,10,1,,1,2490.88,212.84,1495.01,0
2944,20260405,155,5874,20,4,2,12,1,,6,1133.32,74.62,4361.58,0
2945,20260406,133,5766,9,3,1,1,1,,4,639.02,117.29,3111.28,0
2946,20260407,101,5063,22,3,2,12,1,,3,1725.57,29.96,3779.91,0
2947,20260408,113,6004,14,3,1,10,1,,4,2392.33,50.99,516.17,0
2948,20260409,117,5606,4,1,2,1,1,,3,2363.48,196.26,4839.46,0
2949,20260410,153,6261,19,4,1,12,1,,6,2254.81,36.65,4264.06,0
2950,20260411,191,5679,12,2,1,12,1,,2,719.58,237.95,2987.04,0
2951,20260412,107,5665,17,2,2,11,1,,4,1926.31,70.5,4645.55,0
2952,20260413,195,5118,23,3,2,7,1,,2,2652.21,223.85,3543.63,0
2953,20260414,177,5746,2,1,1,2,1,,3,2263.1,245.12,1937.04,0
2954,20260415,188,5892,6,4,2,12,1,,5,1725.19,53.15,681.7,0
2955,20260416,111,5912,9,1,1,1,1,,3,2580.34,107.62,4560.84,0
2956,20260417,165,5015,23,4,1,9,1,,4,561.78,266.65,4295.28,0
2957,20260418,117,5365,20,2,2,12,1,,3,2703.1,230.45,3473.38,0
2958,20260419,147,6222,6,1,2,12,1,,3,1752.47,132.89,2502.13,0
2959,20260420,177,6244,3,1,1,8,1,,5,2313.95,67.05,3688.89,0
2960,20260421,198,5679,15,4,1,8,1,,3,1180.33,260.39,968.36,0
2961,20260422,150,5002,18,3,2,1,1,,1,2507.67,197.79,4839.17,0
2962,20260423,124,5239,7,2,2,12,1,,5,1828.27,112.79,534.93,0
2963,20260424,166,5401,9,4,2,11,1,,6,568.84,201.49,3360.29,0
2964,20260425,167,6202,20,2,1,11,1,,4,1073.83,270.75,3832.13,0
2965,20260426,196,5505,24,4,1,8,1,,1,1920.16,278.71,3631.69,0
2966,20260427,107,5452,7,4,2,3,1,,5,1277.19,192.81,4745.23,0
2967,20260428,179,6049,13,1,2,4,1,,5,1521.79,209.0,730.17,0
2968,20260429,173,5018,21,1,2,4,1,,4,1809.73,184.64,4910.98,0
2969,20260430,194,6339,10,3,2,8,1,,6,2561.57,197.83,4412.97,0
2970,20260501,140,5568,4,1,2,7,1,,5,2573.5,51.11,2417.19,0
2971,20260201,150,6312,11,3,1,5,1,,4,2392.83,298.05,991.06,0
2972,20260202,151,5064,24,3,1,6,1,,5,1965.42,154.62,4644.06,1
2973,20260203,167,5675,21,1,2,10,1,,6,2278.76,289.84,2137.43,0
2974,20260204,141,5923,17,2,2,6,1,,4,1998.38,239.21,824.2,0
2975,20260205,162,6078,10,2,2,11,1,,1,1573.13,286.57,1447.32,0
2976,20260206,157,6336,22,1,2,8,1,,4,625.41,276.36,3365.69,0
2977,20260207,125,5648,22,1,1,8,1,,5,1683.04,116.37,1205.25,0
2978,20260208,125,5405,23,3,2,1,1,,2,2570.06,122.64,3145.41,0
2979,20260209,144,5267,18,3,1,12,1,,2,938.1,229.49,4829.02,0
2980,20260210,188,5805,11,2,1,8,1,,2,1152.55,201.29,1989.57,0
2981,20260211,116,5584,20,4,1,5,1,,5,2055.93,56.51,4858.61,0
2982,20260212,132,5549,16,4,1,5,1,,4,2301.31,98.92,650.21,0
2983,20260213,132,6455,12,3,2,6,1,,6,1483.56,296.59,4609.61,0
2984,20260214,120,5076,2,4,1,8,1,,3,576.74,125.43,1891.26,0
2985,20260215,147,6155,9,4,2,2,1,,2,658.66,169.12,4672.27,0
2986,20260216,177,5191,21,2,2,11,1,,6,2213.98,4.28,2383.14,0
2987,20260217,104,5897,24,4,1,3,1,,2,2486.33,271.91,2934.59,0
2988,20260218,131,6344,23,1,2,7,1,,3,1079.88,167.24,2087.16,0
2989,20260219,186,5009,9,3,2,6,1,,3,1793.52,15.32,4862.86,0
2990,20260220,128,6446,11,4,1,8,1,,4,1569.49,161.68,4109.05,0
2991,20260221,140,5444,8,2,2,7,1,,2,1783.74,180.18,1682.84,0
2992,20260222,153,5073,1,2,1,7,1,,5,1304.87,198.21,4188.28,0
2993,20260223,119,5869,19,1,1,11,1,,2,759.2,169.27,2185.36,0
2994,20260224,144,6386,1,4,1,8,1,,5,489.1,192.99,4622.04,0
2995,20260225,104,6478,3,3,1,3,1,,1,533.96,175.21,1439.53,0
2996,20260226,140,6253,2,4,2,10,1,,4,2545.71,273.71,2220.77,0
2997,20260227,194,5152,18,2,1,11,1,,2,1811.6,190.56,4275.86,0
2998,20260228,195,6222,6,4,1,2,1,,1,2440.24,67.3,2661.73,0
2999,20260301,121,5355,14,1,1,9,1,,2,2522.71,153.27,3435.65,0
3000,20260302,157,5573,6,4,1,6,1,,3,1889.06,97.25,3809.02,0
3001,20260303,169,5912,6,2,1,7,1,,2,761.74,207.89,2833.49,0
3002,20260304,189,5053,3,2,2,10,1,,5,527.24,87.34,2371.81,0
3003,20260305,154,5749,17,3,1,12,1,,3,1578.57,3.94,3055.41,0
3004,20260306,189,5040,21,4,2,8,1,,2,2067.46,77.12,4174.56,0
3005,20260307,144,5363,12,4,1,8,1,,5,1517.86,75.18,2726.68,0
3006,20260308,169,5535,1,4,1,12,1,,6,1854.39,124.97,2653.48,0
3007,20260309,159,5109,14,1,1,10,1,,5,1600.3,136.13,4645.76,0
3008,20260310,170,5628,5,4,1,10,1,,2,1630.36,296.67,4521.11,0
3009,20260311,188,6474,3,4,2,2,1,,4,464.43,102.48,4395.59,0
3010,20260312,110,6322,17,4,1,6,1,,4,2148.73,119.34,2818.9,0
3011,20260313,126,5153,23,4,2,5,1,,4,2726.59,173.17,2154.57,0
3012,20260314,109,5296,15,2,1,3,1,,3,720.49,205.41,1572.0,0
3013,20260315,148,6377,22,3,1,7,1,,1,603.38,181.18,4896.97,0
3014,20260316,172,6395,9,1,2,1,1,,6,684.4,0.35,2814.96,0
3015,20260317,193,6404,13,4,1,6,1,,2,494.58,140.2,965.57,0
3016,20260318,108,5966,10,1,2,4,1,,2,1419.16,164.39,2178.46,0
3017,20260319,157,6223,13,4,1,11,1,,3,1389.48,200.91,1973.85,0
3018,20260320,109,5188,2,1,1,11,1,,4,522.39,31.84,2998.7,0
3019,20260321,147,5058,24,2,1,6,1,,1,756.63,199.54,3044.06,0
3020,20260322,121,6406,21,2,1,1,1,,1,428.69,202.37,3290.47,0
3021,20260323,161,5747,20,4,2,11,1,,4,2018.65,196.19,4370.43,0
3022,20260324,143,6311,8,4,2,10,1,,6,2770.63,224.45,1644.82,0
3023,20260325,198,5343,12,2,2,11,1,,6,2033.1,229.07,1660.62,0
3024,20260326,184,5340,2,3,1,7,1,,3,671.21,233.57,1450.35,0
3025,20260327,138,5081,22,3,1,4,1,,2,1500.61,234.29,3256.74,0
3026,20260328,130,5910,14,4,2,7,1,,5,676.51,202.82,2195.26,0
3027,20260329,101,6086,11,3,2,2,1,,4,1122.83,197.19,4099.72,0
3028,20260330,167,5611,20,4,1,5,1,,3,1811.75,10.46,762.4,0
3029,20260331,144,6031,13,2,2,12,1,,1,2017.22,133.26,1694.9,0
3030,20260401,104,6157,20,4,1,3,1,,3,1297.32,73.05,1154.11,0
3031,20260402,157,6211,4,1,1,2,1,,6,2710.72,273.31,2831.35,0
3032,20260403,189,5146,18,3,2,11,1,,4,2552.96,182.91,3507.4,0
3033,20260404,194,5659,20,2,1,2,1,,2,1256.72,173.06,1030.03,0
3034,20260405,186,5430,2,4,1,11,1,,3,2063.63,255.43,537.41,0
3035,20260406,198,5082,5,2,2,5,1,,2,1230.8,290.34,2729.03,0
3036,20260407,118,5018,11,3,2,9,1,,2,2374.33,155.11,4479.67,0
3037,20260408,162,6123,4,2,1,5,1,,4,2732.18,76.62,3779.8,0
3038,20260409,136,5916,10,4,1,5,1,,2,1801.3,280.64,4812.85,0
3039,20260410,162,6477,18,3,2,3,1,,1,1029.4,23.56,1324.23,0
3040,20260411,144,6097,2,3,2,3,1,,5,2397.23,54.28,2507.06,0
3041,20260412,155,6270,17,4,2,8,1,,3,1103.67,98.82,1660.92,0
3042,20260413,158,5604,3,2,2,1,1,,1,2603.36,277.86,1112.87,0
3043,20260414,175,6418,7,4,1,12,1,,3,2710.15,130.49,3629.21,0
3044,20260415,143,6359,3,2,2,7,1,,2,1638.24,8.16,1189.36,0
3045,20260416,136,6082,10,3,2,10,1,,2,1412.64,236.5,2072.63,0
3046,20260417,116,5144,12,4,2,3,1,,6,717.55,276.48,4405.15,0
3047,20260418,108,5954,1,4,2,10,1,,3,1644.3,259.92,4855.1,0
3048,20260419,114,5776,2,2,1,8,1,,6,2617.13,72.38,737.86,0
3049,20260420,157,6383,6,4,1,9,1,,4,1925.78,48.59,1842.13,0
3050,20260421,146,5857,7,1,1,3,1,,6,583.6,163.08,564.51,0
3051,20260422,170,5381,18,4,1,7,1,,4,586.18,209.09,1844.63,0
3052,20260423,180,6046,11,4,2,4,1,,3,1439.22,212.6,1834.03,0
3053,20260424,167,5059,6,2,2,3,1,,1,2651.54,274.46,2854.9,0
3054,20260425,170,5781,14,1,2,10,1,,3,1336.27,276.7,3225.74,0
3055,20260426,198,5636,6,2,2,8,1,,1,1188.01,13.34,856.59,0
3056,20260427,129,6382,6,4,1,12,1,,2,903.06,47.8,575.47,0
3057,20260428,156,5782,17,4,2,3,1,,4,2630.72,224.69,2953.13,0
3058,20260429,118,5876,18,3,1,8,1,,2,1670.04,221.63,4917.01,0
3059,20260430,193,5499,5,1,2,8,1,,5,943.59,80.59,4864.77,0
3060,20260501,196,5015,14,2,1,4,1,,3,1930.54,104.09,4415.39,0
3061,20260201,197,6304,23,3,2,4,1,,3,2537.7,52.05,4793.18,0
3062,20260202,117,5928,16,1,1,5,1,,3,911.12,159.22,3675.73,0
3063,20260203,161,5448,2,2,2,4,1,,6,1926.47,247.47,1265.97,0
3064,20260204,145,5918,1,3,1,5,1,,1,2231.93,291.29,1989.8,0
3065,20260205,144,5595,14,2,2,8,1,,6,492.83,31.28,2370.06,0
3066,20260206,172,6101,3,3,2,11,1,,3,1359.35,193.48,1547.81,0
3067,20260207,151,5704,13,1,2,5,1,,5,2010.89,269.33,3857.58,0
3068,20260208,156,6023,24,2,1,3,1,,6,827.96,254.44,4841.79,0
3069,20260209,121,5581,18,3,2,9,1,,4,2603.25,131.31,547.55,0
3070,20260210,155,5332,8,3,2,10,1,,5,2025.97,83.71,1218.47,0
3071,20260211,136,5066,16,4,1,11,1,,5,1827.14,61.9,883.14,0
3072,20260212,192,5097,8,2,1,12,1,,1,979.18,283.6,2744.6,0
3073,20260213,198,5770,5,2,1,6,1,,4,1719.34,16.0,4509.92,0
3074,20260214,171,5156,2,1,1,6,1,,2,896.09,84.06,4136.52,0
3075,20260215,142,5827,15,1,1,11,1,,6,1479.64,49.71,3951.26,0
3076,20260216,110,5653,13,3,2,11,1,,5,1283.42,209.05,3116.15,0
3077,20260217,138,5724,16,3,2,10,1,,5,1290.05,110.35,4509.65,0
3078,20260218,142,6329,8,4,1,10,1,,6,1915.7,132.93,1851.63,0
3079,20260219,147,5587,3,2,2,3,1,,6,1151.06,221.72,3482.62,0
3080,20260220,147,5294,2,4,1,2,1,,4,1960.27,28.88,801.95,0
3081,20260221,181,6454,6,1,2,6,1,,4,1108.95,88.76,1170.22,0
3082,20260222,127,5083,22,2,2,11,1,,4,2236.08,264.51,2584.53,0
3083,20260223,104,6051,24,2,2,1,1,,2,2374.08,108.71,4362.09,0
3084,20260224,123,6482,3,2,2,5,1,,1,2168.28,51.86,1401.24,0
3085,20260225,199,5894,8,3,1,10,1,,3,616.61,239.17,898.46,0
3086,20260226,171,5080,12,2,2,8,1,,5,1160.76,170.45,3683.31,0
3087,20260227,137,5980,20,3,1,3,1,,6,968.0,46.16,1861.19,0
3088,20260228,102,5177,18,1,1,4,1,,3,2178.43,218.96,1549.51,0
3089,20260301,165,6455,12,4,1,4,1,,2,1841.98,205.69,2445.82,0
3090,20260302,123,5946,14,4,1,3,1,,4,974.12,245.82,1021.89,0
3091,20260303,115,5309,1,2,1,12,1,,6,889.16,25.07,1507.05,0
3092,20260304,112,5594,19,3,1,3,1,,5,1661.54,180.7,3002.26,0
3093,20260305,183,6082,23,1,2,11,1,,4,1124.84,108.14,1347.15,0
3094,20260306,174,5221,22,1,1,2,1,,6,920.7,96.28,4839.02,0
3095,20260307,194,6426,7,1,2,3,1,,2,2224.9,264.3,3317.16,0
3096,20260308,163,5111,10,1,2,2,1,,1,2459.82,65.3,2965.35,0
3097,20260309,173,5189,20,1,2,5,1,,1,1170.54,260.04,1004.07,0
3098,20260310,193,5422,6,1,1,5,1,,3,1821.84,128.96,4811.67,0
3099,20260311,110,5525,17,4,2,6,1,,1,2383.3,148.78,2060.39,0
3100,20260312,191,5315,12,4,1,4,1,,1,2381.22,226.77,1440.35,0
3101,20260313,151,5054,7,4,1,2,1,,6,2733.81,201.55,4894.71,0
3102,20260314,108,5647,23,4,1,4,1,,5,1868.92,257.91,1425.98,0
3103,20260315,155,5818,15,1,1,6,1,,5,1858.09,120.78,3187.38,1
3104,20260316,151,5814,22,2,1,4,1,,2,2056.05,17.78,2719.19,0
3105,20260317,196,6396,11,1,1,10,1,,4,2479.95,19.71,3451.84,0
3106,20260318,172,5862,7,2,1,4,1,,3,917.18,9.19,3886.86,0
3107,20260319,144,6095,16,3,2,12,1,,5,2064.37,165.62,3303.73,0
3108,20260320,184,5351,8,4,2,10,1,,6,412.49,173.33,1339.27,0
3109,20260321,168,5666,18,2,2,9,1,,3,2182.47,106.82,4995.21,0
3110,20260322,115,5434,20,1,2,1,1,,2,2606.41,155.81,1242.92,0
3111,20260323,197,5482,14,4,1,9,1,,6,1573.69,118.91,3031.67,0
3112,20260324,182,5395,5,2,1,1,1,,3,2067.66,123.36,2475.39,0
3113,20260325,167,5638,14,4,2,9,1,,4,2171.33,283.12,1695.87,0
3114,20260326,151,5473,16,1,1,1,1,,4,947.16,137.21,2053.43,0
3115,20260327,122,6178,15,4,2,1,1,,1,1024.36,154.02,521.92,0
3116,20260328,114,5228,24,3,2,2,1,,3,1454.59,163.22,3680.3,0
3117,20260329,192,5439,23,4,1,2,1,,4,1693.64,35.48,1881.12,0
3118,20260330,104,5407,13,1,1,9,1,,5,799.33,224.55,599.61,0
3119,20260331,143,5700,11,3,2,6,1,,3,821.08,119.47,4863.99,0
3120,20260401,149,6038,9,2,2,8,1,,1,2772.73,242.09,1392.82,0
3121,20260402,187,5559,21,3,2,6,1,,5,1250.01,123.08,2407.96,0
3122,20260403,102,5473,1,1,1,10,1,,4,1944.47,41.3,2734.44,0
3123,20260404,120,5452,17,4,2,5,1,,6,701.7,29.7,4357.58,0
3124,20260405,199,5912,24,2,2,9,1,,2,1684.19,197.44,4436.39,0
3125,20260406,175,5666,22,4,1,10,1,,2,1020.73,234.27,3220.52,0
3126,20260407,111,5833,22,3,1,9,1,,1,567.12,123.56,3619.28,0
3127,20260408,134,5040,8,3,2,9,1,,3,853.17,223.65,2632.38,0
3128,20260409,160,5070,1,4,1,8,1,,5,1193.73,198.23,2009.23,0
3129,20260410,191,5255,10,2,2,5,1,,3,1871.34,116.16,3092.35,0
3130,20260411,138,5284,3,4,2,7,1,,2,1539.16,50.57,534.89,0
3131,20260412,102,5230,14,1,2,4,1,,3,1134.48,173.99,4024.2,0
3132,20260413,190,5654,19,2,1,6,1,,6,682.1,122.79,1457.86,0
3133,20260414,130,5333,14,3,2,12,1,,1,2048.44,205.05,707.82,0
3134,20260415,112,5912,1,4,1,3,1,,6,2109.05,85.16,3452.51,0
3135,20260416,158,5830,3,2,1,5,1,,5,1124.17,84.55,3644.83,0
3136,20260417,137,5356,21,2,2,12,1,,3,2257.28,236.15,4491.49,0
3137,20260418,170,5414,21,2,2,3,1,,6,1683.7,141.56,2116.4,0
3138,20260419,152,6349,16,1,1,1,1,,2,1394.93,97.71,1732.63,0
3139,20260420,159,6457,16,1,1,6,1,,5,1744.88,265.06,3780.27,0
3140,20260421,109,6075,15,1,2,2,1,,6,2646.42,146.29,3095.86,0
3141,20260422,115,5854,4,1,2,7,1,,3,1010.99,213.77,867.77,0
3142,20260423,114,6194,17,2,1,10,1,,4,1271.78,91.03,3791.55,0
3143,20260424,139,6003,7,3,1,4,1,,4,2799.97,200.73,4867.2,0
3144,20260425,172,6382,24,4,2,1,1,,1,1525.01,168.15,1044.5,0
3145,20260426,119,5698,8,2,2,2,1,,2,607.71,194.94,3969.03,0
3146,20260427,104,6128,6,2,2,8,1,,5,2731.81,18.12,2340.95,0
3147,20260428,152,5844,24,1,1,9,1,,4,1265.41,215.68,1414.71,0
3148,20260429,128,6170,21,3,2,2,1,,4,1137.85,227.39,3508.86,0
3149,20260430,118,5223,23,1,1,4,1,,6,2783.26,141.72,4243.85,0
3150,20260501,196,6216,1,4,1,4,1,,4,1648.45,18.23,3341.81,0
3151,20260201,197,5854,23,4,1,3,1,,1,1596.91,252.2,3886.07,0
3152,20260202,105,6169,17,2,2,9,1,,3,1825.28,201.72,3612.04,0
3153,20260203,163,6480,10,4,2,11,1,,2,1877.66,104.28,4335.9,0
3154,20260204,137,6379,9,3,2,6,1,,4,719.76,141.27,2122.03,0
3155,20260205,136,5184,20,2,1,8,1,,5,1051.47,142.99,2075.11,0
3156,20260206,106,5397,10,3,1,3,1,,1,846.17,292.49,2287.41,0
3157,20260207,129,5120,7,2,2,11,1,,3,1228.75,285.91,2170.48,0
3158,20260208,157,5457,8,1,1,8,1,,3,2261.34,11.77,2214.94,0
3159,20260209,143,5178,14,3,1,11,1,,2,1052.23,119.91,2653.86,0
3160,20260210,116,5257,11,2,2,11,1,,5,1824.53,7.42,3740.55,0
3161,20260211,146,5430,13,4,1,4,1,,2,1582.16,69.16,4968.09,0
3162,20260212,117,5307,18,3,2,3,1,,5,954.11,41.94,4039.35,0
3163,20260213,129,6019,22,2,1,6,1,,5,898.95,10.6,4144.61,0
3164,20260214,192,5966,24,1,1,9,1,,6,1801.76,42.77,1434.27,0
3165,20260215,105,5419,24,4,1,5,1,,2,858.61,266.07,1384.94,0
3166,20260216,116,6295,21,2,2,6,1,,4,1923.08,290.48,1075.47,0
3167,20260217,183,5998,18,1,2,8,1,,2,1455.73,177.73,4104.26,0
3168,20260218,183,6283,12,1,2,7,1,,5,1980.94,162.11,4521.4,0
3169,20260219,184,6286,13,3,2,12,1,,3,1137.19,218.37,3610.22,0
3170,20260220,113,5753,16,2,2,10,1,,6,777.62,86.81,1954.44,0
3171,20260221,192,5298,21,4,1,11,1,,5,1428.82,158.8,3275.33,0
3172,20260222,134,6487,5,2,1,4,1,,5,1496.35,273.05,2609.37,0
3173,20260223,187,6377,17,2,1,2,1,,6,1293.51,71.41,925.71,0
3174,20260224,166,5767,19,4,2,6,1,,1,2034.24,218.25,1074.95,0
3175,20260225,102,5812,14,4,2,11,1,,6,2241.79,120.98,2559.84,0
3176,20260226,139,6013,14,4,1,5,1,,5,1784.81,159.57,1609.76,0
3177,20260227,172,6196,12,1,1,4,1,,5,1203.88,93.13,4354.32,0
3178,20260228,149,5346,5,1,2,6,1,,5,2222.49,72.6,3546.52,0
3179,20260301,138,5422,19,4,1,10,1,,5,1017.21,101.05,3184.14,0
3180,20260302,101,5412,18,3,2,12,1,,3,1395.42,130.64,3481.35,0
3181,20260303,148,5407,3,4,1,9,1,,4,921.28,16.07,3822.49,0
3182,20260304,112,5033,22,2,2,4,1,,4,2011.55,66.43,3843.07,0
3183,20260305,122,5719,24,4,2,4,1,,6,2090.74,55.77,4761.83,0
3184,20260306,127,5584,17,4,2,10,1,,2,1836.13,19.59,3503.89,0
3185,20260307,101,5197,19,1,1,10,1,,1,1125.67,155.82,2283.49,1
3186,20260308,194,5047,24,4,1,12,1,,2,1392.04,91.26,3899.55,0
3187,20260309,200,6143,19,2,2,9,1,,3,1873.69,189.03,1757.27,0
3188,20260310,162,5883,2,1,1,8,1,,1,2604.3,87.79,4719.7,0
3189,20260311,191,6346,22,3,1,1,1,,3,1240.17,147.25,1611.16,0
3190,20260312,135,5858,14,3,2,8,1,,2,2052.8,290.56,2928.03,0
3191,20260313,199,6125,2,3,1,9,1,,5,471.99,99.53,2465.34,0
3192,20260314,112,6133,7,4,2,12,1,,4,1462.1,178.02,4650.63,0
3193,20260315,170,6030,8,4,2,4,1,,3,1251.42,181.87,2314.75,0
3194,20260316,141,6268,7,1,2,3,1,,6,1176.09,44.94,702.85,0
3195,20260317,174,6321,19,4,2,7,1,,5,2685.52,49.62,4686.53,0
3196,20260318,139,5476,12,3,2,10,1,,3,824.33,33.63,4191.11,0
3197,20260319,188,5729,13,1,1,9,1,,4,552.39,156.33,702.53,0
3198,20260320,143,5636,14,3,2,7,1,,1,2571.3,176.22,763.69,0
3199,20260321,162,5825,9,4,2,8,1,,4,2163.17,174.85,3456.83,0
3200,20260322,111,5873,3,2,1,2,1,,3,506.27,226.37,3771.61,0
3201,20260323,188,5830,23,3,2,9,1,,4,2104.39,213.29,3658.59,0
3202,20260324,182,6154,21,1,1,5,1,,1,1153.25,180.65,1466.86,0
3203,20260325,148,5269,18,4,2,1,1,,1,2355.81,154.69,1920.44,0
3204,20260326,101,5054,6,3,2,4,1,,5,427.75,297.46,4479.25,0
3205,20260327,109,5378,10,3,2,2,1,,5,622.34,112.43,746.6,0
3206,20260328,196,6340,3,3,1,4,1,,4,1901.13,217.21,662.82,0
3207,20260329,146,5689,4,1,1,10,1,,4,1677.41,24.45,2448.95,0
3208,20260330,185,6009,3,4,1,9,1,,1,1940.82,183.1,1164.21,0
3209,20260331,127,6449,6,3,1,8,1,,6,643.39,126.77,1191.64,0
3210,20260401,176,5451,7,2,1,4,1,,3,1783.57,48.96,1106.46,0
3211,20260402,173,5544,2,1,1,8,1,,6,575.3,278.67,2732.12,0
3212,20260403,167,6139,12,4,1,12,1,,4,1011.73,2.07,2297.42,0
3213,20260404,109,6415,6,4,1,12,1,,1,1959.2,275.06,4976.05,0
3214,20260405,176,5759,3,4,2,8,1,,6,623.93,33.05,2994.65,0
3215,20260406,107,6318,3,1,1,11,1,,6,716.22,200.45,3402.81,0
3216,20260407,130,6392,20,2,1,1,1,,2,1178.91,175.11,3854.93,0
3217,20260408,199,6015,19,2,1,7,1,,2,930.79,237.21,4171.97,0
3218,20260409,144,6229,14,1,1,10,1,,6,1328.57,32.32,3932.65,0
3219,20260410,171,5100,10,3,1,6,1,,2,613.73,42.29,720.29,0
3220,20260411,128,5865,1,1,2,5,1,,1,2659.42,266.99,3959.06,0
3221,20260412,133,5523,24,4,1,9,1,,6,580.9,183.36,4581.67,0
3222,20260413,133,5079,18,2,2,7,1,,5,1181.64,84.15,4438.77,0
3223,20260414,104,5828,1,3,1,7,1,,2,2061.55,137.02,2032.16,0
3224,20260415,156,6217,18,2,2,10,1,,6,497.49,77.37,3237.75,0
3225,20260416,136,5161,10,2,1,5,1,,5,1261.81,278.97,4985.66,0
3226,20260417,157,5883,6,3,1,11,1,,6,1680.77,136.24,3887.37,0
3227,20260418,178,5176,20,3,1,1,1,,1,1337.79,257.0,1785.61,0
3228,20260419,118,6075,21,4,1,8,1,,3,2013.51,112.6,2834.39,0
3229,20260420,175,5030,5,4,1,10,1,,4,2697.56,25.44,3913.5,0
3230,20260421,150,5281,24,4,2,1,1,,2,1140.26,156.63,1715.31,0
3231,20260422,152,6124,20,4,2,11,1,,1,699.85,110.87,1208.31,0
3232,20260423,164,6006,22,3,1,3,1,,1,2552.43,246.56,2737.58,0
3233,20260424,117,5423,3,2,2,3,1,,3,830.35,60.92,1181.17,0
3234,20260425,196,5800,2,1,2,12,1,,5,2410.45,92.67,2257.16,0
3235,20260426,109,5927,6,1,2,1,1,,3,2254.52,2.48,2119.91,0
3236,20260427,194,5467,11,2,1,4,1,,6,685.66,81.66,4633.44,0
3237,20260428,103,5675,20,2,2,11,1,,2,981.28,38.06,3730.23,0
3238,20260429,116,5014,20,1,1,10,1,,3,2599.4,266.73,1517.99,0
3239,20260430,114,5568,23,1,2,1,1,,5,2622.97,145.64,1501.0,0
3240,20260501,189,5404,22,4,2,10,1,,5,762.71,262.16,703.1,0
3241,20260201,120,5198,4,4,1,4,1,,1,920.83,186.81,3046.32,0
3242,20260202,188,6059,3,1,1,1,1,,6,1760.47,45.18,1898.3,0
3243,20260203,153,5705,15,4,1,11,1,,3,1267.89,142.04,4875.82,0
3244,20260204,200,5711,5,4,1,12,1,,3,1605.44,285.11,1146.68,0
3245,20260205,196,6012,21,2,2,5,1,,3,2194.84,38.48,1948.68,0
3246,20260206,142,5240,3,4,1,9,1,,1,1194.68,295.47,1632.94,0
3247,20260207,147,5472,18,2,2,3,1,,1,2768.83,132.41,2627.67,0
3248,20260208,149,5776,23,1,1,9,1,,5,2727.69,89.77,3680.46,0
3249,20260209,165,5915,3,2,1,11,1,,4,1152.17,21.68,4289.02,0
3250,20260210,128,6468,13,3,1,2,1,,3,2265.13,212.8,2282.6,0
3251,20260211,113,6345,21,1,2,5,1,,6,2556.35,24.66,4056.59,0
3252,20260212,134,5451,1,1,1,7,1,,1,1065.67,85.85,1140.51,0
3253,20260213,177,5783,10,3,2,5,1,,3,2635.78,64.06,3178.22,0
3254,20260214,179,5981,4,1,2,4,1,,2,2364.85,266.15,4034.71,0
3255,20260215,158,5338,20,4,2,1,1,,1,460.36,13.71,1427.1,0
3256,20260216,182,5620,8,3,2,10,1,,5,1591.2,221.67,2942.32,0
3257,20260217,146,6130,23,4,1,12,1,,5,1656.38,27.7,4696.66,0
3258,20260218,166,5827,2,2,1,6,1,,5,1817.83,149.74,1648.07,0
3259,20260219,159,5896,8,2,2,5,1,,5,2481.97,285.77,1447.95,1
3260,20260220,116,5329,6,2,1,10,1,,3,1033.69,12.29,4459.23,0
3261,20260221,102,5594,15,2,1,5,1,,6,2660.32,221.34,4564.07,0
3262,20260222,128,5812,18,4,2,8,1,,4,2135.34,148.91,528.7,0
3263,20260223,103,5453,13,4,2,6,1,,4,430.05,201.66,2521.76,0
3264,20260224,192,5286,6,2,1,3,1,,6,1948.05,38.12,3114.63,0
3265,20260225,128,6032,14,2,2,9,1,,3,2230.14,40.1,1676.43,0
3266,20260226,128,6227,7,2,1,5,1,,6,2270.19,193.15,4992.35,0
3267,20260227,156,6168,6,1,2,7,1,,6,2719.89,9.74,1729.24,0
3268,20260228,146,5475,4,2,1,5,1,,6,2593.95,61.68,2030.23,0
3269,20260301,194,5568,19,1,1,9,1,,6,1142.29,258.06,2448.49,0
3270,20260302,113,5316,9,2,1,1,1,,4,2198.47,140.3,3569.94,0
3271,20260303,161,6450,1,3,1,7,1,,3,1902.21,158.71,874.24,0
3272,20260304,153,6489,11,3,2,12,1,,5,2335.58,212.93,3077.22,0
3273,20260305,134,5342,3,2,2,10,1,,2,2611.35,62.57,4339.28,0
3274,20260306,125,6412,13,3,2,3,1,,4,1359.4,128.3,2715.67,0
3275,20260307,163,5750,19,2,2,9,1,,4,572.57,250.03,1888.69,0
3276,20260308,163,5527,20,1,2,4,1,,5,456.37,164.32,2949.89,0
3277,20260309,139,5367,14,4,1,4,1,,2,1858.73,3.9,4151.35,0
3278,20260310,152,5236,12,1,1,2,1,,1,596.79,182.94,2004.41,0
3279,20260311,168,5001,10,3,1,12,1,,2,1390.48,75.33,3283.14,0
3280,20260312,198,5153,9,1,1,1,1,,6,1658.98,118.13,4101.03,0
3281,20260313,150,5513,15,1,2,11,1,,6,1846.69,286.72,2041.82,0
3282,20260314,162,5460,17,1,2,8,1,,5,2652.66,114.27,3498.38,0
3283,20260315,150,5926,6,1,2,2,1,,1,2322.31,228.5,2561.31,0
3284,20260316,156,5626,8,2,1,6,1,,5,2316.25,170.28,2474.74,0
3285,20260317,121,5547,12,4,1,11,1,,6,1273.69,274.5,2497.69,0
3286,20260318,126,5322,16,4,1,2,1,,1,2035.1,92.48,3283.59,0
3287,20260319,160,6385,16,2,1,12,1,,4,411.05,289.92,2408.05,0
3288,20260320,144,5833,17,4,1,1,1,,5,1223.25,181.49,1402.1,0
3289,20260321,145,6026,13,4,2,4,1,,6,2597.93,297.86,2348.25,0
3290,20260322,135,6017,2,2,2,4,1,,2,1576.01,251.9,3460.34,0
3291,20260323,198,5719,20,4,2,12,1,,3,1643.78,196.75,2242.61,0
3292,20260324,180,5532,19,3,2,12,1,,1,1237.29,252.59,4141.17,0
3293,20260325,131,5564,15,3,2,11,1,,1,2120.56,38.91,605.83,0
3294,20260326,147,5495,15,4,1,10,1,,6,413.34,217.49,3556.52,0
3295,20260327,196,6074,20,4,2,4,1,,6,1896.98,99.83,621.44,0
3296,20260328,157,5716,9,1,2,9,1,,1,1299.03,159.63,1394.25,0
3297,20260329,169,5762,13,2,1,12,1,,5,690.08,122.12,2208.99,0
3298,20260330,195,6075,2,3,1,8,1,,2,1500.64,16.61,4113.19,0
3299,20260331,136,5179,12,1,2,4,1,,2,2345.91,211.96,4272.94,0
3300,20260401,141,5212,2,2,2,6,1,,5,953.11,159.89,3342.38,0
3301,20260402,156,5422,7,3,2,8,1,,3,1954.53,79.94,4925.52,0
3302,20260403,151,5885,24,1,1,4,1,,2,2568.23,58.97,4027.06,0
3303,20260404,180,5972,9,1,2,10,1,,2,2278.14,212.61,3910.58,0
3304,20260405,137,5143,2,1,1,3,1,,6,1574.16,13.48,4118.87,0
3305,20260406,115,6397,20,3,1,7,1,,3,2744.21,78.71,4465.18,0
3306,20260407,161,6159,21,4,1,9,1,,2,2790.03,258.91,597.78,0
3307,20260408,112,5540,9,2,2,8,1,,6,1290.89,211.74,2628.76,0
3308,20260409,176,5431,11,1,2,11,1,,6,2047.02,122.97,1335.78,0
3309,20260410,160,5060,24,4,2,6,1,,4,2214.92,18.14,883.38,0
3310,20260411,190,6110,22,1,1,10,1,,2,973.97,215.63,4650.98,0
3311,20260412,128,6168,4,2,1,8,1,,4,1008.53,179.47,3147.12,0
3312,20260413,139,6377,4,2,1,8,1,,4,2644.42,133.77,2005.1,0
3313,20260414,189,6035,1,4,1,1,1,,6,2326.35,121.34,3385.31,0
3314,20260415,116,5062,14,3,1,8,1,,1,2717.48,158.31,3926.08,0
3315,20260416,188,6322,10,4,2,9,1,,2,2333.27,68.4,2828.95,0
3316,20260417,199,5720,15,2,2,6,1,,6,1083.4,203.52,4405.9,0
3317,20260418,134,6271,5,4,1,9,1,,1,1874.41,56.74,4400.92,0
3318,20260419,171,6037,8,4,2,4,1,,6,2675.74,128.41,3848.93,0
3319,20260420,142,6279,17,3,2,5,1,,1,1721.98,197.7,4554.5,0
3320,20260421,196,6204,7,1,1,3,1,,6,480.82,187.9,2172.84,0
3321,20260422,101,6461,11,2,2,10,1,,5,2274.97,37.26,2127.21,0
3322,20260423,127,6330,2,2,2,7,1,,2,925.47,287.82,4201.34,0
3323,20260424,122,5504,12,4,2,5,1,,1,2748.33,8.81,3187.59,0
3324,20260425,176,5241,12,3,1,3,1,,6,1510.99,277.32,615.9,0
3325,20260426,119,6287,20,3,1,2,1,,5,2743.34,97.91,598.96,0
3326,20260427,117,5411,3,2,1,12,1,,4,2639.87,37.89,4588.55,0
3327,20260428,139,6083,4,1,1,1,1,,3,1113.57,86.37,2517.29,0
3328,20260429,167,5736,15,4,2,4,1,,5,2347.24,282.35,1176.62,0
3329,20260430,192,5675,21,3,1,9,1,,1,1299.39,25.39,1205.66,0
3330,20260501,119,6390,7,2,2,5,1,,2,1808.52,260.42,943.1,0
3331,20260201,144,5379,12,3,2,11,1,,4,2257.61,235.03,3476.23,0
3332,20260202,111,5690,11,1,1,1,1,,5,697.44,126.97,3770.24,0
3333,20260203,180,5673,10,3,2,7,1,,1,2020.5,101.58,4210.51,0
3334,20260204,198,5603,17,3,1,12,1,,3,2169.03,153.13,1113.04,0
3335,20260205,133,5591,14,3,1,4,1,,3,464.23,279.83,2358.38,0
3336,20260206,147,5710,12,2,2,6,1,,5,1625.87,257.64,2785.05,0
3337,20260207,192,5275,22,2,2,8,1,,3,1120.06,230.29,2534.12,0
3338,20260208,164,6010,9,3,1,6,1,,3,2510.52,35.24,1475.71,0
3339,20260209,158,5304,10,2,2,10,1,,4,1877.67,5.11,779.56,0
3340,20260210,137,5678,12,3,2,10,1,,6,2169.31,138.55,1693.18,0
3341,20260211,193,5217,14,4,1,4,1,,6,1752.74,236.43,3465.46,0
3342,20260212,163,5241,5,3,2,10,1,,2,1224.41,8.96,1259.4,0
3343,20260213,158,5883,15,3,1,7,1,,3,697.42,46.46,3991.14,0
3344,20260214,120,6006,5,4,2,6,1,,2,2332.65,282.57,4176.66,0
3345,20260215,115,6421,21,2,2,2,1,,4,2575.36,191.09,722.41,0
3346,20260216,144,5580,12,3,1,5,1,,3,1253.55,289.03,4494.79,0
3347,20260217,147,5892,6,1,2,9,1,,6,915.26,111.9,4865.4,0
3348,20260218,185,5991,23,4,2,9,1,,1,1745.18,234.7,2102.55,0
3349,20260219,101,5618,24,1,1,9,1,,4,2221.92,15.24,1404.15,0
3350,20260220,161,5182,12,3,2,9,1,,3,2238.3,28.05,3731.89,0
3351,20260221,159,6195,8,2,2,9,1,,4,2529.2,233.53,3272.28,0
3352,20260222,132,5141,22,4,1,9,1,,5,2693.59,265.01,4924.96,0
3353,20260223,170,5718,21,1,1,1,1,,3,1292.33,228.74,1386.07,0
3354,20260224,111,5191,4,3,1,3,1,,1,788.23,85.51,648.4,0
3355,20260225,191,5389,22,2,1,10,1,,4,983.19,176.23,1332.23,0
3356,20260226,101,6364,22,2,2,9,1,,2,2664.73,298.28,782.53,0
3357,20260227,169,6260,7,3,2,8,1,,5,638.42,226.78,3978.16,0
3358,20260228,156,5828,8,3,1,12,1,,1,1704.83,89.69,3647.12,0
3359,20260301,124,5603,6,4,2,5,1,,4,1067.43,218.38,2358.63,0
3360,20260302,136,5062,9,4,1,11,1,,2,2227.9,179.78,2453.42,0
3361,20260303,131,5906,20,3,1,11,1,,6,1719.2,133.09,4346.32,0
3362,20260304,135,6249,19,2,2,7,1,,5,1470.07,26.49,4695.19,0
3363,20260305,133,5787,20,2,2,4,1,,1,2344.9,99.08,2467.23,0
3364,20260306,140,6339,5,2,2,1,1,,2,1903.85,237.67,3125.01,0
3365,20260307,102,6138,19,4,2,10,1,,4,1337.13,200.3,4135.19,0
3366,20260308,109,5250,22,2,1,10,1,,2,983.18,231.63,3335.65,0
3367,20260309,183,5280,9,4,2,3,1,,2,2567.96,67.97,1435.05,0
3368,20260310,163,6448,18,3,1,7,1,,6,2109.52,61.13,2361.53,0
3369,20260311,139,6448,17,3,2,9,1,,2,523.5,79.65,1983.66,0
3370,20260312,175,5789,22,3,2,11,1,,4,1964.14,199.83,4058.62,0
3371,20260313,148,5943,17,4,1,1,1,,3,1209.58,254.92,1092.94,0
3372,20260314,151,6305,24,4,2,5,1,,6,1013.08,180.5,1466.76,0
3373,20260315,154,5460,6,4,1,6,1,,4,657.69,288.64,2098.09,0
3374,20260316,133,5519,6,1,1,5,1,,2,610.67,205.5,2440.82,0
3375,20260317,133,5934,23,1,2,3,1,,1,998.94,24.85,3084.97,0
3376,20260318,174,6081,12,1,2,7,1,,3,1905.64,70.63,1924.69,0
3377,20260319,171,5655,2,1,2,4,1,,2,2399.09,212.87,2753.17,0
3378,20260320,161,5867,14,2,1,8,1,,6,1818.51,215.0,4007.37,0
3379,20260321,117,5425,7,1,1,7,1,,1,2608.22,223.2,2774.33,0
3380,20260322,110,6006,2,1,2,3,1,,2,1847.53,158.62,2073.07,0
3381,20260323,184,5606,19,4,2,10,1,,5,450.23,254.17,2628.87,0
3382,20260324,191,5370,12,4,1,2,1,,3,917.37,271.07,2767.1,0
3383,20260325,125,5092,10,1,2,8,1,,6,2552.44,215.86,1055.76,0
3384,20260326,106,5877,3,1,1,3,1,,1,1363.49,176.3,1793.75,0
3385,20260327,126,5942,4,3,2,4,1,,2,504.95,73.75,3243.15,0
3386,20260328,157,5578,8,1,1,7,1,,4,1386.96,119.44,694.56,0
3387,20260329,129,5413,13,1,2,6,1,,3,1624.46,125.56,1154.96,0
3388,20260330,159,5668,11,3,1,7,1,,4,2656.42,268.27,3535.03,0
3389,20260331,152,6289,16,1,1,8,1,,6,1153.81,2.31,4501.67,0
3390,20260401,146,6404,14,4,1,7,1,,5,406.58,138.71,842.07,0
3391,20260402,110,5365,3,1,2,8,1,,6,1837.19,243.06,4873.27,0
3392,20260403,147,5385,19,2,1,1,1,,6,2476.09,81.79,1768.44,0
3393,20260404,175,6436,11,1,2,6,1,,4,2362.48,268.92,3117.57,0
3394,20260405,125,5298,4,2,1,3,1,,3,823.93,205.02,2355.19,0
3395,20260406,168,5685,21,3,1,10,1,,1,742.44,10.36,809.71,0
3396,20260407,200,6337,3,3,2,9,1,,5,478.67,94.82,724.57,0
3397,20260408,129,5390,10,4,2,12,1,,2,938.25,124.99,3937.79,0
3398,20260409,101,5647,16,3,2,4,1,,4,2081.34,15.88,3099.38,0
3399,20260410,170,5578,4,4,2,4,1,,4,2629.78,9.9,3410.42,0
3400,20260411,113,5948,1,3,2,1,1,,1,2365.4,102.3,3650.32,0
3401,20260412,180,5348,18,2,1,11,1,,5,2187.64,27.76,3388.75,0
3402,20260413,170,5767,13,1,2,7,1,,5,1466.68,11.04,3219.38,0
3403,20260414,164,5485,23,2,1,12,1,,1,2754.48,205.69,3744.99,0
3404,20260415,176,5172,13,2,1,12,1,,6,576.73,176.66,4977.61,0
3405,20260416,149,5589,21,4,1,9,1,,5,2112.13,77.31,1849.9,0
3406,20260417,150,5718,23,3,2,3,1,,6,1201.72,60.79,4284.22,0
3407,20260418,160,5044,22,4,2,6,1,,1,1783.72,117.59,4412.07,0
3408,20260419,161,6102,21,3,2,3,1,,6,2660.3,54.69,997.97,0
3409,20260420,185,5328,14,1,1,11,1,,6,1319.26,221.89,4817.56,0
3410,20260421,116,6150,14,1,1,1,1,,5,2526.76,236.38,2462.02,0
3411,20260422,101,6204,21,1,2,10,1,,1,2355.0,20.17,2603.09,0
3412,20260423,107,5403,5,4,2,11,1,,2,1665.72,103.42,4298.04,0
3413,20260424,186,6366,23,4,2,8,1,,4,2283.75,25.39,3519.61,1
3414,20260425,160,5275,23,4,1,2,1,,1,1751.6,128.04,3452.17,0
3415,20260426,195,6229,13,3,2,1,1,,4,1479.04,190.72,4827.9,0
3416,20260427,147,5800,23,1,1,3,1,,1,1249.84,244.79,4299.35,0
3417,20260428,127,5755,13,2,2,5,1,,6,1673.55,201.07,1286.19,0
3418,20260429,106,5100,16,3,1,7,1,,4,2192.82,263.78,3751.16,0
3419,20260430,154,6309,16,2,2,9,1,,1,1722.39,219.25,2705.29,0
3420,20260501,164,5537,17,4,2,8,1,,4,1857.31,112.14,4932.07,0
3421,20260201,180,6366,22,3,2,4,1,,5,964.47,115.99,3104.1,0
3422,20260202,161,5255,6,3,1,1,1,,1,1867.92,18.47,2209.85,0
3423,20260203,133,5873,21,1,1,7,1,,4,668.65,26.71,2391.03,0
3424,20260204,175,6179,7,2,2,4,1,,6,490.17,188.13,1603.92,0
3425,20260205,172,5980,18,2,1,6,1,,6,1343.96,39.78,4090.29,0
3426,20260206,193,5978,12,2,1,6,1,,3,827.05,206.86,739.68,0
3427,20260207,177,6384,9,4,2,8,1,,5,697.34,55.89,1209.4,0
3428,20260208,176,6361,19,2,2,12,1,,3,693.33,69.23,4881.0,0
3429,20260209,117,5282,19,2,1,8,1,,6,1504.22,129.45,4575.49,1
3430,20260210,102,5501,19,3,2,6,1,,6,1956.09,94.88,4844.46,0
3431,20260211,189,6353,16,4,1,8,1,,3,889.22,274.39,3511.93,0
3432,20260212,128,5619,21,3,1,6,1,,2,1606.97,208.7,809.19,0
3433,20260213,143,6014,12,1,1,8,1,,2,520.39,81.5,655.88,0
3434,20260214,125,5780,19,3,2,11,1,,3,2780.35,55.94,3253.15,0
3435,20260215,126,5409,19,1,2,9,1,,4,2535.79,237.3,4894.16,0
3436,20260216,167,6100,11,3,1,7,1,,5,2221.64,68.35,4652.32,0
3437,20260217,183,5559,9,1,1,12,1,,1,437.54,43.77,2690.53,0
3438,20260218,196,6215,16,3,1,6,1,,3,2419.58,45.08,4643.7,0
3439,20260219,101,5219,17,1,2,10,1,,5,1939.6,64.24,1200.31,0
3440,20260220,181,6201,8,3,2,6,1,,2,1668.81,238.97,4494.83,0
3441,20260221,110,5207,3,3,2,1,1,,2,1118.96,110.83,739.45,0
3442,20260222,112,5844,10,2,2,3,1,,3,2397.21,100.3,1955.0,0
3443,20260223,154,5334,1,2,1,4,1,,3,2101.72,237.91,3303.43,0
3444,20260224,190,5348,5,2,2,1,1,,4,2407.68,25.01,2501.71,0
3445,20260225,186,5605,8,3,2,7,1,,1,2603.98,240.43,4666.63,0
3446,20260226,134,5968,22,1,1,7,1,,1,2310.66,74.95,3068.06,0
3447,20260227,110,5106,15,3,1,7,1,,2,1209.51,22.37,3345.83,0
3448,20260228,195,5175,24,2,1,3,1,,2,1098.56,32.01,2020.79,0
3449,20260301,109,5785,17,1,2,7,1,,3,1994.7,25.77,3793.69,0
3450,20260302,143,5553,4,2,1,11,1,,2,1443.4,107.9,4116.29,0
3451,20260303,118,6061,11,1,2,7,1,,6,2221.64,95.85,1024.58,0
3452,20260304,183,6255,4,3,2,9,1,,2,1757.97,211.17,1299.56,0
3453,20260305,139,6214,6,2,1,10,1,,1,1943.5,30.79,1774.13,0
3454,20260306,174,6194,20,3,1,5,1,,1,1082.18,225.32,1473.8,0
3455,20260307,166,5742,23,4,1,10,1,,1,1082.82,50.52,1946.51,0
3456,20260308,101,5248,6,1,1,8,1,,3,2536.07,45.64,3286.76,0
3457,20260309,165,6325,10,3,2,10,1,,5,1632.38,156.17,2314.61,0
3458,20260310,180,5609,18,1,1,8,1,,2,2654.79,179.96,1612.82,0
3459,20260311,150,5937,22,3,1,7,1,,3,2695.82,208.15,3095.21,0
3460,20260312,141,5392,5,1,1,2,1,,1,857.65,155.21,4472.01,0
3461,20260313,128,5210,12,4,1,4,1,,3,839.27,75.21,3718.69,0
3462,20260314,102,6490,5,2,2,7,1,,2,2662.41,142.98,867.53,0
3463,20260315,132,5324,1,2,2,4,1,,3,781.42,161.07,2484.55,0
3464,20260316,106,5918,16,4,1,5,1,,2,1885.79,219.52,3433.16,0
3465,20260317,182,6354,22,4,2,12,1,,4,2583.89,90.72,4871.03,0
3466,20260318,190,6023,16,2,1,1,1,,4,1960.69,53.54,1814.51,1
3467,20260319,189,5107,1,2,1,12,1,,1,2517.93,111.11,828.69,0
3468,20260320,189,6379,20,4,1,5,1,,4,2330.38,41.27,1744.29,0
3469,20260321,156,5710,10,1,2,12,1,,6,2773.09,177.78,1433.15,0
3470,20260322,123,5995,14,2,2,12,1,,2,926.87,197.27,4122.22,0
3471,20260323,122,6048,19,2,2,11,1,,2,2728.59,187.97,3996.8,0
3472,20260324,159,6125,21,4,1,8,1,,6,2604.67,82.26,3428.21,0
3473,20260325,130,5722,15,2,1,9,1,,5,1845.0,173.64,818.49,0
3474,20260326,111,6486,14,2,1,11,1,,2,1165.0,93.74,2604.11,0
3475,20260327,108,5709,1,4,1,8,1,,4,1299.9,216.96,2982.1,0
3476,20260328,200,5610,19,3,2,4,1,,3,1494.56,151.37,3669.57,0
3477,20260329,154,5257,3,2,1,6,1,,5,1260.17,183.27,4204.43,0
3478,20260330,171,5573,24,3,2,12,1,,2,790.92,111.24,1997.65,0
3479,20260331,113,5402,7,1,2,10,1,,1,1242.45,28.88,2360.62,0
3480,20260401,185,6411,12,1,1,1,1,,5,1385.73,92.59,982.65,0
3481,20260402,130,5879,8,4,2,12,1,,5,423.56,256.05,3802.89,0
3482,20260403,133,5133,16,2,2,3,1,,2,969.42,40.29,4397.78,0
3483,20260404,163,6029,15,1,1,11,1,,2,919.55,247.66,1004.17,0
3484,20260405,167,5165,15,1,1,6,1,,3,2019.39,222.52,4332.24,0
3485,20260406,141,5285,4,1,1,8,1,,6,1161.22,174.4,1598.76,0
3486,20260407,164,5446,3,1,2,10,1,,2,972.65,296.41,4539.5,0
3487,20260408,169,6032,13,2,1,1,1,,4,2156.81,100.3,4869.87,0
3488,20260409,134,6379,1,1,1,9,1,,1,1622.64,5.61,3672.43,0
3489,20260410,139,6121,12,1,1,1,1,,2,562.53,45.92,841.11,0
3490,20260411,133,5049,18,1,2,1,1,,2,1642.71,291.75,782.07,0
3491,20260412,182,6127,16,4,1,3,1,,1,1075.72,181.97,2652.11,0
3492,20260413,102,5430,22,2,1,5,1,,2,1946.15,199.29,1651.16,0
3493,20260414,193,5420,10,3,1,2,1,,1,1387.26,19.9,702.43,0
3494,20260415,103,5603,13,1,1,1,1,,6,1101.51,59.78,1554.86,0
3495,20260416,147,5684,24,4,2,3,1,,1,2129.8,227.95,4993.28,0
3496,20260417,188,6395,5,2,2,7,1,,6,1514.21,197.08,2701.05,0
3497,20260418,200,5158,23,4,2,8,1,,4,1542.69,131.39,2169.79,0
3498,20260419,109,5446,17,4,2,11,1,,1,709.1,63.92,2916.7,1
3499,20260420,169,6176,8,4,1,1,1,,3,1616.03,67.45,1737.1,0
3500,20260421,115,6203,9,3,2,12,1,,5,1383.73,152.94,4230.66,0
3501,20260422,183,5935,24,2,2,2,1,,5,1733.25,205.68,2743.84,0
3502,20260423,175,6347,13,3,1,4,1,,6,1920.84,32.08,4443.68,0
3503,20260424,141,6045,11,2,1,9,1,,6,1180.69,198.5,3741.32,0
3504,20260425,105,5741,9,3,1,4,1,,5,838.48,24.35,3035.93,0
3505,20260426,133,5064,14,2,2,7,1,,4,420.24,293.14,3824.97,0
3506,20260427,182,5153,12,2,2,9,1,,6,1069.85,16.55,4528.97,0
3507,20260428,146,6398,21,3,2,4,1,,6,1167.07,84.72,3916.95,0
3508,20260429,105,5922,17,4,2,8,1,,6,2722.45,262.36,2921.21,0
3509,20260430,176,5338,21,2,1,1,1,,6,492.88,233.89,3556.11,0
3510,20260501,102,5568,1,3,2,2,1,,1,2277.5,88.51,975.43,0
3511,20260201,157,5752,22,4,1,5,1,,1,2662.27,6.9,3623.25,0
3512,20260202,140,6131,14,4,2,2,1,,5,1404.25,285.31,1170.21,0
3513,20260203,156,5259,10,3,2,1,1,,6,1021.03,164.58,2615.09,0
3514,20260204,115,5033,4,4,2,1,1,,2,981.25,97.89,3994.51,0
3515,20260205,189,5585,22,3,1,1,1,,4,986.26,92.39,2192.94,0
3516,20260206,155,6086,19,4,2,10,1,,6,543.62,64.14,3991.09,0
3517,20260207,134,5467,17,1,2,8,1,,5,1827.52,222.21,4700.74,0
3518,20260208,174,5293,9,4,1,5,1,,4,453.59,256.52,1045.45,0
3519,20260209,188,5393,2,1,2,5,1,,2,726.16,25.12,1689.3,0
3520,20260210,146,6412,13,3,1,9,1,,1,798.52,110.16,863.03,0
3521,20260211,161,5117,1,2,2,4,1,,4,1049.95,218.65,1195.51,0
3522,20260212,149,6399,16,3,1,12,1,,3,903.96,41.42,911.34,0
3523,20260213,184,6376,5,2,1,2,1,,3,1018.8,191.1,1010.94,0
3524,20260214,104,6311,5,1,2,1,1,,4,645.91,221.1,3423.27,0
3525,20260215,127,5109,2,3,1,3,1,,1,2746.65,92.79,1237.78,0
3526,20260216,155,5897,21,2,2,4,1,,5,1037.23,40.83,3987.3,0
3527,20260217,116,5254,14,1,2,11,1,,5,1770.1,183.33,1715.61,0
3528,20260218,119,5847,23,1,2,6,1,,3,903.17,228.96,4985.42,0
3529,20260219,141,6097,5,4,1,12,1,,6,1899.68,18.01,979.1,0
3530,20260220,179,6189,22,3,1,3,1,,2,720.56,104.2,2166.97,0
3531,20260221,130,5713,17,1,1,11,1,,6,2639.08,99.98,3401.78,0
3532,20260222,166,6061,1,3,1,8,1,,3,509.37,149.12,3495.44,0
3533,20260223,112,6200,22,4,1,6,1,,3,2292.07,246.73,4604.31,0
3534,20260224,146,5371,9,4,2,8,1,,4,1007.47,233.58,1730.63,0
3535,20260225,150,5542,19,2,1,5,1,,4,1077.55,15.86,2456.42,0
3536,20260226,150,6164,18,2,2,5,1,,5,1442.54,288.08,3522.18,0
3537,20260227,147,5748,7,4,2,10,1,,2,2284.38,244.67,3031.12,0
3538,20260228,184,5595,21,4,1,10,1,,1,735.31,6.64,4309.0,0
3539,20260301,104,5959,6,3,2,6,1,,6,875.48,130.52,916.61,0
3540,20260302,156,5124,19,2,1,11,1,,6,1006.89,9.32,3036.5,0
3541,20260303,151,5279,12,1,2,5,1,,2,698.5,118.27,755.47,0
3542,20260304,117,5762,2,2,2,4,1,,6,1923.09,152.55,2890.24,0
3543,20260305,135,5317,15,3,1,11,1,,2,1425.71,235.91,2747.19,0
3544,20260306,134,6168,14,3,2,5,1,,5,2076.76,268.76,3700.64,0
3545,20260307,146,5935,24,1,1,8,1,,6,863.31,32.76,3693.34,0
3546,20260308,137,6395,24,2,2,12,1,,1,1669.8,39.82,1152.8,0
3547,20260309,188,5574,1,2,1,10,1,,2,1345.93,199.7,1082.04,0
3548,20260310,150,5210,15,4,2,12,1,,1,2239.47,83.03,681.96,0
3549,20260311,194,5798,11,3,1,2,1,,2,1725.84,69.42,857.55,0
3550,20260312,116,5033,12,1,1,12,1,,2,1676.55,180.93,670.37,0
3551,20260313,200,6331,10,3,2,3,1,,5,2745.53,284.21,2490.59,0
3552,20260314,154,6005,16,3,1,4,1,,5,904.47,209.76,1476.6,0
3553,20260315,197,5470,21,4,1,12,1,,2,2117.08,156.01,1471.77,0
3554,20260316,154,6185,6,1,2,2,1,,1,428.61,113.81,2703.73,0
3555,20260317,197,5339,3,3,1,11,1,,6,1003.31,299.0,2848.66,0
3556,20260318,173,6365,13,3,1,8,1,,1,1266.86,106.94,1618.82,0
3557,20260319,104,5730,6,1,1,2,1,,5,1487.62,9.1,4144.55,0
3558,20260320,147,5106,16,2,1,8,1,,4,2439.98,271.37,974.53,0
3559,20260321,117,6254,16,2,2,2,1,,6,1147.22,101.97,4521.76,0
3560,20260322,199,5328,22,4,2,10,1,,6,2390.7,209.02,2864.68,0
3561,20260323,153,6115,23,1,1,10,1,,1,1532.97,51.85,3023.49,0
3562,20260324,181,5979,3,2,1,9,1,,5,2428.65,292.64,2062.26,0
3563,20260325,132,6222,21,3,2,1,1,,2,962.99,22.62,1975.34,0
3564,20260326,180,6278,17,4,2,2,1,,4,1265.87,236.87,633.0,0
3565,20260327,122,5403,1,1,2,1,1,,5,1079.22,20.11,2012.99,0
3566,20260328,122,5573,4,2,1,1,1,,4,1631.77,163.88,2721.31,0
3567,20260329,145,6057,23,4,2,6,1,,6,1698.9,284.85,521.99,0
3568,20260330,144,6178,4,3,2,1,1,,3,1884.67,272.62,1291.89,0
3569,20260331,132,5801,14,3,2,3,1,,4,827.16,128.77,2026.03,0
3570,20260401,170,5256,10,2,1,5,1,,2,1963.12,81.12,3479.58,0
3571,20260402,106,6397,23,3,2,3,1,,1,1568.79,115.82,3480.8,0
3572,20260403,138,6239,7,3,1,7,1,,6,2205.18,113.3,1653.84,0
3573,20260404,105,5905,18,4,2,9,1,,3,1471.64,186.18,4809.81,0
3574,20260405,112,5112,13,4,2,11,1,,2,2748.01,86.91,912.42,0
3575,20260406,158,6280,8,4,2,4,1,,4,1534.5,21.74,1220.48,0
3576,20260407,174,5436,4,4,2,6,1,,6,2007.99,156.46,1162.49,0
3577,20260408,134,5506,15,1,2,8,1,,1,1102.54,144.74,3151.31,0
3578,20260409,150,5706,3,4,2,7,1,,5,828.24,129.63,3637.59,0
3579,20260410,176,5286,2,2,1,8,1,,2,2713.36,232.89,1030.14,0
3580,20260411,147,5798,16,2,1,3,1,,2,411.66,165.77,2036.36,0
3581,20260412,185,6037,19,3,1,6,1,,2,740.47,91.48,2031.89,0
3582,20260413,150,5780,1,1,1,6,1,,4,2346.87,63.86,3440.14,0
3583,20260414,106,6430,7,1,1,5,1,,1,2370.77,292.66,4198.16,0
3584,20260415,152,5693,21,2,1,10,1,,5,1175.63,219.68,2912.47,0
3585,20260416,179,6392,20,4,2,1,1,,6,1596.0,13.05,697.89,0
3586,20260417,164,5558,13,1,2,4,1,,2,2492.51,9.42,728.97,0
3587,20260418,136,6211,3,4,2,5,1,,2,1330.05,131.3,3471.43,0
3588,20260419,182,5782,8,4,2,3,1,,1,2575.71,267.61,3685.43,0
3589,20260420,139,5013,24,3,2,6,1,,5,1449.1,36.58,1171.58,0
3590,20260421,198,6105,24,4,2,2,1,,3,808.82,151.77,4470.7,0
3591,20260422,181,5131,9,1,2,3,1,,4,897.38,77.47,3073.79,0
3592,20260423,111,6297,6,2,1,12,1,,2,1782.98,175.57,4104.52,0
3593,20260424,121,5252,11,1,1,8,1,,6,2373.28,63.49,4864.28,0
3594,20260425,185,6426,1,3,2,9,1,,3,2615.19,105.33,2540.21,0
3595,20260426,162,5146,12,3,1,12,1,,4,1959.77,113.96,531.8,0
3596,20260427,141,5856,18,2,1,2,1,,4,2045.49,221.58,2167.62,0
3597,20260428,184,5821,16,4,2,6,1,,4,2126.98,115.46,4375.97,0
3598,20260429,162,5808,2,3,1,1,1,,5,2010.91,278.5,4324.41,0
3599,20260430,118,6201,14,3,2,6,1,,2,569.46,109.13,1793.83,0
3600,20260501,180,6101,17,4,1,10,1,,5,1603.07,298.82,2606.09,0
3601,20260201,139,5565,5,2,1,7,1,,1,2048.65,166.2,3615.54,0
3602,20260202,154,6244,6,4,1,11,1,,5,1436.31,205.67,656.15,0
3603,20260203,149,5981,5,3,2,7,1,,2,1801.98,73.73,4100.45,0
3604,20260204,112,5527,8,1,1,2,1,,5,2071.11,299.95,4193.43,0
3605,20260205,131,5496,1,1,1,2,1,,5,1030.83,6.44,2091.39,0
3606,20260206,165,6090,11,3,2,6,1,,3,720.23,86.86,1190.66,0
3607,20260207,151,5214,11,1,2,4,1,,4,1860.67,280.92,2058.99,0
3608,20260208,191,6072,7,3,1,8,1,,5,2511.27,59.92,2757.52,0
3609,20260209,192,5183,22,2,2,6,1,,4,2692.58,274.16,2444.12,0
3610,20260210,132,6346,7,3,2,11,1,,3,563.9,196.0,4655.41,0
3611,20260211,142,6398,13,1,1,10,1,,5,2199.93,297.96,3987.11,0
3612,20260212,195,5886,5,3,2,10,1,,3,1921.17,126.27,4770.4,0
3613,20260213,176,5402,13,3,1,7,1,,5,2464.01,250.95,2683.61,0
3614,20260214,176,5938,7,4,2,10,1,,6,2412.3,265.93,718.75,1
3615,20260215,101,5269,21,4,1,10,1,,1,2031.22,299.04,1907.64,0
3616,20260216,193,6385,5,1,1,9,1,,6,1490.07,30.26,1078.73,0
3617,20260217,200,5749,21,1,1,11,1,,3,2557.69,219.3,2222.11,0
3618,20260218,140,6481,9,4,1,3,1,,1,625.24,100.97,2336.15,0
3619,20260219,181,5483,20,2,2,1,1,,5,773.58,56.58,1091.64,0
3620,20260220,117,5662,8,1,2,1,1,,2,528.77,148.35,1910.16,0
3621,20260221,177,6080,10,1,2,3,1,,1,738.74,84.92,1838.87,0
3622,20260222,197,5710,2,4,2,6,1,,1,2223.92,223.69,1455.61,1
3623,20260223,132,5378,17,1,2,1,1,,2,1036.0,1.17,4675.43,0
3624,20260224,126,5177,1,1,2,8,1,,1,2006.26,52.17,3549.55,0
3625,20260225,190,6413,8,2,2,8,1,,6,1943.37,146.86,2095.7,0
3626,20260226,133,5903,13,1,2,3,1,,4,1256.72,284.1,2018.99,0
3627,20260227,140,6142,4,3,2,2,1,,2,2581.93,121.89,975.89,0
3628,20260228,188,5506,19,2,1,10,1,,3,830.16,212.34,4245.21,0
3629,20260301,109,5709,2,1,1,5,1,,2,1927.81,170.82,2464.99,0
3630,20260302,161,6268,24,3,1,5,1,,4,1535.57,64.57,4480.54,0
3631,20260303,173,5144,5,1,1,8,1,,1,2052.77,32.89,4938.79,0
3632,20260304,145,6228,8,3,2,8,1,,6,2608.21,284.68,4109.19,0
3633,20260305,111,5184,14,2,1,1,1,,6,1339.83,196.03,3528.39,0
3634,20260306,177,5182,2,1,2,5,1,,2,1345.3,262.97,2265.33,0
3635,20260307,138,5515,7,2,2,10,1,,1,1006.92,46.89,3920.66,0
3636,20260308,191,5016,21,1,2,11,1,,2,796.36,266.76,2486.47,0
3637,20260309,192,6025,8,3,1,8,1,,5,512.7,188.16,4561.07,0
3638,20260310,158,6117,11,4,1,1,1,,5,2598.4,56.51,3877.74,0
3639,20260311,128,5081,1,1,1,1,1,,6,1415.19,190.24,1132.3,0
3640,20260312,166,6497,14,4,2,6,1,,3,1365.97,165.46,1042.68,0
3641,20260313,122,6133,22,3,2,11,1,,1,979.19,82.27,2395.21,0
3642,20260314,128,5452,6,3,2,6,1,,6,2293.49,228.21,2358.99,0
3643,20260315,168,5584,3,3,2,12,1,,4,2163.63,99.87,2594.93,0
3644,20260316,164,5418,11,1,2,2,1,,6,2423.51,149.91,3059.97,0
3645,20260317,150,5736,23,3,2,6,1,,4,430.26,235.69,3382.55,0
3646,20260318,199,5469,23,2,2,12,1,,3,768.27,170.81,2278.23,0
3647,20260319,135,6057,9,2,1,1,1,,5,783.41,291.23,1075.47,0
3648,20260320,112,6500,9,3,2,8,1,,5,1921.35,251.75,1390.82,0
3649,20260321,183,5268,8,4,2,7,1,,1,1055.24,85.42,4710.71,0
3650,20260322,140,5439,2,2,2,1,1,,5,585.95,237.02,1198.65,0
3651,20260323,176,6146,5,1,1,10,1,,2,1268.09,227.16,1901.29,0
3652,20260324,186,5390,20,2,1,10,1,,6,1286.27,26.08,4951.62,0
3653,20260325,186,5626,19,4,1,9,1,,3,461.39,241.58,3545.92,0
3654,20260326,186,6212,11,2,1,9,1,,4,1692.39,63.73,4994.25,0
3655,20260327,138,6022,13,4,1,1,1,,4,1613.87,93.21,2296.57,0
3656,20260328,151,5773,20,3,1,7,1,,6,2366.99,204.0,3042.8,0
3657,20260329,140,5431,17,4,1,11,1,,6,1254.35,218.63,2882.2,0
3658,20260330,143,6187,6,3,2,3,1,,5,1544.14,55.31,2211.45,0
3659,20260331,197,5300,7,2,2,8,1,,6,2355.08,146.35,3344.03,0
3660,20260401,139,6471,14,2,2,1,1,,6,2036.86,140.26,1365.97,0
3661,20260402,187,6393,8,3,2,7,1,,4,1354.62,13.79,950.59,0
3662,20260403,139,6228,24,4,1,9,1,,1,2752.77,261.03,2281.35,0
3663,20260404,165,6125,13,4,1,5,1,,3,1849.77,295.49,4502.72,0
3664,20260405,197,5504,22,3,1,9,1,,4,1891.8,97.2,4100.01,0
3665,20260406,130,6367,10,3,1,9,1,,5,946.86,196.73,4409.72,0
3666,20260407,170,5508,18,1,1,7,1,,5,2178.88,80.36,2393.73,0
3667,20260408,109,5277,21,2,2,8,1,,5,2726.66,74.31,4863.79,0
3668,20260409,171,5005,3,2,1,1,1,,1,1325.33,28.74,3939.72,0
3669,20260410,124,5064,1,2,1,10,1,,1,1273.15,64.87,4676.81,0
3670,20260411,132,5809,21,2,1,5,1,,1,1824.75,53.23,1255.83,0
3671,20260412,106,5376,8,1,2,8,1,,2,483.91,33.72,3300.91,0
3672,20260413,178,5038,8,1,2,8,1,,6,1168.48,271.21,3638.7,0
3673,20260414,102,5016,23,1,1,11,1,,5,1933.25,225.54,856.32,0
3674,20260415,160,5771,11,2,1,5,1,,3,1671.04,77.15,1484.23,0
3675,20260416,166,5986,4,3,1,6,1,,3,2125.08,91.33,3284.63,0
3676,20260417,115,5953,21,1,2,1,1,,2,1558.32,159.91,1338.69,0
3677,20260418,105,5522,2,1,1,11,1,,6,2125.58,2.9,4413.07,0
3678,20260419,194,5414,10,1,1,4,1,,2,671.81,199.82,556.78,0
3679,20260420,148,6230,23,2,1,5,1,,6,582.59,70.03,3574.58,0
3680,20260421,197,5718,6,4,2,3,1,,3,754.13,260.68,4478.25,0
3681,20260422,112,5452,4,1,2,8,1,,5,1231.17,87.04,2881.09,0
3682,20260423,196,5441,6,4,2,11,1,,1,643.63,227.24,2304.01,0
3683,20260424,165,5227,4,4,2,12,1,,5,1387.44,40.71,3190.11,0
3684,20260425,123,5656,4,3,1,9,1,,4,2499.21,226.2,2445.4,0
3685,20260426,130,5033,6,2,1,10,1,,5,1117.28,145.0,4131.14,0
3686,20260427,144,5428,21,1,2,11,1,,1,1266.43,59.22,3237.5,0
3687,20260428,136,5153,2,3,1,8,1,,3,2308.88,0.79,1667.56,0
3688,20260429,141,5336,18,3,2,8,1,,4,549.48,234.5,2768.93,0
3689,20260430,156,5926,20,4,1,12,1,,1,1741.92,217.82,4982.85,0
3690,20260501,184,5921,13,3,2,1,1,,3,2641.03,69.69,1974.53,0
3691,20260201,101,5173,16,2,2,3,1,,4,1938.98,294.57,1590.69,0
3692,20260202,193,5282,18,2,1,2,1,,6,1713.14,70.88,548.97,0
3693,20260203,114,5185,6,1,1,5,1,,1,1425.23,58.63,2225.08,0
3694,20260204,104,5150,20,1,2,1,1,,2,1126.84,120.37,788.97,0
3695,20260205,187,5961,21,3,2,2,1,,6,612.92,14.71,2267.95,0
3696,20260206,170,5721,15,4,2,4,1,,6,1977.67,49.06,4798.97,0
3697,20260207,133,5115,15,1,2,11,1,,3,1703.26,24.07,1609.04,0
3698,20260208,185,6068,4,1,1,2,1,,3,2370.27,100.58,2330.93,0
3699,20260209,189,5824,15,4,2,2,1,,5,2465.23,38.77,3040.22,0
3700,20260210,195,5060,4,4,1,10,1,,2,2296.36,134.96,1878.91,0
3701,20260211,110,5990,15,1,1,3,1,,6,893.53,1.26,3667.86,0
3702,20260212,145,5472,10,4,1,8,1,,4,1977.08,96.78,1353.18,0
3703,20260213,120,5122,20,3,1,9,1,,3,1657.92,166.69,4027.28,0
3704,20260214,147,6452,17,4,1,8,1,,2,1886.56,262.92,1355.78,0
3705,20260215,181,6485,11,4,1,3,1,,6,2562.74,9.0,4170.1,0
3706,20260216,132,6179,17,4,2,4,1,,6,1855.42,158.55,3946.06,0
3707,20260217,137,6094,10,3,1,11,1,,4,996.31,167.17,1935.93,0
3708,20260218,198,5805,22,3,1,12,1,,2,1846.75,165.92,2987.86,0
3709,20260219,185,5930,13,2,1,8,1,,2,1200.38,294.19,1515.86,0
3710,20260220,131,5639,1,4,1,1,1,,1,1386.43,58.33,1715.76,0
3711,20260221,108,5239,9,2,1,6,1,,4,2055.31,76.63,3600.66,0
3712,20260222,144,5363,14,2,2,3,1,,5,1735.85,54.58,1477.17,0
3713,20260223,147,5941,2,3,2,5,1,,3,1271.37,214.98,3830.88,0
3714,20260224,184,5628,7,3,2,3,1,,1,585.99,140.16,1693.12,0
3715,20260225,174,5543,10,3,2,11,1,,3,800.08,243.89,3342.99,0
3716,20260226,169,6472,10,2,2,7,1,,2,1613.6,269.77,835.67,0
3717,20260227,180,5228,4,4,2,8,1,,6,1865.08,270.62,3472.82,0
3718,20260228,137,5365,19,4,1,5,1,,4,2148.26,96.96,3433.16,0
3719,20260301,180,6267,17,4,2,11,1,,5,2348.76,108.04,4343.3,0
3720,20260302,108,5952,11,1,2,6,1,,6,580.71,158.71,4354.84,0
3721,20260303,162,6165,6,2,1,6,1,,4,2350.64,167.31,1670.34,0
3722,20260304,195,5403,3,1,1,3,1,,3,1370.8,89.96,4775.64,0
3723,20260305,196,5980,18,4,1,5,1,,2,2187.47,296.34,3360.6,0
3724,20260306,135,6295,14,1,2,7,1,,6,2184.27,116.78,3764.27,0
3725,20260307,149,6219,21,4,1,12,1,,4,2591.52,182.14,4464.28,0
3726,20260308,119,5131,17,4,1,7,1,,3,421.49,23.26,3977.34,0
3727,20260309,157,5172,12,1,1,2,1,,2,1164.21,41.64,4959.22,0
3728,20260310,111,5851,2,1,2,1,1,,2,2584.87,144.18,3010.65,0
3729,20260311,180,6109,14,2,1,2,1,,2,544.19,117.33,859.77,0
3730,20260312,196,6438,20,3,1,6,1,,1,2441.12,185.54,3932.87,0
3731,20260313,180,6239,21,4,2,3,1,,1,2635.44,194.2,1786.63,0
3732,20260314,136,5553,5,3,2,1,1,,6,1541.65,252.66,1263.11,0
3733,20260315,191,6093,14,1,2,10,1,,3,807.18,211.39,4293.76,0
3734,20260316,195,6227,23,3,2,6,1,,6,1529.29,131.05,4529.26,0
3735,20260317,163,6439,20,2,1,1,1,,3,1154.54,143.36,2611.53,0
3736,20260318,177,6314,18,2,2,8,1,,4,438.09,93.56,3315.81,0
3737,20260319,106,5756,19,2,2,12,1,,6,1685.16,94.94,3973.46,1
3738,20260320,130,6167,2,2,2,7,1,,6,461.0,40.01,2100.04,0
3739,20260321,171,6296,14,4,2,12,1,,1,2451.03,125.74,2107.52,0
3740,20260322,187,5959,13,1,2,6,1,,1,2313.28,26.12,898.71,0
3741,20260323,138,5266,13,2,1,7,1,,3,2412.3,85.71,967.02,0
3742,20260324,103,5268,9,3,2,1,1,,5,1237.7,235.85,3349.41,0
3743,20260325,142,5831,12,2,2,3,1,,3,1938.18,141.19,2539.21,0
3744,20260326,194,6210,11,1,2,12,1,,4,2610.76,277.96,3980.48,0
3745,20260327,142,5940,8,4,2,9,1,,6,2317.37,105.79,4642.18,0
3746,20260328,120,5677,3,2,1,6,1,,6,1721.94,87.13,2560.84,0
3747,20260329,176,6312,2,1,2,6,1,,2,2445.04,255.58,3150.45,0
3748,20260330,182,5359,20,3,2,6,1,,2,901.66,187.25,2733.58,0
3749,20260331,187,6198,19,1,1,1,1,,2,1995.46,101.83,671.21,0
3750,20260401,101,5121,18,3,1,6,1,,5,2114.8,282.4,1772.91,0
3751,20260402,154,6156,24,3,2,6,1,,2,2409.18,163.01,811.36,0
3752,20260403,126,6384,20,4,2,12,1,,2,1200.9,184.51,2377.54,0
3753,20260404,140,5268,24,4,1,1,1,,3,542.92,106.25,600.9,0
3754,20260405,132,5419,9,4,1,2,1,,5,1837.16,157.67,1349.85,0
3755,20260406,119,6068,6,4,2,10,1,,2,1981.63,207.46,684.8,0
3756,20260407,114,6458,20,1,2,2,1,,4,515.85,73.56,4934.37,0
3757,20260408,195,6388,8,1,2,5,1,,3,608.41,195.03,1624.1,0
3758,20260409,184,5881,2,2,1,11,1,,5,2603.27,26.15,2620.52,0
3759,20260410,171,6107,2,2,1,1,1,,5,976.71,124.65,3761.9,0
3760,20260411,193,5847,16,4,2,8,1,,2,2447.95,102.62,4793.6,0
3761,20260412,149,5638,12,3,2,6,1,,5,2525.5,62.41,4547.81,0
3762,20260413,165,5227,20,3,2,4,1,,3,2251.64,216.58,985.45,0
3763,20260414,107,5287,13,2,2,6,1,,2,964.09,14.79,3282.21,0
3764,20260415,197,5278,7,2,1,11,1,,1,893.86,203.61,4925.29,0
3765,20260416,140,6342,17,3,2,12,1,,1,1514.82,42.98,1626.8,0
3766,20260417,156,5284,14,1,2,8,1,,3,2121.52,95.95,4995.84,0
3767,20260418,196,5609,10,4,2,3,1,,1,2638.11,271.34,2390.29,0
3768,20260419,137,6152,8,3,1,8,1,,6,2509.0,267.44,2541.25,0
3769,20260420,107,5357,19,3,1,7,1,,5,1185.26,143.4,1259.94,0
3770,20260421,122,6366,2,2,1,12,1,,3,1617.39,61.87,2579.44,0
3771,20260422,115,5330,12,2,2,9,1,,5,1846.21,25.39,3514.54,0
3772,20260423,192,6208,10,3,1,7,1,,6,2140.55,187.48,802.49,0
3773,20260424,191,6435,19,3,2,7,1,,6,2799.46,299.53,2446.52,0
3774,20260425,199,5659,5,2,1,1,1,,3,574.12,111.12,1864.22,0
3775,20260426,120,6078,13,4,2,6,1,,3,1584.91,2.8,811.07,0
3776,20260427,176,5963,16,3,1,2,1,,6,1123.03,135.43,695.7,0
3777,20260428,179,6391,8,4,2,3,1,,6,2687.33,271.11,3843.07,0
3778,20260429,165,6429,1,1,2,11,1,,1,1507.42,270.09,646.03,0
3779,20260430,182,6015,8,3,2,1,1,,6,995.66,124.08,1497.02,0
3780,20260501,139,5026,24,4,1,11,1,,6,610.73,265.57,2075.23,0
3781,20260201,142,5364,16,3,2,11,1,,2,2122.14,213.49,3499.88,0
3782,20260202,126,5258,18,4,2,11,1,,5,1212.28,27.09,2097.76,0
3783,20260203,107,5867,13,1,2,6,1,,6,1523.43,207.77,2141.63,0
3784,20260204,154,6388,14,1,2,7,1,,5,2765.83,267.45,4911.59,0
3785,20260205,173,5491,14,2,2,5,1,,4,1934.14,102.49,4471.74,0
3786,20260206,141,5245,23,4,1,2,1,,2,896.92,100.27,4928.7,0
3787,20260207,124,5270,9,3,1,9,1,,2,1295.66,182.1,803.19,0
3788,20260208,117,5167,5,4,2,12,1,,3,1739.3,227.94,4448.1,0
3789,20260209,175,5996,18,3,2,10,1,,5,1905.94,297.12,3827.87,0
3790,20260210,111,6171,14,2,1,6,1,,2,1587.19,15.29,3688.8,0
3791,20260211,150,6169,6,2,2,10,1,,6,588.59,75.13,1557.77,0
3792,20260212,116,5275,16,3,2,10,1,,6,2238.76,33.18,2257.04,0
3793,20260213,114,6241,3,4,1,8,1,,6,1963.81,251.06,2132.69,0
3794,20260214,145,5464,13,1,2,3,1,,2,862.36,123.97,2067.34,0
3795,20260215,161,5423,21,3,2,8,1,,3,1339.82,219.42,1247.91,0
3796,20260216,178,6067,10,1,1,5,1,,1,2411.43,212.98,1476.9,0
3797,20260217,196,5327,16,2,1,4,1,,2,1140.49,157.13,3692.52,0
3798,20260218,139,6423,13,2,2,3,1,,6,2139.11,236.11,4275.74,0
3799,20260219,111,5238,18,2,1,4,1,,5,407.93,252.92,4356.26,0
3800,20260220,187,6441,24,3,2,3,1,,6,561.06,100.45,4633.15,0
3801,20260221,186,5132,23,1,1,11,1,,2,1606.04,23.58,2679.92,0
3802,20260222,178,5062,7,4,2,7,1,,4,948.48,195.28,4723.31,0
3803,20260223,139,5984,6,1,1,3,1,,4,2683.98,97.91,2819.4,0
3804,20260224,144,5021,7,2,2,10,1,,1,2121.1,200.35,3205.48,0
3805,20260225,104,5461,16,3,1,6,1,,6,2052.39,199.89,984.45,1
3806,20260226,126,5319,23,3,2,3,1,,6,1475.71,206.6,2365.48,0
3807,20260227,113,6193,21,3,1,12,1,,2,530.84,120.84,2546.49,0
3808,20260228,108,5935,3,2,2,6,1,,2,1081.69,256.29,1814.49,0
3809,20260301,170,6237,3,3,1,12,1,,5,2694.88,71.39,2762.53,0
3810,20260302,122,5009,23,1,2,2,1,,3,1809.04,132.52,2361.45,0
3811,20260303,174,5183,8,4,1,7,1,,3,1457.11,251.74,1119.5,0
3812,20260304,122,5275,23,4,1,10,1,,6,1186.69,80.67,4680.34,0
3813,20260305,186,5049,5,3,2,10,1,,3,855.31,255.74,4164.79,0
3814,20260306,195,5656,15,4,2,7,1,,1,2132.39,71.31,2940.49,0
3815,20260307,156,5703,21,3,1,12,1,,1,2096.88,174.79,906.82,0
3816,20260308,148,6218,12,4,2,9,1,,2,739.95,62.49,3636.35,0
3817,20260309,195,5747,19,2,2,1,1,,1,1790.02,85.43,1194.05,0
3818,20260310,159,5063,14,4,1,9,1,,3,2011.25,122.93,3674.63,0
3819,20260311,164,6096,2,4,1,1,1,,6,735.65,270.71,4564.32,0
3820,20260312,182,6459,7,1,1,3,1,,1,2220.04,173.35,2421.16,0
3821,20260313,162,5878,8,4,1,1,1,,2,1952.48,67.06,3984.55,0
3822,20260314,165,5459,13,3,2,8,1,,1,1504.0,30.19,3330.17,0
3823,20260315,101,5712,13,3,2,5,1,,2,1813.49,146.74,652.85,1
3824,20260316,134,5801,15,2,1,2,1,,4,1003.02,179.1,3156.55,0
3825,20260317,196,5700,9,4,2,12,1,,2,2124.84,15.02,2092.04,0
3826,20260318,165,5879,18,1,1,3,1,,3,909.63,28.36,4854.26,0
3827,20260319,123,5866,14,2,2,5,1,,4,2265.65,268.38,3588.89,0
3828,20260320,173,5672,17,1,2,1,1,,1,2270.99,115.83,4243.92,0
3829,20260321,178,5957,24,1,1,1,1,,1,2599.28,201.46,4847.79,0
3830,20260322,105,5924,7,3,2,7,1,,4,2602.42,212.73,3338.62,0
3831,20260323,194,6017,10,2,2,10,1,,2,2368.67,190.87,645.95,0
3832,20260324,178,5566,4,2,1,10,1,,5,1163.1,172.57,2740.15,0
3833,20260325,168,5449,5,1,1,1,1,,3,1105.1,279.75,2937.04,0
3834,20260326,133,6341,23,2,2,11,1,,1,648.56,289.94,3123.16,0
3835,20260327,106,5403,12,3,1,10,1,,3,798.53,173.22,783.74,0
3836,20260328,124,5643,19,4,1,12,1,,6,947.85,231.48,1611.06,0
3837,20260329,170,6454,15,4,2,7,1,,4,487.06,189.83,4241.26,0
3838,20260330,194,6073,19,3,1,4,1,,3,440.07,63.74,3253.52,0
3839,20260331,161,6127,7,4,2,5,1,,6,2079.33,58.33,2876.21,0
3840,20260401,166,5403,14,2,1,12,1,,5,1994.82,190.09,4426.69,0
3841,20260402,158,6446,1,2,2,7,1,,2,1623.52,263.24,2623.66,0
3842,20260403,145,5633,18,1,2,2,1,,2,935.83,260.14,849.56,0
3843,20260404,161,6044,14,1,2,8,1,,4,1374.38,135.7,821.64,0
3844,20260405,118,6443,22,2,1,4,1,,1,2612.48,159.2,4921.55,0
3845,20260406,157,5655,15,3,1,6,1,,5,1898.19,272.44,1572.02,0
3846,20260407,102,5429,14,1,2,8,1,,4,1671.67,33.23,4423.61,0
3847,20260408,122,5546,20,4,1,7,1,,3,1219.85,264.13,788.65,0
3848,20260409,152,5578,19,4,2,5,1,,6,1272.37,208.32,1891.29,0
3849,20260410,130,5927,12,2,2,8,1,,6,1121.08,242.03,3550.65,0
3850,20260411,167,6090,5,3,1,12,1,,4,1971.27,284.44,3080.5,0
3851,20260412,107,6449,4,3,1,2,1,,1,1155.22,129.83,4519.2,0
3852,20260413,130,6113,12,1,2,8,1,,4,1088.44,126.14,4969.34,0
3853,20260414,184,5755,2,4,1,10,1,,5,885.46,220.57,4966.2,0
3854,20260415,175,5458,9,4,2,12,1,,1,825.95,145.46,2791.15,0
3855,20260416,155,5106,8,3,2,7,1,,2,2051.56,256.23,3998.42,0
3856,20260417,174,5309,8,3,2,3,1,,3,2246.34,135.62,2025.51,0
3857,20260418,141,5691,24,4,1,7,1,,2,1684.99,2.27,3379.26,0
3858,20260419,122,5552,22,2,2,2,1,,4,664.24,157.6,3522.73,0
3859,20260420,199,5330,23,4,2,12,1,,3,1555.36,217.0,1309.38,0
3860,20260421,128,6296,16,1,1,11,1,,5,1226.9,298.07,2613.13,0
3861,20260422,197,5910,23,2,2,9,1,,1,1769.91,260.34,4631.03,0
3862,20260423,179,5318,6,3,1,12,1,,2,2639.58,210.51,1127.74,0
3863,20260424,197,6428,1,4,1,6,1,,2,2044.49,75.21,3795.55,0
3864,20260425,165,5739,9,3,2,5,1,,1,2423.95,183.87,1932.34,0
3865,20260426,168,5490,3,3,1,1,1,,2,1233.18,67.4,1413.61,0
3866,20260427,121,6035,5,4,2,4,1,,3,2002.57,261.32,540.82,0
3867,20260428,158,6187,18,4,2,8,1,,1,1423.92,237.96,3128.96,0
3868,20260429,156,6340,5,1,1,3,1,,6,2305.01,17.9,2380.22,0
3869,20260430,170,5836,18,3,2,5,1,,6,904.78,131.48,727.42,0
3870,20260501,188,6073,18,2,1,1,1,,5,808.0,108.45,2477.13,0
3871,20260201,167,6225,21,3,2,8,1,,6,912.32,62.8,2284.82,0
3872,20260202,132,5034,18,3,2,1,1,,1,1525.81,223.27,4853.51,0
3873,20260203,120,6053,1,2,1,12,1,,4,1147.83,14.73,4214.17,0
3874,20260204,137,6368,16,3,1,11,1,,1,1439.46,299.62,1643.57,0
3875,20260205,184,6449,8,1,1,2,1,,1,2111.99,206.9,2246.85,0
3876,20260206,131,5769,14,2,1,9,1,,3,1270.8,95.45,825.67,0
3877,20260207,197,5006,18,3,2,10,1,,4,765.43,268.52,2083.98,0
3878,20260208,198,5214,21,1,2,9,1,,4,591.52,114.79,4920.93,0
3879,20260209,154,5090,24,1,1,7,1,,1,1110.87,177.34,3367.14,0
3880,20260210,157,5537,20,3,1,9,1,,6,1898.22,272.7,3735.75,0
3881,20260211,118,5640,9,1,1,7,1,,4,1903.57,163.71,1795.51,0
3882,20260212,161,5453,5,1,2,6,1,,1,2499.64,273.35,1732.13,0
3883,20260213,128,6075,19,2,2,5,1,,6,1010.19,250.64,2574.12,0
3884,20260214,109,6316,1,4,1,10,1,,5,1299.67,50.68,3475.5,0
3885,20260215,104,5709,21,1,2,7,1,,4,626.29,162.27,1552.93,0
3886,20260216,129,6346,7,1,2,2,1,,3,1492.2,228.11,2105.74,0
3887,20260217,195,5136,6,2,2,10,1,,2,775.87,246.21,1309.56,0
3888,20260218,186,6125,3,3,1,1,1,,5,1807.62,299.82,2093.97,0
3889,20260219,115,5903,13,1,1,3,1,,4,1857.47,49.87,4841.87,0
3890,20260220,142,5117,16,2,1,5,1,,6,2603.29,19.01,4493.31,0
3891,20260221,138,5489,2,2,1,6,1,,1,2180.49,50.52,1627.71,0
3892,20260222,151,5312,8,2,2,5,1,,1,2220.84,279.49,4878.1,0
3893,20260223,187,5476,16,4,2,5,1,,2,1830.7,177.56,1194.62,0
3894,20260224,194,6152,12,1,1,4,1,,1,1654.57,192.17,4195.09,1
3895,20260225,137,6140,14,2,1,10,1,,6,512.34,95.8,591.59,0
3896,20260226,108,5558,22,4,1,6,1,,5,466.56,94.49,3006.92,0
3897,20260227,128,5956,16,2,1,1,1,,5,524.77,75.94,1657.2,0
3898,20260228,174,6415,8,1,1,8,1,,1,1562.62,75.43,3714.15,0
3899,20260301,104,5411,23,3,2,7,1,,5,2031.04,151.24,1746.68,0
3900,20260302,168,5812,11,4,1,8,1,,3,2273.76,179.66,2321.88,0
3901,20260303,101,5907,5,2,2,7,1,,6,539.32,87.66,4467.41,0
3902,20260304,161,5540,4,2,1,9,1,,1,1703.75,57.89,2825.41,0
3903,20260305,127,6027,21,2,2,3,1,,5,2028.11,175.69,1769.18,0
3904,20260306,140,5443,19,2,2,2,1,,4,443.71,118.78,3983.7,0
3905,20260307,143,5990,15,3,1,12,1,,4,1404.97,86.9,3015.14,0
3906,20260308,107,5445,22,1,2,4,1,,4,1527.71,20.85,1917.95,0
3907,20260309,134,6327,18,1,1,6,1,,2,1569.96,265.92,1205.29,0
3908,20260310,166,5472,20,2,1,4,1,,5,2230.9,107.37,3197.37,0
3909,20260311,118,6430,13,1,2,4,1,,2,1840.21,167.66,2605.95,0
3910,20260312,131,5595,23,1,1,2,1,,3,1886.56,180.72,4260.95,0
3911,20260313,139,5933,11,3,2,4,1,,6,2486.63,134.86,2584.46,1
3912,20260314,136,6206,20,1,2,8,1,,5,562.85,93.01,4202.96,0
3913,20260315,150,5689,19,4,2,4,1,,5,1323.87,233.94,640.94,0
3914,20260316,126,6408,9,1,2,8,1,,2,2580.46,120.44,4567.72,0
3915,20260317,194,6189,4,1,1,5,1,,1,2093.83,149.07,4476.46,0
3916,20260318,155,6280,21,3,1,1,1,,4,2453.17,273.57,4123.03,0
3917,20260319,188,6030,22,4,2,2,1,,6,2125.38,285.87,3092.78,0
3918,20260320,113,5793,11,4,1,4,1,,4,993.39,228.96,1034.22,0
3919,20260321,134,6102,11,4,2,8,1,,1,2658.13,115.51,4141.48,0
3920,20260322,189,5328,18,1,1,10,1,,1,798.99,147.16,3029.96,0
3921,20260323,183,6094,17,3,1,5,1,,5,2692.68,174.75,3310.34,0
3922,20260324,152,5053,21,3,1,12,1,,6,1234.42,299.82,4002.74,0
3923,20260325,148,5396,15,2,1,12,1,,3,914.81,269.76,1414.41,0
3924,20260326,168,5658,12,4,2,1,1,,4,2371.79,130.56,3300.14,0
3925,20260327,133,5523,18,1,2,12,1,,3,405.44,17.73,3804.06,0
3926,20260328,105,5911,12,4,1,3,1,,2,2258.14,298.46,729.12,0
3927,20260329,155,5640,2,4,2,3,1,,5,1386.7,222.18,1294.09,0
3928,20260330,172,6031,22,3,2,3,1,,4,2617.43,222.79,1663.8,0
3929,20260331,176,6457,16,2,2,2,1,,6,2607.28,144.13,1377.08,0
3930,20260401,153,5836,21,3,2,8,1,,6,2655.16,152.62,4261.15,0
3931,20260402,172,6439,22,2,2,2,1,,1,2414.82,96.78,4882.63,1
3932,20260403,196,6426,5,3,1,7,1,,6,2335.8,137.88,3012.1,0
3933,20260404,125,6464,13,1,1,8,1,,3,2628.13,210.19,1657.33,0
3934,20260405,121,5718,13,1,1,5,1,,1,882.35,29.88,3569.35,0
3935,20260406,164,5953,12,2,2,1,1,,4,665.2,46.72,2515.46,0
3936,20260407,191,6411,15,1,2,7,1,,2,2179.09,97.74,2346.96,0
3937,20260408,198,5606,6,4,1,10,1,,6,1857.97,7.05,1823.49,0
3938,20260409,166,6122,21,1,2,12,1,,4,1508.45,40.65,4390.74,0
3939,20260410,157,5071,5,3,2,4,1,,1,1351.04,295.21,1544.61,0
3940,20260411,109,5653,17,3,2,5,1,,4,702.67,125.56,4217.73,0
3941,20260412,150,5958,17,2,1,11,1,,2,1446.01,6.43,3621.67,0
3942,20260413,114,5656,23,3,1,11,1,,2,1342.89,19.4,1658.15,0
3943,20260414,190,6278,16,2,1,3,1,,2,2303.11,201.6,4169.92,0
3944,20260415,192,5885,13,4,2,7,1,,3,1087.57,1.28,1554.4,0
3945,20260416,182,5367,9,2,1,12,1,,4,2746.81,83.26,2007.23,0
3946,20260417,190,5342,17,4,1,8,1,,5,1997.27,109.71,4502.6,0
3947,20260418,131,6064,2,3,2,4,1,,2,677.79,113.45,4129.05,0
3948,20260419,172,6339,18,4,2,6,1,,3,2397.18,40.01,995.96,0
3949,20260420,116,5062,15,1,2,11,1,,3,2756.27,2.52,4838.09,0
3950,20260421,121,6276,12,1,2,9,1,,4,2534.76,80.08,916.74,0
3951,20260422,199,5392,11,4,1,6,1,,5,1353.15,45.14,2296.26,0
3952,20260423,141,5883,1,1,2,11,1,,2,1203.34,103.75,2147.92,0
3953,20260424,162,6203,15,3,1,10,1,,2,1539.09,156.29,3145.83,0
3954,20260425,128,5138,6,4,1,5,1,,3,2337.36,100.27,3408.65,0
3955,20260426,186,5136,20,4,2,12,1,,2,668.8,281.38,2375.95,0
3956,20260427,112,5813,9,4,1,6,1,,2,2652.42,241.36,2441.89,0
3957,20260428,143,5509,5,2,1,11,1,,3,2567.07,232.13,676.07,0
3958,20260429,187,6045,4,1,1,5,1,,5,2058.37,50.35,3742.44,0
3959,20260430,110,6261,18,3,1,9,1,,5,2511.33,197.49,1608.16,0
3960,20260501,199,5619,18,1,1,7,1,,5,663.92,226.22,3206.63,0
3961,20260201,102,6491,1,1,2,9,1,,5,2335.43,182.41,553.64,0
3962,20260202,184,6041,2,1,2,1,1,,2,919.91,213.72,613.23,0
3963,20260203,105,6133,24,1,1,6,1,,4,2754.23,213.06,2035.73,0
3964,20260204,183,6062,24,4,1,11,1,,2,2707.43,233.37,4998.43,0
3965,20260205,113,5842,23,4,2,7,1,,1,2535.3,288.24,837.89,0
3966,20260206,138,5881,15,4,2,3,1,,5,675.4,211.7,3758.39,0
3967,20260207,145,6160,17,2,2,3,1,,1,1496.89,242.62,3298.52,0
3968,20260208,172,5540,19,3,1,3,1,,4,410.8,173.62,502.19,0
3969,20260209,129,5162,24,3,2,6,1,,4,2724.68,106.19,3719.45,0
3970,20260210,116,5860,13,3,2,9,1,,6,631.72,6.81,4909.88,0
3971,20260211,180,5708,2,3,1,9,1,,5,2020.99,118.83,3421.6,0
3972,20260212,151,5555,12,1,2,3,1,,6,2095.46,169.06,1953.33,0
3973,20260213,117,5261,8,1,2,3,1,,3,2544.03,293.7,2986.63,0
3974,20260214,163,5790,9,1,1,7,1,,1,2542.24,200.85,3058.3,0
3975,20260215,200,5744,16,3,2,9,1,,4,684.57,223.76,3595.23,0
3976,20260216,165,5410,19,2,2,1,1,,5,926.19,81.39,4170.11,0
3977,20260217,136,5289,22,4,2,10,1,,5,2626.9,37.5,1273.93,0
3978,20260218,156,6254,13,3,2,10,1,,2,826.67,199.29,3190.56,0
3979,20260219,119,5939,14,2,1,4,1,,4,1693.29,24.87,1283.08,0
3980,20260220,144,5473,9,1,1,10,1,,6,1857.61,225.78,2049.74,0
3981,20260221,144,6301,16,1,1,3,1,,5,442.6,258.27,2737.1,0
3982,20260222,187,5055,14,2,2,6,1,,1,720.45,115.97,3912.8,0
3983,20260223,137,5548,15,2,2,11,1,,2,1066.18,298.19,4275.23,0
3984,20260224,137,6427,8,1,1,12,1,,2,847.07,71.5,3651.0,0
3985,20260225,168,5884,22,4,2,10,1,,6,519.85,127.37,3378.79,0
3986,20260226,196,5527,16,4,1,1,1,,6,2624.12,23.84,4426.17,0
3987,20260227,138,5004,18,2,2,4,1,,6,1523.86,167.34,2274.26,0
3988,20260228,111,6316,18,4,2,12,1,,4,2286.04,225.88,3399.58,0
3989,20260301,125,5579,5,2,2,4,1,,5,942.34,184.79,1102.7,0
3990,20260302,117,5738,16,4,2,3,1,,4,1494.85,108.63,3535.04,0
3991,20260303,107,5338,4,3,1,2,1,,1,2645.64,84.59,1890.55,0
3992,20260304,105,5466,23,4,1,9,1,,2,1797.85,118.87,3946.38,0
3993,20260305,163,6111,17,3,1,1,1,,6,2309.97,85.61,1990.52,0
3994,20260306,189,6282,23,2,2,11,1,,5,2299.83,93.32,3887.67,0
3995,20260307,108,5786,19,2,1,9,1,,3,979.23,193.56,745.57,0
3996,20260308,141,5636,14,1,2,12,1,,6,2089.79,142.26,4776.15,0
3997,20260309,153,5912,21,4,1,9,1,,5,1640.27,130.36,3729.11,0
3998,20260310,196,5161,8,3,2,11,1,,3,2747.54,175.73,3669.18,0
3999,20260311,109,5236,23,3,2,3,1,,2,2686.85,99.66,3336.64,0
4000,20260312,112,6268,9,4,1,8,1,,4,1770.27,41.29,3536.08,0
4001,20260313,165,6195,13,3,2,10,1,,5,2506.86,203.69,3065.87,0
4002,20260314,191,5981,18,2,1,1,1,,1,1720.34,193.44,604.59,0
4003,20260315,104,5200,24,3,1,9,1,,4,2002.73,178.85,2278.01,0
4004,20260316,141,5176,11,4,2,10,1,,3,658.43,260.11,3952.49,0
4005,20260317,198,5088,19,4,2,2,1,,6,2073.49,201.21,4120.55,0
4006,20260318,185,6048,1,1,2,11,1,,3,1635.63,145.12,1325.27,0
4007,20260319,121,6350,6,4,2,12,1,,6,1813.88,118.22,2073.07,0
4008,20260320,185,5264,20,3,1,1,1,,3,675.92,37.29,2591.37,0
4009,20260321,196,5680,3,2,1,5,1,,2,2221.28,70.5,1544.06,0
4010,20260322,156,5949,12,4,2,8,1,,4,910.42,270.96,4041.57,0
4011,20260323,117,5795,11,4,2,1,1,,2,1997.48,2.72,3689.87,0
4012,20260324,176,5897,20,1,2,1,1,,4,2589.91,22.5,4529.47,0
4013,20260325,181,5374,17,1,2,2,1,,6,2779.08,178.9,2666.16,0
4014,20260326,134,5808,13,4,2,11,1,,3,1538.96,238.1,4540.66,0
4015,20260327,196,5185,15,1,1,5,1,,2,1283.81,126.96,3453.95,0
4016,20260328,132,5104,7,2,2,4,1,,4,2632.56,254.27,3077.7,0
4017,20260329,192,5296,12,3,2,12,1,,6,2534.69,146.89,1940.79,0
4018,20260330,102,5972,18,1,1,11,1,,4,822.06,206.57,3436.06,0
4019,20260331,139,5945,13,3,2,12,1,,6,2716.32,21.59,3559.39,0
4020,20260401,112,5534,20,2,2,11,1,,2,657.56,171.93,1292.25,0
4021,20260402,157,5684,13,3,2,4,1,,5,2481.97,11.47,1932.63,0
4022,20260403,181,6240,11,4,2,4,1,,1,547.99,118.16,2255.31,0
4023,20260404,192,5242,2,3,1,7,1,,3,535.57,153.13,4415.57,0
4024,20260405,192,6328,2,3,1,2,1,,2,2178.15,109.18,4385.99,0
4025,20260406,197,5401,23,4,1,10,1,,4,1275.74,48.03,4648.61,0
4026,20260407,121,6220,11,4,2,8,1,,4,2072.74,100.39,1841.9,0
4027,20260408,176,6198,23,1,2,2,1,,2,2064.15,275.98,2228.81,0
4028,20260409,198,6232,4,3,2,12,1,,5,839.39,246.63,2652.16,0
4029,20260410,107,6346,5,2,1,12,1,,1,909.15,38.61,2791.92,0
4030,20260411,125,5965,9,4,1,3,1,,1,999.31,227.35,4299.38,1
4031,20260412,137,5156,12,4,2,2,1,,6,724.98,182.26,803.29,0
4032,20260413,135,5354,23,3,1,12,1,,5,1247.66,124.1,882.38,0
4033,20260414,156,6365,12,3,1,3,1,,2,2062.53,108.46,1083.41,0
4034,20260415,170,5662,18,4,1,7,1,,2,413.78,200.07,3955.0,0
4035,20260416,171,6462,6,2,1,6,1,,2,1703.6,131.65,3256.1,0
4036,20260417,114,5768,24,2,2,10,1,,6,1383.86,145.33,1204.92,0
4037,20260418,168,6361,10,4,2,7,1,,3,2022.13,96.29,2546.84,0
4038,20260419,120,6065,8,1,1,2,1,,5,2678.06,217.79,721.76,0
4039,20260420,170,5101,18,4,2,7,1,,6,1145.2,280.67,2077.79,0
4040,20260421,104,6388,11,1,1,6,1,,5,425.29,0.45,4570.16,0
4041,20260422,172,6394,14,4,2,5,1,,3,1598.92,23.81,1454.65,0
4042,20260423,169,6495,18,4,2,4,1,,4,2285.93,88.7,3932.57,0
4043,20260424,132,5450,8,3,2,8,1,,3,2185.01,122.53,1529.92,0
4044,20260425,162,6183,5,2,2,3,1,,5,674.66,277.46,2052.18,0
4045,20260426,124,5448,16,3,1,9,1,,6,1596.97,86.49,1909.5,0
4046,20260427,142,5338,4,3,1,6,1,,6,409.37,141.97,3881.97,0
4047,20260428,104,6279,16,4,1,10,1,,1,1047.24,284.84,2690.65,0
4048,20260429,131,5840,13,1,2,10,1,,1,1855.6,27.94,3881.19,0
4049,20260430,163,6476,8,4,2,6,1,,2,1873.59,193.66,2872.19,0
4050,20260501,168,5923,10,3,2,8,1,,1,987.38,239.94,3254.33,0
4051,20260201,133,5538,9,4,1,7,1,,2,2426.21,96.04,2025.26,0
4052,20260202,133,5978,16,4,2,4,1,,4,1936.5,23.81,1500.17,0
4053,20260203,136,6056,15,4,2,7,1,,1,2285.08,275.24,866.23,0
4054,20260204,171,6153,17,4,2,6,1,,4,1822.31,200.64,4317.55,0
4055,20260205,129,5260,24,2,1,11,1,,1,2603.55,97.11,555.33,0
4056,20260206,137,5719,24,1,2,4,1,,4,1173.0,109.3,645.88,0
4057,20260207,194,6162,3,2,2,5,1,,2,1097.08,37.71,3459.69,0
4058,20260208,161,5212,5,2,1,4,1,,1,2259.46,228.9,2013.06,0
4059,20260209,126,5762,7,3,2,6,1,,5,2009.31,6.04,2281.78,0
4060,20260210,121,6032,6,1,2,1,1,,5,1576.21,146.64,3331.43,0
4061,20260211,182,5964,17,2,2,4,1,,4,2444.65,127.48,713.31,0
4062,20260212,161,5934,8,2,2,7,1,,4,465.34,149.86,3062.22,0
4063,20260213,164,6031,11,3,1,1,1,,6,1942.21,83.23,2137.1,0
4064,20260214,106,5909,23,2,2,3,1,,5,2547.32,218.8,4868.5,0
4065,20260215,195,5056,22,1,1,8,1,,5,955.17,54.59,4773.08,0
4066,20260216,152,5729,5,4,1,6,1,,3,1325.95,4.71,3295.18,0
4067,20260217,186,5161,24,3,2,8,1,,1,562.45,132.62,1414.84,0
4068,20260218,171,6485,15,2,2,11,1,,3,1728.68,215.0,3156.4,0
4069,20260219,171,5943,22,1,2,1,1,,4,1190.39,94.63,1402.17,0
4070,20260220,171,5005,12,2,2,6,1,,5,1903.97,42.58,2847.08,0
4071,20260221,180,5760,2,4,1,6,1,,1,2314.01,255.62,2339.36,0
4072,20260222,154,5919,6,1,1,9,1,,1,1162.17,164.25,2987.56,0
4073,20260223,104,5376,16,3,1,8,1,,5,2505.81,167.02,1200.16,0
4074,20260224,137,6485,19,2,2,2,1,,2,1535.52,143.83,511.35,0
4075,20260225,155,6411,7,1,2,9,1,,2,480.01,167.78,3575.61,0
4076,20260226,165,5419,14,1,2,8,1,,2,877.48,118.4,2011.87,0
4077,20260227,153,5095,13,4,2,6,1,,3,1753.89,134.67,1595.81,0
4078,20260228,197,5670,10,1,1,6,1,,6,2217.32,200.73,2488.63,0
4079,20260301,185,5268,12,1,2,1,1,,2,1187.7,247.52,3869.42,0
4080,20260302,184,6260,24,1,1,11,1,,5,2588.67,241.78,2878.69,0
4081,20260303,120,5433,11,4,2,6,1,,4,1910.28,13.94,595.76,0
4082,20260304,137,5234,1,3,1,6,1,,1,2294.1,220.54,4713.44,0
4083,20260305,139,6188,8,1,2,7,1,,1,1655.19,35.66,3949.37,0
4084,20260306,115,5177,11,3,2,7,1,,1,954.3,85.36,3670.83,0
4085,20260307,157,6359,21,3,1,1,1,,1,2492.03,93.57,2983.98,0
4086,20260308,105,6313,18,2,1,11,1,,4,455.45,262.24,3068.06,0
4087,20260309,188,5077,21,4,2,10,1,,3,1897.16,99.61,3421.06,0
4088,20260310,195,6426,21,1,1,11,1,,4,906.8,65.26,1817.97,0
4089,20260311,118,5338,10,3,2,9,1,,6,633.47,11.51,3782.97,0
4090,20260312,131,5716,3,3,1,5,1,,3,1952.57,261.59,3256.59,0
4091,20260313,191,5834,13,2,1,1,1,,6,483.68,107.09,3162.64,0
4092,20260314,191,6124,1,3,2,8,1,,6,797.72,94.85,1857.16,0
4093,20260315,188,6179,13,1,2,1,1,,5,1790.92,283.57,1448.41,0
4094,20260316,164,5029,19,1,2,7,1,,5,2586.47,30.79,4519.93,0
4095,20260317,130,6284,18,3,2,10,1,,1,2030.47,164.85,2141.75,0
4096,20260318,113,5781,9,3,2,7,1,,4,2788.79,110.91,1542.35,0
4097,20260319,120,5716,8,4,1,3,1,,4,1365.84,150.17,2275.98,0
4098,20260320,199,5332,19,3,2,12,1,,6,1802.47,92.72,1760.44,0
4099,20260321,105,6138,2,4,1,8,1,,2,1964.87,26.87,2015.83,0
4100,20260322,164,5193,14,1,2,3,1,,4,2650.77,248.09,1692.75,0
4101,20260323,199,5518,15,1,2,6,1,,1,2435.59,78.75,971.55,0
4102,20260324,124,5881,9,3,2,11,1,,6,1600.54,189.86,3198.18,0
4103,20260325,154,6221,10,3,2,2,1,,6,2015.6,172.01,4475.64,0
4104,20260326,129,6496,15,1,2,10,1,,5,1564.25,128.57,594.13,0
4105,20260327,125,6122,7,4,1,10,1,,4,2634.18,220.78,1906.06,0
4106,20260328,123,5974,22,4,1,12,1,,4,1075.16,202.76,1899.47,0
4107,20260329,134,5554,1,2,2,12,1,,1,856.8,57.38,1197.15,0
4108,20260330,146,5700,13,1,1,3,1,,4,2127.69,249.34,1435.2,0
4109,20260331,133,5252,23,3,2,2,1,,1,1781.53,105.47,4683.8,0
4110,20260401,181,5742,5,4,2,1,1,,3,1364.71,162.35,3373.76,0
4111,20260402,166,5561,21,2,1,8,1,,2,1529.95,45.39,1346.66,0
4112,20260403,140,5067,23,2,1,8,1,,5,2647.12,219.99,1617.04,0
4113,20260404,153,5963,6,4,1,4,1,,2,2508.16,37.61,2512.21,0
4114,20260405,193,5880,15,3,2,10,1,,3,2587.65,238.05,4369.64,0
4115,20260406,175,6300,10,4,2,11,1,,6,1498.73,88.27,3586.98,0
4116,20260407,174,5593,9,2,1,4,1,,4,1573.56,191.16,2727.07,0
4117,20260408,194,5826,14,3,1,11,1,,3,951.78,194.74,4539.04,0
4118,20260409,183,6027,7,2,1,4,1,,1,1352.4,270.58,3700.58,0
4119,20260410,127,5220,16,4,1,6,1,,2,1125.78,274.54,2995.6,1
4120,20260411,169,5454,7,2,1,11,1,,3,2309.17,199.42,4491.67,0
4121,20260412,113,6049,1,1,2,7,1,,3,1697.32,3.4,1622.89,0
4122,20260413,118,6102,2,1,1,9,1,,5,2407.72,221.28,3265.71,0
4123,20260414,147,5398,3,1,2,5,1,,6,2545.83,169.01,2948.8,0
4124,20260415,113,5737,16,2,2,2,1,,3,1791.52,25.34,3531.88,0
4125,20260416,200,5874,1,4,1,4,1,,6,1312.13,17.88,2287.3,0
4126,20260417,119,5841,21,2,1,5,1,,4,1725.27,181.54,1150.73,0
4127,20260418,144,5215,21,2,2,11,1,,1,2662.64,232.9,2018.08,0
4128,20260419,154,5257,3,1,2,1,1,,1,1175.39,144.02,3260.97,0
4129,20260420,175,6017,21,1,2,3,1,,6,1876.31,157.04,667.27,0
4130,20260421,179,5979,21,3,1,7,1,,5,1349.58,279.83,723.28,0
4131,20260422,169,5440,14,1,2,9,1,,6,2638.85,34.11,688.87,0
4132,20260423,129,5965,7,1,2,2,1,,3,2210.63,173.57,1377.55,0
4133,20260424,102,6235,5,1,1,6,1,,6,1995.91,53.12,4082.41,0
4134,20260425,162,5015,21,2,2,8,1,,3,1632.8,97.91,3439.75,0
4135,20260426,180,6072,23,2,1,4,1,,2,1508.43,159.88,4503.91,0
4136,20260427,123,5313,20,2,1,3,1,,5,1488.43,203.7,4838.32,0
4137,20260428,142,5525,2,1,2,10,1,,6,2448.38,74.65,3577.71,0
4138,20260429,138,6003,12,3,1,11,1,,1,1614.06,120.55,1900.79,0
4139,20260430,177,5550,15,1,1,8,1,,6,2394.77,172.2,3814.01,0
4140,20260501,135,5878,7,4,2,10,1,,5,981.24,252.68,2117.64,0
4141,20260201,182,6331,12,1,2,6,1,,5,985.62,147.85,674.12,0
4142,20260202,195,6024,24,4,1,10,1,,5,530.11,56.49,2497.1,0
4143,20260203,119,5195,21,1,1,6,1,,5,2095.87,0.71,1368.26,0
4144,20260204,131,5226,12,4,2,5,1,,1,677.28,25.02,2325.67,0
4145,20260205,112,6266,22,2,1,6,1,,2,417.12,280.78,1248.71,0
4146,20260206,123,5785,2,2,1,7,1,,6,1063.19,228.16,2293.74,0
4147,20260207,130,5474,4,4,1,5,1,,1,2569.93,286.03,1356.36,0
4148,20260208,101,5131,16,1,2,2,1,,5,2305.48,88.53,2593.0,0
4149,20260209,195,5513,2,3,1,10,1,,6,1928.42,108.59,2993.36,0
4150,20260210,177,6454,1,1,2,7,1,,4,2315.02,69.83,2111.5,0
4151,20260211,154,5463,12,3,1,8,1,,4,972.71,54.64,992.42,0
4152,20260212,184,5058,5,2,2,8,1,,1,530.37,124.26,3841.21,0
4153,20260213,103,5346,10,2,1,6,1,,4,1456.72,86.26,3489.32,0
4154,20260214,175,5090,12,4,1,8,1,,3,859.94,38.55,2731.96,0
4155,20260215,188,6279,20,4,2,3,1,,4,2764.07,94.77,2590.65,0
4156,20260216,167,6279,23,1,2,12,1,,5,2468.48,29.59,4868.62,0
4157,20260217,141,5233,3,1,2,3,1,,6,1031.43,47.16,3657.73,0
4158,20260218,165,5639,12,3,2,8,1,,2,578.47,201.84,1417.51,0
4159,20260219,110,5963,23,3,1,10,1,,1,2037.74,120.69,1945.29,0
4160,20260220,141,6341,2,3,2,12,1,,1,860.93,2.23,1050.11,0
4161,20260221,112,6010,13,1,2,1,1,,4,650.24,195.08,665.47,0
4162,20260222,114,6377,5,4,1,9,1,,2,2457.0,199.4,2850.56,0
4163,20260223,184,5180,15,2,1,4,1,,3,1528.31,114.2,4797.58,0
4164,20260224,155,5532,1,1,1,10,1,,1,1997.69,255.63,4684.49,0
4165,20260225,141,5596,5,4,1,12,1,,4,1727.09,287.78,4333.1,0
4166,20260226,110,5252,14,3,1,5,1,,6,814.07,288.12,3683.14,0
4167,20260227,109,5251,9,4,2,5,1,,6,1349.81,130.95,1736.38,0
4168,20260228,197,6082,5,2,1,1,1,,6,1421.03,297.84,1822.34,0
4169,20260301,196,5151,3,4,2,7,1,,1,938.36,242.01,4736.34,0
4170,20260302,145,5201,21,3,1,4,1,,3,2606.44,126.77,1933.71,0
4171,20260303,109,6015,10,4,2,6,1,,2,2227.0,70.09,4759.53,0
4172,20260304,197,5554,19,3,1,7,1,,1,2269.91,193.67,1795.97,0
4173,20260305,113,6416,7,4,1,4,1,,6,2018.31,192.23,3842.74,0
4174,20260306,131,6296,4,1,2,9,1,,5,2434.79,13.65,2675.89,0
4175,20260307,155,6181,22,3,2,12,1,,4,528.43,167.23,3946.83,0
4176,20260308,130,5029,9,1,2,11,1,,3,1932.94,146.54,4270.16,0
4177,20260309,131,5488,9,2,2,11,1,,6,2455.72,140.64,2444.09,0
4178,20260310,178,5979,2,1,2,9,1,,3,774.97,285.35,4265.07,0
4179,20260311,110,6364,23,4,2,1,1,,3,2760.37,238.55,1464.2,0
4180,20260312,103,5170,24,1,2,10,1,,4,1736.82,208.96,1709.0,0
4181,20260313,103,6271,12,2,1,6,1,,6,2290.82,281.43,646.29,0
4182,20260314,145,5990,19,2,1,9,1,,3,1472.59,46.0,2291.99,0
4183,20260315,107,5813,7,2,2,2,1,,4,2655.78,28.45,3185.72,0
4184,20260316,135,5073,23,4,1,12,1,,4,1630.72,267.58,3251.36,0
4185,20260317,166,6092,24,1,2,9,1,,2,613.67,36.82,4820.12,0
4186,20260318,116,5943,19,3,1,9,1,,2,2268.42,264.23,1443.5,0
4187,20260319,111,5380,11,4,2,8,1,,2,1230.92,247.37,3688.0,0
4188,20260320,128,6064,12,4,1,7,1,,2,2053.76,209.79,4810.88,0
4189,20260321,134,5189,7,3,1,8,1,,6,2100.14,56.59,1406.98,0
4190,20260322,184,6008,8,4,2,3,1,,1,2022.96,92.86,1179.78,0
4191,20260323,178,5518,6,1,2,10,1,,2,2551.32,78.27,2163.27,0
4192,20260324,166,5933,3,3,1,6,1,,1,2746.08,198.75,4983.69,0
4193,20260325,118,6359,11,2,1,10,1,,3,1261.35,254.52,3577.44,0
4194,20260326,163,6013,20,2,2,5,1,,6,2280.89,146.57,2571.5,0
4195,20260327,145,5930,5,2,1,7,1,,6,2283.7,21.43,3123.48,0
4196,20260328,111,5491,11,1,1,11,1,,6,576.77,196.68,728.26,0
4197,20260329,104,5974,11,2,2,11,1,,1,827.49,78.04,4884.56,0
4198,20260330,136,6076,10,1,1,4,1,,2,2374.66,37.83,1526.66,0
4199,20260331,122,5069,18,4,1,9,1,,3,2527.56,258.03,2635.3,0
4200,20260401,199,6474,19,3,1,10,1,,1,996.52,3.58,2870.56,0
4201,20260402,146,6151,15,2,2,10,1,,2,697.35,284.96,1002.23,0
4202,20260403,195,6135,6,2,2,11,1,,1,1638.07,185.18,4143.69,0
4203,20260404,127,5915,3,3,1,10,1,,2,578.83,134.74,2945.55,0
4204,20260405,135,6464,20,2,1,4,1,,4,1931.08,295.38,2469.52,0
4205,20260406,195,5474,18,1,1,4,1,,2,1468.93,201.34,3086.88,0
4206,20260407,151,5347,10,3,2,5,1,,1,1455.09,146.48,4926.64,0
4207,20260408,102,5658,8,3,2,11,1,,5,1645.08,256.22,4627.49,0
4208,20260409,171,6482,4,1,1,11,1,,5,2346.7,169.4,3857.14,0
4209,20260410,167,5660,2,2,2,8,1,,4,1819.74,166.0,1246.87,0
4210,20260411,144,6056,16,3,1,8,1,,1,2781.05,127.85,1826.54,0
4211,20260412,142,5481,7,1,2,1,1,,4,1386.32,204.32,2720.38,0
4212,20260413,183,6357,23,4,1,4,1,,1,639.69,236.63,810.9,0
4213,20260414,156,6428,3,1,2,6,1,,6,928.52,178.49,2705.34,0
4214,20260415,193,5234,7,3,1,4,1,,4,1582.95,23.15,2599.31,0
4215,20260416,200,5441,16,2,1,7,1,,1,2345.8,174.21,4456.04,0
4216,20260417,102,5588,12,2,1,8,1,,2,2335.48,117.35,4226.56,0
4217,20260418,158,6419,10,2,2,7,1,,5,1048.04,143.45,1163.44,0
4218,20260419,142,5125,14,3,1,10,1,,6,1854.17,100.59,4509.98,0
4219,20260420,150,5904,20,1,1,1,1,,4,2767.87,271.96,3866.17,0
4220,20260421,105,6273,12,4,1,4,1,,3,2068.78,210.52,550.28,0
4221,20260422,169,5203,19,4,2,5,1,,3,1445.04,285.44,2510.14,0
4222,20260423,196,6428,24,1,2,5,1,,3,2790.53,10.08,1915.67,0
4223,20260424,108,6303,12,1,2,12,1,,6,1181.99,145.3,4941.23,0
4224,20260425,102,6156,6,1,1,12,1,,4,1950.37,239.67,3206.38,0
4225,20260426,177,6392,8,1,1,2,1,,2,2522.23,259.23,852.97,0
4226,20260427,105,5715,24,1,2,11,1,,4,445.85,21.65,1646.79,0
4227,20260428,135,5888,12,3,2,1,1,,1,432.52,266.84,668.35,0
4228,20260429,138,6461,14,3,2,5,1,,5,1508.71,158.53,1449.75,0
4229,20260430,194,6097,15,3,1,6,1,,4,445.42,298.06,2982.19,0
4230,20260501,178,5291,10,4,2,3,1,,3,1464.36,18.16,4847.85,0
4231,20260201,168,5081,23,4,2,12,1,,1,614.02,152.14,1267.87,0
4232,20260202,114,5787,12,2,2,1,1,,5,2020.09,110.44,1984.56,0
4233,20260203,103,5632,8,1,2,1,1,,4,2483.24,278.9,817.87,0
4234,20260204,164,5526,3,4,2,8,1,,4,2456.22,291.19,3475.87,0
4235,20260205,125,5208,21,1,1,3,1,,6,994.01,175.18,2309.0,0
4236,20260206,108,5333,12,3,2,2,1,,4,1623.75,276.19,1751.29,0
4237,20260207,176,5859,10,3,1,5,1,,6,1139.95,282.44,2940.09,0
4238,20260208,124,6042,3,1,1,8,1,,6,704.79,282.52,3572.82,0
4239,20260209,136,6010,23,2,2,12,1,,6,1179.08,172.41,3729.13,0
4240,20260210,135,5614,17,3,1,1,1,,5,1985.32,115.35,4328.31,0
4241,20260211,170,5523,13,2,1,11,1,,6,1094.07,222.44,4102.48,0
4242,20260212,164,6148,1,4,1,8,1,,4,1998.59,202.07,2648.03,0
4243,20260213,133,6172,16,2,2,9,1,,1,1171.91,82.26,1166.07,0
4244,20260214,115,6153,4,4,1,7,1,,2,2432.03,171.49,1879.75,0
4245,20260215,156,5938,14,4,2,1,1,,6,1865.48,176.5,3206.25,0
4246,20260216,147,5336,13,3,1,6,1,,5,1978.77,183.36,1009.51,0
4247,20260217,156,6187,16,1,2,7,1,,4,1164.54,35.03,3327.58,0
4248,20260218,184,5894,24,2,2,8,1,,1,1987.78,256.72,4032.94,0
4249,20260219,162,5986,4,3,1,6,1,,4,2430.09,140.42,4663.58,0
4250,20260220,118,5748,24,1,1,6,1,,3,2710.51,76.81,1769.78,0
4251,20260221,182,6272,23,3,2,6,1,,2,1288.49,298.01,1474.11,0
4252,20260222,134,5548,24,3,2,6,1,,6,1208.39,200.73,2630.3,0
4253,20260223,197,6379,14,2,1,6,1,,6,1051.57,55.12,3688.62,0
4254,20260224,143,5055,19,3,1,1,1,,6,1478.36,141.13,3801.79,0
4255,20260225,117,6082,21,2,2,7,1,,5,1184.76,152.25,3003.4,0
4256,20260226,108,6470,18,3,1,12,1,,6,2758.03,245.07,602.83,0
4257,20260227,153,5868,20,1,1,8,1,,4,2035.23,91.87,2934.31,0
4258,20260228,183,6229,10,2,2,1,1,,1,2705.21,180.95,2291.46,0
4259,20260301,114,5886,12,2,2,8,1,,4,2033.83,76.81,1751.87,0
4260,20260302,114,5861,10,1,1,7,1,,2,2667.63,128.5,2001.53,0
4261,20260303,188,5965,6,3,1,6,1,,1,637.86,181.93,2069.07,0
4262,20260304,179,5976,17,1,2,10,1,,5,740.62,16.04,3514.51,0
4263,20260305,103,6073,3,2,1,12,1,,3,2379.59,173.86,1136.39,0
4264,20260306,199,5984,10,2,1,7,1,,5,2465.1,52.68,4010.17,0
4265,20260307,180,5577,4,1,1,12,1,,4,2014.58,191.61,4584.32,0
4266,20260308,179,5242,4,2,2,7,1,,3,494.62,20.45,981.4,0
4267,20260309,120,6134,15,1,2,7,1,,3,1816.3,28.77,869.49,0
4268,20260310,119,5057,7,2,1,6,1,,5,2684.92,295.16,3559.89,0
4269,20260311,183,6188,9,2,1,10,1,,3,2385.02,167.29,1435.14,0
4270,20260312,162,5732,22,3,1,9,1,,5,1119.78,72.7,3737.78,0
4271,20260313,131,5628,21,3,1,12,1,,2,423.35,294.34,1306.9,0
4272,20260314,158,5973,5,1,2,10,1,,2,2353.65,120.31,2109.87,0
4273,20260315,143,5722,7,2,2,8,1,,5,1855.18,83.38,4288.55,0
4274,20260316,182,5626,22,2,2,3,1,,4,2690.01,215.61,3930.33,0
4275,20260317,163,6207,8,3,1,3,1,,5,2722.06,132.73,2778.91,0
4276,20260318,162,5527,16,4,1,1,1,,3,443.23,113.82,4423.94,0
4277,20260319,122,6223,13,4,2,3,1,,6,1076.08,223.1,2687.35,0
4278,20260320,110,6364,17,1,1,1,1,,3,448.45,23.25,4531.18,0
4279,20260321,159,5210,19,1,1,10,1,,3,998.45,206.54,2553.76,0
4280,20260322,124,5865,12,4,1,5,1,,5,1349.58,240.11,1930.33,0
4281,20260323,111,6193,7,3,1,2,1,,6,590.7,264.68,3736.74,0
4282,20260324,166,5619,12,4,2,4,1,,1,2350.27,143.14,3624.83,0
4283,20260325,193,6429,23,1,2,5,1,,5,857.34,271.56,2529.55,0
4284,20260326,154,5057,16,2,1,3,1,,1,2093.54,210.06,4989.57,0
4285,20260327,157,5437,15,2,1,10,1,,4,2347.08,197.69,875.42,0
4286,20260328,101,5201,22,3,1,7,1,,2,584.2,239.67,2982.22,0
4287,20260329,121,5327,24,3,1,1,1,,4,585.63,157.27,2005.88,0
4288,20260330,189,6216,14,4,1,3,1,,6,1151.42,25.5,4775.51,0
4289,20260331,132,5700,18,1,2,8,1,,1,553.95,167.13,4340.38,0
4290,20260401,105,5621,11,1,1,6,1,,6,981.82,21.02,1006.27,0
4291,20260402,142,6252,21,4,1,3,1,,4,1374.96,234.14,4094.77,0
4292,20260403,190,5562,16,4,2,7,1,,1,2433.63,77.0,2760.91,0
4293,20260404,143,5771,5,3,2,6,1,,1,2409.74,50.74,1893.27,0
4294,20260405,134,5117,13,3,2,2,1,,6,2224.2,101.25,1660.34,0
4295,20260406,114,6062,6,4,2,2,1,,1,1120.26,167.42,4049.31,0
4296,20260407,149,5114,12,1,1,10,1,,4,2010.79,258.84,2093.54,0
4297,20260408,163,5087,18,2,2,8,1,,6,1716.16,255.08,1967.45,0
4298,20260409,106,5538,9,3,1,5,1,,3,2191.84,187.24,4659.62,0
4299,20260410,199,5297,24,4,2,11,1,,1,1672.08,18.18,2059.47,0
4300,20260411,106,5133,11,1,1,8,1,,6,1628.31,124.52,3969.09,0
4301,20260412,123,5842,17,3,2,1,1,,3,743.15,18.83,3765.29,0
4302,20260413,186,6035,4,3,1,1,1,,4,2742.04,197.84,853.68,0
4303,20260414,184,5022,2,4,1,5,1,,2,1422.25,173.03,1193.73,0
4304,20260415,129,6221,24,4,2,7,1,,6,651.45,14.21,1632.09,0
4305,20260416,159,5172,11,1,1,8,1,,4,433.37,206.34,4418.19,0
4306,20260417,145,5228,23,1,1,8,1,,4,1728.63,53.71,1777.77,0
4307,20260418,148,5743,15,4,1,9,1,,6,1426.95,144.96,4096.16,0
4308,20260419,156,5877,16,2,1,10,1,,6,782.37,248.28,2989.55,0
4309,20260420,130,5614,19,1,2,4,1,,1,2681.63,177.56,1179.7,0
4310,20260421,147,5325,15,2,2,10,1,,4,1683.37,58.88,4791.81,0
4311,20260422,160,5575,23,1,1,3,1,,6,2248.86,103.59,3127.99,0
4312,20260423,135,5587,23,4,2,10,1,,6,2433.68,296.69,2927.75,0
4313,20260424,112,5362,22,2,2,7,1,,2,545.99,64.85,932.16,0
4314,20260425,102,6146,18,1,1,6,1,,4,2377.13,11.55,814.39,0
4315,20260426,152,6330,6,1,2,12,1,,2,1498.43,67.95,2172.48,0
4316,20260427,144,6268,12,1,2,2,1,,4,1451.47,113.64,846.0,0
4317,20260428,191,5847,5,4,2,9,1,,4,2616.86,223.86,2235.92,0
4318,20260429,107,5272,12,2,2,9,1,,4,851.22,43.29,772.76,0
4319,20260430,119,5365,11,3,2,1,1,,5,2786.01,274.11,2242.45,0
4320,20260501,135,5038,20,4,2,4,1,,6,2469.02,149.41,936.05,0
4321,20260201,169,5410,21,3,1,1,1,,1,1935.33,131.11,1951.76,0
4322,20260202,138,6056,10,2,1,1,1,,1,1063.97,18.59,3657.03,0
4323,20260203,141,6332,23,4,1,12,1,,5,1862.13,255.78,3329.22,0
4324,20260204,105,5787,9,2,2,6,1,,5,2312.33,85.39,2603.65,0
4325,20260205,179,5105,21,3,1,1,1,,3,1527.74,37.95,3446.84,0
4326,20260206,174,5049,6,4,2,5,1,,3,672.6,56.42,3585.33,0
4327,20260207,199,5098,11,1,1,10,1,,5,2626.26,98.33,2709.24,0
4328,20260208,139,5988,7,1,2,3,1,,4,1137.9,114.84,2797.35,0
4329,20260209,165,5667,1,4,1,6,1,,3,936.87,3.94,3620.61,0
4330,20260210,169,5739,3,3,2,1,1,,1,852.47,47.1,2606.52,0
4331,20260211,112,5897,18,4,2,1,1,,6,1267.46,62.48,4394.54,0
4332,20260212,196,6417,4,3,1,9,1,,1,1261.25,27.78,1802.72,0
4333,20260213,117,5046,23,1,2,5,1,,6,2620.07,293.26,3807.39,0
4334,20260214,148,5139,11,4,1,4,1,,2,1534.77,210.05,1154.3,0
4335,20260215,200,5784,18,3,2,4,1,,5,1517.12,183.53,689.19,0
4336,20260216,120,6382,12,2,1,10,1,,1,1301.14,15.37,2357.49,0
4337,20260217,153,5093,15,1,1,5,1,,1,888.61,61.55,4303.93,0
4338,20260218,179,5178,5,3,1,10,1,,2,2544.61,116.81,1792.24,0
4339,20260219,125,5883,10,2,2,6,1,,6,2064.02,25.21,1878.05,0
4340,20260220,195,5646,23,3,2,7,1,,5,2225.51,110.45,3893.66,0
4341,20260221,175,5655,4,3,2,12,1,,2,2295.46,278.73,985.05,0
4342,20260222,158,6265,18,4,2,4,1,,2,2741.75,227.9,1079.27,0
4343,20260223,102,5576,5,2,1,4,1,,6,1643.55,189.41,1576.93,0
4344,20260224,185,6168,13,1,1,6,1,,1,1865.4,214.11,1191.02,0
4345,20260225,103,5530,1,1,2,4,1,,5,2600.58,278.66,2429.34,0
4346,20260226,139,5958,2,4,1,7,1,,1,2171.73,139.23,2644.84,0
4347,20260227,165,6242,14,4,1,7,1,,5,469.46,61.55,4980.04,1
4348,20260228,125,6086,2,2,1,4,1,,1,1754.18,8.86,3239.18,0
4349,20260301,175,6111,6,3,2,8,1,,1,1914.17,140.01,946.74,0
4350,20260302,189,5812,5,1,1,10,1,,5,1984.55,262.88,3452.63,0
4351,20260303,153,5386,13,4,1,9,1,,6,1960.41,263.81,2949.99,0
4352,20260304,174,5794,1,1,2,7,1,,5,2034.24,157.07,4438.6,0
4353,20260305,121,5997,19,1,2,12,1,,2,1286.76,163.29,1698.17,0
4354,20260306,142,6032,1,4,1,11,1,,4,1832.28,47.03,1784.68,0
4355,20260307,186,6252,20,4,2,1,1,,2,695.95,167.28,2890.28,0
4356,20260308,134,6145,24,1,2,12,1,,3,1017.79,159.21,2552.24,0
4357,20260309,174,5092,9,2,1,5,1,,4,2560.17,95.5,2197.16,0
4358,20260310,189,5938,24,2,2,1,1,,2,639.9,21.07,4981.21,0
4359,20260311,189,5061,14,4,2,5,1,,1,1168.42,191.99,4478.64,0
4360,20260312,161,6302,22,3,1,11,1,,1,1674.89,217.44,538.76,0
4361,20260313,190,5434,15,2,2,12,1,,2,1453.16,38.02,3807.29,0
4362,20260314,168,6081,16,1,2,2,1,,3,2287.65,96.01,2932.31,0
4363,20260315,182,5202,8,4,1,12,1,,1,1080.89,50.13,4867.08,0
4364,20260316,162,6370,11,4,1,5,1,,4,1826.08,82.66,3751.73,0
4365,20260317,132,5403,4,4,1,8,1,,2,2133.79,11.71,3421.76,0
4366,20260318,179,5979,14,4,1,1,1,,5,1141.38,4.21,4596.93,0
4367,20260319,167,5562,23,4,2,1,1,,1,1196.93,134.71,2328.27,0
4368,20260320,150,5285,4,4,2,7,1,,3,1914.71,94.83,2046.21,0
4369,20260321,139,5307,9,3,2,7,1,,4,818.86,53.6,3231.96,0
4370,20260322,160,5332,5,4,2,10,1,,3,504.81,199.86,945.02,0
4371,20260323,200,5533,4,2,1,8,1,,6,2617.97,70.02,2332.2,0
4372,20260324,169,6077,7,2,1,4,1,,5,1999.38,181.75,2256.25,0
4373,20260325,120,5734,21,3,2,11,1,,5,2175.14,56.01,2355.26,0
4374,20260326,156,5178,2,2,2,7,1,,3,1593.37,192.43,733.13,0
4375,20260327,140,5412,16,1,2,10,1,,2,1385.0,144.31,3321.03,0
4376,20260328,101,6327,13,1,1,12,1,,1,756.75,128.39,4377.99,0
4377,20260329,150,6304,2,4,1,5,1,,5,2279.65,169.97,4357.16,0
4378,20260330,101,5097,20,1,2,7,1,,3,2402.87,177.86,1953.84,0
4379,20260331,144,5637,24,2,1,1,1,,1,1538.97,155.68,1709.45,0
4380,20260401,152,5267,21,4,2,11,1,,6,775.05,246.68,4601.0,0
4381,20260402,141,5371,23,2,2,11,1,,6,1719.82,151.93,4518.13,0
4382,20260403,188,5405,2,4,1,3,1,,1,1388.0,119.05,4194.32,0
4383,20260404,152,6167,4,1,2,1,1,,6,1677.31,200.35,3879.53,0
4384,20260405,109,5242,16,1,1,11,1,,3,402.23,44.05,650.86,0
4385,20260406,103,5834,9,2,1,8,1,,4,2579.57,77.17,1895.5,0
4386,20260407,174,6324,10,4,2,3,1,,4,2016.89,274.36,773.93,0
4387,20260408,141,5395,10,4,2,11,1,,3,590.88,298.79,566.93,0
4388,20260409,166,5766,23,3,1,12,1,,5,1689.96,149.56,2116.18,0
4389,20260410,182,6149,16,3,1,1,1,,3,2136.73,201.93,4467.22,0
4390,20260411,121,6085,24,2,1,1,1,,1,1358.48,282.43,3778.4,0
4391,20260412,103,6350,8,2,2,8,1,,6,1070.2,193.01,1792.7,0
4392,20260413,130,6470,5,3,2,11,1,,4,1660.72,284.61,4618.31,0
4393,20260414,189,6318,24,3,1,5,1,,4,2663.42,38.84,3363.31,1
4394,20260415,198,5806,24,3,2,3,1,,6,2333.13,63.33,3980.99,0
4395,20260416,114,6153,1,4,2,11,1,,6,2488.72,6.53,3183.96,0
4396,20260417,157,6145,10,3,1,10,1,,5,796.1,170.98,797.13,0
4397,20260418,182,5532,5,1,1,9,1,,2,1416.81,151.78,4821.83,0
4398,20260419,161,5104,6,3,1,1,1,,3,1943.81,140.87,3078.39,0
4399,20260420,112,5741,17,3,1,5,1,,6,2771.12,267.67,2076.25,0
4400,20260421,115,6333,5,2,2,4,1,,3,1060.56,215.02,2603.29,0
4401,20260422,104,6053,1,4,1,2,1,,6,974.42,98.63,3418.11,0
4402,20260423,131,5661,15,3,2,10,1,,1,2181.82,62.78,3609.36,0
4403,20260424,116,5320,17,2,1,11,1,,1,2305.96,54.75,1888.55,0
4404,20260425,120,5194,22,1,2,5,1,,3,2243.6,292.4,2773.49,0
4405,20260426,128,5952,21,4,1,8,1,,1,1287.81,8.48,613.12,0
4406,20260427,148,6322,24,1,2,3,1,,4,2004.95,55.65,2320.99,0
4407,20260428,133,6462,22,2,1,7,1,,3,1487.21,0.99,3960.48,0
4408,20260429,178,6076,2,3,2,1,1,,4,1632.22,299.62,3841.25,0
4409,20260430,183,5495,15,4,2,11,1,,3,791.4,291.16,1358.65,0
4410,20260501,176,6274,14,2,2,10,1,,1,2345.83,90.16,1747.0,0
4411,20260201,114,6391,19,2,2,8,1,,6,2536.71,46.08,1245.1,0
4412,20260202,119,6239,1,1,2,6,1,,1,1157.63,217.05,1911.46,0
4413,20260203,162,5582,15,4,1,6,1,,6,1195.58,67.16,4825.33,0
4414,20260204,110,6327,15,2,1,11,1,,2,1938.75,245.18,1982.61,0
4415,20260205,150,5131,20,4,1,8,1,,4,1265.86,15.18,1006.52,0
4416,20260206,103,5042,2,2,2,9,1,,4,1138.46,183.24,3033.73,0
4417,20260207,167,6373,15,1,1,6,1,,1,1927.6,282.69,1522.87,0
4418,20260208,184,5110,21,4,1,2,1,,5,2080.42,99.27,1470.95,0
4419,20260209,164,5785,20,2,1,12,1,,5,1522.39,172.66,4226.24,0
4420,20260210,122,6452,16,3,2,3,1,,2,1348.53,154.68,3249.6,0
4421,20260211,141,5399,3,1,2,3,1,,6,1024.35,237.96,2925.77,0
4422,20260212,118,6345,1,4,2,8,1,,5,862.76,29.11,4375.02,0
4423,20260213,139,5515,21,3,1,10,1,,6,1754.76,197.93,1920.08,0
4424,20260214,187,6177,21,4,1,11,1,,3,2005.92,165.86,528.54,0
4425,20260215,174,6468,5,4,2,11,1,,1,2425.11,135.14,4655.55,0
4426,20260216,186,6303,14,3,1,11,1,,4,541.1,202.17,4530.65,0
4427,20260217,120,5716,3,1,1,4,1,,1,1967.27,130.37,1087.61,0
4428,20260218,103,5977,12,1,2,5,1,,6,1295.88,128.89,4603.21,0
4429,20260219,180,5836,13,4,2,1,1,,1,2127.81,16.38,1716.43,0
4430,20260220,135,5004,3,1,1,7,1,,6,1292.89,136.08,3624.74,0
4431,20260221,160,5759,14,4,2,12,1,,4,2517.77,217.54,3145.77,0
4432,20260222,162,5983,10,1,1,6,1,,1,1439.73,97.33,594.55,0
4433,20260223,197,6488,5,2,1,1,1,,5,2280.21,267.36,2418.01,0
4434,20260224,190,5381,4,3,2,11,1,,1,2473.15,251.36,4269.63,0
4435,20260225,143,5452,15,2,1,6,1,,2,2262.47,262.12,1242.12,0
4436,20260226,177,5001,16,1,2,3,1,,5,885.74,280.37,4113.89,0
4437,20260227,149,5229,12,1,2,2,1,,1,1436.39,36.53,3217.55,0
4438,20260228,129,5888,15,1,2,10,1,,1,1046.07,35.89,3456.14,0
4439,20260301,174,6311,22,4,2,10,1,,4,2019.36,31.17,3088.65,0
4440,20260302,137,5845,15,1,2,11,1,,1,1718.81,81.34,2390.86,0
4441,20260303,109,5305,5,2,1,9,1,,6,2202.3,162.32,1899.37,0
4442,20260304,161,5927,19,2,2,4,1,,4,1235.72,120.98,2889.63,0
4443,20260305,151,6102,22,4,1,8,1,,3,2609.43,56.22,3632.11,0
4444,20260306,102,5074,19,4,1,6,1,,3,1571.5,99.88,4945.96,0
4445,20260307,103,5237,7,2,2,8,1,,2,2144.38,26.35,4258.8,0
4446,20260308,149,5914,24,1,2,1,1,,5,782.51,160.41,4763.52,0
4447,20260309,197,5831,10,1,1,8,1,,1,1408.34,97.82,3055.54,0
4448,20260310,186,6311,6,2,1,6,1,,5,1379.95,70.74,4925.27,0
4449,20260311,111,5457,4,1,2,2,1,,5,2145.1,212.75,2215.43,0
4450,20260312,175,5048,1,3,2,10,1,,1,1129.27,220.1,1766.4,0
4451,20260313,134,5123,12,1,2,2,1,,5,2225.4,184.87,4585.03,0
4452,20260314,164,6147,19,1,1,10,1,,6,785.28,236.88,2907.07,0
4453,20260315,107,5044,20,4,1,11,1,,4,2384.48,156.79,4516.43,0
4454,20260316,138,5632,3,4,2,12,1,,4,630.44,143.07,2599.68,0
4455,20260317,120,6248,9,2,1,7,1,,4,520.37,290.72,2040.29,0
4456,20260318,167,5706,18,2,2,11,1,,1,1011.87,194.26,2680.37,0
4457,20260319,188,6208,23,3,2,3,1,,3,2796.32,10.04,764.24,0
4458,20260320,111,5749,3,4,1,8,1,,3,1814.75,182.66,1301.33,0
4459,20260321,120,6406,10,3,2,7,1,,3,1948.64,30.16,1717.16,0
4460,20260322,145,6037,7,2,2,2,1,,5,1774.21,24.83,1113.28,0
4461,20260323,152,5476,7,3,1,3,1,,4,2606.43,145.9,3919.06,0
4462,20260324,108,6089,11,3,1,7,1,,5,813.53,185.1,3845.92,0
4463,20260325,195,5760,9,2,2,5,1,,5,2290.82,27.42,2851.64,0
4464,20260326,101,5241,4,3,2,8,1,,4,1844.85,233.6,3524.9,0
4465,20260327,148,5211,7,3,2,4,1,,2,2573.59,61.43,2127.27,0
4466,20260328,165,5442,20,4,1,2,1,,4,1167.08,50.05,1939.0,0
4467,20260329,188,6470,8,2,2,4,1,,3,2076.81,28.8,1420.32,0
4468,20260330,145,5989,19,4,2,7,1,,2,1724.1,147.25,4489.16,0
4469,20260331,148,5039,1,4,2,12,1,,3,2251.11,216.13,699.35,0
4470,20260401,140,6062,6,3,1,8,1,,6,1698.53,155.82,1342.32,0
4471,20260402,195,5712,17,4,1,10,1,,2,2481.5,224.75,604.84,0
4472,20260403,155,5323,21,3,2,12,1,,2,1313.27,157.07,2152.36,0
4473,20260404,169,5273,22,2,2,3,1,,2,2648.99,199.32,4873.82,0
4474,20260405,159,5765,1,1,1,6,1,,2,2440.27,190.77,2521.57,0
4475,20260406,104,5441,10,1,2,8,1,,4,2619.7,227.14,4330.33,0
4476,20260407,170,6044,23,4,1,12,1,,4,615.4,296.17,4944.2,0
4477,20260408,176,6101,16,1,1,12,1,,3,995.62,55.29,4707.64,0
4478,20260409,171,5155,6,2,1,11,1,,5,1336.83,248.29,2538.05,0
4479,20260410,196,5745,7,4,2,5,1,,3,1197.22,47.56,1974.61,0
4480,20260411,150,5317,6,2,1,9,1,,6,893.23,84.19,2335.31,0
4481,20260412,133,6386,9,2,2,2,1,,2,1642.74,134.27,3015.5,0
4482,20260413,149,5091,24,4,1,10,1,,5,1031.18,22.27,4780.25,0
4483,20260414,185,6084,7,2,1,2,1,,4,749.69,174.66,4999.69,0
4484,20260415,149,5031,10,2,2,9,1,,3,2082.64,238.5,976.15,0
4485,20260416,108,5503,14,2,1,6,1,,4,1836.39,195.4,3427.29,0
4486,20260417,154,5361,11,1,2,10,1,,3,575.96,64.28,1256.5,0
4487,20260418,168,6119,20,1,2,1,1,,5,564.62,265.32,516.31,0
4488,20260419,113,5579,20,2,1,12,1,,4,461.6,233.99,2362.98,0
4489,20260420,104,6040,21,3,2,5,1,,3,902.61,249.8,1104.49,0
4490,20260421,115,5407,6,4,2,8,1,,4,909.79,167.72,4787.55,0
4491,20260422,200,5149,23,1,1,5,1,,2,1629.94,89.11,1583.11,0
4492,20260423,199,6211,16,4,2,7,1,,5,2118.33,78.43,1027.6,0
4493,20260424,116,6139,2,1,2,5,1,,4,798.72,27.45,4791.5,0
4494,20260425,130,5215,4,2,2,6,1,,5,2060.21,92.75,533.17,0
4495,20260426,108,5269,22,2,1,3,1,,1,1574.37,34.0,4039.48,0
4496,20260427,103,5632,6,2,1,8,1,,3,1662.12,165.42,4427.99,0
4497,20260428,169,5651,20,2,1,7,1,,2,458.33,78.51,2214.75,0
4498,20260429,117,5929,6,4,1,9,1,,5,647.01,172.44,1513.61,0
4499,20260430,106,5039,3,4,1,6,1,,1,941.21,260.23,1264.54,0
4500,20260501,125,6113,21,1,1,4,1,,6,1477.08,9.6,634.55,0
4501,20260201,173,6337,18,1,2,1,1,,1,2477.39,226.67,2246.75,0
4502,20260202,150,5169,23,2,2,1,1,,4,1588.79,268.34,1205.24,0
4503,20260203,181,5579,12,1,1,7,1,,6,2421.97,61.41,3583.39,0
4504,20260204,145,5469,8,2,2,1,1,,1,2691.32,213.08,2395.46,0
4505,20260205,142,5140,2,3,2,7,1,,1,1564.84,10.65,4524.64,0
4506,20260206,186,5153,24,3,1,4,1,,2,1978.06,8.8,2281.13,0
4507,20260207,126,5113,19,2,2,1,1,,4,1142.56,191.32,1406.91,0
4508,20260208,173,6294,22,4,2,6,1,,2,967.6,14.97,4079.11,0
4509,20260209,129,6354,17,3,2,5,1,,2,931.08,30.35,1940.38,0
4510,20260210,165,5040,23,1,1,9,1,,3,644.73,42.48,2197.37,0
4511,20260211,147,5090,3,3,2,9,1,,2,1956.13,80.4,2132.25,0
4512,20260212,103,5462,19,3,2,6,1,,5,2119.86,217.89,4777.69,0
4513,20260213,150,5589,21,2,1,2,1,,5,653.32,193.68,3190.12,0
4514,20260214,118,5438,6,1,1,7,1,,3,652.39,156.69,4690.93,0
4515,20260215,101,5832,24,1,1,8,1,,3,477.62,290.71,1039.93,0
4516,20260216,196,6185,6,4,2,8,1,,6,1250.37,6.27,2305.59,0
4517,20260217,151,6327,6,2,2,4,1,,6,1849.83,129.38,2412.39,0
4518,20260218,196,6304,18,4,1,1,1,,2,2531.83,77.13,4864.26,0
4519,20260219,172,5996,3,1,1,7,1,,6,1214.46,85.29,2194.68,0
4520,20260220,138,5182,9,3,1,12,1,,6,2465.18,140.7,3588.03,0
4521,20260221,175,5897,10,3,1,2,1,,3,1271.99,110.46,568.97,0
4522,20260222,172,5105,2,2,1,7,1,,6,1798.57,91.5,1381.1,0
4523,20260223,141,5870,9,2,2,12,1,,2,1824.41,60.94,3331.35,0
4524,20260224,105,6250,1,2,2,6,1,,1,1947.95,34.93,3693.95,0
4525,20260225,186,5609,15,1,1,4,1,,4,414.47,88.68,2713.93,0
4526,20260226,155,5027,6,2,2,3,1,,3,1175.2,274.73,3473.34,0
4527,20260227,111,5386,9,1,2,7,1,,2,2785.49,163.8,4583.66,0
4528,20260228,145,5613,3,4,2,5,1,,6,475.79,116.51,4898.59,0
4529,20260301,158,6258,2,3,2,9,1,,2,1728.9,133.68,3261.04,0
4530,20260302,128,6252,24,4,1,1,1,,5,792.72,175.51,3432.76,1
4531,20260303,146,5889,4,2,1,7,1,,3,1327.51,216.26,4265.23,0
4532,20260304,162,5771,9,4,2,7,1,,2,1194.15,14.32,1676.68,0
4533,20260305,146,5119,24,1,2,4,1,,5,1792.84,46.57,2608.28,0
4534,20260306,102,6189,19,2,2,2,1,,1,746.21,103.31,2007.26,0
4535,20260307,114,5514,8,2,2,11,1,,3,738.29,73.83,4724.74,0
4536,20260308,187,6485,18,4,2,10,1,,1,1688.13,289.36,4374.95,0
4537,20260309,173,6084,2,3,1,9,1,,2,2342.37,231.41,4467.95,0
4538,20260310,144,5399,1,4,2,4,1,,1,2161.49,162.38,4153.35,0
4539,20260311,130,6152,17,3,1,2,1,,6,1433.84,142.43,4062.86,0
4540,20260312,176,5292,23,1,1,12,1,,1,1188.12,253.38,4465.18,0
4541,20260313,175,5939,2,3,2,5,1,,3,1236.04,212.0,610.25,0
4542,20260314,156,6211,4,3,1,9,1,,4,2316.36,141.25,2985.37,0
4543,20260315,140,5504,4,3,2,7,1,,4,1419.07,94.34,4616.13,0
4544,20260316,180,5335,19,4,1,12,1,,4,943.79,214.8,1482.98,0
4545,20260317,134,5468,16,1,1,11,1,,6,1877.92,171.29,4947.32,0
4546,20260318,142,5838,13,3,1,5,1,,1,2044.55,92.46,594.76,0
4547,20260319,158,5814,17,2,1,10,1,,5,1465.5,243.2,2962.89,0
4548,20260320,183,6297,24,4,1,6,1,,6,1905.44,174.9,2618.56,0
4549,20260321,101,5328,22,3,1,4,1,,4,2198.45,132.43,3779.99,0
4550,20260322,128,5948,8,1,1,4,1,,1,1661.28,78.84,1792.59,0
4551,20260323,125,5706,22,4,1,7,1,,6,1747.69,124.22,794.21,0
4552,20260324,195,5588,15,4,1,1,1,,4,891.93,138.38,2666.64,0
4553,20260325,197,5469,24,3,2,2,1,,3,2379.56,97.09,2070.45,0
4554,20260326,154,5626,15,2,1,11,1,,1,2268.26,153.56,1970.67,0
4555,20260327,123,5829,13,2,2,11,1,,6,445.2,163.63,3412.05,0
4556,20260328,178,5550,8,2,1,2,1,,3,1712.82,109.77,2781.96,0
4557,20260329,114,5829,12,4,1,9,1,,5,2723.15,267.01,4064.91,0
4558,20260330,134,5141,17,1,1,5,1,,3,2675.21,241.93,1330.62,0
4559,20260331,168,5350,14,1,2,4,1,,3,2061.96,10.2,4727.05,0
4560,20260401,170,5937,7,4,1,2,1,,3,1753.54,206.86,2823.26,0
4561,20260402,125,5925,5,2,1,9,1,,6,2789.51,91.66,530.4,0
4562,20260403,130,5007,21,2,2,10,1,,1,1970.88,120.55,2705.37,0
4563,20260404,133,6190,6,4,1,9,1,,6,2737.3,166.49,930.92,0
4564,20260405,130,6492,16,2,1,11,1,,4,2343.59,234.28,964.69,0
4565,20260406,110,5746,12,2,1,6,1,,6,1609.25,74.72,4696.36,0
4566,20260407,112,5410,13,4,1,7,1,,1,1963.99,73.31,1899.09,0
4567,20260408,193,5970,17,4,2,1,1,,2,1626.16,92.93,4973.44,0
4568,20260409,161,5328,14,3,1,1,1,,3,2067.6,74.45,896.34,0
4569,20260410,162,6100,3,2,1,8,1,,5,1920.89,180.52,2930.21,0
4570,20260411,182,6162,8,1,1,3,1,,4,1951.0,155.07,1732.53,0
4571,20260412,174,5714,8,3,1,7,1,,5,1639.8,44.59,4758.9,0
4572,20260413,200,5358,2,4,1,11,1,,3,2354.13,124.3,4369.16,0
4573,20260414,111,5698,14,2,1,1,1,,6,1333.13,165.76,790.33,0
4574,20260415,174,5573,13,4,1,2,1,,3,2089.01,23.24,1176.87,0
4575,20260416,101,5523,10,4,1,3,1,,1,2769.32,60.46,2389.23,0
4576,20260417,137,6124,15,3,2,7,1,,2,913.76,134.6,3409.43,0
4577,20260418,172,5872,23,1,2,4,1,,2,2314.63,137.76,2332.52,0
4578,20260419,191,5852,7,3,1,12,1,,2,1378.33,170.7,3119.58,0
4579,20260420,155,5737,16,3,1,12,1,,4,1824.79,75.3,1486.87,0
4580,20260421,154,5829,23,2,1,8,1,,6,2402.32,111.46,4014.75,0
4581,20260422,165,5558,12,2,2,8,1,,4,1555.98,148.79,2860.61,0
4582,20260423,173,5283,23,3,2,9,1,,2,1393.6,160.72,3565.13,0
4583,20260424,166,6430,7,4,2,5,1,,5,2502.82,271.19,1355.49,0
4584,20260425,180,5773,2,3,1,5,1,,3,1178.55,54.72,4246.72,0
4585,20260426,150,6017,21,1,1,2,1,,4,2348.83,51.92,1997.9,0
4586,20260427,176,6138,18,1,2,2,1,,6,408.08,70.24,3743.46,0
4587,20260428,127,5332,19,3,1,4,1,,5,2782.81,217.87,639.27,0
4588,20260429,128,6006,9,1,1,7,1,,5,2540.64,164.68,543.23,0
4589,20260430,194,5769,11,3,1,1,1,,5,1391.69,255.96,3266.23,0
4590,20260501,176,5948,1,4,1,10,1,,2,2028.2,70.47,3301.17,0
4591,20260201,105,5341,22,4,2,10,1,,3,835.87,270.53,796.82,0
4592,20260202,152,5765,15,3,2,6,1,,4,1123.07,113.41,3355.71,0
4593,20260203,172,5146,1,4,1,6,1,,4,542.36,266.75,4958.3,0
4594,20260204,162,5431,17,3,1,1,1,,5,1371.34,233.64,3858.66,0
4595,20260205,149,5239,14,1,2,4,1,,1,1457.21,121.76,4120.28,0
4596,20260206,122,5601,10,3,2,10,1,,4,2085.71,27.42,880.8,0
4597,20260207,128,5472,23,4,2,6,1,,4,1197.76,237.63,1682.86,0
4598,20260208,103,5788,18,2,2,3,1,,4,451.35,58.31,4419.83,0
4599,20260209,170,5323,21,3,2,10,1,,4,1305.2,15.05,3668.92,0
4600,20260210,193,6404,4,4,2,9,1,,5,486.87,32.39,3377.41,0
4601,20260211,125,5859,8,3,2,5,1,,3,652.72,240.6,2256.54,0
4602,20260212,173,5494,15,1,1,3,1,,6,2181.79,182.2,4456.28,0
4603,20260213,177,6325,23,3,2,4,1,,1,2047.62,25.43,1387.84,0
4604,20260214,192,5663,11,4,1,1,1,,4,845.29,120.32,4017.39,0
4605,20260215,197,6141,16,2,1,1,1,,4,1937.52,282.35,2068.06,0
4606,20260216,168,5406,15,1,2,2,1,,1,1083.56,70.84,2685.57,0
4607,20260217,162,5778,16,3,1,12,1,,2,2126.83,39.78,4416.24,0
4608,20260218,150,5982,7,4,1,10,1,,4,1531.97,98.53,2531.98,0
4609,20260219,116,5271,1,3,2,5,1,,6,457.39,48.97,3671.88,0
4610,20260220,189,5569,10,2,1,7,1,,5,1472.49,171.43,4801.82,0
4611,20260221,131,6383,13,4,2,5,1,,5,1650.18,252.35,3219.51,0
4612,20260222,175,5801,20,1,2,9,1,,4,956.67,273.87,4941.06,0
4613,20260223,139,5251,18,2,2,10,1,,1,2190.12,269.75,1783.86,0
4614,20260224,107,6407,10,3,2,8,1,,3,847.02,15.99,1119.68,0
4615,20260225,139,5559,11,2,2,9,1,,4,552.99,180.47,1636.45,0
4616,20260226,184,5335,18,4,2,1,1,,4,1162.25,27.11,3261.39,1
4617,20260227,179,5254,9,4,1,4,1,,4,1710.73,294.47,4732.83,0
4618,20260228,104,5468,11,4,1,11,1,,1,1743.59,194.02,2907.23,0
4619,20260301,162,5941,1,4,2,1,1,,1,859.33,196.21,3308.38,0
4620,20260302,177,6286,6,3,2,8,1,,5,2632.79,299.95,2651.65,0
4621,20260303,199,5624,22,4,1,2,1,,4,2266.5,20.11,2314.65,0
4622,20260304,153,5833,24,4,2,2,1,,4,2564.89,238.66,3945.22,0
4623,20260305,151,5426,18,1,1,1,1,,2,741.79,239.81,1084.22,0
4624,20260306,188,6260,17,4,2,1,1,,5,1006.88,118.95,4141.22,0
4625,20260307,136,6162,16,4,1,6,1,,2,1345.95,80.71,4799.57,0
4626,20260308,132,5526,19,3,2,2,1,,2,661.45,139.52,1266.74,0
4627,20260309,170,6336,2,1,1,9,1,,5,998.88,76.4,2784.56,0
4628,20260310,169,5019,1,2,1,6,1,,2,2460.38,96.4,1799.76,0
4629,20260311,146,5818,17,4,2,10,1,,1,492.03,23.89,1262.33,0
4630,20260312,128,5386,3,3,1,5,1,,1,2679.03,267.7,1052.74,0
4631,20260313,141,6306,15,3,2,12,1,,2,1509.21,155.18,4892.27,0
4632,20260314,112,6335,6,4,2,12,1,,5,2182.63,59.2,1586.79,0
4633,20260315,131,5674,14,3,1,1,1,,1,1723.39,76.95,1942.17,0
4634,20260316,151,5775,3,4,1,10,1,,6,2251.19,15.91,2364.88,0
4635,20260317,109,5029,7,1,2,2,1,,6,1961.45,263.45,2690.77,0
4636,20260318,132,6369,6,4,2,3,1,,2,1013.52,299.75,2162.55,0
4637,20260319,147,5577,14,1,1,11,1,,1,928.92,227.79,1762.01,0
4638,20260320,153,5932,22,2,2,5,1,,3,2019.68,22.84,3208.97,0
4639,20260321,197,6051,20,2,1,5,1,,6,904.38,100.18,1454.09,0
4640,20260322,182,5537,6,3,2,3,1,,5,2004.04,126.85,3865.75,0
4641,20260323,101,6017,23,1,1,9,1,,3,2725.2,136.39,1998.92,0
4642,20260324,110,5502,24,3,1,8,1,,6,1055.7,26.46,4412.49,0
4643,20260325,141,5038,12,2,2,1,1,,3,2011.89,94.58,1712.46,0
4644,20260326,192,5720,3,2,1,7,1,,5,455.4,188.2,2438.41,0
4645,20260327,113,6279,24,3,2,4,1,,6,1455.11,98.46,4058.03,0
4646,20260328,130,5244,11,3,2,5,1,,2,2718.21,178.78,1626.17,0
4647,20260329,198,5262,18,1,2,5,1,,6,440.48,175.34,1242.09,0
4648,20260330,194,5432,4,3,1,8,1,,5,1591.62,4.53,4333.87,0
4649,20260331,188,5387,19,1,1,4,1,,3,1921.64,229.07,1441.26,0
4650,20260401,124,6276,6,4,1,1,1,,3,2035.26,230.69,2154.61,0
4651,20260402,145,6485,13,2,2,10,1,,4,1291.52,239.0,3799.56,0
4652,20260403,157,6119,23,2,1,10,1,,2,1845.67,231.86,1433.84,0
4653,20260404,104,6185,22,3,1,9,1,,5,1620.31,228.56,2961.25,0
4654,20260405,168,5383,17,1,2,8,1,,2,2142.5,249.11,1590.12,0
4655,20260406,158,6062,7,1,1,9,1,,5,1749.89,244.09,3340.23,0
4656,20260407,176,6394,17,3,2,11,1,,6,2154.98,249.77,3891.58,0
4657,20260408,144,5860,6,3,2,11,1,,4,408.51,62.76,1204.44,0
4658,20260409,113,6095,21,4,2,9,1,,4,2374.08,16.04,3108.95,0
4659,20260410,105,6361,5,1,2,6,1,,6,2575.02,13.69,2301.75,0
4660,20260411,175,5097,15,3,1,10,1,,1,1918.69,247.76,4638.17,0
4661,20260412,133,5984,16,2,1,1,1,,2,1114.89,238.33,4211.12,0
4662,20260413,200,5551,1,4,1,11,1,,1,1777.98,24.21,2936.39,0
4663,20260414,180,6378,1,1,1,3,1,,1,2217.5,227.19,2697.34,0
4664,20260415,124,6251,22,1,2,10,1,,6,1006.42,37.6,2451.0,0
4665,20260416,182,5804,14,4,2,8,1,,1,2778.43,146.61,3079.13,0
4666,20260417,145,5375,15,3,2,6,1,,2,2772.75,212.17,2946.69,0
4667,20260418,114,6403,7,1,1,2,1,,6,1327.02,190.66,2862.01,0
4668,20260419,123,5186,11,2,1,1,1,,4,1108.49,242.2,2224.33,0
4669,20260420,149,6457,23,3,1,1,1,,5,1306.69,240.85,1167.65,0
4670,20260421,185,5482,4,4,2,3,1,,2,713.69,297.38,2218.93,0
4671,20260422,195,5517,9,4,1,1,1,,4,515.79,118.04,2435.26,0
4672,20260423,183,5486,16,4,1,2,1,,3,693.4,35.36,769.83,0
4673,20260424,121,6246,1,3,2,10,1,,5,2127.99,217.92,3448.86,0
4674,20260425,159,5125,24,3,2,5,1,,4,1930.52,203.4,3830.89,0
4675,20260426,170,6290,12,4,2,8,1,,5,451.09,67.58,3791.77,0
4676,20260427,152,6288,15,3,2,8,1,,5,2745.2,250.04,593.28,0
4677,20260428,175,6266,23,2,2,9,1,,3,1695.84,255.93,1915.2,0
4678,20260429,128,5089,18,1,2,6,1,,2,864.63,263.09,611.62,0
4679,20260430,179,6116,6,1,2,1,1,,1,456.29,117.79,3961.64,0
4680,20260501,145,5692,9,4,2,4,1,,6,2261.96,130.25,1807.76,0
4681,20260201,192,5184,14,2,1,6,1,,1,649.83,256.13,1134.79,0
4682,20260202,182,5415,2,2,2,9,1,,2,615.36,240.45,1288.75,0
4683,20260203,150,5462,22,2,1,9,1,,1,2278.65,224.6,1662.06,0
4684,20260204,182,6307,1,4,1,2,1,,2,2252.25,150.64,1861.63,0
4685,20260205,190,5475,2,4,2,11,1,,4,2614.22,38.06,949.66,0
4686,20260206,157,5220,23,4,1,1,1,,5,1673.92,28.43,4928.5,0
4687,20260207,185,5930,14,4,1,6,1,,2,604.59,45.67,2381.99,0
4688,20260208,126,6339,15,1,1,1,1,,4,2235.59,280.8,2903.59,0
4689,20260209,168,6321,14,3,2,12,1,,3,642.04,141.8,1558.53,0
4690,20260210,178,5637,14,3,1,11,1,,4,1100.37,55.72,1275.78,0
4691,20260211,159,5910,13,4,2,4,1,,6,2391.11,112.18,2246.13,0
4692,20260212,150,5070,8,2,1,11,1,,4,2175.04,9.04,1692.67,0
4693,20260213,193,5035,20,3,1,11,1,,4,2310.45,243.22,2080.16,0
4694,20260214,199,5200,20,4,1,3,1,,2,539.09,92.09,4598.99,0
4695,20260215,120,5690,23,4,1,12,1,,1,1267.36,289.35,3238.89,0
4696,20260216,191,5706,22,2,1,9,1,,3,619.9,37.71,3905.43,0
4697,20260217,188,6188,22,1,2,3,1,,5,2164.26,152.66,1944.11,0
4698,20260218,190,6494,14,4,1,11,1,,2,464.11,279.04,2908.16,0
4699,20260219,145,5172,21,2,2,4,1,,3,2357.62,61.45,1623.55,0
4700,20260220,156,6081,2,4,2,10,1,,6,2605.93,289.79,1619.72,0
4701,20260221,163,5297,10,3,1,12,1,,4,1513.04,43.27,4103.32,0
4702,20260222,163,5595,8,1,2,5,1,,4,1123.41,180.81,1404.67,0
4703,20260223,151,6082,8,3,2,1,1,,5,2126.16,191.52,3126.66,0
4704,20260224,143,5214,14,2,1,9,1,,3,1236.28,157.86,1194.64,0
4705,20260225,118,5898,16,2,1,2,1,,2,1210.29,28.85,3516.82,0
4706,20260226,172,5953,13,4,1,5,1,,1,1014.65,31.29,2490.46,0
4707,20260227,196,5517,9,4,2,6,1,,6,837.05,230.75,1865.08,0
4708,20260228,179,5822,17,3,1,7,1,,5,827.15,143.0,824.68,0
4709,20260301,114,5507,12,2,2,6,1,,3,1941.75,8.75,3317.81,0
4710,20260302,142,5015,21,1,2,8,1,,3,2039.08,212.77,4797.49,0
4711,20260303,163,5852,14,3,2,9,1,,3,676.08,163.69,1623.76,0
4712,20260304,123,5935,14,1,2,9,1,,2,871.62,181.99,2932.96,0
4713,20260305,182,5262,9,3,1,5,1,,5,1688.2,116.07,569.6,0
4714,20260306,125,5747,8,3,1,8,1,,4,2080.4,105.85,2333.23,0
4715,20260307,134,5203,4,1,1,11,1,,1,1102.96,232.76,4389.66,0
4716,20260308,173,6313,22,1,1,10,1,,5,2366.46,70.59,4122.52,0
4717,20260309,167,5513,10,1,1,3,1,,4,1539.58,40.64,2490.99,0
4718,20260310,163,6429,4,3,2,11,1,,5,2789.43,58.39,4252.11,0
4719,20260311,101,6210,4,4,2,5,1,,4,1767.81,283.15,563.04,0
4720,20260312,168,5005,22,2,1,9,1,,5,2160.7,49.97,3358.46,0
4721,20260313,152,5536,4,4,2,9,1,,6,1109.0,46.37,3042.7,0
4722,20260314,160,5862,9,3,1,7,1,,6,1165.57,135.8,1082.73,0
4723,20260315,102,5346,8,4,2,7,1,,2,2777.66,13.12,560.2,0
4724,20260316,102,5748,19,1,1,9,1,,5,1627.5,2.08,1613.43,0
4725,20260317,101,5681,7,4,1,9,1,,4,2476.64,220.85,3333.33,0
4726,20260318,193,6343,21,2,1,4,1,,1,1490.33,18.42,4364.17,0
4727,20260319,109,5869,19,2,1,4,1,,6,1816.76,113.54,3413.92,0
4728,20260320,122,5232,12,3,1,6,1,,6,562.63,173.53,3025.88,0
4729,20260321,158,5006,22,2,2,12,1,,2,1887.16,50.0,4196.51,0
4730,20260322,177,5632,5,4,1,6,1,,5,2245.39,71.31,3126.88,0
4731,20260323,191,5800,7,4,2,10,1,,3,1242.75,26.53,3242.19,0
4732,20260324,199,5471,8,3,2,9,1,,5,1236.25,253.57,1168.29,0
4733,20260325,166,6331,8,3,2,11,1,,2,1954.33,244.81,938.51,0
4734,20260326,156,5168,22,1,2,6,1,,5,1571.8,62.39,3641.9,0
4735,20260327,120,6203,14,1,2,12,1,,5,1843.48,227.4,4913.18,0
4736,20260328,187,6249,10,1,2,8,1,,5,1186.59,197.59,3434.37,0
4737,20260329,124,5951,20,1,2,6,1,,3,2613.13,24.26,819.65,0
4738,20260330,179,5248,16,2,2,6,1,,5,1122.04,221.6,1717.02,0
4739,20260331,133,5088,2,2,2,3,1,,5,2587.16,155.03,2290.24,0
4740,20260401,195,6107,1,4,1,1,1,,1,1737.87,198.6,2099.72,0
4741,20260402,103,5165,19,4,2,4,1,,6,1994.52,96.54,1946.8,0
4742,20260403,119,6347,20,2,2,6,1,,6,2222.53,261.97,2397.51,0
4743,20260404,104,6439,23,3,2,10,1,,6,431.83,31.18,3625.53,0
4744,20260405,172,5228,5,2,2,3,1,,3,2088.92,88.02,3404.85,0
4745,20260406,188,5585,16,1,1,3,1,,3,678.61,207.79,2269.16,0
4746,20260407,184,5919,5,3,2,7,1,,1,1891.58,107.86,4827.99,0
4747,20260408,189,5993,6,3,2,8,1,,3,1499.39,72.84,4540.58,0
4748,20260409,107,6406,18,2,2,8,1,,2,2006.47,180.97,4751.25,0
4749,20260410,113,6382,2,1,2,4,1,,3,1938.27,92.22,3966.45,0
4750,20260411,111,6035,1,3,1,1,1,,6,769.56,58.43,1922.14,0
4751,20260412,173,5977,12,4,1,4,1,,4,2782.37,232.39,3879.08,0
4752,20260413,165,5984,13,3,2,6,1,,6,1257.35,41.63,2790.15,0
4753,20260414,172,5664,13,3,1,12,1,,4,2229.29,80.21,4854.84,0
4754,20260415,162,6076,6,4,2,9,1,,4,667.76,13.49,741.88,0
4755,20260416,144,5722,9,4,2,6,1,,2,972.81,133.42,2793.72,0
4756,20260417,118,6199,9,3,2,8,1,,1,1087.95,35.48,3646.17,0
4757,20260418,148,5073,11,4,1,4,1,,4,496.89,181.01,2006.88,0
4758,20260419,114,5135,17,1,2,11,1,,1,874.78,193.48,4349.77,0
4759,20260420,147,6342,20,3,2,10,1,,3,792.48,172.46,4726.43,1
4760,20260421,186,5392,8,2,2,2,1,,5,2002.56,138.08,4828.05,0
4761,20260422,160,6473,3,1,1,2,1,,6,2064.5,132.45,4026.98,0
4762,20260423,138,5397,13,1,2,9,1,,5,2733.02,259.82,2838.95,0
4763,20260424,178,5318,15,1,2,4,1,,6,1397.5,230.9,2616.48,0
4764,20260425,178,5421,21,3,2,7,1,,6,2676.39,159.96,1455.06,0
4765,20260426,165,5856,3,4,1,12,1,,5,1996.73,241.55,2223.95,0
4766,20260427,194,5648,17,1,2,4,1,,1,2294.6,124.28,1931.3,0
4767,20260428,193,5138,23,4,1,11,1,,1,2462.9,58.11,791.54,0
4768,20260429,154,5041,12,3,2,5,1,,1,735.86,188.47,4099.09,0
4769,20260430,197,5619,11,3,2,7,1,,5,1170.39,169.58,4279.89,0
4770,20260501,182,5350,14,1,1,1,1,,4,1644.23,135.31,1443.67,1
4771,20260201,167,6424,23,2,2,10,1,,3,661.87,220.97,3942.16,0
4772,20260202,134,5672,19,2,1,3,1,,3,2063.29,16.74,3871.15,0
4773,20260203,137,5712,11,4,1,2,1,,4,2785.16,243.29,2593.53,0
4774,20260204,199,5426,11,1,2,10,1,,2,1634.38,123.5,1102.09,0
4775,20260205,190,5113,5,2,1,8,1,,3,1921.48,287.05,1083.7,0
4776,20260206,196,5153,2,4,1,11,1,,4,1330.89,249.12,1732.07,0
4777,20260207,127,5574,22,4,1,3,1,,6,2799.43,265.97,2189.13,0
4778,20260208,127,5504,24,3,2,5,1,,1,2104.84,191.5,3165.88,0
4779,20260209,171,6360,16,1,1,6,1,,2,627.13,216.33,4441.34,1
4780,20260210,135,6389,21,2,2,2,1,,4,713.7,59.4,2215.97,0
4781,20260211,165,5750,2,3,2,9,1,,3,806.73,15.39,4476.31,0
4782,20260212,119,6480,8,3,2,11,1,,4,769.04,50.54,659.89,0
4783,20260213,141,6484,12,2,1,7,1,,1,2706.88,298.02,3257.63,0
4784,20260214,101,5546,12,2,2,6,1,,6,796.31,80.39,2779.61,0
4785,20260215,105,5767,14,2,1,6,1,,3,2680.05,120.55,2791.03,0
4786,20260216,176,6137,3,2,2,4,1,,5,1753.19,131.63,2884.44,0
4787,20260217,150,6188,18,1,1,6,1,,6,1262.97,213.43,1438.25,0
4788,20260218,126,6075,1,4,1,7,1,,6,1331.95,173.4,1800.23,0
4789,20260219,139,5516,15,3,1,2,1,,4,2337.53,4.66,2355.68,0
4790,20260220,151,5711,11,1,2,6,1,,5,2639.95,260.26,2735.77,0
4791,20260221,196,6458,23,2,1,4,1,,2,1094.74,12.64,1581.04,0
4792,20260222,108,5818,8,1,1,1,1,,4,2446.18,140.8,4306.12,0
4793,20260223,195,5505,13,2,2,10,1,,1,2228.26,239.09,909.1,0
4794,20260224,139,6472,5,1,1,9,1,,4,661.15,244.72,1473.34,0
4795,20260225,171,5843,22,1,2,1,1,,6,2251.51,190.8,4684.52,0
4796,20260226,139,5280,5,3,1,3,1,,3,975.66,44.6,3611.06,0
4797,20260227,200,6439,2,1,1,2,1,,2,710.59,157.93,3216.21,0
4798,20260228,170,6351,22,2,2,11,1,,2,1198.99,192.21,4262.79,0
4799,20260301,173,5197,23,2,2,4,1,,2,1850.0,291.95,1024.58,0
4800,20260302,163,5842,6,3,2,7,1,,6,1571.66,112.76,752.02,0
4801,20260303,199,6101,20,4,2,10,1,,3,917.27,20.73,1737.82,0
4802,20260304,171,5388,1,4,1,10,1,,1,1341.07,268.84,1568.67,0
4803,20260305,108,5264,16,2,1,12,1,,3,1415.37,251.85,1237.4,0
4804,20260306,109,6004,24,2,2,3,1,,5,749.39,96.38,3191.98,0
4805,20260307,170,6172,16,4,2,4,1,,5,2143.08,54.69,1853.26,0
4806,20260308,165,5320,3,3,2,3,1,,5,783.95,55.82,1222.77,0
4807,20260309,168,5457,7,1,1,9,1,,3,823.84,49.0,2020.33,0
4808,20260310,104,5789,5,4,1,10,1,,6,1099.04,296.03,4331.67,0
4809,20260311,193,6408,4,3,2,2,1,,2,1147.6,277.33,1334.86,0
4810,20260312,120,5516,12,4,2,11,1,,1,1653.76,247.24,3052.85,1
4811,20260313,174,6447,8,3,1,5,1,,4,2581.31,208.24,3261.23,0
4812,20260314,125,5403,21,4,2,2,1,,3,2615.55,257.72,2987.68,0
4813,20260315,194,5480,7,4,2,10,1,,1,2155.28,241.99,3242.34,0
4814,20260316,144,5497,2,3,2,9,1,,4,1267.38,103.67,2789.45,0
4815,20260317,124,5708,16,2,1,3,1,,6,2075.54,57.33,525.55,0
4816,20260318,101,6146,14,1,2,10,1,,3,1607.09,89.39,3565.72,0
4817,20260319,137,5956,24,3,1,12,1,,5,635.14,164.31,3829.76,0
4818,20260320,183,5780,12,1,2,10,1,,2,1994.97,41.82,4299.99,0
4819,20260321,185,5002,24,2,2,3,1,,6,2039.61,240.85,3358.13,0
4820,20260322,191,5542,21,1,1,12,1,,6,549.04,225.13,2155.8,0
4821,20260323,195,5841,6,3,1,3,1,,4,1983.31,133.71,4533.56,0
4822,20260324,165,5054,21,3,1,12,1,,3,1764.22,90.67,659.31,0
4823,20260325,126,5869,9,2,2,6,1,,2,2748.19,46.76,2435.79,0
4824,20260326,135,6488,24,2,1,7,1,,6,561.17,296.56,1842.67,0
4825,20260327,108,6425,22,2,2,2,1,,3,758.46,252.56,1699.21,0
4826,20260328,116,5089,20,1,2,11,1,,4,1680.39,195.16,635.73,0
4827,20260329,195,5748,8,1,1,3,1,,3,792.24,257.97,2308.33,0
4828,20260330,176,5910,10,4,2,1,1,,4,1451.96,187.82,2216.01,0
4829,20260331,137,5335,17,4,1,1,1,,4,2758.39,221.12,2570.91,0
4830,20260401,111,5082,24,1,1,2,1,,2,1106.38,251.79,1804.97,0
4831,20260402,199,5019,12,4,2,3,1,,1,669.93,152.78,1883.26,0
4832,20260403,176,6338,1,1,2,5,1,,5,566.98,16.39,4860.25,0
4833,20260404,193,5127,15,2,1,12,1,,1,2156.72,241.68,4628.82,0
4834,20260405,123,5064,10,2,1,12,1,,4,1093.99,266.45,885.19,0
4835,20260406,110,5121,15,1,2,11,1,,2,580.1,240.21,2167.11,1
4836,20260407,102,5445,3,3,2,9,1,,3,493.35,124.58,3968.45,0
4837,20260408,157,5733,21,1,2,2,1,,3,1653.73,103.67,823.88,0
4838,20260409,152,5044,19,3,1,5,1,,6,715.82,137.35,732.88,0
4839,20260410,120,5134,11,2,2,2,1,,1,2715.08,36.65,856.73,0
4840,20260411,191,5890,6,4,1,5,1,,2,2203.37,184.9,1684.6,0
4841,20260412,105,5805,4,4,2,1,1,,6,1011.41,209.25,2745.08,0
4842,20260413,141,5713,7,1,1,8,1,,2,1598.23,22.31,1155.32,0
4843,20260414,157,5298,11,1,2,6,1,,6,2194.28,90.19,590.0,1
4844,20260415,167,5895,24,1,2,11,1,,5,707.99,229.73,1536.06,0
4845,20260416,131,5835,2,1,1,10,1,,6,1971.73,172.53,4019.63,0
4846,20260417,176,5202,23,3,1,1,1,,5,1866.78,151.52,1241.33,0
4847,20260418,193,6279,15,1,1,11,1,,6,2428.73,192.87,2823.57,0
4848,20260419,158,5627,24,1,2,12,1,,5,2472.55,77.07,1175.1,0
4849,20260420,146,5543,21,2,2,12,1,,3,2369.99,44.59,2418.68,0
4850,20260421,183,5356,16,2,2,11,1,,5,2450.16,251.95,4524.06,0
4851,20260422,171,5129,3,1,2,2,1,,2,1757.26,218.88,3644.77,0
4852,20260423,160,5304,9,2,1,12,1,,4,1582.5,149.31,2824.95,0
4853,20260424,185,5790,15,4,1,1,1,,4,407.31,207.35,1106.39,0
4854,20260425,107,6031,20,2,2,2,1,,6,2067.08,265.92,1359.48,0
4855,20260426,198,5199,12,4,1,1,1,,5,832.7,74.68,2445.23,0
4856,20260427,111,6456,13,2,1,2,1,,4,2383.04,275.11,3153.34,0
4857,20260428,142,5240,22,2,2,11,1,,4,539.07,204.59,4623.03,0
4858,20260429,154,6202,14,1,1,1,1,,5,1050.08,202.02,3311.53,0
4859,20260430,196,6164,6,4,2,8,1,,2,2217.78,6.19,2878.84,0
4860,20260501,130,5424,7,3,1,7,1,,4,2085.3,192.83,2719.52,0
4861,20260201,102,6467,11,3,1,9,1,,6,463.62,11.08,4241.65,0
4862,20260202,107,6391,20,1,1,1,1,,4,1901.76,56.05,715.8,0
4863,20260203,191,6210,17,1,2,6,1,,4,2627.5,93.49,850.24,0
4864,20260204,174,5590,3,2,2,4,1,,4,558.0,14.45,557.83,0
4865,20260205,124,6222,21,1,2,7,1,,1,1795.03,228.7,2771.39,0
4866,20260206,195,5636,20,2,2,8,1,,5,1032.47,4.3,1102.69,0
4867,20260207,112,5922,15,3,1,2,1,,4,1445.09,99.85,604.81,0
4868,20260208,189,6368,2,3,1,8,1,,3,1940.05,59.72,4435.21,0
4869,20260209,143,5913,12,2,1,10,1,,3,525.85,161.51,4204.59,0
4870,20260210,151,5074,7,1,1,7,1,,4,1098.73,128.8,4326.46,0
4871,20260211,151,5967,12,2,2,2,1,,3,996.0,198.42,4914.41,0
4872,20260212,164,5583,7,2,2,1,1,,5,651.17,17.02,2955.61,0
4873,20260213,198,6465,1,2,2,9,1,,1,2454.99,34.7,1620.85,0
4874,20260214,119,5012,17,2,1,5,1,,1,2350.58,121.5,3187.76,0
4875,20260215,179,5051,19,4,2,8,1,,6,1648.61,241.99,2090.96,0
4876,20260216,152,5817,3,1,2,7,1,,3,1149.83,268.74,715.89,0
4877,20260217,129,6209,10,4,1,7,1,,6,739.14,206.84,4933.36,0
4878,20260218,189,5910,5,4,1,1,1,,3,1044.56,194.45,4357.42,0
4879,20260219,105,5347,24,4,1,12,1,,2,1655.73,90.68,4078.41,0
4880,20260220,146,6477,11,2,1,12,1,,5,1810.6,114.92,2782.14,0
4881,20260221,152,5513,20,2,1,11,1,,5,1479.49,82.33,1355.87,0
4882,20260222,178,5130,18,1,1,4,1,,5,1105.69,132.27,879.16,0
4883,20260223,182,5623,10,3,1,12,1,,6,2433.34,200.89,3957.13,0
4884,20260224,130,5774,21,1,1,9,1,,3,1452.06,66.82,3821.72,0
4885,20260225,178,5627,15,4,1,2,1,,5,2116.78,196.18,1308.75,0
4886,20260226,174,5033,1,2,2,10,1,,2,1941.47,161.17,4082.77,0
4887,20260227,121,5416,10,4,1,6,1,,1,2294.78,269.25,1218.42,0
4888,20260228,197,5874,16,4,1,9,1,,5,1381.36,26.59,2201.42,0
4889,20260301,155,5650,17,4,1,12,1,,3,710.64,110.86,2396.95,0
4890,20260302,171,5268,19,2,2,5,1,,6,1932.68,12.45,3465.63,0
4891,20260303,193,5604,21,3,1,12,1,,2,2515.05,165.16,1371.37,0
4892,20260304,126,5520,13,4,1,9,1,,1,2797.49,88.26,2889.76,0
4893,20260305,106,5282,20,4,2,4,1,,2,2049.6,212.9,1503.2,0
4894,20260306,110,5706,22,2,1,8,1,,1,1519.11,180.28,4957.38,0
4895,20260307,180,5087,10,4,2,1,1,,1,1261.39,154.68,3943.16,0
4896,20260308,129,5489,9,3,1,3,1,,5,1666.75,180.87,3405.17,0
4897,20260309,133,5711,9,1,1,4,1,,4,1744.16,32.42,3427.72,0
4898,20260310,197,6451,10,2,2,1,1,,4,2326.65,92.55,2868.63,0
4899,20260311,118,5094,7,3,1,11,1,,6,2326.07,132.99,2425.11,0
4900,20260312,158,5682,11,1,1,6,1,,2,2732.32,95.61,4079.42,0
4901,20260313,182,6295,13,1,1,7,1,,4,901.55,299.23,805.83,0
4902,20260314,124,5519,16,3,1,6,1,,1,2394.34,220.38,1174.24,0
4903,20260315,141,5895,14,1,2,9,1,,6,775.03,209.84,3436.62,0
4904,20260316,154,5618,18,3,1,8,1,,5,788.71,134.88,2127.58,0
4905,20260317,164,5971,7,1,2,2,1,,3,2488.97,117.3,860.12,0
4906,20260318,186,5523,3,4,2,1,1,,6,544.47,247.56,3146.77,0
4907,20260319,142,5845,22,2,2,10,1,,6,2609.98,248.7,2507.49,0
4908,20260320,132,6282,18,4,2,8,1,,4,1188.36,0.04,1509.85,0
4909,20260321,161,5249,10,3,1,4,1,,4,1054.11,263.42,4008.0,0
4910,20260322,169,6327,6,4,2,11,1,,4,2713.87,54.25,1502.38,0
4911,20260323,186,5771,16,3,2,3,1,,4,1287.6,75.55,3533.94,0
4912,20260324,134,5029,8,3,1,10,1,,4,1267.0,107.41,1565.88,0
4913,20260325,185,5612,21,2,1,11,1,,1,2454.49,78.6,651.32,0
4914,20260326,133,5533,16,4,2,9,1,,6,2075.92,183.1,4902.96,0
4915,20260327,191,5023,3,4,2,12,1,,5,794.51,133.88,1726.52,0
4916,20260328,131,6048,18,3,1,9,1,,4,550.67,262.8,3961.9,0
4917,20260329,167,5478,9,3,1,1,1,,2,2375.13,185.96,3480.14,0
4918,20260330,192,5492,18,3,2,5,1,,2,2327.5,18.21,3268.81,0
4919,20260331,199,5532,18,1,2,12,1,,4,1637.35,115.57,3758.05,0
4920,20260401,181,6270,23,1,2,7,1,,2,2532.11,252.21,4721.43,0
4921,20260402,123,5999,6,3,2,8,1,,1,667.44,133.63,2552.47,0
4922,20260403,162,6100,3,3,2,2,1,,4,776.46,222.17,1452.32,0
4923,20260404,161,5176,8,4,1,2,1,,3,448.13,191.94,1469.75,0
4924,20260405,110,6166,23,1,2,7,1,,4,2481.12,215.5,2408.89,0
4925,20260406,140,6382,22,4,2,8,1,,4,813.5,220.97,2759.94,0
4926,20260407,124,5640,15,2,1,5,1,,4,1371.57,292.54,4677.77,0
4927,20260408,155,5902,2,4,1,7,1,,4,620.81,80.3,3495.15,0
4928,20260409,146,5943,20,2,2,8,1,,5,1289.45,51.76,4804.72,0
4929,20260410,120,6224,17,1,1,10,1,,2,1101.55,21.05,3997.92,1
4930,20260411,131,5515,11,3,1,5,1,,4,2397.53,245.49,931.48,0
4931,20260412,109,5709,11,2,1,2,1,,5,671.86,169.74,879.1,0
4932,20260413,112,6237,1,4,1,7,1,,4,1533.17,128.23,3503.61,0
4933,20260414,126,5240,7,1,2,5,1,,3,985.09,58.93,2301.11,0
4934,20260415,138,5331,12,3,1,4,1,,3,987.59,208.31,3819.78,0
4935,20260416,193,5359,24,1,1,2,1,,2,1209.52,89.97,2315.74,0
4936,20260417,142,6221,3,3,2,10,1,,4,1530.94,69.74,3662.97,0
4937,20260418,162,5004,12,4,1,6,1,,5,870.82,12.33,4545.37,0
4938,20260419,128,5676,10,3,2,4,1,,4,2499.5,184.82,2820.28,0
4939,20260420,130,5895,17,4,1,7,1,,6,2444.13,90.09,3510.76,0
4940,20260421,193,5634,19,1,1,11,1,,4,2634.07,58.2,1095.3,0
4941,20260422,153,5919,7,2,1,7,1,,6,2282.34,82.43,4403.97,0
4942,20260423,175,5604,5,2,1,2,1,,5,2390.82,79.91,1681.9,0
4943,20260424,128,6316,21,3,1,7,1,,5,1992.88,162.45,1262.68,0
4944,20260425,174,6186,24,2,2,3,1,,1,626.56,279.32,1469.89,0
4945,20260426,120,6482,19,2,1,2,1,,3,2533.05,234.3,4777.84,0
4946,20260427,187,5753,20,3,2,8,1,,4,588.7,167.64,3883.91,0
4947,20260428,193,6287,13,1,1,1,1,,3,2145.74,256.48,527.59,0
4948,20260429,142,6398,23,3,2,9,1,,1,590.19,210.22,1402.55,0
4949,20260430,136,5433,8,4,1,6,1,,4,1028.78,55.73,3809.15,0
4950,20260501,114,5246,12,3,2,10,1,,6,2173.94,193.99,1085.24,0
4951,20260201,111,6400,16,1,2,10,1,,6,513.26,259.29,1557.24,0
4952,20260202,138,5135,16,4,2,12,1,,5,709.2,272.63,4220.1,0
4953,20260203,174,5620,18,2,2,1,1,,5,2776.18,266.96,4941.73,0
4954,20260204,154,6065,1,1,1,6,1,,6,920.05,222.57,581.2,0
4955,20260205,150,5598,7,3,2,11,1,,2,1972.53,268.46,2718.06,0
4956,20260206,117,5121,1,4,1,2,1,,3,871.47,60.44,3338.19,0
4957,20260207,104,5735,8,2,2,7,1,,6,814.69,92.48,4948.94,0
4958,20260208,172,6120,24,1,2,10,1,,4,503.71,123.54,2981.16,0
4959,20260209,190,5677,11,3,1,11,1,,4,1768.41,63.1,3728.71,0
4960,20260210,105,5682,21,4,2,2,1,,1,2587.98,169.72,2163.22,0
4961,20260211,173,5202,21,1,1,9,1,,6,2262.65,22.08,2284.02,0
4962,20260212,199,5820,16,4,1,10,1,,6,2761.54,46.55,4920.29,0
4963,20260213,143,6386,17,4,1,5,1,,6,2789.24,181.83,1149.82,0
4964,20260214,102,5067,17,2,2,9,1,,6,1178.7,154.18,1399.53,0
4965,20260215,192,6115,2,2,2,1,1,,2,1485.27,61.85,871.47,0
4966,20260216,107,5755,18,4,2,9,1,,3,892.61,18.46,1634.04,0
4967,20260217,159,6129,3,2,2,1,1,,6,1822.06,207.41,1029.16,0
4968,20260218,136,5030,11,1,1,9,1,,1,982.61,253.35,2238.3,0
4969,20260219,164,5069,1,1,2,9,1,,3,1130.61,197.15,3756.8,0
4970,20260220,199,5277,22,2,2,9,1,,1,420.14,217.54,1779.9,0
4971,20260221,142,5339,11,3,1,12,1,,5,1324.45,96.96,2125.14,0
4972,20260222,111,5557,9,1,1,11,1,,6,2231.57,233.87,4898.77,0
4973,20260223,170,5913,2,1,1,10,1,,2,1987.22,36.35,1155.42,0
4974,20260224,133,5221,16,4,1,2,1,,1,2523.57,92.37,4862.85,0
4975,20260225,121,5514,23,1,2,12,1,,3,2627.39,40.66,3545.44,0
4976,20260226,110,5270,4,4,2,12,1,,5,1116.57,26.41,3662.13,0
4977,20260227,182,5124,1,1,1,3,1,,6,896.88,293.14,603.19,0
4978,20260228,154,5932,19,4,2,6,1,,6,2768.68,195.16,4575.58,0
4979,20260301,124,5454,18,2,2,9,1,,3,638.66,72.25,1766.98,0
4980,20260302,122,5359,17,1,2,5,1,,6,1846.6,16.73,4916.32,0
4981,20260303,166,6381,24,1,2,12,1,,5,1281.31,184.43,4566.0,0
4982,20260304,194,5554,6,1,2,9,1,,2,1353.41,99.41,2505.26,0
4983,20260305,123,5176,1,4,1,8,1,,3,2688.39,36.69,726.85,0
4984,20260306,148,6194,3,3,2,10,1,,5,2194.51,224.87,878.34,0
4985,20260307,144,5689,3,3,2,12,1,,3,801.92,127.25,1610.68,0
4986,20260308,141,5288,5,1,2,4,1,,2,1724.06,42.47,3995.98,0
4987,20260309,162,6318,22,2,1,11,1,,2,453.99,46.47,842.32,0
4988,20260310,159,5353,13,3,1,11,1,,6,985.53,78.81,647.38,0
4989,20260311,181,5688,16,1,1,2,1,,3,1270.95,228.61,2208.86,0
4990,20260312,193,5764,8,1,1,1,1,,2,1073.51,19.6,570.48,0
4991,20260313,115,5232,7,1,2,7,1,,3,2398.81,55.47,1768.98,0
4992,20260314,160,6316,16,1,2,6,1,,6,2580.03,41.43,1099.12,0
4993,20260315,162,5972,1,2,2,1,1,,6,1133.86,139.91,3303.28,0
4994,20260316,184,5969,20,4,1,6,1,,4,2012.45,130.81,4008.99,0
4995,20260317,110,5131,7,3,1,8,1,,6,1442.71,86.99,3301.54,0
4996,20260318,158,5344,23,4,2,4,1,,2,1755.37,151.81,4755.07,0
4997,20260319,157,5232,4,3,2,6,1,,1,1979.59,234.28,3357.49,0
4998,20260320,117,5094,4,1,1,8,1,,1,2157.33,42.72,4803.0,0
4999,20260321,148,6168,24,2,1,11,1,,6,2583.49,63.07,2983.58,0
5000,20260322,139,5476,7,1,2,2,1,,4,2763.61,221.59,3296.55,0
5001,20260323,186,5966,10,3,2,10,1,,4,495.2,34.34,3216.33,0
5002,20260324,168,6470,19,3,1,2,1,,1,1288.17,163.55,2541.44,0
5003,20260325,131,6194,2,2,2,2,1,,3,1953.24,280.73,2821.01,0
5004,20260326,102,5373,13,3,1,4,1,,4,2488.18,217.17,1860.52,0
5005,20260327,166,6102,24,3,2,12,1,,5,2441.62,133.79,4156.0,0
5006,20260328,160,6325,18,4,2,1,1,,5,2008.14,107.09,3621.71,0
5007,20260329,181,5135,3,4,2,11,1,,3,1069.82,18.13,3799.84,0
5008,20260330,134,6043,20,3,1,5,1,,3,2649.25,132.47,4215.91,0
5009,20260331,152,5799,14,1,2,5,1,,5,2213.88,235.74,3805.8,0
5010,20260401,115,5245,18,1,2,2,1,,5,805.11,146.93,2482.39,0
5011,20260402,129,5606,15,4,2,10,1,,4,1451.57,155.36,1812.58,0
5012,20260403,190,5257,15,2,1,11,1,,6,1936.2,192.18,4232.89,0
5013,20260404,167,5215,11,4,2,6,1,,3,690.18,64.09,2008.05,0
5014,20260405,181,6297,12,3,2,10,1,,4,1928.26,8.97,2571.27,0
5015,20260406,193,5125,16,4,1,5,1,,6,1935.76,101.22,1447.13,0
5016,20260407,103,5146,16,2,1,5,1,,1,763.25,51.63,2081.49,0
5017,20260408,123,5223,21,2,2,7,1,,4,2057.57,77.5,2150.28,0
5018,20260409,144,6323,21,2,2,2,1,,4,1525.95,190.4,2098.48,0
5019,20260410,142,5320,21,4,2,3,1,,6,1047.19,131.33,1195.04,0
5020,20260411,196,5277,5,1,1,3,1,,1,1060.48,1.06,1816.57,0
5021,20260412,174,5832,2,4,1,7,1,,3,775.32,18.51,4228.82,0
5022,20260413,188,5219,24,3,2,7,1,,1,1894.98,135.42,1543.43,0
5023,20260414,122,5766,2,1,1,3,1,,1,2163.43,102.74,3743.03,0
5024,20260415,180,5400,6,1,2,12,1,,1,1413.94,104.21,2286.32,0
5025,20260416,173,5796,21,1,2,9,1,,5,1008.2,200.83,1069.73,0
5026,20260417,151,5513,19,3,1,2,1,,6,465.41,9.97,4499.0,0
5027,20260418,122,5068,18,4,2,7,1,,6,481.82,17.54,4052.64,0
5028,20260419,119,5502,6,1,2,2,1,,6,2711.78,139.87,1060.74,0
5029,20260420,149,5969,19,2,2,1,1,,3,1655.23,106.09,862.77,0
5030,20260421,135,6391,7,3,1,3,1,,1,1588.63,14.0,1790.61,0
5031,20260422,111,6403,2,4,2,3,1,,2,744.18,140.03,3280.55,0
5032,20260423,177,5681,17,2,2,8,1,,3,794.54,218.29,648.4,0
5033,20260424,163,5803,23,4,2,4,1,,5,2231.15,154.78,1031.38,1
5034,20260425,109,5424,2,3,1,11,1,,5,760.94,62.36,1501.35,0
5035,20260426,122,5303,7,4,2,6,1,,1,1047.42,238.7,4108.5,0
5036,20260427,151,6338,8,2,2,5,1,,5,2035.03,119.74,1626.56,0
5037,20260428,105,5571,4,2,2,2,1,,4,2137.51,109.93,3339.5,0
5038,20260429,117,5957,19,2,1,11,1,,5,1769.93,16.71,1043.45,0
5039,20260430,139,6373,13,1,2,10,1,,6,2218.9,93.56,3512.27,0
5040,20260501,110,5104,5,4,2,5,1,,3,598.1,224.47,3909.12,0
5041,20260201,134,5407,16,4,1,3,1,,5,1984.56,137.52,4454.23,0
5042,20260202,143,5022,7,3,2,3,1,,2,2678.39,245.26,4911.63,0
5043,20260203,136,5814,22,3,2,7,1,,1,1105.85,228.01,4505.36,0
5044,20260204,112,5175,19,1,2,6,1,,4,2156.92,52.78,1337.61,0
5045,20260205,152,5994,20,1,1,2,1,,4,1620.83,34.22,2064.38,0
5046,20260206,192,5351,22,4,1,10,1,,1,1373.01,87.35,1128.28,0
5047,20260207,119,5268,20,2,2,4,1,,5,1017.39,165.59,1986.57,0
5048,20260208,162,5800,3,4,2,6,1,,6,1562.95,47.96,1662.59,0
5049,20260209,147,6067,17,2,2,7,1,,1,1599.16,167.89,1557.05,0
5050,20260210,185,5579,2,2,1,8,1,,5,923.54,255.08,1005.73,0
5051,20260211,182,6181,6,4,2,9,1,,4,1318.1,155.3,2939.42,1
5052,20260212,103,5986,19,3,2,6,1,,2,522.04,14.84,4152.05,0
5053,20260213,163,5747,1,2,2,11,1,,1,1074.19,262.12,3284.56,0
5054,20260214,172,5074,8,2,2,2,1,,3,740.83,33.44,4120.14,0
5055,20260215,137,5921,6,4,1,10,1,,2,1914.06,205.57,4952.12,0
5056,20260216,191,6031,20,3,2,5,1,,2,1596.99,124.98,4441.98,0
5057,20260217,179,5505,24,2,2,12,1,,5,2493.17,153.23,1135.89,0
5058,20260218,140,5061,22,4,1,9,1,,1,2276.75,185.12,2055.31,0
5059,20260219,165,5215,21,4,1,11,1,,5,461.09,239.83,4184.87,0
5060,20260220,104,6229,18,1,2,1,1,,5,898.85,118.21,1296.48,0
5061,20260221,119,5551,10,3,1,3,1,,4,1262.54,77.7,2253.69,0
5062,20260222,130,5275,23,4,1,3,1,,2,644.58,94.61,2067.38,0
5063,20260223,119,5656,2,1,2,10,1,,5,850.23,262.13,3050.14,0
5064,20260224,157,5520,12,1,1,12,1,,6,1347.12,244.44,4949.1,0
5065,20260225,109,5865,1,4,1,5,1,,5,2279.84,263.62,1511.32,0
5066,20260226,175,5871,14,1,2,8,1,,3,2425.2,192.42,2327.47,0
5067,20260227,196,5625,16,1,1,9,1,,1,909.27,268.95,3462.6,0
5068,20260228,159,5318,7,1,1,9,1,,3,2736.1,98.88,2142.25,0
5069,20260301,107,5842,7,4,2,2,1,,4,1499.5,221.22,2392.34,0
5070,20260302,147,5728,20,1,2,7,1,,5,1462.77,18.43,1327.03,0
5071,20260303,126,5775,9,3,2,11,1,,1,2434.11,70.35,3499.83,0
5072,20260304,195,5551,7,3,1,5,1,,5,648.61,125.43,2434.21,0
5073,20260305,116,6019,15,4,2,12,1,,3,754.99,43.54,4360.31,0
5074,20260306,188,5618,5,1,2,4,1,,5,622.35,219.77,4109.99,0
5075,20260307,174,5058,8,3,2,4,1,,1,1488.88,30.28,3477.36,0
5076,20260308,176,5749,18,2,2,1,1,,5,2165.3,70.55,2632.8,1
5077,20260309,104,5612,11,2,2,2,1,,2,1162.79,127.95,1407.91,0
5078,20260310,187,6452,10,2,1,12,1,,4,2711.29,181.63,4836.44,0
5079,20260311,109,5780,8,2,2,5,1,,4,1907.72,210.47,4422.35,0
5080,20260312,128,5498,21,2,2,5,1,,1,1563.44,123.05,3071.5,0
5081,20260313,119,6412,22,2,1,7,1,,5,719.08,283.98,3163.4,0
5082,20260314,193,5522,11,1,1,9,1,,3,1231.77,35.55,3004.95,0
5083,20260315,174,6407,4,1,2,12,1,,2,1285.95,88.0,3222.71,0
5084,20260316,114,5620,11,2,2,6,1,,1,880.74,276.19,4848.58,0
5085,20260317,115,5457,14,4,2,7,1,,1,1434.58,128.8,548.82,0
5086,20260318,135,5494,8,4,1,8,1,,6,2303.88,249.37,2221.49,0
5087,20260319,111,5261,16,3,2,1,1,,4,1853.14,274.32,2186.91,0
5088,20260320,131,5160,6,1,2,9,1,,5,1126.18,0.12,3593.61,0
5089,20260321,180,5924,5,4,2,3,1,,1,1054.85,166.38,1263.66,0
5090,20260322,126,5134,20,1,2,8,1,,5,2621.47,189.84,1910.85,0
5091,20260323,189,6144,13,3,2,5,1,,1,2532.76,265.05,3233.9,0
5092,20260324,119,6308,12,3,1,2,1,,4,2738.8,97.86,505.45,0
5093,20260325,151,5211,14,1,2,12,1,,2,1699.6,219.95,4687.34,0
5094,20260326,107,5465,20,4,1,7,1,,4,1207.12,103.71,2381.74,0
5095,20260327,176,6295,2,3,1,5,1,,2,1253.88,198.02,778.14,0
5096,20260328,146,5804,7,4,1,4,1,,5,1192.21,96.64,2781.91,0
5097,20260329,167,5382,7,1,1,3,1,,5,1887.19,128.25,2802.84,0
5098,20260330,140,5416,12,3,1,10,1,,4,2516.9,139.84,1612.55,0
5099,20260331,147,6049,13,2,1,6,1,,6,1953.17,296.48,1519.62,0
5100,20260401,189,5834,7,4,2,3,1,,5,1593.58,23.05,4155.76,0
5101,20260402,156,5760,7,3,2,6,1,,2,1853.19,277.57,4130.55,0
5102,20260403,155,6363,19,3,1,10,1,,3,1691.49,70.64,4109.53,0
5103,20260404,178,6176,24,4,1,9,1,,3,1180.65,188.36,1046.3,0
5104,20260405,175,5419,23,3,1,2,1,,3,2553.03,211.44,1684.89,1
5105,20260406,110,5730,9,3,1,10,1,,4,1510.27,116.81,1900.77,0
5106,20260407,119,6127,12,4,2,1,1,,3,454.22,233.41,1214.98,0
5107,20260408,186,6417,16,4,1,4,1,,3,1003.57,138.57,2211.62,0
5108,20260409,130,5103,15,4,2,6,1,,1,2001.04,0.14,626.72,0
5109,20260410,191,6343,12,1,2,1,1,,4,807.0,240.0,1528.09,0
5110,20260411,153,5211,12,1,2,2,1,,6,2177.03,149.71,2810.18,0
5111,20260412,173,5311,5,1,1,6,1,,1,2216.95,63.18,627.71,0
5112,20260413,123,6199,23,3,1,2,1,,6,624.8,132.36,4562.94,0
5113,20260414,158,5362,20,1,2,6,1,,3,703.72,144.48,1345.05,0
5114,20260415,180,5058,9,4,2,8,1,,6,2247.97,93.99,4677.19,0
5115,20260416,137,5581,5,4,1,4,1,,2,2376.02,73.69,4544.41,0
5116,20260417,182,6143,18,3,2,6,1,,1,1769.76,12.61,3708.25,0
5117,20260418,172,5410,2,2,2,2,1,,2,498.74,126.67,720.66,0
5118,20260419,185,5522,22,3,1,4,1,,3,1933.18,169.79,4434.92,0
5119,20260420,138,5244,16,4,1,4,1,,3,2123.9,195.42,4708.8,0
5120,20260421,191,6292,2,4,1,9,1,,6,2362.74,249.59,949.43,0
5121,20260422,169,5327,3,4,1,7,1,,6,852.04,49.49,1488.84,0
5122,20260423,168,5771,15,1,1,11,1,,1,1705.67,284.45,773.36,0
5123,20260424,131,6110,18,2,2,10,1,,6,1551.18,1.88,3540.86,0
5124,20260425,186,5729,15,3,1,6,1,,4,1143.06,197.81,4565.83,0
5125,20260426,178,6343,22,2,2,5,1,,4,2065.51,157.01,1620.56,0
5126,20260427,173,6437,13,2,2,1,1,,6,776.34,150.66,1680.92,0
5127,20260428,180,5295,2,2,1,8,1,,6,1228.01,22.59,1943.5,0
5128,20260429,178,5091,20,1,1,10,1,,6,1276.52,143.78,2845.37,0
5129,20260430,149,6261,8,3,1,10,1,,6,2277.29,263.27,903.34,0
5130,20260501,150,6471,16,2,1,4,1,,5,842.35,115.2,4938.71,0
5131,20260201,128,5606,18,1,1,12,1,,3,1783.56,117.36,3270.81,0
5132,20260202,191,5351,8,3,2,12,1,,3,2173.79,8.17,507.27,1
5133,20260203,115,6300,23,3,2,5,1,,3,1721.36,93.01,3175.85,0
5134,20260204,101,5915,9,1,2,2,1,,6,2376.71,164.81,4867.61,0
5135,20260205,102,5387,22,2,1,2,1,,6,1964.13,136.88,3269.04,0
5136,20260206,107,5275,12,3,1,10,1,,1,462.53,295.47,1291.76,0
5137,20260207,189,5562,4,1,1,11,1,,4,714.98,228.58,746.56,0
5138,20260208,120,6224,15,2,2,8,1,,3,2784.53,265.39,1014.91,0
5139,20260209,156,5440,15,1,1,8,1,,5,1423.24,278.09,3448.55,0
5140,20260210,128,5426,23,1,1,3,1,,3,648.34,116.14,2466.07,0
5141,20260211,169,6276,20,2,1,3,1,,4,1085.61,48.11,4339.76,0
5142,20260212,128,5621,12,3,1,11,1,,5,2672.71,288.59,4715.31,0
5143,20260213,151,5327,3,2,2,10,1,,1,1800.32,220.19,1867.75,0
5144,20260214,139,5154,10,4,2,4,1,,4,1426.23,58.79,2533.33,0
5145,20260215,172,6455,6,3,2,5,1,,5,1249.35,128.52,1902.8,0
5146,20260216,164,5895,14,3,2,11,1,,4,1566.64,1.34,1029.25,0
5147,20260217,153,5749,2,4,2,10,1,,6,2257.84,124.07,1760.23,0
5148,20260218,144,5137,4,3,1,6,1,,5,729.64,299.32,1991.2,0
5149,20260219,165,5935,1,3,1,7,1,,3,1306.97,183.11,3277.98,0
5150,20260220,106,6494,18,1,2,12,1,,4,1377.36,2.02,4783.92,0
5151,20260221,150,5452,17,2,2,1,1,,6,1109.8,125.26,3933.61,0
5152,20260222,143,5001,21,2,1,11,1,,5,778.96,100.39,994.57,0
5153,20260223,199,5460,18,1,1,10,1,,6,2131.32,79.64,4190.49,0
5154,20260224,118,6009,13,2,2,12,1,,1,2528.47,88.09,2588.16,0
5155,20260225,176,5966,21,1,2,11,1,,1,715.73,179.21,1979.63,0
5156,20260226,148,6148,20,2,2,4,1,,6,2775.8,68.12,2751.0,0
5157,20260227,185,5601,19,1,2,10,1,,3,934.82,104.45,3928.12,0
5158,20260228,183,6229,23,3,1,3,1,,5,2117.19,195.68,1947.62,0
5159,20260301,117,5015,19,1,1,9,1,,1,1591.69,90.58,3088.25,0
5160,20260302,132,5130,4,1,2,10,1,,4,973.16,127.09,614.55,0
5161,20260303,170,6250,23,1,1,6,1,,6,407.02,201.77,3881.09,0
5162,20260304,178,5798,21,1,2,11,1,,3,547.83,254.07,2129.67,0
5163,20260305,163,5752,17,2,2,11,1,,3,1258.27,220.62,1256.13,0
5164,20260306,103,6467,10,2,1,11,1,,5,2571.62,244.09,4443.87,0
5165,20260307,124,6117,21,4,2,5,1,,5,486.5,139.56,2493.23,0
5166,20260308,142,5674,2,3,2,2,1,,3,2782.34,36.24,716.7,0
5167,20260309,127,5938,12,4,2,1,1,,4,2388.16,173.78,2205.83,0
5168,20260310,104,6397,13,1,2,10,1,,3,670.59,228.13,4173.23,0
5169,20260311,122,6110,9,2,2,10,1,,3,2747.84,235.45,3145.85,0
5170,20260312,147,6103,6,4,2,12,1,,1,2063.62,174.91,4309.43,0
5171,20260313,118,5852,20,1,2,7,1,,5,2014.77,267.35,3191.14,0
5172,20260314,156,5043,17,2,2,7,1,,1,446.65,50.91,1513.92,0
5173,20260315,110,6348,5,1,2,6,1,,5,2100.33,115.12,993.55,0
5174,20260316,200,5962,7,3,2,4,1,,5,1230.61,190.43,2404.05,0
5175,20260317,127,5977,12,3,1,4,1,,6,1697.47,142.07,3680.3,0
5176,20260318,164,5006,4,1,1,2,1,,6,953.15,238.91,3245.47,0
5177,20260319,186,5328,7,2,1,5,1,,2,799.42,24.46,4573.57,0
5178,20260320,102,6371,15,1,1,8,1,,5,1564.38,180.51,1579.95,0
5179,20260321,196,6045,16,1,1,4,1,,6,2674.02,51.8,727.3,0
5180,20260322,165,5291,6,1,2,5,1,,5,1104.98,244.24,1576.5,0
5181,20260323,141,5230,20,4,1,7,1,,3,1806.71,142.74,4114.06,0
5182,20260324,105,5596,5,3,1,1,1,,6,2276.18,189.6,2800.45,0
5183,20260325,122,5273,9,1,2,1,1,,6,698.57,240.22,3440.65,0
5184,20260326,129,6284,4,2,2,8,1,,6,1061.85,77.23,1508.74,0
5185,20260327,108,5700,24,4,1,6,1,,6,2336.43,27.26,1504.54,0
5186,20260328,132,5712,17,1,1,7,1,,5,791.9,48.68,867.64,0
5187,20260329,143,5320,20,4,2,9,1,,3,2798.29,121.21,866.0,0
5188,20260330,150,5926,1,1,2,3,1,,1,1633.98,283.5,4205.51,0
5189,20260331,135,5021,15,4,2,5,1,,6,1928.12,101.36,4177.3,0
5190,20260401,150,5313,19,2,1,12,1,,2,2532.73,99.81,3348.44,0
5191,20260402,113,5215,8,3,2,10,1,,4,1700.24,206.61,4927.9,0
5192,20260403,175,5669,1,2,1,9,1,,3,1620.96,175.64,3170.64,0
5193,20260404,146,5557,22,3,2,3,1,,3,1107.38,252.79,3464.21,0
5194,20260405,198,5113,10,4,2,5,1,,2,2029.33,134.33,2123.24,0
5195,20260406,130,6166,9,1,2,7,1,,3,642.14,85.05,1663.68,0
5196,20260407,154,6421,12,4,2,9,1,,1,2315.71,221.77,1220.23,0
5197,20260408,118,6441,17,4,2,7,1,,3,2475.02,265.43,3246.69,0
5198,20260409,104,5513,8,1,2,9,1,,3,772.61,71.28,3181.79,0
5199,20260410,129,5895,23,4,2,5,1,,5,925.09,64.4,2682.02,0
5200,20260411,117,5904,24,1,2,5,1,,2,791.75,34.68,4979.9,0
5201,20260412,198,5004,23,2,1,5,1,,1,846.49,142.44,1311.92,0
5202,20260413,159,5300,2,4,2,2,1,,5,1559.24,64.96,2648.78,0
5203,20260414,187,5107,14,2,1,4,1,,5,2600.88,181.24,3488.19,0
5204,20260415,172,6003,15,2,1,6,1,,2,632.73,0.19,2036.62,0
5205,20260416,168,5388,21,4,2,6,1,,6,2629.24,267.76,4035.1,0
5206,20260417,154,5464,6,1,2,6,1,,1,2145.43,167.03,2059.99,0
5207,20260418,165,6155,23,1,1,2,1,,5,1888.85,54.4,1040.47,0
5208,20260419,191,6148,8,3,1,11,1,,1,1388.17,56.91,3461.1,0
5209,20260420,176,6344,11,3,1,5,1,,2,850.21,169.15,2541.85,0
5210,20260421,113,6221,15,2,1,5,1,,1,2388.76,261.51,3537.41,0
5211,20260422,128,5380,10,2,2,4,1,,6,2730.75,250.91,643.71,0
5212,20260423,104,6256,21,1,2,4,1,,1,1302.83,66.47,1820.26,0
5213,20260424,130,5008,22,4,1,5,1,,3,1552.29,71.74,3077.77,0
5214,20260425,104,5996,4,2,1,3,1,,3,1589.82,243.35,4740.95,0
5215,20260426,156,6230,3,1,1,5,1,,1,1765.36,150.94,4168.84,0
5216,20260427,123,5965,6,3,2,11,1,,5,1263.89,299.87,2482.94,0
5217,20260428,174,6194,21,1,2,3,1,,5,905.21,27.01,3984.01,0
5218,20260429,160,6010,17,3,1,7,1,,4,1259.87,274.24,4690.5,0
5219,20260430,169,5099,2,3,2,5,1,,1,2203.43,140.03,2254.34,0
5220,20260501,115,6363,5,2,1,7,1,,2,1214.81,141.41,914.49,0
5221,20260201,105,5040,7,4,2,9,1,,3,1531.54,93.68,3135.14,0
5222,20260202,161,6317,8,3,2,11,1,,1,2188.21,164.04,4108.68,0
5223,20260203,147,6030,3,4,1,1,1,,2,657.17,177.67,850.05,0
5224,20260204,121,5394,14,2,2,3,1,,3,2380.91,28.01,3180.89,0
5225,20260205,167,5065,24,2,1,1,1,,2,1313.56,69.74,610.83,0
5226,20260206,105,5786,15,3,1,11,1,,3,784.17,298.77,3090.91,0
5227,20260207,142,5577,13,3,2,8,1,,4,934.09,23.06,3208.6,0
5228,20260208,139,5759,12,1,1,7,1,,3,940.74,299.71,4664.39,0
5229,20260209,137,5325,7,4,1,5,1,,4,1417.93,260.08,3854.1,0
5230,20260210,117,5343,14,4,2,2,1,,4,1129.92,132.06,553.4,0
5231,20260211,146,5687,6,2,2,12,1,,2,2061.0,108.01,4017.79,0
5232,20260212,134,5302,12,3,2,9,1,,1,1301.06,68.82,873.98,0
5233,20260213,184,5816,2,2,2,9,1,,5,1565.96,283.65,810.93,0
5234,20260214,155,5096,4,3,2,6,1,,2,2531.16,169.85,2167.35,0
5235,20260215,112,5197,24,3,2,3,1,,3,411.59,104.19,3544.66,0
5236,20260216,134,5438,21,4,1,12,1,,5,1398.14,164.42,2890.51,0
5237,20260217,166,5494,11,3,2,9,1,,6,2673.71,67.32,1673.87,0
5238,20260218,134,6298,18,4,2,10,1,,4,1778.7,231.58,3700.92,0
5239,20260219,134,5273,12,3,1,11,1,,5,1955.14,17.35,3958.95,0
5240,20260220,139,5437,13,2,2,6,1,,4,1636.32,175.56,2726.36,0
5241,20260221,187,6082,11,1,2,9,1,,6,2497.61,272.22,2665.44,0
5242,20260222,124,5651,8,1,1,6,1,,5,413.69,257.56,4835.37,0
5243,20260223,167,6382,20,3,2,2,1,,1,2430.68,268.57,4563.47,0
5244,20260224,187,5326,10,4,2,2,1,,6,2113.34,168.81,3170.36,0
5245,20260225,160,5689,6,2,2,2,1,,1,2504.82,217.16,3776.84,0
5246,20260226,180,5754,20,4,1,6,1,,1,2323.86,167.85,2686.32,0
5247,20260227,158,5114,12,2,1,1,1,,5,2123.99,112.88,1495.67,0
5248,20260228,181,5042,3,3,2,7,1,,3,2296.94,32.5,4810.07,0
5249,20260301,121,6455,19,3,1,11,1,,1,907.19,147.92,2887.64,0
5250,20260302,102,5794,19,2,1,12,1,,6,2252.85,216.93,4516.07,1
5251,20260303,135,5082,3,1,2,2,1,,2,2523.16,225.13,4773.23,0
5252,20260304,163,5058,20,4,1,9,1,,3,1389.06,137.66,756.83,0
5253,20260305,160,5976,23,2,2,4,1,,6,653.39,124.84,3070.03,0
5254,20260306,119,5917,12,2,2,5,1,,4,2623.54,25.3,573.01,0
5255,20260307,152,6306,20,4,2,5,1,,1,403.89,206.71,747.71,0
5256,20260308,166,5442,5,3,2,7,1,,6,2479.72,163.25,2200.67,0
5257,20260309,101,6079,11,2,2,1,1,,1,1599.11,248.8,951.06,0
5258,20260310,120,5288,5,1,1,12,1,,4,1743.05,65.45,4904.53,0
5259,20260311,179,5086,11,1,1,2,1,,1,2227.29,267.96,4588.99,0
5260,20260312,194,5776,19,2,2,12,1,,5,668.56,234.87,4621.52,0
5261,20260313,156,6262,17,4,1,1,1,,1,1075.87,91.47,867.03,0
5262,20260314,200,5872,8,2,1,12,1,,2,1270.72,170.23,1657.81,0
5263,20260315,118,6209,11,4,1,7,1,,4,750.05,18.87,4434.54,0
5264,20260316,103,5320,11,3,2,10,1,,4,1158.75,10.81,1206.72,0
5265,20260317,136,5321,23,1,1,6,1,,3,1927.63,15.12,3628.92,0
5266,20260318,145,6266,11,1,1,5,1,,2,2724.14,195.25,1122.43,0
5267,20260319,128,5502,12,2,1,2,1,,6,1511.07,96.1,2764.34,0
5268,20260320,164,5256,22,2,1,1,1,,2,439.92,27.03,1428.61,0
5269,20260321,182,5267,1,2,1,9,1,,4,1479.07,249.51,4036.31,0
5270,20260322,160,5574,10,2,1,9,1,,6,1574.07,3.26,4604.09,0
5271,20260323,179,5127,2,3,2,4,1,,1,2075.12,274.35,2378.38,0
5272,20260324,158,5895,6,4,1,11,1,,2,2673.57,212.72,4320.49,0
5273,20260325,184,5639,20,1,1,5,1,,6,1582.61,295.2,1840.12,0
5274,20260326,177,5672,9,3,2,12,1,,3,2582.29,103.25,2578.18,0
5275,20260327,116,5503,23,4,1,6,1,,2,1011.2,139.68,3858.71,0
5276,20260328,128,6302,6,4,1,3,1,,2,2333.98,230.25,2418.12,0
5277,20260329,142,5527,24,3,1,8,1,,3,2244.35,231.13,1803.39,0
5278,20260330,155,6411,10,3,2,11,1,,1,853.85,218.86,3740.36,0
5279,20260331,120,6318,4,3,1,7,1,,4,1183.26,255.34,4842.4,0
5280,20260401,138,5736,7,2,1,3,1,,2,1133.58,286.93,3754.6,0
5281,20260402,128,5715,13,4,1,3,1,,5,1836.81,220.28,2369.27,0
5282,20260403,147,5992,22,3,2,10,1,,6,757.02,1.59,4042.51,0
5283,20260404,129,6434,20,1,1,4,1,,2,2342.74,140.02,2285.24,0
5284,20260405,179,5160,12,4,2,1,1,,1,2594.14,262.99,1018.4,0
5285,20260406,111,5730,24,1,2,3,1,,2,565.92,73.0,1729.97,0
5286,20260407,171,5151,4,3,2,12,1,,4,1210.91,173.06,788.92,0
5287,20260408,126,6230,15,3,1,6,1,,4,2368.65,181.65,4035.05,0
5288,20260409,118,5248,12,1,1,11,1,,5,1735.99,27.74,636.92,0
5289,20260410,175,5543,10,2,1,1,1,,2,1502.63,67.59,3875.07,0
5290,20260411,187,5769,11,4,2,3,1,,4,1943.78,188.55,2991.24,0
5291,20260412,182,6078,6,4,1,3,1,,4,2343.65,125.15,1518.47,0
5292,20260413,183,5206,3,3,1,2,1,,6,547.37,101.91,4367.96,0
5293,20260414,165,5975,3,3,1,5,1,,2,1436.5,268.55,1103.13,0
5294,20260415,129,5063,13,3,2,2,1,,3,2657.2,151.86,1408.0,0
5295,20260416,194,6037,24,1,2,8,1,,3,2100.83,40.31,2930.97,0
5296,20260417,177,5641,10,1,2,9,1,,3,1975.94,77.87,3009.41,0
5297,20260418,175,5600,16,3,1,9,1,,5,1562.37,247.08,3432.61,0
5298,20260419,143,6244,15,2,1,5,1,,3,1227.58,88.53,3776.38,0
5299,20260420,136,5311,4,1,1,2,1,,3,1926.83,183.33,1033.04,0
5300,20260421,198,5970,15,3,2,6,1,,2,1758.09,250.87,641.06,0
5301,20260422,145,5902,23,4,2,3,1,,6,1434.68,53.02,4032.31,0
5302,20260423,131,6161,11,2,1,1,1,,6,2012.02,268.43,3444.59,0
5303,20260424,195,5720,7,3,1,11,1,,3,1360.75,61.84,4292.02,0
5304,20260425,163,6369,24,2,1,3,1,,3,779.48,108.65,3737.27,0
5305,20260426,163,5066,4,2,1,12,1,,1,550.03,105.32,2707.4,1
5306,20260427,186,5423,12,2,2,3,1,,3,2397.54,189.59,1059.49,0
5307,20260428,112,5696,14,3,2,4,1,,5,1589.13,164.29,814.62,0
5308,20260429,109,5474,11,2,2,12,1,,6,1632.4,175.34,4608.45,0
5309,20260430,145,5571,18,2,2,7,1,,2,2131.8,145.17,3249.1,0
5310,20260501,136,5408,22,2,1,7,1,,1,2241.39,0.06,3197.59,0
5311,20260201,119,6126,14,4,2,3,1,,6,2067.14,144.42,963.05,0
5312,20260202,129,5814,22,4,1,1,1,,6,1815.81,258.4,3868.84,0
5313,20260203,146,5074,13,4,1,11,1,,6,708.24,219.85,1911.78,0
5314,20260204,195,5811,17,3,2,5,1,,1,1408.89,246.48,1564.58,0
5315,20260205,113,5172,3,3,2,11,1,,6,1700.63,93.65,628.18,0
5316,20260206,150,5257,4,1,2,12,1,,6,1975.19,2.93,1604.88,0
5317,20260207,153,5512,6,2,2,12,1,,1,1719.67,260.09,1150.76,0
5318,20260208,185,5183,14,3,2,2,1,,2,2068.6,18.55,2480.97,0
5319,20260209,131,6271,17,4,1,11,1,,6,1098.35,86.74,1945.91,0
5320,20260210,135,5631,7,1,1,8,1,,6,1101.4,101.08,3539.58,0
5321,20260211,158,6001,16,3,1,11,1,,3,2556.88,246.55,3867.23,0
5322,20260212,145,5206,17,2,1,7,1,,2,881.54,52.51,2150.99,0
5323,20260213,132,6446,14,2,1,6,1,,4,2163.03,139.0,2775.41,0
5324,20260214,149,5828,2,4,1,3,1,,3,455.75,215.72,2218.06,0
5325,20260215,155,5092,13,3,1,9,1,,3,2108.41,127.96,4768.57,0
5326,20260216,154,6051,20,4,2,6,1,,6,902.04,115.65,4900.74,0
5327,20260217,164,5556,4,3,1,3,1,,6,1052.85,202.31,4270.25,0
5328,20260218,126,6165,14,3,1,6,1,,5,2290.18,116.33,532.06,0
5329,20260219,109,6131,22,2,1,9,1,,4,653.62,189.65,2890.23,0
5330,20260220,171,5250,19,2,1,8,1,,1,1759.32,151.79,3090.66,0
5331,20260221,129,6145,4,4,1,2,1,,4,1197.93,29.2,2861.3,0
5332,20260222,110,5954,24,3,2,7,1,,6,419.11,153.42,4843.47,0
5333,20260223,156,6460,15,3,1,3,1,,4,714.8,179.13,889.29,0
5334,20260224,117,6406,17,2,1,9,1,,1,2576.75,296.11,2316.66,0
5335,20260225,156,5691,24,1,2,8,1,,2,586.47,25.03,3264.3,0
5336,20260226,159,5594,19,2,1,4,1,,3,730.3,291.42,3847.25,0
5337,20260227,187,5874,6,3,2,10,1,,2,2685.88,126.92,2164.52,0
5338,20260228,112,6063,5,3,2,7,1,,6,2257.55,33.08,1465.24,0
5339,20260301,115,5934,6,4,1,6,1,,3,1683.52,58.29,1274.7,0
5340,20260302,112,5400,10,1,1,6,1,,1,850.79,84.98,555.69,0
5341,20260303,161,5638,19,4,2,6,1,,4,1123.65,223.47,2425.52,0
5342,20260304,141,5624,23,3,1,2,1,,5,2433.63,256.5,2697.92,0
5343,20260305,179,6143,22,2,1,3,1,,3,2573.19,153.03,4727.44,0
5344,20260306,161,5573,2,3,1,4,1,,1,1217.06,62.4,3938.66,0
5345,20260307,149,5765,2,4,2,12,1,,4,1887.18,275.93,3603.8,0
5346,20260308,129,6118,16,3,2,8,1,,4,587.71,92.38,1244.03,0
5347,20260309,196,5489,21,2,2,2,1,,1,1417.44,232.96,4221.54,0
5348,20260310,118,6252,24,4,2,7,1,,3,1412.34,47.1,3708.81,0
5349,20260311,106,5863,16,1,1,10,1,,2,913.6,112.76,4347.32,0
5350,20260312,163,5931,9,3,1,1,1,,6,2550.38,205.11,1633.67,0
5351,20260313,175,5961,4,1,1,12,1,,1,2565.06,65.35,4627.01,0
5352,20260314,136,5073,20,2,2,12,1,,5,839.62,220.8,1010.09,0
5353,20260315,163,5406,22,2,1,4,1,,1,1994.35,131.14,2275.55,0
5354,20260316,156,6439,12,1,2,8,1,,5,2297.63,149.51,4576.83,0
5355,20260317,180,5957,17,3,2,9,1,,6,2090.9,147.48,3796.07,0
5356,20260318,146,5953,23,4,1,2,1,,3,2497.12,25.98,4628.22,0
5357,20260319,178,5602,14,1,1,7,1,,5,2100.34,282.02,4099.63,0
5358,20260320,182,6470,19,3,1,1,1,,5,2464.73,288.82,3752.17,0
5359,20260321,195,5419,5,4,2,7,1,,5,2455.94,162.6,3471.26,0
5360,20260322,178,6171,17,3,1,1,1,,1,949.54,282.62,4726.94,0
5361,20260323,143,5124,21,2,1,6,1,,2,1027.67,28.99,3897.08,0
5362,20260324,106,5908,14,3,1,4,1,,2,1209.54,251.75,1770.05,0
5363,20260325,148,5976,14,1,1,12,1,,6,2207.52,125.27,3602.06,0
5364,20260326,104,6106,9,2,2,1,1,,3,2254.65,61.8,4806.11,0
5365,20260327,170,5910,13,1,1,12,1,,5,1476.75,147.27,1185.53,0
5366,20260328,182,5402,11,3,2,7,1,,1,2783.21,216.38,4942.14,0
5367,20260329,116,5706,24,2,1,11,1,,3,1740.33,250.48,3093.72,0
5368,20260330,176,6461,12,2,1,3,1,,1,476.53,229.79,3096.4,0
5369,20260331,106,5639,2,1,1,5,1,,1,2744.94,135.35,1467.16,0
5370,20260401,192,5516,6,2,2,12,1,,2,922.55,61.37,4177.62,0
5371,20260402,120,5638,3,3,2,2,1,,5,1773.63,144.7,4218.69,0
5372,20260403,121,5154,16,4,2,12,1,,2,2708.37,192.54,1299.45,0
5373,20260404,105,5213,16,2,2,5,1,,5,2240.69,24.27,2032.94,0
5374,20260405,112,5984,11,1,2,11,1,,5,1412.39,24.05,1146.97,0
5375,20260406,188,5124,22,3,2,2,1,,5,2560.8,209.73,4882.2,0
5376,20260407,141,5189,20,4,2,3,1,,4,620.57,105.27,731.82,1
5377,20260408,155,5649,23,4,2,3,1,,2,1460.08,111.61,3878.49,0
5378,20260409,160,5198,22,4,1,3,1,,1,1780.53,171.22,1377.36,0
5379,20260410,189,6343,20,1,2,7,1,,6,2182.91,0.31,4382.01,0
5380,20260411,163,6305,1,1,1,3,1,,6,1452.53,258.54,3986.91,0
5381,20260412,195,5567,10,3,1,8,1,,5,2777.01,87.07,1381.79,0
5382,20260413,190,5022,8,4,1,7,1,,3,1416.72,285.44,4250.73,0
5383,20260414,140,6223,3,4,2,10,1,,6,1626.89,209.09,3209.99,0
5384,20260415,125,6432,6,1,1,12,1,,5,738.93,113.43,4365.4,0
5385,20260416,152,6027,16,1,1,8,1,,3,1293.18,296.49,4066.41,0
5386,20260417,169,5754,10,3,2,12,1,,6,2552.84,266.05,1464.64,0
5387,20260418,175,5294,9,4,2,4,1,,1,2586.44,33.49,1080.35,0
5388,20260419,123,5709,15,3,1,5,1,,1,731.5,126.47,1876.59,0
5389,20260420,131,6418,12,1,2,6,1,,3,2722.48,194.06,2495.88,0
5390,20260421,113,5587,19,2,2,7,1,,2,749.17,197.31,2710.9,0
5391,20260422,155,5005,7,2,1,8,1,,1,546.07,43.35,1922.56,0
5392,20260423,199,6467,17,4,2,2,1,,6,1503.58,176.26,3190.18,0
5393,20260424,150,6255,16,2,1,10,1,,2,989.85,58.71,1381.63,0
5394,20260425,158,5880,18,2,2,9,1,,5,2298.22,44.9,2807.27,0
5395,20260426,158,5431,18,4,1,7,1,,3,833.29,42.62,1996.8,0
5396,20260427,163,6301,20,2,2,9,1,,4,958.83,189.54,1098.81,0
5397,20260428,175,6237,17,1,2,9,1,,3,2616.6,179.05,637.16,0
5398,20260429,126,5428,10,2,2,1,1,,5,1347.07,46.19,3738.25,0
5399,20260430,153,6358,21,4,1,9,1,,1,2555.83,134.86,2481.65,0
5400,20260501,195,5910,18,4,2,11,1,,6,949.41,180.53,838.56,0
5401,20260201,109,6247,2,3,2,5,1,,4,1603.31,236.2,4526.14,0
5402,20260202,130,5445,2,3,1,12,1,,4,1073.51,200.59,1210.24,0
5403,20260203,133,5288,13,1,1,12,1,,2,979.87,83.9,3002.47,0
5404,20260204,161,6021,7,4,2,2,1,,5,1687.71,233.98,999.64,0
5405,20260205,169,5838,13,1,1,3,1,,5,1122.75,120.06,4749.86,0
5406,20260206,161,5374,9,4,2,4,1,,5,1721.76,142.74,1163.41,0
5407,20260207,151,6353,23,3,1,1,1,,4,735.69,278.62,3681.11,0
5408,20260208,130,6041,21,3,1,1,1,,5,1892.6,176.64,2799.32,0
5409,20260209,156,6407,23,2,2,11,1,,3,2056.21,278.93,791.58,0
5410,20260210,135,6263,1,3,2,12,1,,2,1227.38,182.21,2186.18,0
5411,20260211,129,5588,11,2,2,5,1,,5,1756.81,30.1,776.74,0
5412,20260212,164,6478,19,4,2,3,1,,2,785.69,209.29,1883.64,0
5413,20260213,149,6496,22,1,2,4,1,,2,2679.53,3.14,2735.5,0
5414,20260214,118,5943,12,1,2,7,1,,5,1528.89,267.86,2466.04,0
5415,20260215,173,5499,18,1,2,2,1,,3,1260.03,261.25,2198.03,0
5416,20260216,177,6388,1,1,2,9,1,,1,771.87,286.97,668.67,0
5417,20260217,144,5014,2,1,2,10,1,,5,2041.79,285.28,2146.77,0
5418,20260218,145,6165,8,2,1,5,1,,3,1165.16,283.16,2024.23,0
5419,20260219,128,5372,5,1,2,12,1,,5,2765.46,92.74,3950.55,0
5420,20260220,125,6274,19,3,1,8,1,,4,1753.62,59.72,4719.94,0
5421,20260221,131,6130,3,3,2,10,1,,3,1809.42,12.48,559.67,0
5422,20260222,195,6351,22,4,2,12,1,,1,431.25,129.41,4177.59,0
5423,20260223,153,5230,21,1,1,9,1,,4,1099.05,211.48,2761.21,0
5424,20260224,115,5131,15,2,1,11,1,,4,1786.98,180.34,4247.69,0
5425,20260225,119,5142,9,3,1,9,1,,4,2534.0,241.61,3123.53,0
5426,20260226,197,6189,19,4,1,9,1,,5,2708.25,70.37,4013.66,0
5427,20260227,124,6132,10,1,2,3,1,,1,1605.9,14.2,2224.96,0
5428,20260228,107,6147,7,1,1,3,1,,6,1380.15,78.8,3783.01,0
5429,20260301,146,6082,19,4,2,5,1,,5,2645.79,20.39,4879.74,0
5430,20260302,135,5032,20,2,2,6,1,,3,1501.73,186.66,1340.36,0
5431,20260303,164,6314,2,3,2,9,1,,4,1134.53,141.58,2013.14,0
5432,20260304,149,5314,8,1,1,6,1,,4,2791.81,175.32,4996.72,0
5433,20260305,135,6283,13,1,2,1,1,,1,732.47,266.87,4010.23,0
5434,20260306,200,6487,8,3,1,7,1,,4,1908.1,257.93,2447.44,0
5435,20260307,108,5738,1,3,1,9,1,,3,1945.41,208.87,2426.9,0
5436,20260308,163,6102,19,2,2,10,1,,6,2721.68,175.09,4670.36,0
5437,20260309,140,5999,9,2,2,3,1,,5,2424.0,12.5,1358.13,0
5438,20260310,120,5170,23,4,1,10,1,,1,464.58,136.67,4579.33,0
5439,20260311,135,6019,3,3,1,5,1,,6,1965.56,50.5,953.2,0
5440,20260312,181,6190,2,2,2,11,1,,4,2228.59,40.1,2682.33,0
5441,20260313,125,6296,18,1,1,4,1,,1,1868.97,294.85,1595.15,0
5442,20260314,134,5758,6,2,2,9,1,,1,897.48,115.76,4100.92,0
5443,20260315,195,5371,17,4,2,11,1,,2,2327.49,125.05,2315.35,0
5444,20260316,171,5805,14,1,2,9,1,,1,475.3,214.66,4583.39,0
5445,20260317,174,6347,12,2,1,6,1,,4,2397.22,259.55,739.12,0
5446,20260318,112,5644,9,2,2,8,1,,5,655.68,190.71,4826.2,0
5447,20260319,159,6272,23,3,1,5,1,,5,2751.69,261.4,1015.07,0
5448,20260320,186,6300,4,3,2,7,1,,4,622.38,178.99,3172.62,0
5449,20260321,133,5227,15,1,1,1,1,,4,2604.91,124.51,1136.76,0
5450,20260322,151,5801,14,3,2,6,1,,6,1198.07,233.18,3352.06,0
5451,20260323,152,5451,16,4,2,7,1,,3,1850.78,266.84,3282.28,1
5452,20260324,106,5346,22,2,2,5,1,,2,959.18,240.63,960.27,0
5453,20260325,155,5371,6,4,2,5,1,,5,2431.05,184.17,984.73,0
5454,20260326,183,5803,4,3,2,3,1,,5,1640.14,121.17,3705.48,0
5455,20260327,169,5123,22,3,1,4,1,,1,1979.83,24.62,1398.48,0
5456,20260328,187,5404,12,4,1,2,1,,4,2552.07,49.16,2780.4,0
5457,20260329,161,5385,10,3,2,10,1,,2,1469.48,224.44,1519.98,0
5458,20260330,180,5226,16,4,1,10,1,,6,2732.9,122.19,1222.16,0
5459,20260331,122,5710,17,3,2,11,1,,2,688.29,190.38,3880.74,0
5460,20260401,190,6396,22,4,2,1,1,,5,1473.83,134.1,624.25,0
5461,20260402,158,5400,20,4,1,10,1,,6,1407.69,223.76,2062.46,0
5462,20260403,144,5900,16,1,2,2,1,,5,2555.71,222.23,1681.44,0
5463,20260404,143,5255,3,1,2,5,1,,3,1151.75,175.51,4770.97,0
5464,20260405,117,5593,4,3,1,9,1,,4,968.55,164.15,527.29,0
5465,20260406,155,5179,22,4,1,11,1,,6,1313.52,182.05,1027.87,0
5466,20260407,140,5667,7,2,2,12,1,,3,2423.56,6.02,4185.49,0
5467,20260408,149,6256,4,3,2,11,1,,1,1311.04,283.53,4971.79,0
5468,20260409,145,5971,8,2,2,7,1,,5,1048.31,217.15,898.84,0
5469,20260410,135,5147,21,4,1,1,1,,5,413.84,33.38,2184.52,0
5470,20260411,183,5210,22,3,2,2,1,,3,1798.9,29.59,3120.89,0
5471,20260412,189,6335,12,3,1,9,1,,4,2457.94,115.1,663.27,0
5472,20260413,160,5359,20,4,2,12,1,,1,2427.77,155.24,2907.94,0
5473,20260414,131,6066,17,1,2,9,1,,3,1670.71,257.28,3710.83,0
5474,20260415,126,6336,1,1,2,1,1,,3,2136.31,115.55,1628.34,0
5475,20260416,101,5484,1,1,2,11,1,,1,1028.12,213.96,1059.7,0
5476,20260417,179,6259,2,1,2,4,1,,2,526.62,53.21,3371.67,0
5477,20260418,149,5490,23,2,2,3,1,,2,896.15,148.87,4247.27,0
5478,20260419,179,5664,2,3,1,3,1,,6,1326.01,13.45,3133.12,0
5479,20260420,134,5951,8,3,1,6,1,,2,794.33,227.29,3456.06,0
5480,20260421,147,5533,19,2,1,6,1,,2,2707.32,169.0,4498.82,0
5481,20260422,199,5626,12,1,1,11,1,,6,1232.13,184.37,2454.55,0
5482,20260423,119,5862,2,4,1,12,1,,1,1864.15,186.65,2562.76,0
5483,20260424,160,5523,1,3,1,5,1,,6,2078.12,34.34,4336.06,0
5484,20260425,138,5187,3,1,1,7,1,,3,1407.73,215.16,4880.58,0
5485,20260426,198,5321,23,3,2,3,1,,4,497.73,123.82,2930.08,0
5486,20260427,183,6178,22,2,1,4,1,,5,1023.4,108.0,2581.25,0
5487,20260428,179,5385,18,3,2,6,1,,5,1756.56,46.68,787.08,0
5488,20260429,162,5571,16,3,1,10,1,,3,1894.41,137.53,2291.67,0
5489,20260430,141,5210,6,3,2,4,1,,5,851.53,147.14,2405.4,0
5490,20260501,199,5930,2,2,1,12,1,,1,587.86,38.29,821.24,0
5491,20260201,129,6319,23,4,2,4,1,,6,2264.87,235.55,1303.49,0
5492,20260202,139,5589,24,2,2,5,1,,6,2261.23,99.46,4028.72,0
5493,20260203,137,6155,17,2,2,9,1,,2,1748.63,38.16,1178.11,0
5494,20260204,137,5441,2,2,2,12,1,,2,2636.72,101.89,4840.13,0
5495,20260205,146,5130,16,2,2,7,1,,4,2669.34,6.38,4038.26,0
5496,20260206,169,6483,19,2,2,8,1,,1,2709.97,142.75,1944.01,0
5497,20260207,114,5036,18,1,1,1,1,,2,2366.21,48.7,4505.7,0
5498,20260208,192,5287,7,3,2,2,1,,2,631.68,243.94,3183.4,0
5499,20260209,129,5280,7,2,2,5,1,,1,1028.22,37.97,1239.23,0
5500,20260210,130,6286,5,4,1,2,1,,3,1033.8,60.87,2636.62,0
5501,20260211,144,6324,2,3,2,2,1,,5,1342.64,163.07,2482.66,0
5502,20260212,171,6025,2,1,1,11,1,,3,2227.73,30.13,1303.75,0
5503,20260213,169,5612,6,2,1,12,1,,6,1343.79,101.31,4068.93,0
5504,20260214,154,6251,22,1,1,4,1,,6,1328.55,220.83,3675.65,0
5505,20260215,112,5072,11,4,1,10,1,,4,993.62,60.08,2966.87,0
5506,20260216,146,5601,11,3,1,8,1,,5,2150.99,131.11,4001.88,0
5507,20260217,181,5781,1,2,1,6,1,,4,1082.04,296.23,3124.76,0
5508,20260218,102,6275,20,4,1,10,1,,6,1295.39,144.51,3023.07,0
5509,20260219,164,6166,13,2,1,10,1,,6,696.0,268.39,3056.69,0
5510,20260220,172,6397,15,3,2,2,1,,2,962.76,197.83,3193.81,0
5511,20260221,185,5018,2,2,2,2,1,,3,1208.44,148.33,4607.64,0
5512,20260222,167,5812,7,4,1,6,1,,2,886.48,263.86,654.17,0
5513,20260223,165,6215,20,4,2,7,1,,5,1438.62,266.27,2898.68,0
5514,20260224,170,5551,7,1,1,7,1,,2,2593.07,17.81,3520.6,0
5515,20260225,152,5727,3,3,2,8,1,,2,2288.95,280.46,3803.27,0
5516,20260226,188,5595,24,2,1,1,1,,3,1248.8,148.58,3483.56,0
5517,20260227,127,6394,2,2,2,6,1,,5,1394.44,167.17,3333.37,0
5518,20260228,175,5678,18,4,2,10,1,,2,2772.78,260.29,1847.27,0
5519,20260301,133,5330,7,1,2,10,1,,3,2245.94,50.12,956.39,0
5520,20260302,145,6449,18,4,1,7,1,,2,1942.47,228.38,3904.67,0
5521,20260303,166,5221,18,1,2,1,1,,6,1778.19,260.63,3779.87,0
5522,20260304,180,6198,4,3,1,5,1,,6,649.19,0.64,4044.01,0
5523,20260305,172,5715,1,1,1,11,1,,3,1550.08,81.83,1226.96,0
5524,20260306,177,6410,13,2,2,5,1,,1,2533.63,51.53,2353.69,0
5525,20260307,158,5278,11,3,1,12,1,,5,2175.52,53.49,2032.57,0
5526,20260308,177,6483,13,1,2,3,1,,3,462.8,286.31,2540.97,0
5527,20260309,191,6289,9,2,2,11,1,,2,2629.84,209.79,4201.37,0
5528,20260310,152,6082,21,3,1,8,1,,4,1607.47,53.08,3057.76,0
5529,20260311,171,6327,18,1,1,3,1,,3,2280.03,230.77,2254.11,0
5530,20260312,134,5327,18,1,2,1,1,,2,419.23,228.55,2606.21,0
5531,20260313,191,5032,20,4,1,6,1,,1,2394.44,205.89,3302.37,0
5532,20260314,110,5961,11,2,1,2,1,,4,531.7,201.21,2076.29,0
5533,20260315,127,5490,16,4,1,9,1,,4,523.44,269.44,1560.51,0
5534,20260316,198,5981,12,4,1,6,1,,2,1521.25,147.7,659.66,0
5535,20260317,115,5663,8,2,1,1,1,,1,879.28,260.61,2014.99,0
5536,20260318,149,6179,14,3,2,5,1,,1,858.03,271.87,814.77,0
5537,20260319,113,5731,3,4,1,10,1,,3,2768.62,225.17,3615.59,0
5538,20260320,121,5289,14,4,1,2,1,,3,1126.32,63.68,3168.53,0
5539,20260321,179,5061,7,3,1,4,1,,1,1253.88,114.29,2041.78,0
5540,20260322,191,5777,14,4,1,4,1,,4,1134.69,264.5,3676.31,0
5541,20260323,143,5171,24,3,2,3,1,,2,1636.09,191.67,1456.45,0
5542,20260324,142,6407,7,3,2,12,1,,2,2377.29,178.68,3930.12,0
5543,20260325,173,5434,23,3,2,6,1,,4,1494.58,164.93,4993.35,0
5544,20260326,129,5710,6,1,2,1,1,,6,1330.15,1.95,2449.48,0
5545,20260327,112,5295,7,1,2,5,1,,1,773.35,78.39,2570.99,0
5546,20260328,127,5018,15,3,1,2,1,,4,872.38,149.23,594.21,0
5547,20260329,125,6333,9,1,2,2,1,,1,2021.83,37.61,4768.45,0
5548,20260330,181,5813,7,4,2,3,1,,4,2638.15,219.11,1343.74,0
5549,20260331,152,5536,22,3,2,4,1,,4,1567.48,152.9,4749.73,0
5550,20260401,162,6252,14,4,2,7,1,,4,1910.98,278.1,2238.8,0
5551,20260402,166,5837,23,2,1,2,1,,6,957.92,66.18,2696.84,0
5552,20260403,200,6149,24,2,1,8,1,,1,810.44,285.0,3498.3,0
5553,20260404,162,5248,20,4,1,5,1,,5,1079.48,28.21,2930.31,0
5554,20260405,116,5632,24,4,2,7,1,,1,2739.21,221.7,4082.98,0
5555,20260406,170,5580,19,3,1,7,1,,1,2365.91,154.63,1327.66,0
5556,20260407,121,6028,15,3,2,2,1,,3,2268.82,226.0,3045.24,0
5557,20260408,149,5784,3,3,1,10,1,,2,779.26,101.2,4771.86,0
5558,20260409,168,6227,2,3,1,7,1,,5,435.84,16.45,3665.54,0
5559,20260410,199,5456,10,4,1,2,1,,2,518.24,140.63,610.32,0
5560,20260411,184,5285,8,3,2,12,1,,1,2066.15,41.79,3317.57,0
5561,20260412,105,5952,5,2,1,1,1,,2,982.06,220.79,1175.44,0
5562,20260413,129,6181,18,3,1,2,1,,6,687.92,72.33,3940.42,0
5563,20260414,180,6194,16,4,1,9,1,,6,1498.56,47.2,2980.83,0
5564,20260415,160,5799,15,2,1,7,1,,1,1923.56,214.28,1320.55,0
5565,20260416,176,5785,14,3,1,5,1,,3,2047.12,238.87,2195.61,0
5566,20260417,159,5555,7,1,2,3,1,,1,1317.1,19.38,3541.72,0
5567,20260418,172,6303,10,1,2,3,1,,1,815.62,177.05,856.11,0
5568,20260419,127,5021,1,3,1,11,1,,2,1804.03,299.9,4542.93,0
5569,20260420,175,6445,18,1,1,12,1,,6,1451.23,123.06,4517.7,0
5570,20260421,103,6282,11,1,2,5,1,,5,2702.75,15.84,1770.29,0
5571,20260422,131,5350,15,1,1,10,1,,5,2528.41,289.42,1139.38,0
5572,20260423,167,5576,21,3,1,7,1,,1,2018.02,177.57,4905.28,0
5573,20260424,153,5367,9,1,2,2,1,,6,1964.06,69.79,1582.37,0
5574,20260425,114,5402,16,1,2,8,1,,6,1995.35,22.94,1593.05,0
5575,20260426,153,5326,6,4,2,10,1,,3,693.22,97.89,2120.56,0
5576,20260427,169,5431,17,3,1,7,1,,2,1155.57,155.11,4969.88,0
5577,20260428,116,5843,10,3,2,7,1,,5,1059.28,143.66,4203.95,0
5578,20260429,122,6403,20,1,1,1,1,,2,2396.92,194.66,4729.56,0
5579,20260430,167,6381,11,1,1,9,1,,3,1661.56,274.71,4219.88,0
5580,20260501,107,5193,10,4,1,3,1,,2,2238.17,111.21,4504.99,0
5581,20260201,182,6213,13,2,1,2,1,,3,2708.43,161.36,4321.0,0
5582,20260202,189,5497,11,4,1,2,1,,4,1588.43,114.76,720.79,0
5583,20260203,158,5195,13,2,2,9,1,,6,1731.4,82.4,2608.4,1
5584,20260204,199,6406,15,1,1,10,1,,2,2425.0,159.54,1882.27,0
5585,20260205,186,5909,24,1,2,2,1,,1,1956.16,228.86,3724.61,0
5586,20260206,161,5477,1,1,1,9,1,,2,2659.82,64.67,3669.37,0
5587,20260207,190,5611,17,2,2,11,1,,1,2394.42,90.27,1553.29,0
5588,20260208,136,5606,10,4,2,9,1,,6,1812.88,44.01,1974.41,0
5589,20260209,153,5453,10,1,1,2,1,,5,1483.82,157.79,3786.74,0
5590,20260210,129,5506,9,3,1,1,1,,3,649.58,109.21,3499.79,0
5591,20260211,126,6290,2,2,1,8,1,,4,2461.42,21.16,518.7,0
5592,20260212,190,5218,13,4,2,7,1,,3,2310.83,161.54,4602.52,0
5593,20260213,183,5064,20,4,1,9,1,,3,2244.1,275.59,4484.12,0
5594,20260214,166,5217,18,4,2,10,1,,2,943.18,84.24,4535.52,0
5595,20260215,108,5669,12,4,1,5,1,,4,2214.49,51.34,4058.96,0
5596,20260216,200,6169,14,2,2,3,1,,1,2097.2,174.87,2336.75,0
5597,20260217,185,5559,19,3,1,8,1,,6,2081.99,259.27,807.22,0
5598,20260218,180,5059,3,4,1,12,1,,4,1416.35,247.15,4647.52,0
5599,20260219,132,5897,5,1,2,9,1,,5,917.11,103.75,4732.75,0
5600,20260220,194,6474,21,1,2,8,1,,1,2269.63,278.46,3622.27,0
5601,20260221,112,5326,14,3,2,6,1,,4,2456.65,207.89,953.77,0
5602,20260222,155,5647,13,4,2,8,1,,1,1204.41,231.92,4750.66,0
5603,20260223,111,5244,5,1,2,1,1,,1,1653.54,197.14,3616.64,0
5604,20260224,181,6079,19,2,2,10,1,,4,1577.28,176.91,1335.94,0
5605,20260225,153,5374,12,3,1,6,1,,4,1410.47,104.83,3701.39,0
5606,20260226,131,5385,12,3,1,9,1,,4,557.39,129.33,3920.0,0
5607,20260227,189,6302,17,2,1,5,1,,2,1072.62,43.52,3167.0,0
5608,20260228,186,6016,18,3,1,3,1,,1,2058.26,1.0,3703.85,0
5609,20260301,129,6194,18,2,1,10,1,,1,1073.36,14.23,2704.95,0
5610,20260302,154,5706,18,3,1,2,1,,3,501.71,101.74,1997.73,0
5611,20260303,101,5304,12,4,2,1,1,,6,2174.4,240.26,708.99,0
5612,20260304,142,6251,2,2,2,12,1,,5,1752.71,81.37,1368.07,0
5613,20260305,178,5140,20,1,1,9,1,,4,2514.14,159.19,2933.52,0
5614,20260306,149,5273,14,4,1,7,1,,6,865.24,286.07,3522.96,0
5615,20260307,161,5137,15,4,2,3,1,,5,1386.52,276.88,3067.45,0
5616,20260308,139,6379,6,4,1,6,1,,3,2097.56,189.76,2579.62,0
5617,20260309,170,6115,24,1,2,2,1,,6,731.82,98.37,1237.35,0
5618,20260310,157,5968,2,3,1,9,1,,4,1210.83,101.39,1949.48,0
5619,20260311,121,5544,10,1,2,8,1,,5,2706.24,214.69,4387.75,0
5620,20260312,113,5463,19,1,1,9,1,,4,549.37,276.29,4270.62,0
5621,20260313,111,5612,6,1,1,4,1,,3,2407.14,244.67,4053.83,0
5622,20260314,140,5434,18,2,1,5,1,,1,1103.1,53.07,2636.4,0
5623,20260315,156,6408,24,2,2,8,1,,2,917.59,198.96,2666.85,0
5624,20260316,130,5477,2,1,1,5,1,,3,2263.76,92.97,3448.86,0
5625,20260317,137,5510,6,1,1,10,1,,3,1110.2,180.39,3029.57,0
5626,20260318,114,5998,15,2,1,8,1,,5,2636.7,171.87,841.94,0
5627,20260319,193,6170,20,3,2,8,1,,4,563.56,5.76,3084.21,0
5628,20260320,116,5190,2,2,2,7,1,,6,2726.9,95.55,3619.03,0
5629,20260321,118,5142,2,1,1,9,1,,1,1231.48,227.43,4373.62,0
5630,20260322,190,5704,12,1,1,1,1,,3,1114.76,22.11,2418.97,0
5631,20260323,199,5783,22,2,1,6,1,,6,1477.18,46.91,2178.32,0
5632,20260324,120,5384,1,2,1,8,1,,3,1697.62,53.66,4644.73,0
5633,20260325,128,6156,23,1,2,4,1,,4,470.17,223.29,3389.31,0
5634,20260326,191,5804,23,1,2,3,1,,1,2012.25,64.96,4509.68,0
5635,20260327,136,6064,20,2,1,4,1,,6,1517.22,277.04,4624.58,0
5636,20260328,154,6007,16,3,2,7,1,,5,1180.45,249.23,1747.79,0
5637,20260329,198,5602,17,3,1,7,1,,6,2744.82,181.3,4876.47,0
5638,20260330,194,5073,16,4,2,8,1,,6,2644.76,131.16,2050.32,0
5639,20260331,144,6386,24,4,2,7,1,,3,1280.05,232.72,3117.97,0
5640,20260401,136,5282,15,2,2,7,1,,5,2035.42,254.24,3276.15,0
5641,20260402,172,5744,3,4,2,3,1,,2,2000.86,147.16,4481.91,0
5642,20260403,142,5221,3,4,2,9,1,,4,977.27,298.16,805.82,0
5643,20260404,137,6147,16,4,2,5,1,,4,2657.83,233.27,3128.86,0
5644,20260405,185,6477,3,1,1,2,1,,5,1688.52,255.77,4990.49,0
5645,20260406,123,6019,16,4,1,7,1,,6,1694.47,238.37,3514.45,0
5646,20260407,157,6368,23,3,1,1,1,,3,2046.52,9.12,4192.33,0
5647,20260408,142,5964,18,3,2,3,1,,2,2375.02,121.58,1678.4,0
5648,20260409,153,5677,3,4,2,2,1,,3,958.52,39.79,1818.83,0
5649,20260410,110,6386,8,2,2,10,1,,1,1675.95,249.25,2435.76,0
5650,20260411,166,5875,11,1,2,7,1,,4,2338.65,235.0,961.18,1
5651,20260412,102,5717,19,2,2,8,1,,1,656.84,269.22,3594.73,0
5652,20260413,148,6418,6,2,2,5,1,,1,2171.12,78.89,2236.29,0
5653,20260414,148,5686,5,3,2,9,1,,4,2718.39,290.43,1380.45,0
5654,20260415,141,5235,13,2,1,1,1,,2,781.86,265.09,3724.7,0
5655,20260416,111,5439,21,1,1,1,1,,2,597.43,83.41,2834.78,0
5656,20260417,105,6475,18,3,2,11,1,,3,2357.3,99.86,2509.92,0
5657,20260418,163,5506,10,2,1,9,1,,2,949.33,181.93,1347.06,0
5658,20260419,185,6447,3,2,2,7,1,,5,2348.25,297.73,3306.56,0
5659,20260420,132,5734,19,1,2,7,1,,5,1638.27,226.17,1428.42,0
5660,20260421,174,5929,11,3,2,7,1,,2,1538.05,270.21,1353.01,0
5661,20260422,107,6281,5,3,2,7,1,,5,1660.53,104.31,2938.13,0
5662,20260423,179,6488,1,1,2,7,1,,1,1776.81,140.21,1392.96,0
5663,20260424,107,5854,5,4,2,7,1,,6,2763.45,150.61,2893.63,0
5664,20260425,173,6209,18,4,1,5,1,,3,2221.95,116.65,4814.8,0
5665,20260426,132,5169,5,3,1,11,1,,1,1790.13,51.83,1875.72,0
5666,20260427,132,6404,19,1,1,11,1,,1,743.77,11.42,4809.04,0
5667,20260428,110,5699,21,1,1,11,1,,6,1618.74,23.48,2224.77,0
5668,20260429,136,5066,11,3,1,12,1,,4,2006.12,49.55,1534.68,0
5669,20260430,102,5003,18,4,2,8,1,,3,585.54,16.18,708.08,0
5670,20260501,123,5325,24,4,1,8,1,,2,1088.65,261.71,2792.65,0
5671,20260201,137,5492,6,4,2,5,1,,5,1142.98,81.65,3361.2,0
5672,20260202,110,5127,7,2,1,4,1,,5,2636.06,242.41,4149.51,0
5673,20260203,132,5915,23,4,2,4,1,,1,2192.77,164.39,2921.28,0
5674,20260204,110,6272,14,3,2,10,1,,5,1406.96,44.56,1721.46,0
5675,20260205,112,5279,22,1,1,6,1,,3,2660.94,150.55,2838.65,0
5676,20260206,195,6264,6,2,1,8,1,,5,686.77,33.32,4654.11,0
5677,20260207,199,5676,15,1,2,8,1,,1,1497.44,249.48,3665.58,0
5678,20260208,194,6474,21,2,2,5,1,,6,2363.48,90.13,4215.75,0
5679,20260209,161,5668,21,4,1,2,1,,2,2415.16,112.16,3896.29,0
5680,20260210,154,6079,16,2,1,11,1,,1,713.24,47.19,4119.47,0
5681,20260211,141,6232,24,4,1,10,1,,3,2719.36,158.5,2170.32,0
5682,20260212,128,6452,4,1,1,4,1,,3,1731.49,103.49,3704.07,0
5683,20260213,118,5775,7,2,2,6,1,,1,2412.26,147.26,819.25,0
5684,20260214,120,5797,10,2,1,12,1,,1,815.18,164.94,2474.89,0
5685,20260215,121,6058,18,1,2,4,1,,4,2742.06,280.13,4508.83,0
5686,20260216,192,6306,10,4,1,7,1,,6,1899.98,93.87,3696.85,0
5687,20260217,101,6492,24,1,2,11,1,,6,2361.64,66.19,3479.41,0
5688,20260218,192,5491,12,4,1,4,1,,5,1199.94,7.99,829.15,0
5689,20260219,110,5248,17,4,1,11,1,,1,2705.28,12.03,4424.07,0
5690,20260220,123,5262,2,3,1,3,1,,6,800.35,162.54,1557.67,0
5691,20260221,192,5736,13,1,1,5,1,,4,1319.13,254.79,1024.41,0
5692,20260222,102,5189,10,4,1,5,1,,4,2378.66,269.08,3262.32,0
5693,20260223,113,5250,16,2,1,7,1,,4,1178.07,220.87,2817.04,0
5694,20260224,181,6491,17,3,2,12,1,,4,2269.22,54.84,4766.67,0
5695,20260225,126,5249,14,1,1,6,1,,1,768.95,91.61,4416.87,0
5696,20260226,102,5807,7,2,2,1,1,,6,2067.99,104.84,4299.41,0
5697,20260227,136,5181,22,4,2,11,1,,6,1153.52,269.2,2217.16,0
5698,20260228,154,5776,15,4,2,7,1,,5,2456.6,36.03,1246.21,0
5699,20260301,165,5625,1,1,1,1,1,,6,663.38,228.01,4834.56,0
5700,20260302,134,5392,15,3,2,12,1,,1,441.38,142.41,2784.38,0
5701,20260303,123,5391,6,2,2,12,1,,6,2044.27,206.94,1504.42,0
5702,20260304,155,5337,21,2,1,12,1,,2,1044.57,13.32,2040.4,0
5703,20260305,116,5965,16,4,2,8,1,,5,2798.11,299.61,2466.9,0
5704,20260306,106,6431,21,1,1,1,1,,3,1836.3,255.74,1051.62,0
5705,20260307,149,5334,21,3,2,10,1,,2,1895.56,187.65,1427.51,1
5706,20260308,139,6041,22,1,2,1,1,,2,1347.42,176.65,3537.94,0
5707,20260309,129,5177,11,3,2,11,1,,5,514.82,5.66,2664.13,0
5708,20260310,164,5694,15,3,1,12,1,,2,663.15,278.69,1505.18,0
5709,20260311,193,6130,5,2,2,1,1,,6,2180.79,84.26,1652.54,0
5710,20260312,169,6308,11,1,1,11,1,,2,1914.43,26.29,2779.49,0
5711,20260313,192,6386,10,1,2,3,1,,5,941.85,285.33,3829.34,0
5712,20260314,142,5929,2,1,2,8,1,,2,948.49,261.13,3474.97,0
5713,20260315,109,5097,14,3,1,7,1,,1,1230.4,236.98,4218.01,0
5714,20260316,163,5170,6,4,1,2,1,,6,491.36,46.74,2246.31,0
5715,20260317,183,6328,16,4,2,7,1,,6,1834.88,211.09,3872.83,0
5716,20260318,156,6424,1,3,1,9,1,,4,1878.97,116.46,3248.26,0
5717,20260319,147,5787,13,1,1,12,1,,5,848.49,173.16,4385.94,0
5718,20260320,191,5036,16,3,2,5,1,,2,1266.51,242.67,600.62,0
5719,20260321,164,5659,8,2,2,4,1,,1,2698.64,173.48,4918.7,0
5720,20260322,118,6028,21,4,1,9,1,,6,1370.29,197.78,1938.94,0
5721,20260323,151,6118,14,2,2,6,1,,6,1059.66,177.44,2219.21,0
5722,20260324,136,6368,22,2,1,1,1,,4,2342.11,230.35,4508.88,0
5723,20260325,174,6361,5,3,2,9,1,,2,530.73,59.45,4248.93,0
5724,20260326,169,5121,22,4,2,7,1,,6,2766.01,73.68,3850.21,0
5725,20260327,179,5199,24,1,2,4,1,,3,2754.43,274.45,1579.99,0
5726,20260328,111,6246,6,4,1,8,1,,4,1614.58,62.91,711.87,0
5727,20260329,175,6405,21,2,1,9,1,,1,2653.28,26.68,3479.67,0
5728,20260330,112,6006,15,1,1,1,1,,2,1082.78,52.35,4839.21,0
5729,20260331,163,5449,14,1,2,5,1,,3,1492.01,298.32,974.68,0
5730,20260401,181,6257,3,3,1,1,1,,1,467.85,4.61,4217.74,0
5731,20260402,130,5490,2,2,1,5,1,,5,1813.04,76.58,536.12,0
5732,20260403,112,6489,8,2,1,6,1,,6,1926.97,259.32,4459.3,0
5733,20260404,175,5308,15,4,1,5,1,,3,999.53,134.49,2392.28,0
5734,20260405,137,5661,13,1,2,7,1,,5,1776.18,29.6,4567.27,0
5735,20260406,182,6117,24,2,1,7,1,,3,1890.49,132.94,2693.24,0
5736,20260407,106,6290,19,1,2,9,1,,4,2181.11,206.29,3214.66,0
5737,20260408,190,6379,20,1,1,4,1,,5,2531.21,252.85,2191.43,0
5738,20260409,155,5249,19,4,2,9,1,,1,725.48,120.95,3575.78,0
5739,20260410,175,5243,13,2,2,8,1,,6,464.35,251.59,4153.21,0
5740,20260411,155,6426,13,3,2,5,1,,5,2160.01,111.35,3187.14,0
5741,20260412,157,6360,11,4,2,7,1,,4,913.46,199.61,4125.75,0
5742,20260413,165,5033,2,4,2,1,1,,6,2355.91,157.34,1364.64,0
5743,20260414,194,5509,16,2,1,10,1,,2,1069.71,231.7,3610.45,0
5744,20260415,186,6473,6,4,2,9,1,,5,1370.41,101.35,734.89,0
5745,20260416,132,6321,18,3,2,7,1,,1,2185.31,226.58,1199.35,0
5746,20260417,159,5431,5,1,1,4,1,,1,1931.65,154.19,2474.66,0
5747,20260418,172,6196,6,1,1,12,1,,6,2661.83,176.53,4175.7,0
5748,20260419,143,6024,13,2,1,9,1,,5,1689.95,149.45,3576.55,0
5749,20260420,157,6226,24,1,1,7,1,,2,852.22,198.67,873.98,0
5750,20260421,195,5578,8,3,2,10,1,,1,1751.11,147.62,4518.1,0
5751,20260422,159,5007,21,3,2,8,1,,1,668.33,131.95,3970.8,0
5752,20260423,138,6249,17,3,2,4,1,,3,884.9,112.1,4044.01,0
5753,20260424,193,5097,20,3,1,7,1,,2,1914.74,233.81,3975.7,0
5754,20260425,159,5366,9,1,2,3,1,,5,1995.35,17.04,4506.84,0
5755,20260426,132,5293,4,3,2,7,1,,4,548.48,203.08,3288.64,0
5756,20260427,166,5953,4,4,1,1,1,,3,2286.49,214.74,3075.21,0
5757,20260428,177,5326,23,1,2,2,1,,5,2479.39,165.1,3507.49,0
5758,20260429,103,5307,6,1,1,2,1,,5,1798.29,119.28,1909.31,0
5759,20260430,125,5640,13,1,1,8,1,,2,1108.87,281.48,2671.14,0
5760,20260501,191,5526,3,3,2,6,1,,3,1120.08,25.77,4937.36,0
5761,20260201,132,5423,11,3,1,7,1,,3,2190.39,26.14,3451.46,0
5762,20260202,152,5397,1,2,2,4,1,,2,1630.07,214.5,2790.37,0
5763,20260203,143,5040,2,4,2,5,1,,2,1181.38,269.79,1926.83,0
5764,20260204,184,5003,3,1,2,6,1,,2,1354.28,138.31,4131.8,0
5765,20260205,184,5892,20,4,2,8,1,,5,1900.15,246.68,1435.84,0
5766,20260206,109,5633,11,2,2,5,1,,5,2647.61,82.41,3127.91,0
5767,20260207,188,5648,7,3,1,10,1,,1,2004.77,58.9,2080.23,0
5768,20260208,197,5156,17,3,1,7,1,,2,1836.58,180.31,1658.73,0
5769,20260209,194,5828,12,1,1,3,1,,4,605.91,10.36,3282.05,0
5770,20260210,175,5213,6,4,2,4,1,,5,1036.67,141.61,616.44,0
5771,20260211,179,6149,4,2,1,6,1,,1,2631.57,28.52,2224.36,0
5772,20260212,128,5490,19,2,1,7,1,,2,1162.79,299.02,1103.43,0
5773,20260213,171,5878,12,4,1,2,1,,6,2470.76,182.26,3687.28,0
5774,20260214,174,5222,5,2,1,1,1,,4,815.65,71.7,2894.03,0
5775,20260215,166,5434,21,2,2,6,1,,1,1394.65,171.16,2721.01,0
5776,20260216,152,5251,22,4,1,8,1,,5,2343.37,28.47,1132.9,0
5777,20260217,120,5486,8,3,1,4,1,,6,902.96,61.88,4575.89,0
5778,20260218,132,5722,14,2,2,12,1,,2,2124.06,294.48,3641.25,0
5779,20260219,182,5046,9,1,2,2,1,,3,2304.1,199.54,905.26,0
5780,20260220,155,6128,6,2,1,9,1,,6,708.61,85.63,2963.3,0
5781,20260221,113,5820,7,4,1,10,1,,4,409.38,156.96,4339.74,0
5782,20260222,137,6319,23,4,1,3,1,,6,789.71,271.86,4811.01,0
5783,20260223,133,5326,14,2,2,9,1,,6,915.61,153.73,853.69,0
5784,20260224,144,5515,4,3,2,3,1,,5,2266.85,282.42,2936.75,0
5785,20260225,162,5712,20,1,2,5,1,,4,1079.28,27.08,2409.16,0
5786,20260226,128,5560,9,1,1,6,1,,4,1806.93,200.32,651.33,0
5787,20260227,189,5659,6,3,1,3,1,,5,992.14,38.46,1845.08,0
5788,20260228,135,6358,18,2,2,12,1,,3,684.88,285.16,2160.7,0
5789,20260301,101,6127,21,4,2,6,1,,3,1585.84,215.1,4028.82,0
5790,20260302,196,5660,22,4,1,7,1,,4,827.03,237.51,502.39,0
5791,20260303,191,5879,6,2,1,5,1,,2,1982.51,134.58,4949.96,0
5792,20260304,134,6255,10,4,1,5,1,,5,1000.77,289.98,2433.43,0
5793,20260305,145,5353,17,2,1,6,1,,4,1718.91,218.44,4370.27,0
5794,20260306,172,5097,17,2,1,12,1,,4,1939.28,256.11,3172.86,0
5795,20260307,166,5374,6,1,1,6,1,,2,1902.68,1.17,3665.3,0
5796,20260308,176,5561,5,2,2,11,1,,3,1578.67,24.6,723.38,0
5797,20260309,121,6004,19,2,1,3,1,,3,608.59,4.64,3526.55,0
5798,20260310,122,5347,16,2,2,8,1,,5,2741.9,171.19,2806.29,0
5799,20260311,168,5508,11,3,1,3,1,,4,2295.7,69.61,4283.33,0
5800,20260312,139,5101,18,1,2,8,1,,6,477.06,69.89,3974.88,0
5801,20260313,114,6005,4,3,1,7,1,,5,1186.63,88.11,560.76,0
5802,20260314,166,6152,19,3,1,11,1,,1,1699.25,35.12,2111.65,0
5803,20260315,200,5383,5,4,2,1,1,,1,2712.93,175.01,3733.8,0
5804,20260316,189,5594,19,3,1,2,1,,4,663.95,297.72,4541.28,0
5805,20260317,131,5831,10,4,1,8,1,,2,2072.54,184.1,4107.86,0
5806,20260318,200,5044,4,2,2,10,1,,5,1422.58,83.79,3603.11,1
5807,20260319,135,5470,23,2,2,9,1,,6,1423.33,147.07,2008.45,0
5808,20260320,185,5378,24,3,2,8,1,,1,2290.34,90.61,3521.75,0
5809,20260321,184,6018,2,1,2,2,1,,5,2349.43,222.51,3671.44,0
5810,20260322,107,5476,12,2,1,7,1,,2,2566.57,187.22,1014.82,0
5811,20260323,161,5368,7,3,1,6,1,,6,607.98,96.16,4830.31,0
5812,20260324,170,6323,14,4,1,2,1,,6,1957.75,200.01,2938.87,0
5813,20260325,108,5769,4,1,2,5,1,,2,2459.82,299.5,1005.92,0
5814,20260326,190,6069,17,3,2,10,1,,6,2546.7,187.19,3763.44,0
5815,20260327,150,5667,22,3,1,8,1,,2,958.66,196.26,2403.71,0
5816,20260328,171,5246,9,2,1,4,1,,4,2563.05,6.96,3940.3,0
5817,20260329,101,6434,3,1,1,2,1,,1,2553.04,74.4,1240.82,0
5818,20260330,136,5556,8,2,2,6,1,,3,2716.78,170.57,3803.18,0
5819,20260331,111,6365,17,1,2,9,1,,6,1993.41,257.61,792.76,0
5820,20260401,158,6225,4,3,2,4,1,,4,1789.86,270.9,683.61,0
5821,20260402,183,5438,9,3,2,9,1,,5,891.81,292.4,1776.33,0
5822,20260403,135,5102,17,1,1,1,1,,1,1399.36,97.76,3259.51,0
5823,20260404,112,6235,18,2,1,4,1,,1,1354.16,176.73,3912.45,0
5824,20260405,150,5789,10,1,1,12,1,,1,1472.69,0.87,3037.67,0
5825,20260406,174,6161,1,4,2,1,1,,5,676.79,112.65,996.16,0
5826,20260407,174,5215,15,4,2,2,1,,1,2330.81,297.84,3223.89,0
5827,20260408,104,6107,13,3,1,12,1,,4,1094.33,81.46,3607.6,0
5828,20260409,192,6092,7,2,1,9,1,,3,2482.51,219.24,2233.47,0
5829,20260410,192,5681,9,2,2,8,1,,5,654.39,44.33,4957.56,0
5830,20260411,167,6123,17,1,1,8,1,,6,2613.98,189.06,3010.65,0
5831,20260412,149,6444,21,2,1,1,1,,1,1835.73,11.94,4169.61,0
5832,20260413,103,6005,21,1,2,12,1,,4,708.59,289.45,1277.61,0
5833,20260414,143,6088,18,1,1,11,1,,6,2120.16,186.6,1023.49,0
5834,20260415,195,5901,15,4,1,6,1,,1,1709.24,134.95,2762.89,0
5835,20260416,135,5638,5,3,2,8,1,,4,2279.66,238.94,587.45,0
5836,20260417,133,6349,5,3,2,7,1,,3,1592.69,55.09,1654.8,0
5837,20260418,145,6117,10,4,2,2,1,,5,1338.27,76.28,4341.92,0
5838,20260419,179,5037,3,3,1,12,1,,5,2696.42,100.42,4688.81,0
5839,20260420,139,5638,19,4,1,11,1,,6,2616.69,43.4,992.87,0
5840,20260421,145,5505,18,4,1,10,1,,6,515.57,270.2,2256.68,0
5841,20260422,152,5996,12,2,2,11,1,,3,836.17,290.21,1582.74,0
5842,20260423,199,5657,16,4,1,7,1,,3,2280.63,19.71,4990.85,0
5843,20260424,136,5756,2,4,2,9,1,,2,1445.35,98.19,3540.23,0
5844,20260425,180,5864,24,1,1,10,1,,2,2780.31,137.86,3938.08,0
5845,20260426,154,5851,6,2,1,6,1,,2,2568.79,0.37,2575.01,0
5846,20260427,181,5917,6,4,2,6,1,,5,561.61,269.2,1072.28,0
5847,20260428,156,5202,7,3,2,3,1,,4,2609.02,264.67,870.05,0
5848,20260429,171,5263,7,2,1,11,1,,6,2577.05,15.46,1959.33,0
5849,20260430,188,5457,2,3,2,8,1,,6,1141.29,234.25,922.51,0
5850,20260501,199,6472,12,2,1,2,1,,1,1216.29,88.51,2781.89,0
5851,20260201,142,5850,6,4,2,4,1,,6,655.59,152.72,2943.17,0
5852,20260202,131,5487,13,3,1,2,1,,3,760.27,211.1,4705.57,0
5853,20260203,154,5519,12,4,1,7,1,,4,865.86,183.46,3733.95,0
5854,20260204,127,5272,6,1,2,9,1,,6,2275.51,13.9,514.06,0
5855,20260205,166,5320,3,3,2,8,1,,3,2725.34,247.01,894.25,0
5856,20260206,118,5754,4,2,1,9,1,,5,857.04,266.26,1377.64,0
5857,20260207,102,6335,3,4,1,10,1,,3,1038.77,209.2,2038.38,0
5858,20260208,147,5970,14,4,2,3,1,,3,883.91,135.39,964.68,0
5859,20260209,163,5252,24,2,1,4,1,,3,2740.42,206.99,2658.02,0
5860,20260210,135,5251,21,4,2,7,1,,3,2750.78,243.06,3745.03,0
5861,20260211,123,5427,1,1,1,3,1,,3,2747.28,38.72,4855.59,0
5862,20260212,158,5188,13,4,2,4,1,,2,1988.97,57.78,4097.43,0
5863,20260213,189,5729,3,4,1,2,1,,1,564.91,40.05,4948.95,0
5864,20260214,121,5906,1,2,1,7,1,,4,1429.51,77.0,713.6,0
5865,20260215,192,6431,4,1,2,12,1,,2,580.38,23.34,3256.49,0
5866,20260216,115,5064,22,3,2,1,1,,1,2369.72,55.78,4655.82,0
5867,20260217,140,6199,11,4,2,9,1,,4,2104.16,26.68,1401.06,0
5868,20260218,177,5734,7,4,1,3,1,,4,2254.05,233.66,1535.43,0
5869,20260219,174,5375,24,1,1,6,1,,2,835.32,80.36,2947.08,0
5870,20260220,103,6008,14,4,2,8,1,,4,2306.44,94.34,1460.02,0
5871,20260221,146,6221,6,1,2,7,1,,2,2230.16,49.86,3452.82,0
5872,20260222,138,5702,22,2,2,8,1,,3,1796.72,204.13,4420.18,0
5873,20260223,109,5157,13,1,2,11,1,,4,1705.92,284.56,3011.07,0
5874,20260224,119,5335,7,3,2,11,1,,5,2315.97,83.53,4050.64,0
5875,20260225,186,5619,18,3,2,11,1,,4,2267.93,237.32,3808.51,0
5876,20260226,139,5673,3,3,1,2,1,,6,1283.15,42.13,3843.22,0
5877,20260227,112,5526,5,4,1,8,1,,1,926.6,236.79,883.93,0
5878,20260228,130,6096,5,4,2,5,1,,6,1351.74,282.55,1095.38,0
5879,20260301,194,6232,12,3,2,6,1,,6,2617.2,191.24,1162.82,0
5880,20260302,143,6484,19,1,1,8,1,,2,2413.27,3.15,2359.66,0
5881,20260303,160,5904,21,2,1,10,1,,6,1506.07,7.92,4338.21,0
5882,20260304,179,6485,7,3,2,9,1,,4,786.16,214.33,2046.48,0
5883,20260305,128,6154,4,1,1,9,1,,2,1640.79,205.22,4204.13,0
5884,20260306,166,6478,7,3,1,8,1,,2,1893.78,91.02,3373.53,0
5885,20260307,142,5696,1,3,1,7,1,,5,685.52,28.18,889.9,0
5886,20260308,154,5273,15,3,2,11,1,,4,786.5,140.84,4722.62,0
5887,20260309,197,5805,6,4,1,5,1,,2,2363.25,248.46,4812.69,0
5888,20260310,140,5552,12,4,2,2,1,,6,2430.11,80.56,3211.42,0
5889,20260311,144,5417,21,1,1,5,1,,3,1323.83,63.73,2948.42,0
5890,20260312,142,5665,10,3,1,2,1,,2,1973.06,41.94,4583.87,0
5891,20260313,188,6068,21,3,1,4,1,,1,707.54,16.1,2110.51,0
5892,20260314,178,5502,2,2,1,10,1,,6,764.82,276.71,1181.92,0
5893,20260315,106,5338,23,3,1,8,1,,4,1378.08,234.77,2474.01,0
5894,20260316,188,5828,17,2,1,9,1,,2,1307.56,122.63,1802.85,0
5895,20260317,188,5038,22,1,2,8,1,,2,1186.58,255.7,3111.52,0
5896,20260318,153,5380,12,3,1,12,1,,1,738.69,65.22,1995.87,0
5897,20260319,125,5107,4,2,2,4,1,,3,2042.97,59.56,3779.87,0
5898,20260320,150,5880,19,2,2,1,1,,4,1541.37,98.48,2456.05,0
5899,20260321,138,5047,7,1,2,9,1,,2,840.35,22.21,3772.11,0
5900,20260322,143,6430,16,2,1,6,1,,3,1168.64,68.13,953.71,0
5901,20260323,195,6329,18,3,2,6,1,,1,769.91,247.14,3181.07,0
5902,20260324,148,5029,12,2,2,1,1,,4,781.55,295.59,2763.02,0
5903,20260325,175,6181,7,2,2,7,1,,5,1788.39,4.36,640.14,0
5904,20260326,181,6390,11,2,2,5,1,,3,2162.22,9.6,1286.07,0
5905,20260327,128,5871,4,3,1,7,1,,2,1966.26,5.36,3370.93,0
5906,20260328,164,5534,23,2,1,1,1,,6,2527.71,191.19,2072.92,0
5907,20260329,124,6331,20,3,1,8,1,,5,1873.03,68.04,4593.72,0
5908,20260330,161,6149,17,1,1,5,1,,5,1286.67,30.09,2066.33,0
5909,20260331,177,5051,24,3,2,3,1,,3,1734.71,134.13,1771.62,0
5910,20260401,106,5632,4,3,2,2,1,,3,415.23,153.67,3907.35,0
5911,20260402,167,5949,16,3,1,6,1,,6,2658.88,182.96,4235.4,0
5912,20260403,118,6212,4,2,2,11,1,,5,481.29,18.92,2996.04,0
5913,20260404,137,6381,1,3,2,7,1,,6,965.52,3.44,3303.89,0
5914,20260405,175,5635,16,1,2,2,1,,3,1970.73,243.11,1336.88,0
5915,20260406,165,5619,5,4,2,8,1,,4,1067.59,130.03,1589.05,0
5916,20260407,157,5574,14,4,2,9,1,,3,2385.56,61.79,2494.75,0
5917,20260408,149,5608,8,4,1,11,1,,6,672.48,287.21,4123.03,0
5918,20260409,148,6204,12,2,2,2,1,,4,682.41,156.65,1853.62,0
5919,20260410,171,5336,11,4,1,5,1,,6,2175.08,51.99,895.12,0
5920,20260411,116,5168,1,2,1,12,1,,1,2283.87,171.48,3979.14,0
5921,20260412,135,5157,2,1,1,12,1,,2,509.07,24.5,2540.12,0
5922,20260413,140,5958,9,1,2,11,1,,4,1764.79,28.94,3146.19,0
5923,20260414,136,5266,7,1,1,12,1,,1,814.75,96.63,3620.6,0
5924,20260415,120,5538,16,1,1,12,1,,4,503.68,54.13,2828.3,0
5925,20260416,147,5919,9,2,2,12,1,,3,792.6,82.35,3545.83,0
5926,20260417,187,5946,2,2,2,10,1,,1,1910.3,247.17,3477.27,0
5927,20260418,152,5831,14,2,1,8,1,,6,818.21,137.73,1091.94,0
5928,20260419,197,5483,23,1,2,1,1,,5,2510.57,282.6,1583.74,0
5929,20260420,139,5567,12,2,2,6,1,,1,1717.45,170.87,3443.7,0
5930,20260421,189,5412,17,3,2,12,1,,5,1603.87,286.91,3007.06,0
5931,20260422,136,5004,5,4,1,7,1,,6,716.51,113.56,4862.94,0
5932,20260423,192,5566,20,3,1,11,1,,6,2516.01,242.29,2560.08,0
5933,20260424,108,5541,10,4,2,2,1,,3,962.65,147.17,3225.17,0
5934,20260425,152,6307,1,4,1,9,1,,2,997.91,155.27,551.2,0
5935,20260426,188,5034,1,2,2,9,1,,1,1410.99,144.52,4065.2,0
5936,20260427,118,6282,9,4,2,11,1,,3,886.07,182.89,1171.56,0
5937,20260428,122,5248,5,1,2,10,1,,1,891.52,285.4,4188.18,0
5938,20260429,128,5358,23,2,1,3,1,,4,744.73,91.49,1121.84,0
5939,20260430,110,5803,2,2,1,5,1,,5,1801.86,178.46,2938.75,0
5940,20260501,186,5342,22,2,1,11,1,,2,704.57,150.63,3772.79,0
5941,20260201,155,5810,4,4,1,1,1,,5,2097.31,229.83,2300.09,0
5942,20260202,119,5228,8,2,2,12,1,,3,2117.63,204.28,1303.58,0
5943,20260203,200,5533,12,3,2,5,1,,4,714.94,143.42,3714.88,0
5944,20260204,134,6057,20,4,2,5,1,,2,2580.58,197.29,3259.92,0
5945,20260205,158,5411,2,2,2,5,1,,5,2463.22,109.42,734.93,0
5946,20260206,128,5897,9,2,1,12,1,,1,2204.22,266.54,4955.06,0
5947,20260207,152,6350,1,2,1,11,1,,4,1570.03,286.48,3859.99,0
5948,20260208,149,5990,12,3,2,8,1,,1,2145.26,273.51,1927.31,0
5949,20260209,130,5464,8,3,1,9,1,,2,1597.16,291.07,4849.23,0
5950,20260210,124,5506,18,3,1,6,1,,4,1825.94,86.83,4242.01,0
5951,20260211,149,5215,20,2,2,12,1,,5,687.52,222.94,4556.67,1
5952,20260212,160,6241,21,4,1,5,1,,5,486.35,172.33,3261.65,0
5953,20260213,121,5328,9,2,2,6,1,,4,678.02,134.96,1604.52,0
5954,20260214,158,5310,2,1,2,12,1,,6,2392.77,6.82,1005.53,0
5955,20260215,142,6307,11,3,2,8,1,,4,2494.0,143.98,2157.68,0
5956,20260216,106,5858,15,3,2,5,1,,6,1851.64,181.65,2786.41,0
5957,20260217,106,6453,16,1,2,8,1,,6,1579.99,268.86,3823.47,0
5958,20260218,166,5108,8,1,1,5,1,,5,2436.98,65.73,3543.73,0
5959,20260219,101,5020,18,2,1,5,1,,1,2555.93,143.94,4881.21,0
5960,20260220,200,5656,23,3,1,4,1,,5,1900.92,16.43,4280.73,0
5961,20260221,166,5021,7,3,2,4,1,,1,2384.53,74.79,3810.46,0
5962,20260222,114,5310,23,3,1,5,1,,5,2558.29,188.08,4884.2,0
5963,20260223,194,6118,4,4,2,10,1,,5,1509.92,41.44,1298.37,0
5964,20260224,175,5273,16,1,1,9,1,,2,2518.11,210.17,3087.7,0
5965,20260225,170,5812,7,1,1,7,1,,2,474.95,285.38,4237.18,0
5966,20260226,172,5850,7,1,1,9,1,,1,2443.84,173.64,4609.9,0
5967,20260227,197,5528,18,4,2,1,1,,4,1957.68,209.56,4770.4,0
5968,20260228,196,5834,9,3,2,10,1,,1,688.0,105.32,690.25,0
5969,20260301,144,5539,22,2,2,3,1,,3,1202.18,137.81,566.3,0
5970,20260302,114,6033,24,1,2,3,1,,3,1607.59,52.62,1509.14,0
5971,20260303,117,5331,21,4,1,8,1,,6,2575.18,111.7,1015.88,0
5972,20260304,145,5345,16,2,1,2,1,,1,2082.55,66.48,805.05,0
5973,20260305,150,5786,8,2,2,8,1,,4,2217.02,238.39,2476.27,0
5974,20260306,160,5903,15,1,2,7,1,,1,1246.09,210.74,1855.42,0
5975,20260307,151,6497,11,4,2,1,1,,5,1314.36,161.47,1668.04,0
5976,20260308,183,6094,14,4,1,7,1,,6,1096.69,293.13,4048.86,0
5977,20260309,179,5258,19,1,2,8,1,,2,1335.01,5.83,1586.45,0
5978,20260310,177,5005,18,1,1,1,1,,1,476.7,254.89,2619.0,0
5979,20260311,131,5240,17,2,2,4,1,,4,1934.49,21.21,2929.97,0
5980,20260312,187,5098,7,2,1,6,1,,1,2159.51,26.54,1394.9,0
5981,20260313,180,6381,5,2,2,5,1,,6,1098.64,110.75,3469.15,0
5982,20260314,145,6488,10,3,2,3,1,,4,1644.87,148.29,3198.67,0
5983,20260315,123,5595,10,4,2,2,1,,4,1148.35,122.41,2263.71,0
5984,20260316,150,5921,19,3,1,1,1,,6,2252.41,36.18,2625.73,0
5985,20260317,178,6090,6,2,2,7,1,,1,2373.26,39.27,4895.2,0
5986,20260318,178,5419,1,4,2,10,1,,1,1840.26,53.04,4922.43,0
5987,20260319,123,5169,6,4,1,6,1,,6,2290.72,33.5,2454.47,0
5988,20260320,110,5069,6,4,1,3,1,,6,1179.12,251.23,959.75,0
5989,20260321,126,5394,11,4,1,9,1,,3,1097.46,146.18,1324.79,0
5990,20260322,170,5377,17,3,1,12,1,,1,2480.73,106.45,3637.17,0
5991,20260323,108,5089,9,2,1,1,1,,5,2752.62,162.26,2751.49,0
5992,20260324,184,5242,5,3,2,10,1,,4,1980.44,129.31,4093.91,0
5993,20260325,160,6051,7,1,1,2,1,,4,806.78,223.72,725.91,0
5994,20260326,179,5443,16,3,1,4,1,,4,1398.09,267.16,2907.67,0
5995,20260327,134,6087,4,3,1,12,1,,5,2167.07,148.4,3266.16,0
5996,20260328,113,6140,10,3,1,10,1,,2,406.87,216.52,1723.17,0
5997,20260329,180,5874,12,2,2,2,1,,5,1029.7,111.96,2314.15,0
5998,20260330,138,6400,12,2,2,1,1,,1,512.82,138.54,4390.52,0
5999,20260331,171,5928,23,4,1,3,1,,3,1534.23,218.59,3680.78,0
6000,20260401,107,5264,6,3,1,12,1,,1,1989.01,265.84,1330.93,0
6001,20260402,161,5346,12,3,2,11,1,,5,2341.94,278.78,3313.38,0
6002,20260403,132,6395,1,4,2,9,1,,2,1192.7,234.48,2612.36,0
6003,20260404,157,5305,8,4,2,11,1,,4,1648.39,169.06,4819.14,0
6004,20260405,141,5165,14,2,1,7,1,,4,834.44,226.43,3296.84,0
6005,20260406,139,5027,20,1,2,4,1,,4,2128.61,50.95,4832.8,0
6006,20260407,115,6024,13,3,1,4,1,,4,565.4,190.33,3962.94,0
6007,20260408,139,5514,1,2,1,10,1,,3,1317.59,5.8,4229.43,0
6008,20260409,196,6071,9,3,1,11,1,,3,1769.52,242.36,2919.84,0
6009,20260410,142,6461,13,1,1,3,1,,5,961.84,106.95,788.18,0
6010,20260411,185,5999,10,4,1,7,1,,5,982.37,162.1,707.84,0
6011,20260412,169,5519,13,1,2,1,1,,6,2669.55,253.98,1529.87,0
6012,20260413,186,6430,4,4,2,10,1,,2,592.92,48.15,4681.72,0
6013,20260414,109,5069,18,3,2,7,1,,2,2618.29,22.92,4480.17,0
6014,20260415,158,6398,19,4,1,3,1,,4,1205.79,158.27,3701.59,0
6015,20260416,178,5997,12,3,2,4,1,,4,1817.07,200.0,4974.29,0
6016,20260417,166,5167,14,4,1,10,1,,4,1192.07,31.47,2971.33,0
6017,20260418,197,6040,18,4,2,11,1,,3,2092.47,58.24,1313.11,0
6018,20260419,161,6312,15,3,2,6,1,,4,1084.42,143.1,3567.79,0
6019,20260420,103,5813,2,3,2,9,1,,6,1618.04,57.24,2931.33,0
6020,20260421,148,5849,10,2,1,8,1,,6,1276.42,24.69,4819.26,0
6021,20260422,193,5659,14,3,1,8,1,,4,523.04,25.33,3390.97,0
6022,20260423,150,5332,13,4,1,9,1,,1,2373.33,37.74,4941.9,0
6023,20260424,176,5307,1,1,2,5,1,,4,971.59,30.58,3735.73,0
6024,20260425,199,5569,23,4,1,7,1,,6,1364.4,92.72,4005.76,0
6025,20260426,121,5489,16,3,2,12,1,,5,905.43,156.21,3765.59,0
6026,20260427,129,5465,21,1,2,10,1,,2,1962.07,107.3,1785.32,0
6027,20260428,142,6184,22,2,1,12,1,,1,2657.98,242.05,2433.36,0
6028,20260429,142,5426,9,4,2,12,1,,1,483.92,6.38,1182.45,0
6029,20260430,169,5169,1,1,1,4,1,,2,2194.01,119.76,4320.86,0
6030,20260501,160,6149,1,4,2,5,1,,6,1899.87,211.25,4517.61,0
6031,20260201,151,5295,16,4,2,6,1,,1,754.52,219.69,3934.21,0
6032,20260202,198,5332,12,1,1,3,1,,2,2351.16,172.17,2126.99,0
6033,20260203,126,5755,7,4,2,10,1,,2,2742.9,21.91,3165.54,0
6034,20260204,151,5808,4,4,1,5,1,,2,1854.49,235.97,1456.71,0
6035,20260205,104,5225,22,1,2,11,1,,1,677.38,138.29,4630.47,0
6036,20260206,138,5632,13,1,1,5,1,,5,2584.41,79.6,1026.87,0
6037,20260207,196,5663,1,4,1,2,1,,2,2705.05,66.79,4355.57,0
6038,20260208,188,5464,9,4,2,3,1,,1,2408.86,86.02,3372.91,0
6039,20260209,197,6306,8,4,2,2,1,,3,655.47,84.06,3797.72,0
6040,20260210,153,6423,13,2,1,10,1,,6,1489.33,261.72,1367.03,0
6041,20260211,183,5268,15,4,1,3,1,,5,1095.69,187.32,4294.79,0
6042,20260212,153,5442,12,3,2,11,1,,6,2759.95,20.41,798.73,0
6043,20260213,177,6374,19,1,2,11,1,,5,2115.73,104.4,1947.1,0
6044,20260214,144,6182,12,2,1,2,1,,5,1330.33,81.47,3786.73,0
6045,20260215,108,5690,20,3,2,6,1,,6,1990.09,170.28,1669.06,0
6046,20260216,119,5145,1,2,1,11,1,,2,1610.52,199.87,507.4,0
6047,20260217,158,5150,8,4,1,5,1,,2,560.05,286.86,946.95,0
6048,20260218,101,5070,10,4,2,10,1,,4,1248.81,24.26,4540.52,0
6049,20260219,168,5583,18,4,2,5,1,,2,1232.92,282.5,3684.24,0
6050,20260220,191,6060,13,2,1,3,1,,5,532.38,223.91,1950.06,0
6051,20260221,135,5581,4,4,1,1,1,,3,2712.21,114.83,1466.65,0
6052,20260222,194,5295,20,2,2,10,1,,1,1517.51,2.76,2209.51,0
6053,20260223,187,6058,21,4,1,12,1,,2,1202.6,157.34,3998.83,0
6054,20260224,200,6493,7,3,1,8,1,,3,1925.63,16.31,2590.9,0
6055,20260225,103,5082,10,2,1,11,1,,4,1337.77,138.64,1618.97,0
6056,20260226,122,5742,11,2,1,8,1,,6,1136.73,167.55,1201.94,1
6057,20260227,151,5331,5,3,1,7,1,,2,1129.79,63.27,1560.35,0
6058,20260228,196,6393,24,2,1,1,1,,1,1024.17,284.66,1654.75,0
6059,20260301,162,5745,1,2,1,10,1,,3,2175.15,269.75,882.91,0
6060,20260302,141,6424,6,1,1,10,1,,4,652.29,13.08,4558.17,0
6061,20260303,189,5041,9,3,1,4,1,,1,1272.56,12.97,2927.32,0
6062,20260304,175,6204,8,3,1,11,1,,5,2413.13,209.06,746.8,0
6063,20260305,168,5985,13,3,2,6,1,,3,1651.4,90.95,1232.42,0
6064,20260306,124,5952,15,4,2,8,1,,3,1278.91,130.42,3956.74,0
6065,20260307,138,5639,5,2,2,8,1,,3,455.34,180.9,1158.93,0
6066,20260308,147,5268,23,4,2,5,1,,5,1070.37,257.43,3933.65,0
6067,20260309,123,5185,14,4,1,10,1,,3,819.26,152.76,960.4,0
6068,20260310,136,6248,18,4,1,12,1,,3,835.91,6.53,4620.08,0
6069,20260311,129,6361,11,4,2,8,1,,5,928.99,53.05,728.25,0
6070,20260312,176,5503,17,4,1,7,1,,2,2210.57,298.4,4639.44,0
6071,20260313,144,6310,12,2,1,12,1,,4,880.24,89.26,2674.05,0
6072,20260314,160,6332,14,2,1,12,1,,4,1168.67,160.89,2791.76,0
6073,20260315,159,5883,12,3,2,10,1,,5,2770.41,103.59,3365.5,0
6074,20260316,171,6168,16,2,1,11,1,,2,2109.89,225.96,4670.69,0
6075,20260317,168,5211,9,3,1,10,1,,5,2450.15,59.83,2894.59,0
6076,20260318,153,5235,20,1,2,6,1,,1,1160.43,23.57,4683.65,0
6077,20260319,145,5724,12,1,1,8,1,,3,2335.83,187.68,1051.8,0
6078,20260320,167,5823,20,4,1,2,1,,3,1731.54,182.45,788.6,0
6079,20260321,110,6030,15,2,2,1,1,,1,2150.16,264.66,2781.56,0
6080,20260322,183,5240,12,4,1,11,1,,3,846.68,117.1,2184.27,0
6081,20260323,109,5198,13,4,2,10,1,,1,1223.91,74.03,3937.23,0
6082,20260324,152,6130,5,1,2,12,1,,4,600.55,220.28,3615.98,1
6083,20260325,186,5507,6,4,1,1,1,,6,1537.23,73.93,2030.41,0
6084,20260326,158,5749,20,2,1,3,1,,2,2348.16,242.07,1412.7,0
6085,20260327,139,6042,20,1,2,7,1,,6,1003.05,239.91,4972.91,0
6086,20260328,111,5907,5,1,1,11,1,,6,1071.61,295.71,1442.89,0
6087,20260329,109,5146,17,4,2,1,1,,6,559.92,161.21,2905.42,0
6088,20260330,127,5717,1,3,2,5,1,,3,1886.56,32.77,979.71,0
6089,20260331,113,5305,12,3,2,1,1,,5,1792.41,57.93,4203.88,0
6090,20260401,131,5733,21,1,2,5,1,,6,415.12,269.52,2352.95,0
6091,20260402,197,5989,4,4,1,11,1,,5,1048.05,122.71,3604.79,0
6092,20260403,125,5181,10,3,1,10,1,,3,1726.74,2.5,2608.33,0
6093,20260404,118,5047,15,3,2,11,1,,5,1064.84,160.71,743.78,0
6094,20260405,117,5331,15,4,2,11,1,,1,711.11,166.2,744.7,0
6095,20260406,197,5889,16,2,2,3,1,,4,1817.51,225.34,3785.41,0
6096,20260407,137,5522,9,3,1,12,1,,5,491.77,132.02,1837.09,0
6097,20260408,119,5134,24,1,1,1,1,,4,900.63,83.01,1399.56,0
6098,20260409,193,6004,4,1,2,3,1,,3,1466.47,218.08,2056.38,0
6099,20260410,135,5380,8,4,1,6,1,,2,2052.02,169.65,2553.16,0
6100,20260411,140,6069,14,2,1,3,1,,3,2436.89,260.48,1495.17,0
6101,20260412,104,5378,6,4,2,5,1,,6,1349.3,173.73,1366.08,1
6102,20260413,167,5522,16,1,1,8,1,,1,1214.8,264.52,4459.02,0
6103,20260414,192,6006,24,3,1,3,1,,2,2292.63,254.78,4497.6,0
6104,20260415,186,5329,24,1,1,12,1,,3,429.3,45.09,3477.78,0
6105,20260416,136,5273,2,2,1,11,1,,5,1548.58,63.24,1857.7,0
6106,20260417,199,5431,12,1,1,3,1,,1,1153.29,218.27,1579.48,0
6107,20260418,126,5826,13,4,2,11,1,,2,1377.04,101.65,2188.65,0
6108,20260419,180,5623,20,1,2,9,1,,6,2500.2,255.6,1013.96,0
6109,20260420,129,6454,21,3,2,6,1,,6,1169.78,208.88,3184.13,0
6110,20260421,164,6019,7,4,2,10,1,,3,2492.06,46.85,1440.46,0
6111,20260422,165,6326,18,4,1,7,1,,4,1360.13,73.16,1847.36,0
6112,20260423,166,5072,20,1,1,6,1,,3,2155.9,113.74,1275.06,0
6113,20260424,178,5952,15,1,2,11,1,,3,2000.49,34.14,4659.47,0
6114,20260425,187,5534,2,4,2,11,1,,3,2769.9,119.02,930.36,0
6115,20260426,124,5869,16,3,1,8,1,,3,2328.18,104.53,1401.37,0
6116,20260427,132,5534,12,4,1,10,1,,2,930.47,200.01,1963.43,0
6117,20260428,143,5223,11,2,1,12,1,,2,2430.12,178.18,4945.2,0
6118,20260429,163,5822,2,3,2,8,1,,4,2753.12,245.72,3514.99,0
6119,20260430,156,5172,6,3,1,4,1,,3,1019.78,93.68,2685.91,0
6120,20260501,175,5788,19,2,1,6,1,,6,796.02,184.54,4133.47,0
6121,20260201,183,6220,8,4,1,6,1,,6,1965.05,47.87,714.62,0
6122,20260202,129,5173,24,1,2,12,1,,6,1635.24,134.3,1687.67,0
6123,20260203,134,5918,17,4,2,4,1,,2,407.79,18.99,889.97,0
6124,20260204,113,5828,20,3,2,2,1,,6,1716.57,42.92,3888.1,0
6125,20260205,164,6371,3,4,1,12,1,,1,1222.8,216.02,3002.46,0
6126,20260206,160,5550,1,3,2,2,1,,5,555.01,241.81,3928.34,0
6127,20260207,175,5613,23,3,1,2,1,,4,1092.78,117.14,1901.77,0
6128,20260208,119,5910,10,1,2,6,1,,1,2765.03,250.4,2857.34,0
6129,20260209,143,6027,19,2,2,1,1,,5,676.65,222.99,2055.48,0
6130,20260210,188,5566,8,1,1,1,1,,1,1147.33,260.49,4679.88,0
6131,20260211,133,5824,2,1,1,9,1,,6,1261.05,200.26,3062.95,0
6132,20260212,193,6311,15,2,2,4,1,,1,1965.61,15.78,820.83,0
6133,20260213,171,5891,14,4,1,5,1,,6,2257.68,221.2,2115.65,0
6134,20260214,188,5920,20,1,1,6,1,,3,2009.81,249.07,2243.1,0
6135,20260215,120,6338,17,2,1,6,1,,5,2436.47,83.97,2897.59,0
6136,20260216,163,5816,20,1,2,5,1,,5,2065.51,84.74,4958.13,0
6137,20260217,111,5305,8,3,2,1,1,,3,1845.41,192.95,3907.42,0
6138,20260218,106,6446,13,2,2,3,1,,2,1201.79,117.41,3704.14,0
6139,20260219,127,5782,3,1,1,9,1,,5,1538.15,212.23,2611.81,0
6140,20260220,156,5332,20,3,2,12,1,,3,2599.04,151.13,4837.55,0
6141,20260221,195,5108,19,4,2,7,1,,1,1040.61,172.0,1757.95,1
6142,20260222,132,6050,21,3,2,12,1,,1,693.72,241.84,2763.78,0
6143,20260223,171,5848,15,4,2,4,1,,6,729.12,185.43,3947.98,0
6144,20260224,128,6256,7,1,1,11,1,,4,2637.16,262.35,3067.97,0
6145,20260225,127,5258,13,1,1,9,1,,6,2175.46,295.3,3345.71,0
6146,20260226,193,5898,21,3,1,12,1,,2,2476.05,160.52,2522.39,0
6147,20260227,168,5018,22,2,2,2,1,,4,574.67,129.99,2921.69,0
6148,20260228,170,5044,15,3,2,2,1,,6,751.81,75.4,2362.02,0
6149,20260301,139,5669,13,3,2,7,1,,2,2056.87,224.76,1443.93,0
6150,20260302,125,6446,18,1,1,10,1,,2,2311.07,243.27,4480.44,0
6151,20260303,127,5120,10,2,1,1,1,,2,1581.01,224.87,4853.57,0
6152,20260304,171,5381,1,3,2,10,1,,6,2169.22,149.52,706.78,0
6153,20260305,197,5190,6,2,1,6,1,,4,2400.43,170.66,4692.57,0
6154,20260306,128,6013,21,4,2,10,1,,1,593.94,180.1,3153.45,0
6155,20260307,188,6272,5,2,1,2,1,,2,901.91,4.35,1786.13,0
6156,20260308,161,5548,23,1,2,1,1,,6,2648.56,211.77,3208.67,0
6157,20260309,111,5166,8,2,1,4,1,,4,1791.57,224.59,3304.43,0
6158,20260310,170,5303,14,2,1,4,1,,5,433.33,5.78,3583.35,0
6159,20260311,132,6152,7,2,2,12,1,,4,2193.24,250.11,1394.27,0
6160,20260312,190,5829,3,3,1,5,1,,4,2015.73,22.96,1798.48,0
6161,20260313,147,5862,3,3,1,9,1,,1,1948.5,3.51,3647.56,0
6162,20260314,179,6234,10,2,1,3,1,,2,552.38,186.13,3844.7,0
6163,20260315,175,6459,11,2,1,1,1,,1,2576.04,11.63,3559.49,0
6164,20260316,177,6061,23,1,1,8,1,,2,951.22,218.2,1137.52,0
6165,20260317,187,6020,10,4,1,1,1,,1,1899.72,228.34,1703.58,0
6166,20260318,101,6043,18,2,2,5,1,,3,763.53,74.45,1812.17,0
6167,20260319,135,6225,10,1,2,9,1,,3,1717.44,142.66,2747.38,0
6168,20260320,120,5441,19,2,1,2,1,,1,1847.18,112.26,4607.47,0
6169,20260321,177,5192,1,3,1,12,1,,5,1467.13,173.43,4145.61,0
6170,20260322,131,5636,3,1,1,5,1,,2,1235.67,96.61,3590.9,0
6171,20260323,127,5218,2,4,1,7,1,,5,1104.23,268.7,4756.49,0
6172,20260324,160,5959,14,4,1,12,1,,4,2623.05,190.12,2470.66,0
6173,20260325,124,6154,14,2,1,5,1,,2,2244.14,147.72,4068.92,0
6174,20260326,170,6287,3,1,1,12,1,,3,552.07,216.72,2871.98,0
6175,20260327,120,5705,19,2,1,1,1,,4,1226.86,34.74,2361.07,0
6176,20260328,121,5666,4,3,1,9,1,,5,462.75,12.62,3239.98,0
6177,20260329,154,5051,12,3,2,10,1,,1,1296.14,12.92,1852.56,0
6178,20260330,183,6202,24,3,1,8,1,,6,2599.6,274.31,1065.93,0
6179,20260331,107,5580,16,2,1,9,1,,4,1741.37,246.57,1991.58,0
6180,20260401,117,5792,8,2,1,12,1,,5,2494.38,88.67,1548.19,0
6181,20260402,187,5394,11,1,1,11,1,,1,543.06,144.1,2644.73,0
6182,20260403,104,5291,8,2,2,9,1,,2,875.94,241.4,4370.84,0
6183,20260404,156,5357,15,3,1,12,1,,3,1536.07,15.99,2786.28,0
6184,20260405,168,5414,6,4,1,5,1,,1,1313.3,93.48,2037.62,0
6185,20260406,136,5451,23,3,1,12,1,,6,2092.59,171.7,4282.84,0
6186,20260407,145,6361,11,4,2,11,1,,4,1902.87,217.02,1381.35,0
6187,20260408,130,5116,9,1,1,1,1,,6,1996.16,275.44,2025.11,1
6188,20260409,200,5167,17,1,2,11,1,,5,2765.28,70.86,514.45,0
6189,20260410,156,5257,20,2,2,9,1,,6,480.17,224.74,4117.18,0
6190,20260411,136,6254,3,3,1,8,1,,2,971.7,20.16,4164.5,0
6191,20260412,179,5420,23,4,2,6,1,,4,2261.77,102.31,3459.58,0
6192,20260413,121,5281,1,1,2,4,1,,5,2096.05,226.64,4791.35,0
6193,20260414,187,6384,19,2,2,10,1,,3,556.76,257.53,4800.21,0
6194,20260415,196,5574,13,3,1,9,1,,2,2039.86,263.54,3173.78,0
6195,20260416,133,5891,4,2,1,2,1,,6,1036.87,218.69,3153.24,0
6196,20260417,165,5463,9,1,1,8,1,,4,2291.71,240.47,3434.12,0
6197,20260418,181,5123,4,1,1,2,1,,4,2332.34,92.7,3230.93,0
6198,20260419,173,5882,7,2,1,6,1,,3,931.73,228.35,4324.04,0
6199,20260420,160,5657,7,1,2,6,1,,2,2361.31,280.65,2958.41,0
6200,20260421,113,5379,22,2,2,1,1,,6,2009.78,9.87,1907.54,0
6201,20260422,126,6012,23,3,1,9,1,,2,1224.78,191.71,1332.69,0
6202,20260423,172,5969,24,3,1,11,1,,5,1819.11,111.59,3402.8,0
6203,20260424,191,6059,24,3,1,4,1,,3,594.57,168.37,3531.26,0
6204,20260425,191,5328,14,3,1,2,1,,6,1123.79,41.85,2896.16,0
6205,20260426,166,5609,3,4,1,12,1,,3,2500.79,147.36,3424.85,0
6206,20260427,124,5994,21,4,1,10,1,,6,2460.46,45.21,2056.73,0
6207,20260428,111,5752,24,4,1,5,1,,3,2481.92,56.62,3828.87,0
6208,20260429,102,5593,8,3,2,9,1,,1,1268.0,170.14,4630.06,0
6209,20260430,119,6415,13,4,2,5,1,,2,973.71,147.74,4782.89,0
6210,20260501,115,5539,21,1,1,10,1,,1,945.51,6.03,2952.34,0
6211,20260201,188,5016,8,1,1,2,1,,6,1119.2,147.47,2181.68,0
6212,20260202,174,5959,18,4,1,2,1,,4,2575.08,75.71,1875.46,0
6213,20260203,195,5590,8,1,2,4,1,,3,2623.76,279.38,3353.89,0
6214,20260204,162,5690,12,1,1,4,1,,5,749.17,190.56,3012.43,0
6215,20260205,151,5165,8,4,1,10,1,,3,2041.92,160.61,3978.84,0
6216,20260206,163,5463,5,4,1,5,1,,4,935.82,102.97,1141.24,0
6217,20260207,140,5891,17,4,1,11,1,,6,2580.82,248.2,2497.57,0
6218,20260208,107,5429,6,2,1,3,1,,2,1555.49,93.66,1677.14,0
6219,20260209,118,5977,23,3,1,3,1,,4,1246.16,164.89,3276.89,0
6220,20260210,134,5752,18,1,1,4,1,,6,2143.89,36.21,2784.78,0
6221,20260211,165,5726,21,3,1,6,1,,6,2036.08,27.87,1560.41,0
6222,20260212,167,6069,23,2,2,4,1,,4,1925.85,250.98,4565.9,0
6223,20260213,106,6201,19,3,2,8,1,,1,1681.96,283.44,3386.08,0
6224,20260214,109,6479,7,2,2,1,1,,4,759.49,21.51,1782.6,0
6225,20260215,153,5195,8,2,2,5,1,,4,853.92,217.15,2624.4,0
6226,20260216,122,5659,11,3,2,4,1,,3,1912.86,35.9,1693.14,0
6227,20260217,183,5724,15,4,1,9,1,,1,2193.19,274.57,3040.5,0
6228,20260218,119,6356,21,2,2,7,1,,3,727.89,190.27,3662.33,0
6229,20260219,182,5531,4,1,1,8,1,,3,1161.05,135.79,2179.12,0
6230,20260220,145,6191,21,2,2,1,1,,4,1430.63,57.09,1521.14,0
6231,20260221,189,5473,14,3,1,6,1,,2,1589.09,54.23,1814.06,0
6232,20260222,132,5109,16,1,1,10,1,,3,1673.07,241.73,1657.95,0
6233,20260223,199,6105,13,2,1,4,1,,1,519.27,121.08,3595.97,0
6234,20260224,164,5577,16,3,2,10,1,,2,1349.94,147.15,1965.82,0
6235,20260225,119,5204,13,1,1,5,1,,1,800.77,249.94,3164.71,0
6236,20260226,136,5008,20,2,1,5,1,,5,2058.72,206.44,1758.34,0
6237,20260227,177,5403,12,2,2,7,1,,2,2320.74,222.56,1809.75,0
6238,20260228,191,5854,5,4,2,2,1,,5,1692.6,248.22,4512.66,0
6239,20260301,153,5979,2,1,1,7,1,,1,1799.78,123.71,2476.73,0
6240,20260302,124,5292,4,4,2,6,1,,5,1064.7,20.1,1694.03,0
6241,20260303,162,5366,1,3,2,4,1,,2,2738.25,132.73,4036.47,0
6242,20260304,176,5935,20,1,2,3,1,,4,1357.08,237.63,1729.52,0
6243,20260305,174,5839,22,1,2,4,1,,1,492.67,139.71,2887.9,0
6244,20260306,123,5426,23,2,1,8,1,,5,1577.54,61.37,3322.79,0
6245,20260307,154,5453,20,2,1,2,1,,5,2678.64,166.24,3892.28,0
6246,20260308,195,5787,5,4,2,8,1,,2,1188.06,201.66,4679.04,0
6247,20260309,146,6405,21,4,1,5,1,,3,2273.85,123.58,2044.3,0
6248,20260310,101,5076,20,3,2,10,1,,6,1026.5,227.29,3933.52,0
6249,20260311,176,5336,19,2,2,11,1,,1,1331.11,123.47,1193.81,0
6250,20260312,194,6439,20,1,2,10,1,,2,1766.82,161.9,4468.24,0
6251,20260313,130,6326,14,4,2,7,1,,2,1896.42,115.71,4386.2,0
6252,20260314,117,5974,8,4,1,1,1,,4,1266.99,3.35,540.72,0
6253,20260315,172,5565,4,2,1,9,1,,5,522.13,19.9,1928.2,0
6254,20260316,120,6115,21,2,1,11,1,,4,1833.38,295.59,2675.15,0
6255,20260317,183,6190,22,4,1,9,1,,2,1296.82,211.86,2363.94,0
6256,20260318,134,5083,6,1,1,9,1,,1,747.41,271.74,1307.91,0
6257,20260319,139,5603,13,4,1,12,1,,4,1181.8,141.89,4224.15,0
6258,20260320,172,5887,13,4,1,7,1,,3,2736.44,244.31,1844.18,0
6259,20260321,128,6116,17,2,1,10,1,,2,874.52,290.7,3785.26,0
6260,20260322,134,5052,20,1,1,7,1,,5,586.44,121.57,1646.76,0
6261,20260323,172,5749,15,4,2,3,1,,4,903.24,94.53,2987.85,0
6262,20260324,134,5114,22,4,1,12,1,,3,1119.92,46.31,3887.23,0
6263,20260325,118,5888,9,4,2,3,1,,5,2681.09,137.79,3173.35,0
6264,20260326,133,5966,4,1,2,7,1,,5,504.46,69.69,3716.77,0
6265,20260327,193,5095,1,1,2,10,1,,4,1527.69,114.93,3508.48,0
6266,20260328,107,5367,6,1,1,11,1,,2,2053.44,129.03,3978.38,0
6267,20260329,128,6048,6,2,1,6,1,,3,833.63,8.88,1898.58,0
6268,20260330,122,5533,11,4,1,11,1,,6,660.66,222.24,4524.32,0
6269,20260331,122,5740,9,1,2,2,1,,1,2521.66,170.76,2312.26,0
6270,20260401,134,5713,6,3,2,2,1,,4,2263.36,95.85,3723.94,0
6271,20260402,172,5452,14,3,2,1,1,,5,1971.2,53.03,1163.82,0
6272,20260403,179,5988,12,4,1,1,1,,6,1992.63,57.48,4546.92,0
6273,20260404,137,6419,7,1,2,2,1,,3,967.2,53.2,2751.81,0
6274,20260405,147,6083,19,3,2,1,1,,5,1981.47,243.99,596.02,0
6275,20260406,177,6179,24,1,1,4,1,,4,571.51,77.36,3103.22,0
6276,20260407,164,5197,22,1,1,11,1,,4,1009.37,162.13,3264.75,0
6277,20260408,150,6455,18,4,2,9,1,,1,854.52,30.15,3400.04,0
6278,20260409,159,5992,20,1,2,4,1,,6,1699.3,149.87,841.34,0
6279,20260410,189,6039,23,3,1,12,1,,3,2705.97,296.96,3098.71,0
6280,20260411,183,5111,8,4,2,4,1,,2,2663.25,0.96,637.37,0
6281,20260412,112,5525,22,2,1,11,1,,6,1402.81,205.74,4731.85,0
6282,20260413,140,6302,10,1,1,5,1,,2,2663.45,244.22,4692.97,0
6283,20260414,105,6427,22,4,2,9,1,,4,817.76,272.41,1354.88,0
6284,20260415,129,5532,18,4,1,10,1,,2,1116.08,50.17,919.66,0
6285,20260416,137,5897,21,3,2,8,1,,3,2459.56,145.9,1260.36,0
6286,20260417,141,5174,23,3,1,6,1,,4,567.96,278.76,4390.44,0
6287,20260418,123,5574,8,2,1,12,1,,5,1499.65,286.65,1637.1,0
6288,20260419,161,6425,23,4,1,8,1,,3,516.42,98.25,3704.42,0
6289,20260420,191,5077,2,3,2,9,1,,3,697.08,134.68,2702.18,0
6290,20260421,135,5115,13,4,2,5,1,,1,945.23,232.06,2227.48,0
6291,20260422,192,6454,1,1,2,1,1,,5,2672.75,226.1,1093.22,0
6292,20260423,179,6033,7,1,1,3,1,,1,2235.36,62.06,2590.91,0
6293,20260424,133,6368,11,1,1,11,1,,5,1383.18,4.82,1239.65,0
6294,20260425,139,5398,2,4,1,9,1,,4,850.56,82.32,1055.71,0
6295,20260426,174,5757,4,4,1,9,1,,6,1206.17,162.83,2746.5,0
6296,20260427,193,5496,4,4,1,11,1,,2,1534.83,127.54,4863.2,0
6297,20260428,192,5607,18,4,2,6,1,,6,1340.86,274.45,930.13,0
6298,20260429,168,5114,14,3,2,3,1,,1,652.98,208.98,3185.11,0
6299,20260430,143,5435,3,4,1,6,1,,4,2342.34,141.58,2991.05,0
6300,20260501,144,6257,15,1,1,5,1,,1,672.26,283.83,1086.91,0
6301,20260201,119,6295,18,1,1,5,1,,2,2442.69,165.29,3516.57,0
6302,20260202,181,5371,9,4,2,6,1,,6,2401.72,87.0,2099.56,0
6303,20260203,165,5663,11,3,2,10,1,,5,2453.93,285.15,4747.12,0
6304,20260204,200,6423,2,4,1,5,1,,2,1790.86,164.6,2817.69,0
6305,20260205,170,6242,19,3,2,5,1,,1,1349.46,43.82,2246.74,0
6306,20260206,197,5072,19,3,2,1,1,,3,2030.96,39.83,4891.64,0
6307,20260207,168,6176,20,1,1,1,1,,4,1515.87,58.2,2899.15,0
6308,20260208,165,5186,11,2,1,3,1,,5,928.98,60.85,2243.21,0
6309,20260209,160,5920,2,3,1,10,1,,4,1787.85,106.03,2933.36,0
6310,20260210,113,6445,5,4,1,4,1,,2,1297.03,276.37,1129.56,0
6311,20260211,146,6066,18,3,1,5,1,,1,1413.85,145.87,1297.99,0
6312,20260212,113,5264,22,1,1,12,1,,3,1122.6,81.47,3411.51,0
6313,20260213,166,5718,1,2,2,7,1,,6,575.64,203.61,817.47,0
6314,20260214,169,5192,1,4,1,4,1,,4,1563.05,174.17,3846.97,0
6315,20260215,130,5031,20,3,1,12,1,,3,1922.29,236.59,546.84,0
6316,20260216,125,6011,6,1,2,1,1,,2,1923.58,282.23,4049.03,0
6317,20260217,102,5582,10,1,1,3,1,,1,1467.91,102.73,2411.35,0
6318,20260218,191,6311,7,3,1,7,1,,1,1057.35,109.39,646.87,0
6319,20260219,121,6229,1,3,1,2,1,,2,1669.34,130.43,4422.85,0
6320,20260220,155,5937,15,3,2,5,1,,4,2548.75,290.11,4172.29,0
6321,20260221,199,6374,7,4,1,4,1,,2,483.48,84.67,3848.27,0
6322,20260222,153,6040,12,2,1,10,1,,5,1983.42,0.5,2863.1,0
6323,20260223,105,5138,10,4,1,9,1,,4,2518.64,17.05,3327.28,0
6324,20260224,121,5976,23,2,1,5,1,,4,1507.74,234.13,901.19,0
6325,20260225,189,5795,9,2,2,1,1,,5,2343.08,220.19,1569.9,0
6326,20260226,200,5543,21,2,2,10,1,,4,2443.83,216.75,4885.19,0
6327,20260227,186,5918,22,4,1,3,1,,2,1580.98,76.71,4476.04,0
6328,20260228,192,6466,6,2,1,4,1,,2,731.77,284.45,4669.51,0
6329,20260301,110,6059,13,3,2,1,1,,3,1350.8,243.92,1172.86,0
6330,20260302,158,5517,12,1,2,12,1,,6,1376.0,107.56,2857.29,0
6331,20260303,149,5171,14,1,1,5,1,,2,1908.72,156.7,3883.92,0
6332,20260304,120,5695,18,1,1,6,1,,4,806.14,179.87,1715.73,0
6333,20260305,156,5098,10,3,1,5,1,,2,1039.23,86.59,3618.17,0
6334,20260306,154,5646,13,2,2,2,1,,4,531.53,121.16,1608.24,0
6335,20260307,193,5056,15,2,2,8,1,,4,2543.6,291.54,545.99,0
6336,20260308,146,6472,7,1,1,10,1,,6,1553.59,158.68,2579.93,0
6337,20260309,162,5771,13,2,2,8,1,,6,1555.63,236.44,1873.08,0
6338,20260310,196,5361,9,2,2,9,1,,3,2278.22,21.64,4309.51,0
6339,20260311,186,6007,21,4,1,3,1,,6,1611.2,128.0,975.25,0
6340,20260312,136,6463,19,4,2,10,1,,5,1840.74,85.97,4957.83,0
6341,20260313,165,5151,19,3,1,7,1,,6,1723.43,53.25,2561.47,0
6342,20260314,152,5185,24,1,2,1,1,,5,1420.94,249.98,1344.33,0
6343,20260315,142,6068,13,3,1,1,1,,4,2441.92,82.77,834.04,0
6344,20260316,150,5712,13,2,2,6,1,,1,2631.79,7.68,1682.76,0
6345,20260317,146,5264,17,1,2,9,1,,4,2513.06,89.82,3948.15,0
6346,20260318,101,5233,14,4,1,1,1,,6,762.3,71.82,2211.31,0
6347,20260319,163,5063,13,3,1,11,1,,5,573.18,243.73,2930.24,0
6348,20260320,143,5793,23,2,1,6,1,,3,2470.42,109.63,4690.05,0
6349,20260321,121,6206,1,3,2,9,1,,5,2349.62,65.72,2980.93,0
6350,20260322,178,5746,5,3,1,6,1,,1,537.21,248.3,4050.18,0
6351,20260323,196,5045,24,4,2,7,1,,1,1296.16,154.05,3103.99,0
6352,20260324,173,5321,21,3,1,10,1,,6,2700.54,151.17,2015.97,0
6353,20260325,168,6283,17,2,1,3,1,,3,2383.69,16.82,998.3,0
6354,20260326,153,6112,24,4,2,11,1,,1,785.7,161.69,3502.25,0
6355,20260327,190,5373,17,1,2,10,1,,5,1854.32,273.59,4498.66,0
6356,20260328,185,6208,22,1,2,9,1,,1,2691.22,280.49,4646.98,0
6357,20260329,134,6384,18,2,2,2,1,,6,2274.5,94.78,3009.74,0
6358,20260330,129,5774,13,3,2,10,1,,2,1078.58,210.28,1529.19,0
6359,20260331,130,5604,21,2,2,8,1,,5,2193.21,80.47,2035.26,0
6360,20260401,151,5890,24,1,1,6,1,,3,1357.48,193.55,4522.96,0
6361,20260402,101,6222,13,3,1,6,1,,4,1627.34,254.8,2378.81,0
6362,20260403,198,6500,3,4,1,11,1,,5,1314.07,28.78,4355.05,0
6363,20260404,196,6287,16,2,1,8,1,,3,2610.27,215.82,1172.45,0
6364,20260405,177,6020,24,2,2,4,1,,1,668.39,176.22,3263.95,0
6365,20260406,180,6198,10,4,2,3,1,,1,1540.53,262.43,3435.79,0
6366,20260407,141,6139,19,3,1,9,1,,4,1748.89,248.04,4291.57,0
6367,20260408,189,6142,1,4,2,2,1,,3,1297.27,267.25,2091.59,0
6368,20260409,145,6479,15,2,1,6,1,,6,1417.93,135.6,4726.82,0
6369,20260410,161,6318,5,1,2,7,1,,1,851.46,6.4,4950.68,1
6370,20260411,181,5465,6,4,2,4,1,,5,2548.19,118.29,3342.66,0
6371,20260412,180,5582,20,4,1,10,1,,4,1343.84,139.15,3624.57,0
6372,20260413,147,6195,14,3,2,2,1,,5,2296.65,24.06,4705.92,0
6373,20260414,146,5465,9,1,2,2,1,,6,1778.24,191.64,2485.34,0
6374,20260415,181,5705,4,1,2,6,1,,4,2681.48,246.53,1774.17,0
6375,20260416,136,5120,14,1,1,2,1,,1,1811.98,265.91,4160.48,0
6376,20260417,124,5888,20,4,2,8,1,,2,2252.44,136.48,4955.66,0
6377,20260418,190,5490,7,2,1,7,1,,2,2740.29,59.84,3040.2,0
6378,20260419,167,5358,10,2,2,10,1,,5,2669.71,226.31,4494.1,0
6379,20260420,106,5882,16,4,1,7,1,,4,689.43,111.14,2398.97,0
6380,20260421,112,6308,10,4,1,2,1,,2,1884.77,284.08,1451.27,0
6381,20260422,187,6203,24,3,2,5,1,,1,2508.31,114.56,2239.8,0
6382,20260423,163,6405,4,3,1,1,1,,4,1935.78,203.35,2062.66,0
6383,20260424,122,6124,11,2,1,1,1,,3,1186.68,140.83,3441.12,0
6384,20260425,152,6094,11,2,1,3,1,,2,2477.72,292.92,582.96,0
6385,20260426,150,5710,24,4,2,5,1,,6,676.82,81.64,3373.41,0
6386,20260427,111,6040,22,1,1,5,1,,2,403.06,113.57,3800.72,0
6387,20260428,171,5957,6,1,2,1,1,,3,2403.04,128.72,2862.18,0
6388,20260429,161,6315,1,1,2,10,1,,4,739.98,24.17,2451.9,0
6389,20260430,114,5301,8,1,2,7,1,,6,1223.12,67.79,4470.5,0
6390,20260501,147,6237,20,1,1,7,1,,6,1396.31,163.75,3577.2,1
6391,20260201,129,5865,14,2,1,3,1,,1,1703.62,259.09,3581.86,0
6392,20260202,118,5206,8,1,2,1,1,,5,2623.9,249.1,3210.27,0
6393,20260203,134,5994,18,2,2,9,1,,5,572.37,79.83,528.37,0
6394,20260204,187,6144,5,3,2,5,1,,1,2778.12,140.52,3607.19,0
6395,20260205,139,5426,10,3,2,2,1,,6,2730.5,246.81,2194.8,0
6396,20260206,150,5183,20,4,1,2,1,,2,808.59,293.24,3126.63,0
6397,20260207,124,6271,12,1,1,11,1,,5,1559.88,115.37,679.36,0
6398,20260208,125,5276,4,4,2,9,1,,6,411.02,166.86,1175.18,0
6399,20260209,186,5975,22,1,2,11,1,,1,2150.56,186.0,4302.52,0
6400,20260210,169,5439,22,1,1,5,1,,3,1904.06,26.25,3494.32,0
6401,20260211,161,5383,20,1,1,1,1,,3,709.82,295.54,893.89,0
6402,20260212,172,5749,19,1,2,3,1,,4,945.44,23.46,2974.37,0
6403,20260213,151,5720,14,4,1,3,1,,3,657.93,153.19,4657.39,0
6404,20260214,194,5049,23,2,2,2,1,,1,630.25,203.02,2092.72,0
6405,20260215,175,6238,21,2,1,3,1,,3,1804.78,207.17,1721.06,0
6406,20260216,134,5057,23,4,2,2,1,,3,1776.76,53.03,1075.81,0
6407,20260217,107,6211,16,4,2,9,1,,4,558.08,56.44,4720.97,0
6408,20260218,122,5714,11,1,2,4,1,,2,2332.24,238.6,3687.59,0
6409,20260219,122,5573,12,4,1,6,1,,1,1628.19,16.64,3373.11,0
6410,20260220,171,5848,4,4,1,9,1,,4,2604.32,59.92,1507.82,0
6411,20260221,167,6472,10,4,1,3,1,,3,771.95,17.85,4509.55,0
6412,20260222,146,5951,2,2,2,6,1,,5,2239.44,174.13,1921.68,0
6413,20260223,104,6009,24,2,2,11,1,,6,1780.63,180.41,3648.74,0
6414,20260224,191,5882,24,1,1,12,1,,4,744.15,25.78,4948.59,0
6415,20260225,162,5105,6,4,1,7,1,,4,621.64,273.37,2637.7,0
6416,20260226,164,5110,5,2,2,2,1,,1,2285.84,125.35,938.87,0
6417,20260227,169,5423,1,2,1,1,1,,5,607.97,212.83,3367.96,0
6418,20260228,174,5487,18,3,1,6,1,,2,2774.26,203.2,3680.61,0
6419,20260301,167,6217,6,2,1,8,1,,2,591.22,176.44,1142.01,0
6420,20260302,170,6064,16,2,2,8,1,,1,904.91,282.73,3866.86,0
6421,20260303,139,5289,8,4,2,9,1,,1,2179.8,2.06,3835.56,0
6422,20260304,162,6381,24,4,2,5,1,,2,2123.26,262.87,3817.1,0
6423,20260305,178,5948,17,3,1,6,1,,2,2421.1,230.51,3279.81,0
6424,20260306,109,5386,17,3,2,2,1,,2,694.09,214.51,3321.93,0
6425,20260307,134,5513,18,3,1,10,1,,3,1006.6,283.64,3519.94,0
6426,20260308,127,5533,9,1,1,6,1,,6,1735.38,151.88,2131.54,0
6427,20260309,143,5131,1,2,1,8,1,,1,2791.92,267.62,3489.81,0
6428,20260310,136,6097,11,2,1,6,1,,5,2404.28,235.8,4402.02,0
6429,20260311,177,5888,10,4,1,9,1,,6,1476.56,40.42,4189.69,0
6430,20260312,133,6023,16,4,2,4,1,,5,2220.54,164.1,3851.03,0
6431,20260313,156,6100,8,3,1,3,1,,3,1531.78,23.91,4296.56,0
6432,20260314,115,5024,22,1,2,3,1,,1,2738.8,156.06,4416.4,0
6433,20260315,162,5524,10,4,1,2,1,,4,1743.51,26.66,4859.44,0
6434,20260316,190,5707,22,1,2,5,1,,5,675.7,184.37,2720.73,0
6435,20260317,181,5555,9,3,1,10,1,,6,1304.15,249.55,4425.68,0
6436,20260318,131,5052,13,4,1,10,1,,1,675.04,195.97,4017.96,0
6437,20260319,138,5336,11,2,2,7,1,,4,686.43,65.4,2222.26,0
6438,20260320,184,5608,16,2,1,9,1,,4,1246.48,102.05,3442.68,0
6439,20260321,172,5418,6,3,1,6,1,,6,1845.92,269.48,4213.89,0
6440,20260322,147,5233,8,2,1,2,1,,6,2639.17,222.84,2177.2,0
6441,20260323,135,5403,5,2,1,5,1,,4,1760.7,105.22,1054.87,0
6442,20260324,179,6017,18,2,2,8,1,,4,2312.04,228.03,1886.08,0
6443,20260325,173,6020,4,3,1,8,1,,1,2169.56,217.31,2414.61,0
6444,20260326,154,5578,12,3,1,10,1,,2,1650.29,5.55,1414.3,0
6445,20260327,135,5998,14,4,2,12,1,,3,2064.96,279.07,1877.99,0
6446,20260328,154,5805,17,3,1,6,1,,2,787.67,56.65,3118.42,0
6447,20260329,101,6282,18,1,1,2,1,,6,2004.54,162.27,1286.85,0
6448,20260330,184,5389,19,2,1,3,1,,1,2067.43,243.09,4848.32,0
6449,20260331,181,6325,11,4,1,11,1,,2,1688.6,200.11,2335.98,0
6450,20260401,107,5157,18,4,1,10,1,,1,2522.22,73.17,4226.53,0
6451,20260402,194,5884,22,3,1,12,1,,4,1822.31,283.73,644.34,0
6452,20260403,147,5155,17,3,1,5,1,,6,1585.58,146.34,2093.82,0
6453,20260404,131,5248,17,3,2,5,1,,1,1330.77,54.76,4924.06,0
6454,20260405,141,5727,14,2,1,7,1,,4,2381.31,266.48,522.02,0
6455,20260406,124,5457,11,2,1,8,1,,6,1776.95,40.15,4504.97,0
6456,20260407,116,6144,6,1,1,1,1,,6,1174.08,6.08,2540.19,1
6457,20260408,179,5037,12,1,2,8,1,,6,1779.76,200.32,3686.74,0
6458,20260409,149,5288,8,2,1,10,1,,3,1500.88,222.26,3685.15,0
6459,20260410,158,5828,17,3,2,4,1,,3,2298.65,115.65,4367.79,0
6460,20260411,136,5666,17,2,2,5,1,,4,2414.81,289.83,4314.9,0
6461,20260412,127,5509,8,1,1,4,1,,6,416.55,136.89,2215.15,0
6462,20260413,152,5311,8,3,1,6,1,,2,2187.7,249.36,4918.01,0
6463,20260414,117,6298,17,1,2,1,1,,1,660.67,40.82,2047.8,0
6464,20260415,107,6000,22,1,2,12,1,,6,1100.92,91.01,2065.75,0
6465,20260416,154,6334,8,4,1,8,1,,1,1916.02,230.16,1560.65,0
6466,20260417,185,5973,7,4,2,2,1,,3,966.42,288.16,4370.2,0
6467,20260418,145,5539,14,2,1,3,1,,6,1685.02,212.7,2561.89,0
6468,20260419,152,5793,2,1,2,5,1,,5,403.49,284.93,4630.26,0
6469,20260420,183,5316,13,1,1,6,1,,5,635.57,30.37,934.59,0
6470,20260421,148,6275,10,1,1,5,1,,5,2793.57,240.88,2008.19,0
6471,20260422,101,6131,9,4,2,5,1,,6,1053.12,257.59,4577.23,0
6472,20260423,196,6436,19,4,2,6,1,,3,1428.21,263.36,799.24,0
6473,20260424,132,5598,1,1,1,12,1,,3,720.41,183.71,4470.43,0
6474,20260425,104,6289,3,3,1,8,1,,4,795.99,215.47,1716.42,1
6475,20260426,103,5202,5,1,2,3,1,,2,501.11,90.17,1650.93,0
6476,20260427,124,5051,17,2,2,2,1,,6,1837.41,196.22,2584.51,0
6477,20260428,194,6049,16,2,2,2,1,,6,2116.58,288.06,1170.73,0
6478,20260429,106,6470,23,4,1,6,1,,4,638.94,63.58,3809.81,0
6479,20260430,165,5911,15,3,2,9,1,,5,1263.59,223.22,4412.0,0
6480,20260501,147,5334,11,3,1,6,1,,3,1924.97,185.51,2032.57,0
6481,20260201,141,5554,4,3,1,7,1,,1,1093.44,164.28,1072.2,0
6482,20260202,137,5482,1,3,2,12,1,,1,1422.85,78.94,1034.76,0
6483,20260203,139,5615,24,2,2,12,1,,6,519.54,260.0,2217.66,0
6484,20260204,125,5509,16,3,2,10,1,,6,517.02,97.92,2099.66,0
6485,20260205,103,6084,18,1,2,4,1,,5,1215.42,86.49,1721.98,0
6486,20260206,101,6286,11,2,2,6,1,,2,1558.34,253.9,4642.11,0
6487,20260207,161,5842,24,1,2,7,1,,5,964.99,93.85,2099.48,0
6488,20260208,168,5486,9,3,1,3,1,,4,1269.75,78.55,2706.69,0
6489,20260209,107,5255,9,2,2,1,1,,2,1911.26,128.34,1600.87,0
6490,20260210,170,5461,10,1,1,2,1,,1,469.19,103.75,3885.56,0
6491,20260211,167,5085,21,3,2,1,1,,4,1262.77,272.03,3356.12,0
6492,20260212,128,5043,20,4,2,7,1,,2,1143.76,37.29,2191.79,0
6493,20260213,107,5766,24,3,2,8,1,,2,2439.46,172.5,1674.26,0
6494,20260214,144,6306,10,2,2,3,1,,2,863.07,180.16,3321.06,0
6495,20260215,128,5152,23,2,1,12,1,,1,1732.75,35.26,4839.0,0
6496,20260216,106,5445,18,4,2,4,1,,6,2720.39,274.64,617.43,0
6497,20260217,105,5914,24,4,1,10,1,,6,1367.07,232.48,2537.98,0
6498,20260218,102,6421,14,4,2,9,1,,6,1616.94,279.28,4202.77,0
6499,20260219,112,5888,11,1,1,4,1,,5,558.46,53.98,1131.21,0
6500,20260220,138,6242,24,1,1,5,1,,1,1263.84,59.77,3181.67,0
6501,20260221,136,5772,20,3,2,11,1,,2,1636.61,84.56,3166.44,1
6502,20260222,128,5998,6,3,1,2,1,,3,2249.48,199.85,2159.23,0
6503,20260223,137,6170,14,2,1,1,1,,2,837.98,67.39,1230.78,0
6504,20260224,115,6476,20,2,2,11,1,,5,2703.55,258.63,772.44,0
6505,20260225,115,6006,8,3,2,12,1,,3,1272.33,14.8,928.21,0
6506,20260226,170,5189,23,4,2,2,1,,3,782.12,237.4,1123.48,0
6507,20260227,140,5465,14,4,2,12,1,,1,2385.36,188.83,3645.82,0
6508,20260228,112,5033,17,1,1,11,1,,2,1946.16,117.91,1739.9,0
6509,20260301,114,5416,11,4,2,9,1,,5,1261.89,121.38,1128.45,0
6510,20260302,120,6007,11,2,1,8,1,,4,2209.89,280.46,530.07,0
6511,20260303,200,5473,15,2,2,7,1,,3,1323.76,268.29,2734.97,0
6512,20260304,133,5393,10,1,1,1,1,,1,2618.11,50.55,1296.36,0
6513,20260305,110,5272,15,4,2,1,1,,4,2707.63,297.22,1097.83,0
6514,20260306,186,6193,12,4,2,5,1,,3,666.83,38.8,2763.22,0
6515,20260307,165,5588,6,1,2,12,1,,2,2789.96,145.89,3962.21,0
6516,20260308,181,5305,3,3,1,11,1,,6,2527.68,294.78,2627.82,0
6517,20260309,193,6154,22,1,1,7,1,,4,665.72,21.03,2378.96,0
6518,20260310,138,6205,22,1,1,7,1,,2,2055.88,206.36,1071.07,0
6519,20260311,177,5632,3,3,2,11,1,,3,407.65,139.68,4430.68,0
6520,20260312,128,5401,2,4,1,4,1,,5,787.64,82.18,1264.72,0
6521,20260313,176,6120,12,2,2,1,1,,3,1876.07,188.1,1541.0,0
6522,20260314,140,5627,13,2,2,7,1,,3,1554.29,170.78,4330.99,0
6523,20260315,173,5249,8,1,1,1,1,,1,2677.51,111.7,4268.55,0
6524,20260316,193,5152,21,1,2,10,1,,3,2650.4,159.76,1237.77,0
6525,20260317,155,6492,18,4,2,1,1,,5,1977.22,293.7,1544.89,0
6526,20260318,131,5761,4,1,1,11,1,,5,1188.83,49.51,1952.09,0
6527,20260319,134,6179,22,3,2,8,1,,1,901.68,140.89,2956.34,0
6528,20260320,114,5115,3,2,1,5,1,,4,529.25,144.27,754.92,0
6529,20260321,113,5600,3,3,1,4,1,,4,1259.43,285.0,3688.64,0
6530,20260322,188,5561,12,1,2,4,1,,6,865.08,20.15,2024.12,0
6531,20260323,134,6040,15,4,2,8,1,,5,616.88,250.3,3814.99,0
6532,20260324,110,5862,13,3,2,11,1,,6,2628.13,237.21,1152.72,0
6533,20260325,172,5793,9,2,1,4,1,,4,527.16,34.12,4407.14,0
6534,20260326,139,5991,6,2,1,10,1,,6,2317.99,99.19,4758.19,0
6535,20260327,173,5831,23,3,1,7,1,,3,2302.14,263.63,943.18,0
6536,20260328,185,5032,11,3,1,1,1,,5,1180.36,67.42,3810.64,0
6537,20260329,102,6362,22,3,1,1,1,,4,2226.24,119.36,981.55,0
6538,20260330,179,6211,2,4,2,6,1,,6,1782.77,23.93,953.16,0
6539,20260331,172,6024,1,4,1,6,1,,4,2579.89,208.23,4687.58,0
6540,20260401,116,5865,16,1,2,6,1,,4,1533.09,202.65,2866.83,0
6541,20260402,156,5882,16,3,1,12,1,,4,1721.0,6.94,4843.98,0
6542,20260403,148,5299,21,3,2,10,1,,3,2339.96,19.8,4375.86,0
6543,20260404,137,6433,3,3,1,7,1,,5,2284.36,167.27,902.49,0
6544,20260405,170,6133,21,1,1,7,1,,6,2280.25,254.26,4928.79,0
6545,20260406,169,6004,7,3,1,9,1,,3,680.16,75.72,4529.25,0
6546,20260407,153,5928,12,4,1,12,1,,4,1771.23,87.13,1132.68,0
6547,20260408,113,5412,24,3,1,11,1,,4,1744.44,183.91,4006.09,0
6548,20260409,149,6204,20,3,2,2,1,,2,2351.6,190.52,3252.85,0
6549,20260410,146,5951,1,1,1,7,1,,5,2749.44,104.29,3315.4,0
6550,20260411,122,6500,9,1,1,4,1,,5,2224.6,242.57,2912.18,0
6551,20260412,187,5388,2,2,1,5,1,,6,1516.99,284.23,731.02,0
6552,20260413,101,6176,13,2,2,3,1,,5,2707.11,45.19,4013.0,0
6553,20260414,173,6457,12,2,2,7,1,,2,685.07,1.66,3044.32,0
6554,20260415,147,5409,6,4,1,8,1,,2,2313.62,12.05,2286.05,0
6555,20260416,148,5562,19,1,2,10,1,,4,913.34,4.96,2555.67,0
6556,20260417,186,5496,16,3,2,12,1,,1,2675.64,230.39,2824.28,0
6557,20260418,101,6471,13,2,2,9,1,,1,2452.75,276.94,732.16,0
6558,20260419,175,6412,14,4,1,10,1,,3,725.5,216.04,3941.84,0
6559,20260420,175,5144,14,2,2,12,1,,5,1655.27,281.81,660.72,0
6560,20260421,197,5917,5,1,1,12,1,,6,1673.55,161.29,3696.86,0
6561,20260422,128,6185,15,4,1,9,1,,4,1542.62,258.49,1922.02,0
6562,20260423,122,5615,22,2,2,5,1,,2,609.44,277.04,1068.49,0
6563,20260424,174,5445,5,1,1,4,1,,4,1532.2,256.02,4175.84,0
6564,20260425,105,6206,6,3,2,3,1,,4,457.49,176.77,1468.59,0
6565,20260426,189,6053,4,1,1,5,1,,2,470.41,137.08,1857.96,0
6566,20260427,170,6128,21,2,1,6,1,,6,2777.79,103.58,4054.3,0
6567,20260428,171,5271,16,3,2,9,1,,3,2798.23,29.04,4819.75,0
6568,20260429,136,6037,18,3,2,11,1,,4,1019.86,264.02,1268.26,0
6569,20260430,122,6101,13,3,1,6,1,,1,1126.65,83.6,2577.9,0
6570,20260501,190,6435,16,3,1,7,1,,3,2355.89,163.27,4540.41,0
6571,20260201,139,5110,14,4,1,3,1,,3,1227.9,25.02,2448.33,0
6572,20260202,105,5206,6,3,1,9,1,,1,642.95,122.83,2553.36,0
6573,20260203,123,5208,1,4,1,7,1,,6,834.76,112.99,1720.61,0
6574,20260204,124,6498,1,2,1,7,1,,2,566.64,93.6,4123.79,0
6575,20260205,176,5268,9,3,1,3,1,,5,1257.51,270.94,1836.94,0
6576,20260206,186,5705,14,4,2,3,1,,5,2340.33,223.53,3685.93,0
6577,20260207,163,5355,9,4,1,8,1,,6,900.78,157.44,3000.24,0
6578,20260208,163,5076,14,1,2,5,1,,4,741.09,63.23,1767.44,0
6579,20260209,137,6499,12,4,1,10,1,,5,582.81,130.9,2645.97,0
6580,20260210,137,6431,5,1,2,3,1,,1,638.23,7.42,3452.51,0
6581,20260211,199,5159,8,4,2,5,1,,5,716.5,177.9,2725.77,0
6582,20260212,125,6061,8,3,1,8,1,,1,2441.3,66.06,1692.49,0
6583,20260213,139,6003,2,4,2,11,1,,6,1765.34,38.46,1075.17,0
6584,20260214,189,5912,4,4,2,1,1,,1,1072.41,150.3,4779.99,0
6585,20260215,174,5738,6,3,1,5,1,,2,1929.2,236.01,4533.8,0
6586,20260216,192,6421,12,4,2,7,1,,4,923.7,144.33,4162.27,0
6587,20260217,106,5185,5,1,2,4,1,,2,1249.28,284.6,2105.11,0
6588,20260218,175,6255,23,4,2,10,1,,4,1157.07,121.43,2101.95,0
6589,20260219,136,5776,22,4,2,7,1,,4,2645.21,241.32,4838.97,0
6590,20260220,192,5191,8,3,1,7,1,,5,2234.58,235.37,4798.49,0
6591,20260221,102,5436,6,3,1,3,1,,1,1415.74,210.49,3843.07,0
6592,20260222,126,6438,5,3,2,12,1,,6,719.69,91.85,927.88,0
6593,20260223,103,5582,19,2,2,10,1,,1,2407.94,100.31,2759.94,0
6594,20260224,198,6266,18,2,2,6,1,,1,2232.65,120.1,757.91,0
6595,20260225,177,6365,3,2,2,7,1,,3,890.81,137.18,3882.84,0
6596,20260226,105,5658,15,2,2,2,1,,1,1703.02,149.38,661.47,0
6597,20260227,176,5680,2,2,2,5,1,,3,669.42,273.23,4897.02,0
6598,20260228,105,5258,24,3,1,12,1,,2,2052.22,13.08,3549.45,0
6599,20260301,143,6200,11,1,1,2,1,,2,2301.0,209.44,935.55,0
6600,20260302,144,6175,12,3,1,5,1,,1,1858.21,131.83,2450.19,0
6601,20260303,144,5661,7,4,1,2,1,,5,607.03,193.77,3952.12,0
6602,20260304,127,5266,18,1,1,3,1,,6,1252.32,161.19,2286.1,0
6603,20260305,137,5548,23,1,2,10,1,,2,2375.72,196.3,2020.69,0
6604,20260306,140,6118,4,1,1,5,1,,4,1727.29,285.1,2207.24,0
6605,20260307,116,6011,8,4,1,3,1,,1,1299.73,163.52,3938.02,0
6606,20260308,133,5717,2,2,2,6,1,,6,1801.69,119.18,2576.15,0
6607,20260309,112,5408,22,1,1,2,1,,2,2327.96,242.56,835.26,0
6608,20260310,193,5379,10,2,2,12,1,,6,1314.85,209.14,1076.62,0
6609,20260311,178,5228,7,4,1,2,1,,3,944.78,82.8,4370.24,0
6610,20260312,102,5787,1,1,2,7,1,,6,670.84,39.34,2044.44,0
6611,20260313,171,5564,20,3,2,8,1,,3,927.68,60.03,4583.85,0
6612,20260314,104,5983,10,1,1,11,1,,2,1286.73,63.33,3622.79,0
6613,20260315,155,6274,9,1,2,6,1,,1,1603.39,202.09,2517.61,0
6614,20260316,145,5792,12,2,2,6,1,,3,1625.58,71.63,2416.05,0
6615,20260317,196,5770,3,2,1,11,1,,3,2241.48,145.95,509.58,0
6616,20260318,144,5010,16,2,1,12,1,,6,1831.33,144.37,1072.88,0
6617,20260319,133,6399,22,3,2,4,1,,4,1422.59,132.59,940.2,0
6618,20260320,128,6233,24,4,1,12,1,,5,1351.66,61.28,3098.09,0
6619,20260321,143,5631,16,1,1,11,1,,1,835.8,86.2,4314.66,0
6620,20260322,146,6245,24,2,1,10,1,,3,786.84,133.48,1265.82,0
6621,20260323,196,5306,18,1,2,7,1,,3,2183.58,227.87,2218.71,0
6622,20260324,138,5111,6,4,2,5,1,,4,1515.49,5.59,1762.61,0
6623,20260325,111,5422,8,3,2,9,1,,2,1882.96,176.67,1198.67,0
6624,20260326,196,5582,5,2,2,1,1,,4,1711.12,93.68,3909.7,0
6625,20260327,132,6210,8,4,1,7,1,,6,747.93,126.68,2942.56,0
6626,20260328,119,5472,20,1,1,10,1,,3,1528.62,209.49,2760.33,0
6627,20260329,185,5965,9,3,2,6,1,,4,2119.9,212.93,566.86,0
6628,20260330,125,6360,4,4,2,6,1,,5,839.14,179.23,3187.06,0
6629,20260331,140,6058,4,2,2,5,1,,3,2730.52,85.38,4253.95,0
6630,20260401,117,5944,16,1,2,10,1,,1,2684.06,36.49,3870.63,0
6631,20260402,134,5227,24,2,2,5,1,,3,2030.18,141.22,3103.01,0
6632,20260403,116,6111,17,3,2,1,1,,6,2256.19,239.2,2512.32,0
6633,20260404,190,5004,18,2,1,2,1,,6,1819.65,113.1,2623.01,0
6634,20260405,119,5723,17,2,2,12,1,,3,2596.33,51.18,2489.77,0
6635,20260406,116,6309,17,1,2,6,1,,3,1868.37,27.46,1290.91,0
6636,20260407,170,6245,19,3,1,3,1,,1,1926.38,202.29,2648.3,0
6637,20260408,140,6308,10,4,2,7,1,,6,2184.83,117.46,1058.62,0
6638,20260409,165,5446,16,1,2,8,1,,1,2101.89,57.85,2539.18,0
6639,20260410,116,6344,23,2,2,1,1,,4,2286.69,55.56,3797.26,0
6640,20260411,118,5016,8,3,1,4,1,,5,1911.12,133.36,4938.22,0
6641,20260412,185,5678,3,4,1,12,1,,3,1298.38,79.39,2147.12,0
6642,20260413,165,6160,15,2,1,6,1,,5,552.15,276.79,4944.84,1
6643,20260414,180,6051,17,3,2,3,1,,2,1840.65,183.42,2671.69,0
6644,20260415,105,5373,12,3,2,9,1,,3,2591.82,252.62,1112.24,0
6645,20260416,105,5659,10,4,1,10,1,,1,845.95,151.19,3599.94,0
6646,20260417,188,6154,13,4,1,4,1,,6,1278.55,259.56,1560.66,0
6647,20260418,104,6295,14,2,1,4,1,,1,408.46,22.28,884.8,0
6648,20260419,195,5725,12,4,2,4,1,,2,1828.99,112.26,4236.78,0
6649,20260420,151,5848,5,1,2,12,1,,4,1924.74,251.34,1714.77,0
6650,20260421,172,5771,7,4,2,8,1,,1,968.24,4.89,2362.18,0
6651,20260422,132,6058,14,1,1,7,1,,6,1627.26,248.34,3563.76,0
6652,20260423,143,6030,9,1,2,4,1,,1,1675.43,165.5,1994.0,0
6653,20260424,142,5374,6,4,2,12,1,,1,1470.68,138.64,4489.86,0
6654,20260425,108,5022,8,3,1,1,1,,3,2477.51,282.69,3006.52,0
6655,20260426,168,5924,1,2,2,2,1,,4,607.39,176.48,3521.87,0
6656,20260427,189,6159,15,3,2,1,1,,1,1849.18,14.92,1703.07,0
6657,20260428,185,5529,2,4,1,11,1,,2,2033.33,68.62,1795.48,0
6658,20260429,154,5218,4,3,2,11,1,,3,837.72,263.95,3332.61,0
6659,20260430,118,5900,18,2,1,2,1,,3,1725.91,34.36,4660.75,1
6660,20260501,166,6336,8,3,1,2,1,,1,2244.2,191.29,1954.78,0
6661,20260201,188,5253,12,2,1,4,1,,3,1185.8,231.04,4241.95,0
6662,20260202,171,6157,14,1,2,2,1,,6,2461.81,146.47,4785.64,0
6663,20260203,150,5785,15,1,1,7,1,,1,1427.18,278.87,3726.06,1
6664,20260204,108,6458,14,3,1,6,1,,1,611.46,68.73,2982.51,0
6665,20260205,136,5046,23,1,2,12,1,,3,497.69,186.09,1730.38,0
6666,20260206,167,6158,7,3,1,2,1,,4,856.36,43.93,1808.48,0
6667,20260207,114,5719,22,3,1,3,1,,3,1962.56,24.07,1616.7,0
6668,20260208,134,5162,10,1,1,7,1,,6,1717.99,39.97,4198.73,0
6669,20260209,148,6105,23,2,2,11,1,,2,1532.13,161.04,4322.94,0
6670,20260210,193,6332,20,4,2,7,1,,1,2118.09,122.78,4581.96,0
6671,20260211,179,5550,11,4,2,8,1,,1,2705.96,255.62,4451.72,0
6672,20260212,180,5768,16,4,2,10,1,,1,833.03,189.64,3174.7,0
6673,20260213,133,5526,21,3,1,1,1,,4,1965.22,165.9,1979.96,0
6674,20260214,165,5538,9,1,1,4,1,,1,1552.75,262.6,1015.33,0
6675,20260215,140,6343,13,3,1,11,1,,6,2633.19,166.85,558.92,0
6676,20260216,110,5157,17,2,2,7,1,,5,2799.32,9.47,827.18,0
6677,20260217,170,6458,20,1,1,8,1,,5,532.06,33.24,1781.99,0
6678,20260218,101,6042,21,3,2,12,1,,3,1012.64,257.16,1536.36,0
6679,20260219,187,5275,12,4,2,3,1,,1,2735.76,273.11,789.35,0
6680,20260220,188,5680,3,1,1,10,1,,3,1269.44,205.88,4037.88,0
6681,20260221,152,5725,17,2,1,7,1,,3,1256.08,90.01,2451.39,0
6682,20260222,188,5023,1,1,2,11,1,,4,1116.1,236.17,1887.35,0
6683,20260223,159,5912,6,2,1,9,1,,3,1182.24,285.42,4050.68,0
6684,20260224,193,6403,7,1,2,10,1,,2,1252.03,160.89,823.32,0
6685,20260225,106,6477,16,2,1,8,1,,4,2468.03,282.6,4330.14,0
6686,20260226,176,6383,20,1,1,8,1,,4,1483.14,26.52,542.09,0
6687,20260227,122,5654,23,2,2,11,1,,3,2459.3,174.16,1437.9,0
6688,20260228,170,5643,4,3,1,11,1,,3,1779.05,11.8,590.02,0
6689,20260301,134,5884,16,2,1,10,1,,4,2254.2,243.76,4713.3,0
6690,20260302,167,6099,3,1,1,2,1,,6,2201.7,131.77,4348.66,0
6691,20260303,198,6397,2,3,2,6,1,,5,1979.87,206.07,2584.21,0
6692,20260304,199,5093,9,2,2,4,1,,6,1451.18,140.55,3169.48,0
6693,20260305,153,5980,23,2,1,6,1,,3,1810.17,114.63,4547.89,0
6694,20260306,163,5016,6,4,1,8,1,,2,902.3,8.54,2550.77,0
6695,20260307,120,5238,13,4,1,10,1,,4,2012.99,115.82,3337.85,0
6696,20260308,189,5372,16,2,2,3,1,,5,1753.06,17.62,4136.08,0
6697,20260309,122,5814,18,3,2,5,1,,4,2377.34,189.15,3334.87,0
6698,20260310,185,5826,17,3,1,3,1,,1,1896.38,201.37,4157.19,0
6699,20260311,130,5387,24,1,2,5,1,,2,627.88,181.5,4980.25,0
6700,20260312,139,6416,18,3,2,5,1,,3,2195.37,84.96,2366.12,0
6701,20260313,134,5051,10,3,1,7,1,,2,620.16,217.43,3722.89,0
6702,20260314,197,5792,10,1,2,1,1,,1,549.77,65.68,3137.87,0
6703,20260315,133,5903,9,2,1,3,1,,6,2583.39,127.71,4431.34,0
6704,20260316,151,5044,12,1,2,7,1,,5,2619.75,225.79,3759.88,0
6705,20260317,186,6191,4,4,1,9,1,,5,1604.96,131.68,1133.28,0
6706,20260318,120,5128,16,3,1,1,1,,5,2657.14,133.4,2578.7,0
6707,20260319,120,5777,20,4,2,8,1,,2,1069.31,94.53,4373.62,0
6708,20260320,190,5894,2,1,2,12,1,,1,507.54,111.48,2999.5,0
6709,20260321,198,5556,19,1,2,12,1,,4,1240.36,131.0,2733.54,1
6710,20260322,175,5346,4,2,2,2,1,,6,1846.78,255.72,1137.93,0
6711,20260323,112,5990,4,4,2,1,1,,6,1804.09,151.54,4361.4,0
6712,20260324,192,5972,5,1,1,7,1,,3,1699.06,262.95,4733.85,0
6713,20260325,160,5161,8,2,1,11,1,,3,1729.45,210.29,3670.84,0
6714,20260326,127,5520,18,1,1,1,1,,1,1128.88,290.5,1587.98,0
6715,20260327,150,5295,12,4,1,11,1,,3,989.8,224.25,3773.74,0
6716,20260328,187,5491,1,3,1,9,1,,4,2062.93,49.59,1769.57,0
6717,20260329,136,5878,13,1,1,2,1,,1,1443.42,205.93,4718.63,0
6718,20260330,109,6173,12,1,2,2,1,,5,1869.68,214.7,3082.67,0
6719,20260331,170,5883,11,2,2,7,1,,1,1117.45,5.2,845.83,0
6720,20260401,110,6150,16,3,1,4,1,,4,1121.95,213.97,2231.52,0
6721,20260402,110,5363,11,1,2,3,1,,6,1983.97,215.01,4437.54,0
6722,20260403,168,6235,22,1,1,5,1,,1,1186.89,214.19,800.43,0
6723,20260404,111,6337,21,2,1,9,1,,4,896.37,13.53,2238.39,0
6724,20260405,131,6331,6,4,2,8,1,,2,1523.29,290.8,2153.74,0
6725,20260406,195,6414,21,3,1,1,1,,5,1816.71,92.41,1120.55,0
6726,20260407,162,5259,11,3,1,4,1,,4,1324.63,175.32,3623.67,0
6727,20260408,125,5485,1,3,2,6,1,,2,2113.83,40.54,2185.14,0
6728,20260409,138,6274,23,3,1,3,1,,5,1218.7,260.01,819.91,0
6729,20260410,112,5482,13,2,1,6,1,,3,1666.99,129.35,988.45,0
6730,20260411,128,5389,21,2,1,6,1,,4,638.9,268.81,4554.47,0
6731,20260412,114,5160,4,2,2,3,1,,2,2071.64,260.52,2391.95,0
6732,20260413,192,6410,20,1,1,12,1,,1,2668.61,222.38,2166.94,0
6733,20260414,181,5361,24,2,1,2,1,,1,649.22,175.74,4750.6,0
6734,20260415,171,5443,22,1,2,10,1,,5,911.82,65.68,710.19,0
6735,20260416,184,5130,7,1,2,1,1,,2,442.91,227.44,4565.82,0
6736,20260417,120,6151,19,4,1,9,1,,1,1038.32,61.18,1930.09,0
6737,20260418,183,6064,14,2,1,6,1,,5,2122.79,2.51,4904.05,0
6738,20260419,168,5926,16,4,1,8,1,,4,1735.56,170.66,1302.75,0
6739,20260420,137,5858,9,3,1,4,1,,6,1226.51,172.46,3750.44,0
6740,20260421,182,6478,13,3,2,1,1,,6,2141.37,234.18,1335.94,0
6741,20260422,199,5967,1,2,1,8,1,,3,1013.55,43.47,4227.54,0
6742,20260423,120,6312,9,1,1,5,1,,4,1328.48,172.97,3989.61,0
6743,20260424,127,5823,7,1,2,10,1,,4,1257.0,152.85,2374.61,0
6744,20260425,168,6476,4,3,1,4,1,,3,1693.06,75.64,2031.73,0
6745,20260426,136,5665,8,4,2,10,1,,2,1964.6,51.71,2374.67,1
6746,20260427,128,5534,12,4,1,9,1,,6,568.87,276.43,2117.14,0
6747,20260428,176,5774,14,1,2,5,1,,6,1417.4,111.95,3503.42,0
6748,20260429,175,5121,17,3,2,2,1,,1,1560.15,115.24,931.61,0
6749,20260430,102,5361,6,2,2,10,1,,4,427.61,276.51,2844.59,0
6750,20260501,146,5356,6,3,1,10,1,,6,1122.15,64.34,583.61,0
6751,20260201,195,5556,18,3,2,12,1,,1,1679.5,148.72,1954.07,0
6752,20260202,196,5648,15,4,1,7,1,,6,912.65,130.09,3641.39,0
6753,20260203,102,6302,2,4,1,11,1,,1,929.8,106.55,3271.2,0
6754,20260204,198,5072,15,4,2,7,1,,4,2342.83,75.24,1378.28,0
6755,20260205,101,6161,23,4,1,6,1,,3,1209.37,8.92,3627.27,0
6756,20260206,187,5409,7,2,2,4,1,,6,614.16,230.03,3763.21,0
6757,20260207,188,5998,23,3,2,12,1,,2,631.84,293.85,2102.81,0
6758,20260208,196,5528,1,2,2,2,1,,6,516.61,99.51,2843.25,0
6759,20260209,141,5312,13,2,1,4,1,,1,510.36,210.81,4058.33,0
6760,20260210,191,6285,11,4,2,9,1,,6,1715.24,125.64,4848.43,0
6761,20260211,148,5595,5,1,1,2,1,,5,1406.83,262.45,1278.42,0
6762,20260212,122,5818,8,3,1,2,1,,5,1709.73,84.84,2472.84,0
6763,20260213,192,5901,24,3,1,9,1,,1,2371.9,206.6,1068.54,0
6764,20260214,111,6325,12,1,1,2,1,,5,1049.49,50.86,2922.54,0
6765,20260215,198,5288,15,4,1,5,1,,2,2308.95,78.94,1548.57,0
6766,20260216,158,5214,18,4,1,6,1,,3,1534.04,69.27,2599.87,0
6767,20260217,143,5944,4,3,2,3,1,,4,1033.9,202.27,2548.91,0
6768,20260218,126,5254,23,1,2,2,1,,2,994.65,127.19,2807.44,0
6769,20260219,188,5297,24,1,2,6,1,,3,2649.21,228.95,4238.38,0
6770,20260220,157,5503,19,4,2,11,1,,6,2655.15,81.33,963.48,0
6771,20260221,190,5689,18,4,1,4,1,,4,1048.05,45.25,2155.46,0
6772,20260222,197,5067,13,2,1,9,1,,4,1484.22,227.25,4741.16,0
6773,20260223,193,6027,10,1,1,5,1,,2,562.81,1.13,4778.43,0
6774,20260224,188,6223,19,4,2,8,1,,4,2103.96,20.72,3070.94,0
6775,20260225,192,5856,22,4,2,10,1,,2,2374.4,169.86,1342.82,0
6776,20260226,169,6379,7,4,1,12,1,,4,1795.77,179.19,3715.6,1
6777,20260227,173,5998,24,2,1,8,1,,6,2571.75,172.93,4946.01,0
6778,20260228,190,5499,17,1,1,2,1,,2,1369.16,39.09,524.58,0
6779,20260301,196,5392,3,3,1,12,1,,6,1308.38,232.61,2668.1,0
6780,20260302,133,5659,14,2,1,3,1,,6,2596.62,98.68,2144.6,0
6781,20260303,184,5783,15,3,1,6,1,,5,1194.97,143.74,1314.41,0
6782,20260304,104,5262,18,2,1,5,1,,2,1988.38,259.68,923.34,0
6783,20260305,138,5360,23,3,1,11,1,,5,1982.63,18.04,1052.36,0
6784,20260306,193,5945,6,3,1,9,1,,5,2479.65,248.06,4021.04,0
6785,20260307,174,5826,20,4,2,8,1,,2,1669.37,266.87,1551.65,0
6786,20260308,160,5645,4,2,1,1,1,,4,729.14,247.32,1929.49,0
6787,20260309,174,6392,18,1,2,7,1,,1,825.56,55.17,1710.84,0
6788,20260310,184,5073,8,2,1,4,1,,6,2457.63,139.19,4443.03,0
6789,20260311,103,5122,13,3,1,10,1,,6,1381.58,295.66,1167.89,0
6790,20260312,130,6148,12,3,2,1,1,,4,1905.53,56.66,4009.83,0
6791,20260313,198,5016,2,2,1,5,1,,3,2035.38,215.56,1045.21,0
6792,20260314,106,6287,13,1,1,9,1,,3,1162.6,242.81,746.32,0
6793,20260315,116,6186,7,4,2,1,1,,4,1057.93,29.58,4280.16,0
6794,20260316,116,6043,5,2,1,5,1,,1,938.44,213.63,1242.8,1
6795,20260317,194,6182,12,1,1,1,1,,2,987.31,58.41,3827.62,0
6796,20260318,193,5248,7,2,2,9,1,,1,1079.49,55.99,1550.54,0
6797,20260319,105,5353,5,1,2,10,1,,1,1342.15,27.93,3606.92,0
6798,20260320,111,6229,19,3,1,11,1,,2,2713.39,0.02,3248.08,0
6799,20260321,165,6314,10,2,1,5,1,,6,2475.89,190.78,4282.99,0
6800,20260322,192,6337,20,3,1,10,1,,5,1523.98,181.92,2917.97,0
6801,20260323,112,5995,14,2,1,11,1,,1,1827.01,196.64,4332.18,0
6802,20260324,197,5211,4,3,2,4,1,,6,673.53,130.5,2506.42,0
6803,20260325,107,5161,22,3,1,1,1,,3,2018.24,270.61,3019.24,0
6804,20260326,118,5057,14,3,2,7,1,,2,1954.36,8.91,615.34,0
6805,20260327,171,5386,21,2,2,4,1,,4,2240.06,43.53,3603.19,1
6806,20260328,173,5419,20,4,1,6,1,,6,2151.03,37.88,3844.74,1
6807,20260329,182,5646,13,3,2,12,1,,6,1514.36,215.03,4461.59,0
6808,20260330,155,5911,3,2,2,10,1,,3,2329.37,211.53,936.14,0
6809,20260331,103,5714,19,4,1,6,1,,2,995.37,224.16,1892.73,0
6810,20260401,181,6195,15,1,2,11,1,,2,439.23,166.84,4399.83,0
6811,20260402,166,5968,18,4,1,10,1,,2,2660.63,247.62,3702.4,0
6812,20260403,118,6423,5,3,2,1,1,,3,433.58,121.01,915.46,0
6813,20260404,150,6065,22,3,2,11,1,,1,640.67,239.0,3868.12,0
6814,20260405,117,5340,11,3,1,10,1,,1,1377.93,87.13,4228.9,0
6815,20260406,196,6249,18,2,2,9,1,,1,1079.68,142.13,660.17,0
6816,20260407,185,5890,10,4,1,8,1,,2,1795.92,51.08,3035.27,0
6817,20260408,113,5643,8,2,2,6,1,,2,860.63,89.33,1437.72,0
6818,20260409,179,6305,5,4,2,9,1,,5,1964.3,62.81,726.75,0
6819,20260410,192,5362,2,3,1,1,1,,6,1271.74,77.63,3264.63,0
6820,20260411,102,5388,9,3,1,6,1,,5,2338.39,131.13,3804.03,0
6821,20260412,147,5162,19,4,2,12,1,,2,2263.02,231.16,4743.98,0
6822,20260413,133,5608,23,3,1,11,1,,1,1823.1,84.01,2143.68,0
6823,20260414,178,5178,6,2,1,2,1,,4,2533.07,171.1,1782.02,0
6824,20260415,175,5602,9,2,1,9,1,,2,737.56,190.69,2007.74,0
6825,20260416,165,5941,10,2,2,10,1,,4,2179.41,1.05,1752.1,0
6826,20260417,142,6325,11,1,2,8,1,,5,1965.42,113.95,1782.76,0
6827,20260418,156,5404,18,2,1,1,1,,6,2773.73,215.95,3036.62,0
6828,20260419,121,5713,4,2,1,2,1,,5,1818.57,262.65,2215.14,0
6829,20260420,132,5216,3,4,2,6,1,,3,1336.47,267.29,2416.94,0
6830,20260421,129,5001,2,3,1,4,1,,3,1794.31,261.7,854.78,0
6831,20260422,151,5605,1,4,2,6,1,,6,1367.98,85.71,912.94,0
6832,20260423,150,6491,15,2,2,10,1,,2,2056.33,58.55,3557.52,0
6833,20260424,179,5785,5,3,2,8,1,,3,2080.26,197.02,1051.48,0
6834,20260425,155,5746,14,4,2,8,1,,4,1143.85,119.24,1596.27,0
6835,20260426,146,5697,17,4,1,8,1,,1,602.16,126.73,4206.22,0
6836,20260427,159,6169,13,2,1,5,1,,5,1942.21,278.76,1519.69,0
6837,20260428,137,5412,14,2,2,2,1,,3,1397.35,213.96,1427.91,0
6838,20260429,164,6226,10,4,2,11,1,,3,566.09,221.06,1505.24,0
6839,20260430,132,5850,24,1,1,1,1,,4,2676.94,282.93,2650.4,0
6840,20260501,199,6400,2,3,1,5,1,,6,2795.47,10.96,1977.03,0
6841,20260201,171,6416,4,4,2,5,1,,5,2130.36,162.04,4598.44,0
6842,20260202,108,6286,22,4,1,9,1,,3,1316.99,166.27,4339.01,0
6843,20260203,149,5013,17,3,2,7,1,,3,1429.84,251.02,1416.71,0
6844,20260204,149,5416,22,2,2,3,1,,5,2272.19,121.42,1146.4,0
6845,20260205,113,6274,21,2,1,8,1,,2,1384.24,224.34,2014.83,0
6846,20260206,156,5858,15,2,1,7,1,,6,2262.5,13.28,2698.61,1
6847,20260207,121,6020,22,4,1,11,1,,2,1392.43,213.75,2354.6,0
6848,20260208,134,5942,23,4,2,6,1,,6,2324.21,296.95,2613.15,0
6849,20260209,116,5854,9,1,1,3,1,,4,664.06,214.01,3834.63,0
6850,20260210,117,5401,9,3,2,12,1,,4,818.31,206.74,3175.96,0
6851,20260211,112,5933,14,3,1,7,1,,1,1123.01,157.59,828.93,0
6852,20260212,175,6220,11,4,1,9,1,,2,888.74,191.34,576.12,0
6853,20260213,102,5453,21,2,1,6,1,,4,2234.11,290.83,542.57,0
6854,20260214,125,5509,21,1,2,2,1,,5,1685.35,162.93,2234.63,0
6855,20260215,151,6165,13,2,2,10,1,,5,2680.56,109.22,3835.54,0
6856,20260216,112,5131,2,2,1,9,1,,5,1458.13,107.54,2232.09,0
6857,20260217,172,6419,21,1,2,1,1,,3,2247.51,29.3,2249.06,0
6858,20260218,151,5832,21,1,1,1,1,,4,882.31,85.23,2072.51,0
6859,20260219,174,5859,3,1,2,9,1,,1,1635.97,275.37,1915.17,0
6860,20260220,184,5980,9,4,2,9,1,,6,2787.01,234.61,4323.17,0
6861,20260221,122,5615,19,2,2,2,1,,2,1692.31,179.51,1140.29,0
6862,20260222,173,6410,8,3,2,5,1,,6,1044.97,236.23,2936.4,0
6863,20260223,196,6265,1,3,2,4,1,,6,549.24,37.44,3859.74,0
6864,20260224,142,5271,13,1,2,12,1,,3,2303.79,133.56,2829.25,0
6865,20260225,138,5754,24,4,2,4,1,,4,914.23,107.61,1122.23,0
6866,20260226,111,5843,7,4,2,4,1,,1,2736.23,72.71,3893.84,0
6867,20260227,126,6147,12,4,1,7,1,,5,2233.79,100.03,678.42,0
6868,20260228,194,6296,2,1,2,11,1,,1,2419.55,72.73,1419.14,0
6869,20260301,155,5315,20,2,1,12,1,,3,1372.28,37.13,1573.78,0
6870,20260302,125,5491,12,4,1,3,1,,1,2534.86,96.81,1895.43,0
6871,20260303,117,5142,8,4,1,7,1,,5,848.69,183.4,3949.33,0
6872,20260304,186,6360,17,4,1,3,1,,3,1288.11,92.9,3594.19,1
6873,20260305,198,5478,4,1,2,7,1,,6,1802.92,16.7,633.68,0
6874,20260306,199,6380,19,4,1,9,1,,5,1446.78,91.81,1525.21,0
6875,20260307,142,6201,8,3,2,11,1,,4,2608.16,121.95,3528.03,0
6876,20260308,147,6332,21,4,1,4,1,,4,445.33,203.67,864.96,0
6877,20260309,197,6427,22,1,1,11,1,,2,911.33,53.95,596.9,0
6878,20260310,152,6018,6,4,2,8,1,,2,2795.99,11.78,888.59,0
6879,20260311,177,5087,7,3,1,4,1,,6,2192.03,290.88,697.45,0
6880,20260312,119,6040,24,3,1,5,1,,2,1100.45,283.24,1985.42,0
6881,20260313,113,6288,3,4,1,10,1,,2,575.1,19.56,1906.01,0
6882,20260314,132,6297,13,4,2,9,1,,4,960.9,291.83,3844.92,0
6883,20260315,134,5792,13,4,2,12,1,,4,1674.32,184.72,745.06,0
6884,20260316,104,6000,7,4,1,4,1,,5,2697.62,238.5,1807.86,0
6885,20260317,156,5551,8,3,1,9,1,,5,2445.63,111.61,2529.31,0
6886,20260318,137,5545,24,3,2,5,1,,2,1739.21,110.17,2803.44,0
6887,20260319,162,6288,9,2,1,1,1,,5,1039.61,257.22,701.59,0
6888,20260320,200,5577,22,4,2,12,1,,5,1816.16,69.72,4447.26,0
6889,20260321,167,5872,2,1,2,6,1,,6,2655.08,299.93,1532.02,0
6890,20260322,191,6489,19,3,2,8,1,,4,2280.39,287.06,4377.84,0
6891,20260323,191,5517,6,4,1,10,1,,5,975.21,294.1,3876.01,0
6892,20260324,143,5598,24,3,1,11,1,,2,2277.35,154.17,4960.35,0
6893,20260325,194,5752,7,4,1,5,1,,4,2296.23,189.15,4711.16,0
6894,20260326,189,5794,16,1,2,8,1,,6,1996.61,294.91,778.2,0
6895,20260327,181,6404,23,3,2,6,1,,2,1805.79,111.19,1338.73,0
6896,20260328,134,6189,4,3,1,9,1,,4,1021.35,171.54,935.22,0
6897,20260329,165,6174,7,1,1,6,1,,5,2533.16,116.65,2842.49,0
6898,20260330,177,6494,9,4,1,9,1,,3,2429.46,115.25,3799.47,0
6899,20260331,109,5533,4,4,2,5,1,,6,2120.31,8.97,2305.21,0
6900,20260401,125,5266,14,2,2,7,1,,2,2636.54,9.56,4725.02,0
6901,20260402,144,6400,21,4,2,6,1,,2,1204.52,165.49,2385.89,0
6902,20260403,159,5438,14,1,1,3,1,,1,666.91,202.9,1248.77,0
6903,20260404,142,6151,14,1,2,5,1,,4,1867.04,286.99,4359.5,0
6904,20260405,139,5544,23,1,2,2,1,,5,1826.41,153.81,3607.37,0
6905,20260406,162,5859,5,1,1,4,1,,4,663.04,112.11,2384.53,0
6906,20260407,122,5405,8,1,2,8,1,,6,2784.05,45.7,2708.31,0
6907,20260408,124,5264,9,2,2,6,1,,5,2184.26,215.46,961.79,0
6908,20260409,118,5705,19,4,2,2,1,,5,1283.96,35.7,3514.03,0
6909,20260410,157,5905,15,1,2,4,1,,1,2050.92,184.64,1392.63,0
6910,20260411,107,6217,13,2,2,9,1,,4,2513.16,33.39,2833.11,0
6911,20260412,174,5135,19,2,1,11,1,,6,1073.19,231.02,3704.02,0
6912,20260413,135,5076,5,4,1,11,1,,5,2528.58,67.41,3477.62,0
6913,20260414,194,6111,24,4,2,11,1,,6,909.57,193.67,773.48,0
6914,20260415,199,6043,11,3,1,1,1,,3,1866.35,108.72,1629.69,0
6915,20260416,179,5367,17,4,2,8,1,,6,1213.67,135.37,1523.78,0
6916,20260417,167,5839,14,1,2,6,1,,6,910.09,177.51,1085.49,0
6917,20260418,140,5179,7,2,2,4,1,,2,2327.14,289.1,3464.52,1
6918,20260419,107,6066,4,3,2,5,1,,5,1769.34,18.04,4842.57,0
6919,20260420,104,6067,10,2,2,4,1,,3,1864.44,32.74,4795.41,1
6920,20260421,112,5647,16,4,2,12,1,,3,2107.66,248.1,1234.28,0
6921,20260422,156,5163,6,1,2,3,1,,6,2525.03,134.21,660.16,0
6922,20260423,174,5098,13,2,2,7,1,,3,765.26,297.52,3327.42,0
6923,20260424,117,5311,12,4,1,5,1,,3,925.35,124.45,1189.85,0
6924,20260425,179,5320,24,1,2,7,1,,3,1024.95,275.19,4466.61,0
6925,20260426,182,5862,16,1,1,8,1,,1,1455.63,20.13,729.85,0
6926,20260427,148,6467,12,4,2,4,1,,5,2512.95,285.64,1081.12,0
6927,20260428,144,6435,15,3,1,8,1,,1,2740.9,142.67,3967.07,0
6928,20260429,187,6411,18,3,2,10,1,,1,2051.49,215.35,2625.95,0
6929,20260430,170,5166,17,4,2,9,1,,1,1262.61,176.88,1038.08,0
6930,20260501,181,5880,5,2,1,8,1,,5,1041.57,151.04,2583.16,0
6931,20260201,174,5746,16,1,2,7,1,,2,2227.77,2.87,719.84,0
6932,20260202,103,5530,16,1,2,1,1,,4,1973.58,268.72,2821.59,0
6933,20260203,176,5079,2,2,2,1,1,,5,2640.5,298.25,4441.44,0
6934,20260204,139,5867,7,1,1,3,1,,4,1920.14,52.0,2618.87,0
6935,20260205,165,5398,15,4,1,4,1,,1,2136.86,269.19,2622.68,0
6936,20260206,112,5299,13,1,2,7,1,,6,2083.99,294.55,4991.81,0
6937,20260207,117,5826,13,2,1,7,1,,2,525.28,28.18,4991.44,0
6938,20260208,138,5290,4,3,2,7,1,,2,474.72,211.46,2752.36,0
6939,20260209,117,6029,4,1,1,4,1,,1,1811.39,206.28,2944.61,0
6940,20260210,125,5747,19,1,1,12,1,,3,2622.79,56.01,2427.21,0
6941,20260211,164,5578,15,2,2,6,1,,6,1887.17,37.37,2843.23,0
6942,20260212,169,5232,24,2,1,10,1,,1,2291.46,44.57,3927.9,0
6943,20260213,171,6063,6,2,1,12,1,,6,2422.09,95.89,917.04,0
6944,20260214,127,6086,16,1,2,6,1,,3,2333.9,8.06,4668.95,0
6945,20260215,189,5609,16,3,2,4,1,,2,1107.9,33.84,1406.55,0
6946,20260216,180,5084,16,1,1,12,1,,6,1118.49,184.22,1027.81,0
6947,20260217,187,5216,1,4,1,8,1,,5,1501.9,169.49,2730.84,0
6948,20260218,146,5418,23,4,1,1,1,,3,2400.58,285.55,3878.88,0
6949,20260219,139,5701,16,3,1,8,1,,3,952.58,64.38,1434.37,0
6950,20260220,151,6410,19,3,1,8,1,,2,1013.69,82.19,4772.1,0
6951,20260221,193,5247,6,2,2,10,1,,3,2645.68,87.03,4494.32,0
6952,20260222,131,5853,20,2,1,1,1,,5,631.35,43.14,2056.65,1
6953,20260223,166,5766,8,3,1,3,1,,5,1562.72,5.06,4652.48,0
6954,20260224,146,5484,17,4,1,7,1,,6,1023.94,22.98,4955.17,0
6955,20260225,164,5552,18,4,2,9,1,,2,1428.31,66.79,2706.23,0
6956,20260226,178,5259,9,4,1,1,1,,3,2128.36,171.44,3198.88,0
6957,20260227,132,5229,18,1,2,11,1,,3,2264.31,182.74,4939.48,0
6958,20260228,142,5078,24,3,1,6,1,,5,1055.69,3.83,3926.08,0
6959,20260301,132,5677,14,2,2,1,1,,4,581.02,197.04,678.16,0
6960,20260302,199,6228,4,4,1,10,1,,6,1272.0,132.25,3002.32,0
6961,20260303,113,5945,16,3,1,9,1,,5,1738.66,93.44,3098.49,0
6962,20260304,147,6346,7,1,1,6,1,,6,2460.42,96.71,4941.59,0
6963,20260305,109,5863,10,2,1,12,1,,6,1814.57,39.12,2905.49,0
6964,20260306,150,5946,1,1,2,5,1,,1,2440.33,165.64,2368.02,0
6965,20260307,118,6131,22,4,2,8,1,,1,1810.23,299.6,2960.75,0
6966,20260308,124,6299,22,2,1,11,1,,4,1218.36,277.4,4235.25,0
6967,20260309,171,5834,21,1,2,6,1,,5,1005.2,222.98,1384.42,0
6968,20260310,101,5076,24,2,1,3,1,,1,1378.72,120.55,596.83,0
6969,20260311,184,5877,16,2,1,7,1,,1,1821.29,91.57,870.7,0
6970,20260312,104,5372,17,2,2,4,1,,6,2202.24,206.15,1294.89,0
6971,20260313,140,6222,21,2,1,4,1,,1,1231.57,188.47,1225.32,0
6972,20260314,196,5883,11,1,2,8,1,,2,1795.76,193.6,1330.38,0
6973,20260315,160,6088,7,4,1,7,1,,5,656.98,66.76,1964.24,0
6974,20260316,129,5305,11,2,2,1,1,,1,564.34,26.6,3374.09,0
6975,20260317,124,5501,1,4,1,9,1,,5,2652.06,279.88,3458.4,0
6976,20260318,110,6290,5,2,1,3,1,,3,1901.31,223.91,3910.15,0
6977,20260319,154,5718,5,1,1,2,1,,1,1463.04,191.62,1996.63,0
6978,20260320,107,6486,12,1,1,10,1,,5,591.95,182.33,3756.88,0
6979,20260321,115,5659,17,1,2,11,1,,1,599.95,208.12,4266.94,0
6980,20260322,142,5048,22,3,1,3,1,,2,2140.96,103.07,4276.22,0
6981,20260323,115,5342,17,4,2,1,1,,5,836.09,140.26,686.96,0
6982,20260324,173,5113,19,4,1,9,1,,1,1453.18,176.82,1779.12,0
6983,20260325,131,6010,4,1,1,5,1,,3,665.99,36.68,2216.47,0
6984,20260326,169,6028,4,4,2,7,1,,1,501.12,104.8,1523.18,0
6985,20260327,138,6105,24,2,2,10,1,,1,2359.71,140.27,4441.51,0
6986,20260328,154,5379,10,4,1,6,1,,2,2236.07,204.84,4735.87,0
6987,20260329,185,6477,10,4,2,1,1,,5,2441.45,268.12,2977.95,0
6988,20260330,146,6498,14,2,2,5,1,,1,2765.33,280.68,3512.61,0
6989,20260331,168,5678,17,1,1,9,1,,3,1240.56,142.55,2619.04,0
6990,20260401,103,5907,15,3,2,7,1,,4,2582.54,295.93,2578.49,0
6991,20260402,108,6454,13,1,1,5,1,,2,2267.49,9.9,594.34,0
6992,20260403,127,6442,24,3,1,9,1,,4,1669.44,257.81,794.74,0
6993,20260404,180,5957,18,1,1,12,1,,4,2634.54,195.55,3025.83,0
6994,20260405,115,5879,20,1,1,9,1,,3,988.9,214.24,1972.7,0
6995,20260406,108,5899,10,1,2,5,1,,3,968.75,177.22,1763.18,0
6996,20260407,196,6234,6,4,2,3,1,,4,2251.37,179.06,2047.17,0
6997,20260408,175,6427,17,1,1,9,1,,2,852.67,274.24,4430.34,0
6998,20260409,183,5624,3,3,2,3,1,,5,2178.14,255.31,1216.37,0
6999,20260410,160,5965,22,4,1,4,1,,3,1680.14,181.43,4221.59,0
7000,20260411,153,5241,13,1,1,2,1,,2,650.57,72.75,4856.46,0
7001,20260412,187,6282,16,4,1,9,1,,4,1980.25,235.62,3496.72,0
7002,20260413,168,6313,19,2,1,1,1,,5,538.03,233.71,4782.83,0
7003,20260414,119,5655,18,3,1,1,1,,5,1938.95,256.86,4748.94,0
7004,20260415,182,5679,1,3,2,12,1,,4,1999.97,1.12,4476.65,0
7005,20260416,101,5853,17,1,1,6,1,,6,1287.12,46.93,2774.93,0
7006,20260417,199,6223,15,2,2,11,1,,5,1031.98,132.58,549.75,0
7007,20260418,115,6191,1,2,2,2,1,,4,2723.07,232.96,968.64,0
7008,20260419,158,5280,7,4,2,4,1,,1,1763.72,4.47,4552.84,0
7009,20260420,125,5115,4,2,2,2,1,,5,2758.41,84.67,588.01,0
7010,20260421,168,5764,24,3,1,3,1,,2,597.71,234.07,4866.08,0
7011,20260422,197,6495,10,3,2,2,1,,3,2591.0,107.45,1482.1,0
7012,20260423,161,5203,11,1,1,8,1,,3,1731.38,66.48,2797.9,0
7013,20260424,156,6102,5,1,1,3,1,,1,746.7,293.93,4544.36,0
7014,20260425,141,5294,13,2,1,8,1,,6,2614.42,233.33,3583.63,0
7015,20260426,174,5748,23,4,2,11,1,,4,649.55,226.93,2449.72,0
7016,20260427,177,5919,5,3,1,1,1,,4,2438.79,139.87,2407.16,0
7017,20260428,166,5919,23,3,1,11,1,,2,686.67,103.99,995.43,0
7018,20260429,182,6143,3,4,1,2,1,,2,1191.93,137.57,4578.85,0
7019,20260430,108,6211,23,2,2,7,1,,6,665.08,295.47,2122.24,0
7020,20260501,165,5176,17,2,2,7,1,,1,1410.29,195.02,2528.01,0
7021,20260201,117,5728,11,1,2,6,1,,5,1037.49,58.72,1025.14,0
7022,20260202,186,5981,18,2,2,5,1,,1,2281.87,286.98,1713.73,0
7023,20260203,185,5560,10,2,2,1,1,,2,2527.48,156.58,3595.08,0
7024,20260204,141,6216,20,1,1,9,1,,4,1486.1,146.55,4231.84,0
7025,20260205,149,6491,22,2,2,8,1,,5,402.4,58.4,3832.47,0
7026,20260206,109,6104,14,2,1,1,1,,1,1522.45,219.16,2990.95,0
7027,20260207,188,5805,11,3,1,8,1,,1,653.31,39.66,2271.44,0
7028,20260208,177,6199,6,4,1,3,1,,3,1773.03,133.52,905.4,0
7029,20260209,179,6391,8,3,2,8,1,,6,2034.29,13.09,1498.23,0
7030,20260210,103,6462,20,4,1,5,1,,3,873.56,275.45,4612.88,0
7031,20260211,197,6009,4,2,2,6,1,,2,832.84,136.8,3613.28,0
7032,20260212,152,6086,9,4,2,7,1,,3,2461.39,109.85,1625.83,0
7033,20260213,137,5377,21,1,1,4,1,,4,1040.87,282.41,1371.07,0
7034,20260214,139,5744,14,4,1,3,1,,1,2086.64,89.82,2985.25,0
7035,20260215,158,5886,21,3,1,6,1,,3,1538.07,260.1,3840.27,0
7036,20260216,186,5279,4,2,1,12,1,,5,599.24,174.8,2203.26,0
7037,20260217,131,6211,23,1,1,9,1,,2,1784.22,129.91,3762.01,0
7038,20260218,123,5034,16,1,1,4,1,,3,466.51,192.53,1523.79,0
7039,20260219,153,5846,17,3,2,10,1,,2,1586.99,61.67,2640.34,0
7040,20260220,136,5607,16,2,1,5,1,,3,1483.72,285.23,3075.3,0
7041,20260221,143,5749,9,4,2,8,1,,2,2779.03,206.08,691.15,0
7042,20260222,109,6498,6,1,2,8,1,,1,1566.5,115.56,3136.63,0
7043,20260223,137,5557,10,2,1,10,1,,4,911.65,249.41,1724.4,0
7044,20260224,106,5023,10,2,2,6,1,,6,2103.93,297.37,2612.33,0
7045,20260225,115,5339,2,1,2,4,1,,1,1318.88,12.78,696.68,0
7046,20260226,172,5372,9,2,1,10,1,,6,1840.81,191.57,2262.88,0
7047,20260227,162,5656,7,2,1,10,1,,1,1722.36,210.38,2032.48,0
7048,20260228,174,5105,12,3,1,10,1,,6,2217.9,92.95,1325.29,0
7049,20260301,154,5606,22,1,1,9,1,,5,409.64,69.7,1713.23,1
7050,20260302,158,5094,23,1,2,2,1,,4,1844.69,161.97,1693.86,0
7051,20260303,131,6047,3,1,2,4,1,,4,2439.04,279.09,2476.53,0
7052,20260304,110,6152,12,1,1,3,1,,4,555.7,74.45,707.08,0
7053,20260305,137,5799,10,3,1,2,1,,4,1233.32,51.16,1892.12,0
7054,20260306,190,5017,3,4,2,6,1,,1,1102.95,199.57,1965.04,0
7055,20260307,171,5236,10,1,1,8,1,,4,457.36,251.8,3795.91,0
7056,20260308,131,5397,17,4,1,11,1,,5,972.93,175.87,3173.92,0
7057,20260309,120,5494,17,1,1,11,1,,5,2699.53,83.39,3437.23,0
7058,20260310,106,5114,16,3,1,3,1,,4,794.88,270.62,3335.91,0
7059,20260311,128,5343,8,4,2,1,1,,6,1914.96,63.89,2196.58,0
7060,20260312,118,6215,9,3,1,5,1,,4,813.37,41.52,4562.63,0
7061,20260313,137,5981,5,2,1,4,1,,3,2191.9,47.58,2204.47,0
7062,20260314,199,6406,22,2,1,3,1,,2,1980.45,99.1,951.36,0
7063,20260315,184,5725,17,2,2,11,1,,3,2011.5,21.48,2553.69,0
7064,20260316,104,6277,17,1,1,12,1,,6,1778.34,299.02,1145.11,0
7065,20260317,194,6351,5,3,1,3,1,,5,1449.58,67.93,4147.51,0
7066,20260318,164,5759,6,2,1,3,1,,1,2225.89,66.11,2705.34,0
7067,20260319,134,6266,18,1,1,10,1,,2,1866.42,122.25,2474.72,0
7068,20260320,148,5170,9,3,2,5,1,,6,1825.8,85.23,3799.28,0
7069,20260321,119,6230,21,4,1,8,1,,2,1428.07,56.45,4064.61,0
7070,20260322,127,5520,18,2,1,8,1,,6,1247.18,296.71,2513.26,0
7071,20260323,181,5449,16,3,1,4,1,,5,870.15,270.34,981.99,0
7072,20260324,150,5676,7,1,1,7,1,,3,1231.23,114.37,3840.93,0
7073,20260325,149,5911,12,4,1,6,1,,4,656.98,260.27,921.23,0
7074,20260326,180,6323,3,2,1,4,1,,2,1278.53,50.07,3345.33,0
7075,20260327,148,5690,1,1,1,6,1,,5,1132.2,228.26,747.65,0
7076,20260328,194,5498,24,3,1,2,1,,2,1458.67,246.53,1124.92,0
7077,20260329,185,6301,21,2,1,1,1,,1,2742.95,136.53,4837.05,0
7078,20260330,170,5359,5,4,1,7,1,,5,1345.28,293.72,4951.02,0
7079,20260331,190,6317,14,4,1,1,1,,4,439.58,186.74,2359.19,0
7080,20260401,137,6114,18,4,1,10,1,,6,1865.38,256.5,1907.35,0
7081,20260402,155,6149,4,2,2,10,1,,1,607.39,5.4,3282.42,0
7082,20260403,168,5626,19,2,1,6,1,,1,2357.27,73.45,4701.43,0
7083,20260404,148,5390,5,4,2,9,1,,6,1351.15,261.77,3471.83,0
7084,20260405,108,6428,3,2,1,7,1,,3,2272.91,60.47,1567.18,0
7085,20260406,189,5803,20,1,1,11,1,,5,1305.43,92.73,3571.67,0
7086,20260407,115,5152,11,1,2,5,1,,6,2260.53,246.64,4659.67,0
7087,20260408,143,6240,5,2,2,6,1,,5,1533.76,45.4,3131.13,0
7088,20260409,107,6080,1,1,2,8,1,,1,877.86,48.08,680.3,0
7089,20260410,102,6082,17,3,1,10,1,,1,882.9,295.65,3288.34,0
7090,20260411,132,5242,1,3,1,9,1,,5,1669.52,197.92,1497.44,0
7091,20260412,198,5330,20,1,2,12,1,,3,787.11,263.16,4183.29,0
7092,20260413,131,5863,4,4,1,2,1,,1,1993.14,186.45,2714.17,0
7093,20260414,196,6145,20,2,1,2,1,,2,2430.9,245.27,925.27,0
7094,20260415,113,5742,4,1,2,1,1,,6,1838.82,242.35,1861.17,0
7095,20260416,162,6386,1,3,1,12,1,,1,1795.88,201.96,4780.51,0
7096,20260417,187,5831,14,2,1,1,1,,1,1848.24,92.99,1405.13,0
7097,20260418,177,6490,23,3,1,3,1,,2,1320.77,223.06,1572.74,0
7098,20260419,161,5163,9,4,1,11,1,,6,1230.6,144.56,2201.09,0
7099,20260420,120,5402,8,2,2,6,1,,1,1795.76,81.97,1888.88,0
7100,20260421,134,6054,8,1,2,11,1,,3,2192.83,263.09,1463.63,0
7101,20260422,154,5019,3,4,1,7,1,,6,1629.9,283.83,4025.55,0
7102,20260423,192,5786,8,1,2,4,1,,4,790.32,252.22,3459.16,0
7103,20260424,162,5763,18,3,1,7,1,,2,1839.33,133.18,646.93,0
7104,20260425,128,6052,20,1,1,3,1,,5,1171.11,132.5,2838.17,0
7105,20260426,123,6378,7,2,2,9,1,,4,727.07,82.07,4385.91,0
7106,20260427,185,5269,8,3,1,3,1,,4,1125.05,5.0,1663.43,0
7107,20260428,136,5290,7,1,2,7,1,,4,2281.83,226.48,2533.97,0
7108,20260429,102,6491,13,1,1,6,1,,1,1566.33,71.43,1276.14,0
7109,20260430,104,6109,10,2,1,12,1,,5,464.04,211.51,2458.71,0
7110,20260501,153,5536,13,4,1,3,1,,4,1995.75,219.38,2639.6,0
7111,20260201,196,6146,12,1,1,8,1,,4,1992.27,298.02,3654.44,0
7112,20260202,115,5302,9,4,2,11,1,,5,1182.38,207.23,2552.65,0
7113,20260203,155,5619,14,2,2,6,1,,5,2026.1,191.59,680.63,0
7114,20260204,171,5328,16,4,2,7,1,,5,2740.51,83.33,3718.61,0
7115,20260205,124,5681,23,3,2,8,1,,4,983.72,88.47,2534.79,0
7116,20260206,172,5351,2,1,1,4,1,,4,1990.99,153.51,2129.21,1
7117,20260207,121,6495,24,1,1,8,1,,2,2020.74,51.86,3887.97,0
7118,20260208,137,5860,24,3,1,6,1,,2,559.6,147.75,778.02,0
7119,20260209,144,5974,5,4,2,8,1,,5,1721.49,266.19,4131.81,0
7120,20260210,107,5298,24,1,1,1,1,,3,858.09,14.63,4058.8,0
7121,20260211,160,6157,1,1,1,3,1,,1,2416.35,264.47,1312.21,0
7122,20260212,165,6113,10,1,2,6,1,,3,423.53,240.47,4251.9,0
7123,20260213,163,5252,18,1,1,7,1,,2,570.0,160.35,1782.06,0
7124,20260214,196,6113,2,4,2,8,1,,6,1315.31,211.81,2448.14,0
7125,20260215,182,6254,22,1,2,6,1,,1,1357.66,25.61,4980.67,0
7126,20260216,141,5513,16,2,2,1,1,,3,794.28,195.08,4036.93,0
7127,20260217,116,5745,5,2,2,8,1,,5,1582.7,17.84,620.92,0
7128,20260218,173,6085,11,3,2,1,1,,4,1929.04,61.54,2032.32,0
7129,20260219,161,5817,8,2,1,3,1,,2,2529.89,249.4,4756.38,1
7130,20260220,125,6337,7,4,1,7,1,,2,413.7,148.04,2357.98,0
7131,20260221,117,6307,2,4,1,8,1,,2,1527.57,270.11,2386.73,0
7132,20260222,169,5089,8,1,2,10,1,,6,1461.34,4.87,3715.89,0
7133,20260223,102,5551,13,4,1,1,1,,3,1204.57,227.54,3827.47,0
7134,20260224,175,6187,9,2,2,5,1,,5,2103.09,20.26,3428.9,0
7135,20260225,111,5746,20,1,1,9,1,,4,1862.82,168.42,1184.59,0
7136,20260226,184,5355,5,3,2,6,1,,4,2531.76,264.34,982.86,0
7137,20260227,134,6473,12,1,1,7,1,,4,460.09,124.68,1695.4,0
7138,20260228,175,6322,3,4,1,7,1,,5,923.74,73.61,4539.8,0
7139,20260301,126,5509,13,2,2,6,1,,2,1681.82,80.63,1488.06,0
7140,20260302,123,5792,9,3,2,6,1,,5,628.78,90.59,4881.26,0
7141,20260303,154,5197,11,2,2,9,1,,1,1186.85,280.09,991.9,0
7142,20260304,153,5956,10,1,2,12,1,,5,1005.51,28.65,3442.21,0
7143,20260305,179,6415,1,4,1,11,1,,6,2782.47,293.22,946.25,0
7144,20260306,145,5901,2,4,1,3,1,,6,1880.01,216.54,4778.59,0
7145,20260307,134,6127,19,4,1,5,1,,4,523.42,122.92,2072.22,0
7146,20260308,151,5675,2,1,1,3,1,,1,2030.61,223.47,3292.31,0
7147,20260309,199,6422,14,3,2,1,1,,6,1144.67,167.03,3482.48,0
7148,20260310,111,5827,11,4,1,3,1,,3,1447.41,40.35,2355.0,0
7149,20260311,175,5711,3,2,2,2,1,,4,2300.95,259.39,2758.56,0
7150,20260312,181,5061,6,4,1,5,1,,2,2603.81,243.91,4645.46,0
7151,20260313,185,5599,16,3,2,10,1,,4,1651.51,265.83,1447.07,0
7152,20260314,168,5151,20,3,1,11,1,,3,1039.78,112.85,4586.78,0
7153,20260315,188,6127,2,1,1,8,1,,2,1865.03,133.98,1699.78,0
7154,20260316,114,5275,4,2,1,6,1,,5,1605.16,218.8,1811.01,0
7155,20260317,175,5402,13,2,2,11,1,,6,904.97,232.16,4958.13,0
7156,20260318,139,6199,9,4,1,8,1,,5,565.5,153.25,3307.46,0
7157,20260319,117,5223,19,2,2,3,1,,2,798.7,184.6,1047.33,0
7158,20260320,109,5638,6,2,1,2,1,,3,2493.85,93.24,4179.67,0
7159,20260321,175,6417,15,1,2,10,1,,6,1902.54,171.45,2900.31,0
7160,20260322,166,6346,8,1,1,1,1,,4,1986.5,94.24,1534.97,0
7161,20260323,144,5635,8,2,2,6,1,,6,583.7,39.03,3188.35,0
7162,20260324,198,6155,7,4,2,4,1,,1,408.05,87.78,4540.9,0
7163,20260325,134,6081,15,4,2,3,1,,4,920.56,263.13,3132.3,0
7164,20260326,107,5208,18,4,1,7,1,,6,2405.06,223.73,2948.54,0
7165,20260327,119,6169,5,3,1,2,1,,1,1305.77,252.83,4689.36,0
7166,20260328,112,5851,18,1,2,4,1,,2,2597.27,31.41,3084.04,0
7167,20260329,147,6282,21,1,2,8,1,,2,578.03,280.6,3004.49,0
7168,20260330,103,5883,14,3,1,11,1,,3,1421.64,265.21,1550.03,0
7169,20260331,103,5103,5,4,2,2,1,,4,564.81,40.44,2558.09,0
7170,20260401,141,5480,22,3,2,4,1,,6,624.65,188.23,3434.27,0
7171,20260402,113,5151,18,4,1,5,1,,6,2561.4,195.6,1019.86,0
7172,20260403,148,6181,6,2,1,1,1,,3,2022.48,82.35,1151.55,0
7173,20260404,175,5546,14,4,2,11,1,,1,1378.41,123.33,1060.96,0
7174,20260405,169,5763,15,1,1,2,1,,1,2432.19,47.06,4687.18,0
7175,20260406,161,5473,15,4,2,6,1,,3,2004.28,240.75,4510.81,1
7176,20260407,178,5689,11,4,1,10,1,,1,858.2,20.76,1533.51,0
7177,20260408,154,5643,3,4,2,8,1,,6,2582.31,197.75,3389.68,0
7178,20260409,190,6339,21,2,2,3,1,,4,808.75,251.01,4093.39,0
7179,20260410,104,5816,7,3,1,2,1,,2,2252.37,209.35,834.3,0
7180,20260411,106,5063,20,1,1,10,1,,5,1664.93,295.11,4165.94,0
7181,20260412,167,5886,4,2,1,2,1,,1,856.15,97.89,2839.37,0
7182,20260413,159,5953,23,1,1,10,1,,1,798.6,281.18,1641.92,0
7183,20260414,144,6377,19,2,2,10,1,,3,1862.4,275.66,1515.98,0
7184,20260415,185,5620,11,2,2,12,1,,3,2468.26,164.05,1010.72,0
7185,20260416,154,5787,6,2,1,1,1,,2,2481.58,69.92,1384.92,0
7186,20260417,200,6397,12,4,1,9,1,,1,1194.93,208.45,4229.77,0
7187,20260418,191,5026,24,4,2,9,1,,2,914.14,128.03,1332.84,0
7188,20260419,109,5596,23,3,2,5,1,,3,2710.18,134.47,4515.64,0
7189,20260420,109,5127,2,2,2,7,1,,5,1861.8,133.03,4317.2,0
7190,20260421,124,5972,11,4,1,5,1,,5,1828.85,18.83,4996.74,0
7191,20260422,145,5270,20,1,2,6,1,,2,2276.35,245.8,3053.71,0
7192,20260423,136,5925,9,1,1,11,1,,6,2516.92,165.39,2357.81,0
7193,20260424,154,6078,10,2,2,3,1,,3,1014.69,254.33,1261.5,0
7194,20260425,168,5388,24,2,2,1,1,,2,851.97,292.83,3805.75,0
7195,20260426,193,5150,5,2,2,4,1,,5,1456.04,291.13,4969.09,0
7196,20260427,105,5220,2,2,1,10,1,,3,678.74,198.87,3527.48,0
7197,20260428,176,5115,2,3,1,2,1,,4,2384.43,247.71,1671.0,0
7198,20260429,182,5200,19,2,1,3,1,,3,1759.01,245.46,1003.18,0
7199,20260430,176,6466,14,4,1,11,1,,2,2529.06,186.87,829.7,0
7200,20260501,154,6184,20,2,2,12,1,,4,1944.61,230.24,2584.74,0
7201,20260201,119,6246,16,3,2,8,1,,5,901.54,0.59,4508.72,0
7202,20260202,119,5242,24,4,1,2,1,,6,1806.22,203.87,1113.42,0
7203,20260203,178,5058,23,1,2,12,1,,5,1961.31,284.89,2270.84,0
7204,20260204,123,6092,16,2,2,6,1,,6,1460.86,116.11,3541.61,0
7205,20260205,147,6051,24,4,1,2,1,,1,605.02,64.53,1797.49,0
7206,20260206,179,5370,11,4,2,5,1,,3,1378.64,285.92,1808.67,0
7207,20260207,129,5246,7,2,1,12,1,,3,2637.22,23.33,2389.75,0
7208,20260208,124,5450,8,2,1,12,1,,3,2753.88,1.15,2828.34,0
7209,20260209,138,5791,22,4,2,1,1,,4,719.9,243.98,2878.8,0
7210,20260210,106,6466,4,4,2,2,1,,4,2628.63,275.66,2933.21,0
7211,20260211,133,6141,3,3,1,8,1,,4,2071.33,21.7,3806.89,0
7212,20260212,121,6011,11,1,2,11,1,,6,2699.13,290.6,2415.46,0
7213,20260213,131,5384,2,3,1,7,1,,2,2259.36,251.89,1372.84,0
7214,20260214,123,6317,17,1,2,10,1,,5,2646.74,23.87,969.88,1
7215,20260215,111,5435,1,4,1,7,1,,4,616.14,226.02,3198.2,1
7216,20260216,152,5938,4,4,2,10,1,,4,1658.26,114.23,2305.27,0
7217,20260217,163,5194,9,1,2,9,1,,2,1376.79,206.87,3112.61,0
7218,20260218,106,5112,15,2,1,2,1,,2,1484.89,200.33,4649.6,0
7219,20260219,111,5726,4,4,1,10,1,,4,2211.03,137.61,991.65,0
7220,20260220,155,5973,7,3,1,9,1,,3,746.86,146.46,2363.68,0
7221,20260221,112,5917,17,3,1,6,1,,3,1700.53,277.47,3426.45,0
7222,20260222,117,5036,14,1,1,12,1,,4,1629.7,142.86,1620.26,0
7223,20260223,102,5218,9,3,2,8,1,,1,2578.34,207.15,2868.63,0
7224,20260224,178,5258,16,1,1,11,1,,3,1830.2,70.11,3731.37,0
7225,20260225,173,6403,19,1,2,12,1,,6,1787.56,125.93,2392.57,0
7226,20260226,135,5326,4,3,1,2,1,,6,720.7,241.8,799.49,0
7227,20260227,101,6204,24,1,1,9,1,,6,762.12,146.15,2198.99,0
7228,20260228,145,5392,20,2,2,7,1,,6,1903.53,140.14,4720.2,0
7229,20260301,121,5864,10,2,2,11,1,,4,2251.21,132.79,624.77,0
7230,20260302,134,5273,7,3,1,8,1,,6,1872.26,80.31,1771.85,0
7231,20260303,159,5149,23,4,1,12,1,,4,1362.07,77.82,2878.33,0
7232,20260304,190,5630,17,4,1,11,1,,3,1321.35,296.9,1029.68,0
7233,20260305,111,6451,1,4,2,7,1,,1,2138.07,183.88,4373.29,0
7234,20260306,119,6261,10,3,1,4,1,,6,1251.33,123.2,3204.47,0
7235,20260307,107,5156,22,3,1,7,1,,5,572.15,265.21,3319.89,0
7236,20260308,176,5747,22,1,1,11,1,,4,2410.73,204.65,1162.17,0
7237,20260309,122,5465,16,3,1,6,1,,6,2413.73,88.17,1193.14,0
7238,20260310,124,6475,14,1,1,8,1,,5,1057.84,116.72,3655.88,0
7239,20260311,124,5581,2,4,1,8,1,,3,1828.05,295.31,3725.8,0
7240,20260312,168,5990,23,1,1,4,1,,1,1530.54,237.72,693.84,0
7241,20260313,143,5772,10,1,1,7,1,,4,2660.27,31.79,2861.38,1
7242,20260314,164,6251,11,2,2,12,1,,1,1919.44,148.63,1729.45,0
7243,20260315,113,5648,21,3,1,8,1,,3,1580.49,124.43,1877.78,0
7244,20260316,149,6283,8,2,1,5,1,,5,2314.62,171.03,1897.6,0
7245,20260317,136,6467,2,3,1,7,1,,3,1098.02,97.0,3158.65,0
7246,20260318,110,6459,14,1,1,11,1,,2,2100.24,45.54,3565.7,0
7247,20260319,143,6458,14,4,1,7,1,,4,722.6,68.81,1751.13,0
7248,20260320,192,6493,24,1,2,9,1,,6,556.12,90.61,3547.97,0
7249,20260321,106,6101,20,4,2,12,1,,6,2624.65,114.59,1844.65,0
7250,20260322,179,5312,22,1,1,10,1,,2,2363.69,114.44,2589.49,0
7251,20260323,147,5981,9,1,1,3,1,,6,1619.91,128.6,553.27,0
7252,20260324,133,5547,10,4,1,9,1,,4,1755.4,197.83,1523.61,0
7253,20260325,178,5107,9,1,1,9,1,,4,737.31,219.65,3919.26,0
7254,20260326,192,5475,11,3,2,2,1,,3,841.69,9.47,1480.53,0
7255,20260327,111,6220,3,2,1,3,1,,3,2286.04,174.85,2007.45,0
7256,20260328,143,5440,21,2,2,2,1,,2,2471.64,124.35,3635.85,0
7257,20260329,185,5093,14,3,2,7,1,,1,2422.25,225.73,515.88,0
7258,20260330,120,6055,18,3,2,2,1,,1,2401.41,214.54,3363.57,0
7259,20260331,104,5185,12,1,1,7,1,,1,2467.48,100.58,4426.56,0
7260,20260401,133,6476,5,4,2,11,1,,1,1949.48,19.39,733.08,0
7261,20260402,146,5280,17,4,2,5,1,,6,1436.29,282.37,596.26,0
7262,20260403,180,5052,23,3,2,3,1,,4,466.43,211.07,991.76,1
7263,20260404,195,6028,12,3,2,5,1,,1,2480.18,145.88,4167.79,0
7264,20260405,172,5220,4,2,1,4,1,,1,1127.06,167.58,2327.1,0
7265,20260406,130,5851,14,1,1,10,1,,3,1282.19,276.26,2045.44,0
7266,20260407,173,6442,24,4,2,3,1,,4,1232.02,241.74,2700.61,0
7267,20260408,108,5710,14,2,2,5,1,,2,2510.49,239.85,3297.75,0
7268,20260409,105,6456,18,1,1,7,1,,1,2111.35,178.62,2349.49,0
7269,20260410,179,6405,8,3,2,2,1,,2,1317.08,97.28,960.22,0
7270,20260411,199,5015,7,4,2,11,1,,6,2441.8,205.8,1058.36,0
7271,20260412,120,5019,20,4,2,1,1,,1,2064.65,148.84,4298.16,0
7272,20260413,142,5916,3,3,2,6,1,,4,731.81,207.08,3088.47,0
7273,20260414,137,6018,14,3,2,12,1,,5,551.08,84.6,2017.29,0
7274,20260415,166,5767,20,1,2,2,1,,5,2143.45,277.02,630.25,0
7275,20260416,141,6222,20,1,2,7,1,,1,2447.11,246.43,2253.88,0
7276,20260417,152,5275,24,3,1,1,1,,2,632.8,255.82,613.43,0
7277,20260418,160,5069,8,2,1,3,1,,3,1384.69,277.44,2385.11,0
7278,20260419,180,5861,18,4,1,7,1,,3,615.45,152.39,4926.09,0
7279,20260420,180,6354,3,1,2,11,1,,2,2552.54,184.22,2452.49,0
7280,20260421,122,5361,10,3,2,2,1,,3,2426.07,134.4,4723.9,0
7281,20260422,134,5416,10,1,2,2,1,,6,520.11,69.97,3320.14,0
7282,20260423,144,6009,21,1,2,9,1,,2,1965.97,289.17,3414.71,0
7283,20260424,140,6214,9,2,2,5,1,,4,1299.7,128.89,2310.08,1
7284,20260425,172,5691,7,2,2,12,1,,2,1301.98,174.7,3581.77,0
7285,20260426,130,5516,22,1,1,6,1,,2,1254.55,80.71,956.11,0
7286,20260427,152,5725,2,4,2,4,1,,6,945.84,288.1,2053.68,0
7287,20260428,108,6484,13,4,2,2,1,,3,1627.05,115.56,4421.4,0
7288,20260429,123,5935,5,3,2,4,1,,5,994.52,18.73,4133.22,0
7289,20260430,119,6397,5,3,1,2,1,,4,1536.87,110.29,3666.15,0
7290,20260501,155,6005,8,1,2,5,1,,2,2285.41,31.26,1094.91,0
7291,20260201,199,6423,19,2,2,12,1,,5,2524.92,125.95,3100.02,0
7292,20260202,164,5081,16,2,2,6,1,,1,958.26,7.06,1582.6,0
7293,20260203,173,6103,14,4,1,6,1,,5,1107.85,42.21,543.03,0
7294,20260204,161,5729,13,4,2,6,1,,2,1517.2,216.51,662.23,1
7295,20260205,151,5520,5,2,2,7,1,,2,1619.84,109.16,2456.08,0
7296,20260206,126,5225,5,1,1,5,1,,3,717.63,57.55,4654.79,0
7297,20260207,140,5679,9,1,1,3,1,,4,2114.9,30.79,1646.94,0
7298,20260208,133,5375,5,3,2,10,1,,2,2491.79,149.81,4553.35,0
7299,20260209,124,6291,1,4,2,5,1,,1,2009.92,88.08,2831.24,0
7300,20260210,121,6246,22,4,1,3,1,,6,1609.87,85.71,1365.98,0
7301,20260211,115,5339,19,1,2,7,1,,1,2459.37,208.94,4537.8,0
7302,20260212,199,5057,24,2,2,9,1,,6,1477.74,19.88,1151.82,0
7303,20260213,148,6422,3,3,2,5,1,,3,2309.07,18.63,1929.82,0
7304,20260214,188,5512,21,1,1,3,1,,2,2110.42,125.24,3123.99,0
7305,20260215,124,5454,5,4,1,5,1,,6,1139.62,205.78,3521.78,0
7306,20260216,105,5455,17,2,2,8,1,,4,1969.0,287.48,3130.98,0
7307,20260217,124,6455,7,2,2,4,1,,6,1535.04,193.68,3990.24,0
7308,20260218,121,6312,14,4,1,7,1,,3,1716.16,72.39,2047.94,0
7309,20260219,137,5736,10,4,1,7,1,,1,1174.85,68.63,4775.72,0
7310,20260220,146,5717,18,3,1,12,1,,6,1670.58,227.5,780.87,0
7311,20260221,135,5967,15,3,2,12,1,,5,1785.39,235.68,4860.77,0
7312,20260222,143,5434,23,1,1,2,1,,2,2503.77,241.51,4191.15,0
7313,20260223,119,5168,6,1,2,2,1,,6,2540.06,125.87,2104.08,0
7314,20260224,112,6177,15,2,1,11,1,,1,755.21,191.36,3204.99,0
7315,20260225,182,5509,7,1,1,7,1,,3,2636.82,42.39,2752.71,0
7316,20260226,101,5114,15,3,2,2,1,,1,1255.02,156.87,666.96,0
7317,20260227,132,6139,2,1,2,7,1,,4,1193.8,286.45,847.71,0
7318,20260228,127,6275,8,4,1,3,1,,2,2249.43,280.63,4891.15,0
7319,20260301,150,5566,14,3,2,10,1,,6,1146.16,278.02,3629.22,0
7320,20260302,173,5294,1,3,2,9,1,,5,1657.71,15.43,4557.87,0
7321,20260303,120,5755,15,1,2,3,1,,6,1944.33,204.58,4409.69,0
7322,20260304,162,5340,14,2,2,3,1,,2,2613.06,11.94,3258.76,0
7323,20260305,152,5856,5,4,1,6,1,,1,1568.53,20.81,3977.62,0
7324,20260306,102,6127,10,1,2,6,1,,5,1628.29,39.1,2655.4,0
7325,20260307,187,5640,17,3,1,2,1,,4,1633.68,100.31,2618.22,0
7326,20260308,185,5991,7,3,1,6,1,,2,1696.21,273.12,4955.51,0
7327,20260309,152,5900,15,1,1,8,1,,6,2363.11,132.68,4176.22,0
7328,20260310,161,5290,18,1,1,7,1,,4,2514.15,212.77,3087.66,0
7329,20260311,174,6181,9,4,2,1,1,,1,847.12,297.41,2674.09,0
7330,20260312,119,5358,7,3,2,1,1,,5,928.39,14.62,1182.86,0
7331,20260313,119,6279,12,2,2,5,1,,3,575.78,161.64,2631.55,0
7332,20260314,163,5902,21,3,2,10,1,,6,1758.88,36.42,2913.1,0
7333,20260315,149,6056,24,1,1,10,1,,2,798.87,131.66,2255.02,1
7334,20260316,138,6484,17,1,2,6,1,,3,2705.51,244.42,4257.17,0
7335,20260317,130,6231,3,2,2,6,1,,2,2597.45,8.45,623.95,0
7336,20260318,125,5105,18,4,1,12,1,,4,2485.9,15.21,1285.13,0
7337,20260319,167,5971,2,2,1,3,1,,1,2411.75,101.62,4638.52,0
7338,20260320,199,5429,21,4,1,1,1,,2,2095.47,187.2,2799.09,0
7339,20260321,145,6075,24,4,2,5,1,,2,2703.33,115.38,1813.94,0
7340,20260322,188,6269,17,2,1,7,1,,2,2165.82,205.81,1013.72,0
7341,20260323,157,6500,11,1,2,1,1,,6,1816.99,214.28,2591.26,0
7342,20260324,109,6095,17,1,2,11,1,,5,1939.96,103.62,4307.85,0
7343,20260325,130,5173,19,1,2,3,1,,5,1375.33,299.25,4003.83,0
7344,20260326,158,5518,13,4,1,9,1,,4,1111.57,251.36,773.66,0
7345,20260327,196,5934,18,1,1,8,1,,4,2439.35,77.11,1050.84,0
7346,20260328,155,5667,11,2,1,10,1,,1,1382.36,43.5,654.71,0
7347,20260329,180,5207,10,1,2,7,1,,2,970.12,270.82,2893.49,0
7348,20260330,187,5485,4,4,2,3,1,,5,512.52,70.39,1132.36,0
7349,20260331,188,5629,21,4,1,12,1,,6,1803.05,76.25,3764.55,0
7350,20260401,146,5177,7,1,2,5,1,,3,1281.12,281.44,655.55,0
7351,20260402,102,5406,12,2,1,6,1,,4,1951.82,261.83,4340.75,0
7352,20260403,126,6191,22,2,1,7,1,,2,2313.97,0.65,4858.38,0
7353,20260404,107,6018,17,2,2,2,1,,6,1382.7,78.04,3773.25,0
7354,20260405,136,6496,13,1,1,11,1,,3,1950.89,146.54,4451.3,0
7355,20260406,185,6353,4,2,1,4,1,,1,2043.43,293.78,4216.95,0
7356,20260407,107,6105,23,2,2,7,1,,2,2543.8,23.95,893.21,0
7357,20260408,103,5349,24,1,2,4,1,,1,2783.97,241.83,4136.98,0
7358,20260409,108,5329,15,4,1,8,1,,4,1710.01,30.41,4219.6,0
7359,20260410,166,6208,8,2,1,4,1,,3,2649.71,76.97,3476.88,0
7360,20260411,198,5421,22,1,2,11,1,,4,1640.53,277.73,1299.62,0
7361,20260412,115,6493,9,2,2,7,1,,3,1963.46,101.58,4241.12,0
7362,20260413,162,5869,5,1,2,2,1,,4,924.58,93.92,3552.65,0
7363,20260414,109,5582,6,1,1,7,1,,6,688.66,255.67,4440.13,0
7364,20260415,106,5799,10,3,2,9,1,,2,415.69,204.87,1646.22,0
7365,20260416,109,6419,5,3,2,6,1,,1,1300.78,296.17,1882.67,0
7366,20260417,153,5682,8,4,1,10,1,,2,922.71,153.48,2619.3,0
7367,20260418,167,5481,6,2,1,12,1,,2,2108.31,292.44,2477.57,0
7368,20260419,104,6224,18,3,1,5,1,,2,1249.79,232.25,2733.13,0
7369,20260420,116,5394,23,3,1,11,1,,2,689.81,112.24,3919.95,0
7370,20260421,145,5276,9,2,1,9,1,,4,695.71,3.94,959.56,0
7371,20260422,112,6139,17,1,2,2,1,,1,2086.94,54.41,4394.78,0
7372,20260423,185,5268,13,1,1,10,1,,6,2076.36,1.36,3604.02,0
7373,20260424,107,6449,5,4,2,5,1,,4,2464.31,178.26,2475.16,0
7374,20260425,104,5397,10,2,1,7,1,,2,2132.31,293.04,3629.75,0
7375,20260426,139,6114,8,3,2,8,1,,3,1782.89,162.55,2479.23,0
7376,20260427,163,5171,16,4,1,6,1,,3,1383.88,156.5,3607.56,0
7377,20260428,133,5483,5,2,2,7,1,,5,1327.34,32.05,2903.71,0
7378,20260429,182,5207,11,4,1,10,1,,5,872.41,292.16,3340.81,0
7379,20260430,150,5415,9,2,1,10,1,,2,1433.63,5.85,1772.6,0
7380,20260501,118,5516,1,1,2,3,1,,1,1481.18,62.21,996.4,0
7381,20260201,109,6350,17,4,1,12,1,,2,2066.45,54.83,4051.16,0
7382,20260202,113,5701,22,2,2,9,1,,5,1877.66,274.88,3652.12,0
7383,20260203,152,5974,8,1,1,2,1,,4,1765.51,233.29,4275.06,0
7384,20260204,114,6105,17,3,2,1,1,,4,980.32,257.41,1529.91,0
7385,20260205,174,5042,22,3,2,12,1,,2,1062.76,185.6,4797.16,0
7386,20260206,167,6452,14,4,2,11,1,,5,2358.07,142.13,918.89,0
7387,20260207,143,6466,23,3,1,11,1,,2,2668.87,188.47,678.05,0
7388,20260208,193,5754,12,4,2,11,1,,2,483.49,257.36,711.13,0
7389,20260209,142,6423,8,4,1,9,1,,5,1437.13,66.21,4609.06,0
7390,20260210,197,5504,18,2,1,2,1,,5,1525.47,123.92,3632.22,0
7391,20260211,121,6171,9,3,1,2,1,,3,929.72,0.63,3270.36,0
7392,20260212,120,6439,16,1,2,4,1,,4,1360.29,15.5,4846.82,0
7393,20260213,183,5310,16,2,2,5,1,,4,2634.96,247.62,3116.67,0
7394,20260214,198,5879,16,3,2,1,1,,4,555.48,43.54,3158.82,0
7395,20260215,146,5273,14,3,2,6,1,,6,1917.76,283.7,4695.7,0
7396,20260216,153,6362,17,1,1,3,1,,1,487.02,107.32,4278.91,0
7397,20260217,188,5649,12,2,1,12,1,,6,1004.89,144.65,3737.37,0
7398,20260218,126,6285,20,2,2,3,1,,6,1478.52,2.89,3440.52,0
7399,20260219,147,6242,23,2,1,6,1,,5,1968.25,52.83,1252.5,0
7400,20260220,172,5614,9,2,1,12,1,,2,1707.43,3.78,3847.53,0
7401,20260221,109,5076,13,2,2,9,1,,1,2054.39,286.02,2954.77,0
7402,20260222,167,6204,8,2,2,5,1,,2,1064.97,99.96,3975.75,0
7403,20260223,189,6414,3,2,2,1,1,,2,2218.99,78.86,779.45,0
7404,20260224,148,6132,17,4,1,5,1,,5,2164.82,262.92,3053.28,0
7405,20260225,115,6121,21,4,1,3,1,,2,2175.6,98.0,3051.44,0
7406,20260226,143,5107,20,4,1,4,1,,2,1131.28,7.76,2137.45,1
7407,20260227,196,6492,19,2,1,4,1,,2,904.09,203.86,2689.95,0
7408,20260228,186,6349,8,3,1,6,1,,5,787.83,188.7,4139.79,0
7409,20260301,168,6234,23,3,1,5,1,,5,1687.01,97.04,3267.71,0
7410,20260302,109,5717,11,4,2,5,1,,4,1122.43,253.7,4453.64,0
7411,20260303,160,5408,2,1,2,4,1,,4,1103.29,11.45,4121.37,0
7412,20260304,162,5123,10,2,1,5,1,,6,1698.1,291.47,989.4,0
7413,20260305,119,6271,10,3,2,7,1,,2,869.46,197.59,2698.7,0
7414,20260306,178,6173,8,1,2,8,1,,1,672.33,252.02,1396.47,0
7415,20260307,159,5881,1,3,1,10,1,,1,2169.67,178.44,2605.75,0
7416,20260308,143,5933,19,4,1,2,1,,1,1610.01,219.51,2695.94,0
7417,20260309,109,5468,14,2,1,6,1,,3,1566.8,84.69,4997.2,0
7418,20260310,102,5511,5,2,1,2,1,,1,929.07,209.28,2786.7,0
7419,20260311,179,6313,24,1,2,7,1,,1,2513.55,4.35,4076.46,0
7420,20260312,111,6416,19,3,2,3,1,,3,612.93,123.31,2032.68,0
7421,20260313,165,6354,21,3,2,12,1,,2,2142.42,169.97,2788.56,0
7422,20260314,185,5152,21,1,2,4,1,,6,2493.52,2.8,1498.98,0
7423,20260315,164,5586,19,2,1,1,1,,6,1695.33,230.67,2620.03,0
7424,20260316,180,6195,8,3,2,7,1,,3,571.66,67.31,3498.35,0
7425,20260317,161,6367,6,4,2,5,1,,6,2413.85,253.68,3794.61,0
7426,20260318,179,5769,5,3,1,8,1,,5,2421.98,196.0,4554.76,0
7427,20260319,162,5202,11,2,1,8,1,,2,1556.2,257.67,1225.87,0
7428,20260320,118,5848,7,4,1,8,1,,1,1312.75,18.98,3905.42,0
7429,20260321,171,5389,11,1,2,9,1,,1,470.02,107.68,1841.39,0
7430,20260322,142,5026,7,3,2,11,1,,5,907.87,93.2,821.66,0
7431,20260323,115,6443,7,3,2,10,1,,4,619.97,288.54,1835.41,0
7432,20260324,108,5674,15,4,2,4,1,,1,2516.06,51.42,2683.71,1
7433,20260325,180,5173,4,1,2,5,1,,4,1242.4,281.25,2326.29,0
7434,20260326,198,5485,1,2,1,1,1,,4,1689.6,121.54,2061.43,0
7435,20260327,121,5387,6,1,2,3,1,,1,1940.28,47.92,4485.42,0
7436,20260328,160,5020,9,2,2,9,1,,3,516.58,22.59,2315.64,0
7437,20260329,118,5606,11,1,1,3,1,,6,528.2,6.6,1927.55,0
7438,20260330,195,6412,18,4,2,3,1,,1,2513.29,67.86,2224.32,0
7439,20260331,139,5567,22,4,2,4,1,,1,447.08,176.55,3824.37,0
7440,20260401,118,5056,19,4,2,11,1,,3,2604.31,64.22,2115.19,0
7441,20260402,115,6319,23,4,2,3,1,,1,1650.16,178.42,2556.79,0
7442,20260403,174,6014,20,2,2,9,1,,2,818.3,75.67,574.22,0
7443,20260404,134,5289,13,1,1,8,1,,3,546.38,139.83,2066.69,0
7444,20260405,158,5713,2,2,1,7,1,,6,2332.2,253.36,2818.07,0
7445,20260406,146,5938,7,4,2,5,1,,6,433.64,297.02,3820.62,0
7446,20260407,172,5014,4,2,1,1,1,,2,1758.93,288.52,2885.41,0
7447,20260408,116,6438,20,4,1,11,1,,3,1463.33,101.61,3301.14,0
7448,20260409,138,5592,2,3,1,4,1,,4,790.11,275.03,3079.99,0
7449,20260410,104,5629,3,1,2,9,1,,2,1806.78,122.32,3709.16,1
7450,20260411,137,5860,6,1,2,4,1,,5,1131.7,41.65,948.71,0
7451,20260412,198,5802,8,3,1,10,1,,6,1566.85,254.98,1141.84,0
7452,20260413,145,5263,8,1,2,5,1,,4,1137.01,62.91,1269.47,0
7453,20260414,183,6243,20,3,2,8,1,,3,1151.02,236.71,2881.53,0
7454,20260415,147,5064,14,3,2,2,1,,2,2301.71,244.41,4986.19,0
7455,20260416,161,6311,9,3,1,3,1,,5,1563.95,39.65,3974.03,0
7456,20260417,124,5281,6,1,1,4,1,,6,2187.16,267.8,537.1,0
7457,20260418,130,5320,21,2,2,1,1,,6,834.35,202.53,2452.22,0
7458,20260419,108,6301,12,2,1,7,1,,1,473.19,251.0,1792.59,0
7459,20260420,104,5791,19,4,2,11,1,,6,1508.75,56.44,1127.74,0
7460,20260421,171,5805,7,4,2,4,1,,4,2154.81,43.62,2490.08,0
7461,20260422,143,6460,22,4,1,3,1,,5,2127.31,282.31,4160.24,0
7462,20260423,135,6443,23,2,2,10,1,,1,1453.61,222.41,4797.95,0
7463,20260424,124,5435,18,1,2,10,1,,1,1795.13,24.79,741.05,0
7464,20260425,169,5213,16,3,2,6,1,,6,714.24,134.84,1940.23,1
7465,20260426,126,6016,1,1,2,2,1,,1,815.88,60.15,4307.7,0
7466,20260427,199,5328,18,4,2,2,1,,1,1341.07,181.18,2708.39,0
7467,20260428,184,5102,8,2,1,11,1,,2,2682.69,198.08,4856.17,0
7468,20260429,184,5529,19,1,1,7,1,,6,1185.69,22.61,2874.61,0
7469,20260430,177,6003,5,2,1,10,1,,1,580.92,274.1,2939.88,0
7470,20260501,146,5557,1,3,2,5,1,,3,1638.44,261.15,4463.59,0
7471,20260201,172,5176,23,4,1,8,1,,3,1560.56,180.31,4590.65,0
7472,20260202,199,5972,20,2,1,3,1,,5,1288.09,70.41,2675.77,0
7473,20260203,151,5300,7,1,2,8,1,,4,762.24,277.64,3594.79,0
7474,20260204,190,5947,6,4,2,10,1,,2,693.2,159.94,2144.74,0
7475,20260205,165,5696,6,1,2,3,1,,3,932.09,107.44,2254.67,0
7476,20260206,175,5541,22,4,2,3,1,,2,1010.31,218.58,3134.78,0
7477,20260207,176,5412,9,2,2,10,1,,2,1382.21,262.98,1881.92,0
7478,20260208,139,6149,7,1,2,2,1,,1,2432.69,298.87,2017.8,0
7479,20260209,168,6252,13,1,1,10,1,,2,1928.58,147.1,4442.21,0
7480,20260210,171,5798,16,3,2,7,1,,6,1689.54,7.08,2711.24,0
7481,20260211,140,5694,23,4,1,1,1,,4,650.88,153.84,2337.14,0
7482,20260212,146,5663,2,2,2,5,1,,4,722.0,60.5,1676.46,0
7483,20260213,153,6395,10,2,1,3,1,,1,2597.88,118.36,4952.74,0
7484,20260214,174,5882,13,4,2,9,1,,1,2057.84,89.83,3946.76,0
7485,20260215,189,5556,15,4,2,12,1,,2,956.53,211.84,3059.95,0
7486,20260216,153,6379,8,4,2,2,1,,2,2714.93,1.57,1674.28,0
7487,20260217,146,6275,16,4,2,8,1,,6,1940.36,235.76,756.59,0
7488,20260218,180,5714,1,4,1,6,1,,1,2198.46,181.13,3497.72,0
7489,20260219,116,5178,12,3,2,6,1,,2,1879.34,42.23,3508.29,0
7490,20260220,116,6291,7,4,1,5,1,,6,1717.36,231.62,1698.07,0
7491,20260221,162,5962,20,2,1,9,1,,2,1799.4,236.29,742.02,0
7492,20260222,181,5950,18,4,1,11,1,,4,884.2,202.82,986.85,0
7493,20260223,112,5468,11,1,1,12,1,,5,1481.76,292.01,1910.3,0
7494,20260224,139,5146,6,1,1,2,1,,5,458.58,148.11,2689.04,0
7495,20260225,154,6116,11,2,1,8,1,,6,2682.31,278.24,2588.92,0
7496,20260226,116,5237,11,3,2,10,1,,6,2226.41,230.47,2782.64,0
7497,20260227,139,5020,1,1,1,1,1,,3,2434.49,27.32,1690.35,1
7498,20260228,186,5981,14,4,2,9,1,,4,2083.56,30.43,2892.69,0
7499,20260301,198,5781,10,3,1,4,1,,5,878.63,68.11,1052.65,0
7500,20260302,157,6289,10,4,2,1,1,,2,606.96,140.9,2560.24,0
7501,20260303,183,5753,8,2,2,5,1,,1,1048.22,92.64,1241.3,0
7502,20260304,198,5757,16,1,1,8,1,,2,537.07,182.81,3579.84,0
7503,20260305,143,5336,12,1,1,1,1,,5,1673.22,296.13,2112.44,0
7504,20260306,140,5820,16,1,1,5,1,,4,1249.11,164.3,694.98,0
7505,20260307,113,5272,24,1,2,1,1,,2,1058.26,278.27,4460.1,0
7506,20260308,151,5402,18,4,1,1,1,,1,421.34,60.02,964.93,0
7507,20260309,125,5703,22,2,2,9,1,,1,508.69,218.06,2338.49,1
7508,20260310,105,6043,18,4,1,9,1,,6,2321.22,25.67,4815.4,0
7509,20260311,118,6116,10,1,2,5,1,,4,1075.79,186.12,3752.1,0
7510,20260312,164,6187,6,2,1,11,1,,6,551.31,162.71,3070.9,0
7511,20260313,162,5851,23,3,1,9,1,,5,956.69,98.16,1067.17,0
7512,20260314,135,5231,20,3,1,8,1,,5,1364.05,29.75,3426.56,0
7513,20260315,123,5949,17,4,2,7,1,,5,1525.27,257.53,2229.57,1
7514,20260316,189,5931,23,2,2,12,1,,5,2148.14,183.91,2223.58,0
7515,20260317,167,5067,24,3,2,7,1,,3,743.32,281.19,4343.85,0
7516,20260318,128,6410,21,3,2,9,1,,4,2197.19,299.82,4646.54,0
7517,20260319,167,5049,4,1,2,2,1,,6,622.74,85.36,4665.52,0
7518,20260320,185,5769,10,1,1,3,1,,2,2346.74,15.15,2905.13,0
7519,20260321,142,6185,11,4,1,12,1,,5,936.07,40.22,4354.72,1
7520,20260322,193,5917,8,2,2,7,1,,1,1447.16,208.34,662.1,0
7521,20260323,119,5750,1,1,2,12,1,,6,1878.89,261.47,4872.89,0
7522,20260324,113,6267,23,1,2,7,1,,6,544.2,112.88,3078.46,0
7523,20260325,131,6485,6,2,1,12,1,,2,1435.0,207.96,1580.94,0
7524,20260326,190,5697,22,3,1,2,1,,5,2779.21,142.98,1036.95,0
7525,20260327,112,5349,1,2,2,3,1,,2,672.52,72.62,802.6,0
7526,20260328,138,6370,22,1,1,9,1,,5,707.71,135.07,1507.68,0
7527,20260329,136,5033,20,3,2,4,1,,3,1097.53,175.64,1623.19,0
7528,20260330,118,5786,14,2,2,3,1,,5,2145.94,297.11,3840.93,0
7529,20260331,149,5457,19,1,2,5,1,,2,1988.7,126.94,1448.87,0
7530,20260401,181,6279,3,2,1,9,1,,1,422.31,247.25,3391.12,0
7531,20260402,108,6296,22,4,1,10,1,,6,869.18,85.75,2562.18,0
7532,20260403,132,6414,8,4,1,3,1,,2,1812.95,60.55,909.21,0
7533,20260404,176,5527,11,3,2,6,1,,1,2051.89,204.48,2014.67,0
7534,20260405,131,6086,22,3,2,3,1,,3,450.53,237.44,4506.64,0
7535,20260406,159,6458,3,2,1,3,1,,6,2223.39,135.14,4670.51,0
7536,20260407,196,5033,19,1,1,2,1,,2,1141.71,117.45,1812.2,0
7537,20260408,130,6237,1,1,2,11,1,,2,931.76,267.89,3022.27,0
7538,20260409,125,6418,5,4,2,1,1,,5,431.33,52.33,2875.17,0
7539,20260410,165,5632,21,2,2,5,1,,3,1841.79,242.37,1610.93,0
7540,20260411,187,5107,2,4,2,10,1,,5,563.09,263.1,1413.1,0
7541,20260412,153,6145,24,1,2,11,1,,1,1321.44,118.65,1151.31,0
7542,20260413,187,6010,10,4,1,7,1,,4,831.67,91.13,673.94,0
7543,20260414,156,6105,18,4,2,3,1,,4,2259.66,101.53,4946.07,0
7544,20260415,126,6123,14,4,2,12,1,,1,2767.59,62.45,3778.98,0
7545,20260416,183,5257,4,1,1,2,1,,4,2611.21,181.53,1106.53,0
7546,20260417,126,6476,16,3,1,12,1,,3,721.08,190.49,631.41,0
7547,20260418,153,5832,17,1,2,4,1,,3,2348.47,51.56,2527.05,0
7548,20260419,150,5723,6,1,2,4,1,,6,2745.36,11.5,1375.42,0
7549,20260420,116,5019,1,3,2,11,1,,1,2381.97,99.69,509.75,0
7550,20260421,103,5200,19,3,1,1,1,,5,2329.43,167.3,2612.05,0
7551,20260422,151,5556,14,2,2,2,1,,4,2567.17,105.3,1084.59,0
7552,20260423,102,5740,19,2,2,5,1,,1,1286.14,149.2,1208.74,0
7553,20260424,175,6016,9,2,2,8,1,,3,758.01,97.6,3146.97,0
7554,20260425,180,6191,23,3,2,5,1,,4,2779.71,26.88,2897.2,0
7555,20260426,155,6396,12,4,1,12,1,,1,2287.73,8.88,1416.7,0
7556,20260427,183,6149,22,3,2,9,1,,5,1127.08,208.19,4610.72,0
7557,20260428,117,5882,8,3,1,9,1,,5,730.08,272.81,546.85,0
7558,20260429,188,6085,6,2,1,5,1,,2,2782.11,261.75,671.4,0
7559,20260430,120,5716,5,1,1,11,1,,2,2260.98,172.54,3610.77,0
7560,20260501,167,6278,1,3,1,11,1,,4,1777.35,164.21,2940.19,0
7561,20260201,170,5355,11,2,2,7,1,,4,1976.5,175.96,4796.15,0
7562,20260202,185,6033,24,3,1,7,1,,1,1319.51,74.76,3427.4,0
7563,20260203,116,5941,17,1,2,11,1,,2,1341.58,281.16,3251.27,0
7564,20260204,161,5550,5,2,1,4,1,,5,2618.99,291.99,1870.38,0
7565,20260205,140,5819,3,1,2,10,1,,6,2219.78,95.08,3172.54,0
7566,20260206,148,5939,3,1,2,1,1,,3,1878.74,76.82,3654.86,0
7567,20260207,184,6300,3,3,1,7,1,,1,1018.42,256.47,3593.28,0
7568,20260208,183,6110,7,1,1,3,1,,1,2411.16,158.0,3648.61,0
7569,20260209,161,5082,10,1,2,7,1,,1,426.83,17.51,2689.62,0
7570,20260210,156,5127,15,4,2,2,1,,4,2505.57,87.34,3847.12,0
7571,20260211,108,6313,14,3,1,1,1,,3,1722.92,276.31,4868.72,0
7572,20260212,137,5603,12,1,1,9,1,,2,2782.95,234.43,1130.57,0
7573,20260213,134,5328,18,1,1,7,1,,4,2338.08,85.12,4425.64,0
7574,20260214,161,5333,22,3,1,3,1,,3,2311.12,96.49,1850.24,0
7575,20260215,171,5750,20,1,1,4,1,,4,1244.06,173.58,1392.23,0
7576,20260216,133,5752,18,2,1,9,1,,5,612.17,146.61,2287.87,0
7577,20260217,133,5785,24,4,2,7,1,,5,2527.83,183.97,3884.14,0
7578,20260218,197,6237,21,2,2,11,1,,4,1375.64,9.61,1112.96,0
7579,20260219,161,6357,19,4,2,11,1,,1,855.4,97.12,1753.52,0
7580,20260220,125,5867,16,4,1,2,1,,2,2045.67,244.97,2449.92,0
7581,20260221,179,5584,23,3,2,8,1,,6,2681.38,236.41,1108.23,0
7582,20260222,146,5661,22,4,2,10,1,,5,1802.21,231.45,2747.79,0
7583,20260223,109,5215,20,3,1,11,1,,2,2122.18,119.24,4497.43,0
7584,20260224,127,6264,19,4,1,2,1,,3,2660.26,147.79,2140.09,0
7585,20260225,188,6184,19,4,2,11,1,,1,1780.92,278.11,1729.62,0
7586,20260226,180,5746,23,4,1,5,1,,1,2504.24,267.92,2544.45,0
7587,20260227,140,5173,17,3,1,3,1,,4,1004.89,8.66,4323.04,0
7588,20260228,132,5742,5,2,1,3,1,,4,1373.66,210.02,1357.16,0
7589,20260301,185,5121,11,4,1,2,1,,5,1433.83,101.19,4787.73,0
7590,20260302,187,5454,5,4,1,7,1,,5,583.4,294.37,1659.56,0
7591,20260303,173,5455,21,3,2,11,1,,2,798.66,212.82,3171.31,0
7592,20260304,113,6060,1,3,2,5,1,,4,521.97,212.29,2372.03,0
7593,20260305,197,6145,17,4,1,12,1,,1,1900.53,243.22,2378.1,0
7594,20260306,117,5051,12,4,1,4,1,,4,2457.02,14.38,3104.03,0
7595,20260307,153,5301,18,2,2,2,1,,6,782.2,237.92,2973.73,0
7596,20260308,197,5841,8,1,1,12,1,,5,1374.24,163.81,4585.12,0
7597,20260309,148,5614,2,4,2,12,1,,3,1693.58,254.6,2884.73,0
7598,20260310,197,5151,14,2,1,5,1,,2,791.98,155.66,1107.52,0
7599,20260311,160,5994,7,1,2,8,1,,3,2029.42,245.66,4404.88,0
7600,20260312,187,5986,18,3,1,8,1,,5,2034.02,141.13,1714.99,0
7601,20260313,160,5716,17,1,2,1,1,,6,1317.56,249.79,3758.42,0
7602,20260314,170,5017,24,3,1,2,1,,4,2523.47,132.36,2182.12,0
7603,20260315,182,5540,18,4,2,4,1,,6,1048.97,144.88,3342.77,0
7604,20260316,128,5369,18,3,2,7,1,,5,1627.65,172.18,1146.05,0
7605,20260317,168,5134,21,4,1,1,1,,5,848.29,280.77,4253.5,0
7606,20260318,116,6159,9,1,1,4,1,,3,1764.84,144.0,2114.09,0
7607,20260319,182,6295,20,2,1,7,1,,4,2268.88,69.46,2813.56,0
7608,20260320,137,5699,9,1,2,8,1,,6,2473.35,28.31,2765.68,0
7609,20260321,119,5476,23,1,1,10,1,,4,2342.08,149.91,3699.66,0
7610,20260322,186,5576,15,3,1,4,1,,3,1306.77,73.87,2820.49,0
7611,20260323,198,5341,17,2,1,8,1,,1,2785.59,279.63,4480.36,0
7612,20260324,175,5967,16,4,2,4,1,,1,1677.96,93.68,1311.37,0
7613,20260325,165,5642,2,4,2,1,1,,6,735.89,129.74,901.78,0
7614,20260326,107,6475,22,3,2,4,1,,4,2002.07,42.44,585.84,0
7615,20260327,145,5613,13,1,1,2,1,,3,2155.18,253.97,4376.83,0
7616,20260328,194,5360,21,2,2,11,1,,4,854.27,199.08,1670.71,0
7617,20260329,116,6312,21,3,1,11,1,,4,2610.28,202.04,3556.58,0
7618,20260330,116,6089,11,1,1,1,1,,2,1958.57,27.64,3338.89,0
7619,20260331,183,5341,4,1,2,2,1,,2,1145.14,183.42,777.92,0
7620,20260401,115,6126,24,3,1,6,1,,6,2127.67,142.38,1510.72,0
7621,20260402,199,6271,17,1,2,6,1,,4,749.89,264.34,2838.62,0
7622,20260403,114,5853,23,3,2,6,1,,4,866.25,204.91,4252.58,0
7623,20260404,137,5015,24,3,1,7,1,,1,1359.43,126.62,951.11,0
7624,20260405,142,5535,21,1,2,11,1,,2,631.5,210.98,1318.63,0
7625,20260406,173,5895,5,2,1,4,1,,6,2024.51,224.11,2354.51,0
7626,20260407,114,6105,10,3,2,2,1,,6,1456.29,42.1,1839.34,0
7627,20260408,104,6350,15,4,2,8,1,,6,1005.05,1.59,557.95,0
7628,20260409,182,6064,24,3,2,11,1,,6,1423.66,115.7,3192.06,0
7629,20260410,196,5749,7,3,2,1,1,,4,2705.82,43.73,4562.09,0
7630,20260411,107,6127,9,4,2,6,1,,6,770.92,8.68,3540.02,0
7631,20260412,149,5357,6,3,2,2,1,,5,542.14,291.35,4947.58,0
7632,20260413,167,6082,3,3,1,8,1,,1,544.39,85.97,4485.09,0
7633,20260414,183,6072,6,4,1,10,1,,4,2186.55,262.59,617.71,0
7634,20260415,159,5646,2,4,2,6,1,,2,786.23,22.21,2778.92,0
7635,20260416,153,5839,16,4,2,9,1,,1,1627.74,293.88,550.93,0
7636,20260417,181,5138,13,2,2,9,1,,3,700.97,253.14,2409.82,0
7637,20260418,131,5434,14,1,1,4,1,,3,1217.64,178.79,3896.22,0
7638,20260419,156,5746,15,2,2,3,1,,5,1581.87,165.65,3457.4,0
7639,20260420,165,5524,22,1,2,8,1,,4,843.77,236.0,1567.39,0
7640,20260421,105,5324,13,4,1,10,1,,3,1377.25,167.15,2580.07,0
7641,20260422,162,5180,24,4,2,2,1,,5,696.87,275.97,733.77,0
7642,20260423,185,6379,19,1,1,10,1,,6,2580.8,128.76,1400.36,0
7643,20260424,119,5302,17,1,1,10,1,,4,1842.24,153.19,4031.05,0
7644,20260425,110,5436,10,4,1,12,1,,1,2653.08,130.2,4587.22,0
7645,20260426,169,6488,14,4,2,6,1,,1,1896.87,112.31,2496.26,1
7646,20260427,150,5937,1,2,1,8,1,,3,1889.98,178.64,1836.11,0
7647,20260428,170,5486,20,4,2,1,1,,3,2535.29,4.17,4658.71,0
7648,20260429,125,5436,13,1,1,5,1,,4,2759.06,250.14,4632.81,0
7649,20260430,145,5156,3,2,2,1,1,,2,782.06,249.84,1834.98,0
7650,20260501,165,6254,3,2,2,1,1,,3,2530.37,134.74,2049.43,0
7651,20260201,158,6321,13,4,1,10,1,,3,442.76,25.54,4839.84,0
7652,20260202,164,5680,17,3,1,8,1,,4,1285.34,91.0,4232.72,0
7653,20260203,178,5381,6,4,1,2,1,,5,762.0,195.93,2584.9,0
7654,20260204,179,5645,16,4,1,4,1,,4,687.76,278.68,3600.63,0
7655,20260205,177,5412,11,1,2,1,1,,5,1493.85,33.25,1909.89,0
7656,20260206,168,5225,15,1,1,11,1,,4,1349.04,65.08,1233.81,0
7657,20260207,120,6129,4,4,2,6,1,,2,2327.26,212.87,1665.04,0
7658,20260208,144,5610,6,4,1,5,1,,3,1934.95,131.38,3918.81,0
7659,20260209,180,6286,18,4,1,11,1,,1,615.56,266.6,2830.83,0
7660,20260210,179,5344,7,4,1,6,1,,6,1774.47,262.67,3202.29,0
7661,20260211,169,5841,22,3,1,7,1,,4,461.33,256.6,885.43,0
7662,20260212,145,5690,17,4,2,2,1,,1,1231.04,274.19,1570.32,0
7663,20260213,147,5758,18,1,1,11,1,,6,2016.58,15.37,2299.48,0
7664,20260214,104,5729,14,4,2,11,1,,2,1934.9,56.34,2463.36,0
7665,20260215,106,6101,9,2,1,1,1,,6,1420.13,73.7,3240.07,0
7666,20260216,130,6012,17,2,1,7,1,,5,2084.41,34.22,3214.87,0
7667,20260217,180,6486,16,4,1,2,1,,5,638.9,115.02,3514.23,0
7668,20260218,189,6353,20,1,2,6,1,,1,1405.58,12.6,1714.11,0
7669,20260219,162,5378,4,3,1,6,1,,4,2535.17,9.57,3257.8,0
7670,20260220,143,6042,15,1,2,1,1,,2,423.74,198.08,2081.08,0
7671,20260221,142,6353,12,1,1,12,1,,5,1482.67,158.7,553.19,0
7672,20260222,108,6337,11,2,2,3,1,,2,714.59,103.85,1691.55,0
7673,20260223,126,6324,7,3,1,11,1,,2,817.91,234.88,4651.88,0
7674,20260224,187,5620,7,1,1,6,1,,5,1978.25,273.98,1607.67,0
7675,20260225,103,5447,13,1,1,3,1,,2,2756.7,268.11,3803.03,0
7676,20260226,102,5523,21,4,2,5,1,,4,2560.9,260.61,553.81,0
7677,20260227,182,6477,17,1,1,1,1,,6,1467.73,192.06,3003.24,0
7678,20260228,194,6144,16,4,2,8,1,,5,1131.86,61.83,4673.07,0
7679,20260301,138,6307,21,2,1,6,1,,6,2263.0,153.7,1485.97,0
7680,20260302,106,5143,22,1,1,4,1,,2,2179.68,119.62,875.79,0
7681,20260303,151,5436,16,3,1,7,1,,1,1150.86,66.21,4807.2,0
7682,20260304,148,5200,4,4,1,12,1,,6,2253.34,166.91,4542.72,0
7683,20260305,137,5725,22,4,1,7,1,,2,1242.86,253.25,557.72,0
7684,20260306,135,6357,21,2,2,1,1,,2,1457.18,70.88,4661.46,0
7685,20260307,152,6264,20,2,2,3,1,,6,1642.15,7.82,1329.96,0
7686,20260308,139,5029,1,4,2,2,1,,1,408.85,55.93,1566.85,0
7687,20260309,181,6440,9,1,2,6,1,,4,1522.84,251.78,3057.14,0
7688,20260310,146,6294,13,3,2,10,1,,6,2665.98,197.8,3913.87,0
7689,20260311,157,5132,7,1,1,3,1,,5,748.16,168.24,1841.82,0
7690,20260312,193,5342,4,2,2,12,1,,2,922.16,28.0,1592.92,0
7691,20260313,130,5077,2,1,2,12,1,,2,1891.11,112.61,1354.49,0
7692,20260314,197,5265,20,2,1,10,1,,3,2489.97,147.11,1321.78,0
7693,20260315,122,5049,15,3,1,1,1,,1,2412.3,51.67,2107.37,0
7694,20260316,177,5434,3,4,1,7,1,,6,789.06,244.81,4046.39,0
7695,20260317,135,5496,17,4,2,5,1,,2,1584.27,73.68,2077.59,0
7696,20260318,146,6262,14,2,2,7,1,,2,434.37,220.72,4947.41,0
7697,20260319,163,5783,8,2,2,3,1,,4,1976.5,182.17,4567.86,0
7698,20260320,163,5530,18,1,1,10,1,,1,1058.24,261.9,1539.49,0
7699,20260321,164,5743,13,3,1,5,1,,2,567.83,89.19,957.42,0
7700,20260322,176,6082,18,4,2,3,1,,5,1283.04,213.1,1409.59,0
7701,20260323,160,5212,17,3,1,9,1,,3,428.55,161.06,3324.9,0
7702,20260324,198,6038,12,4,1,9,1,,1,839.32,163.53,2010.35,0
7703,20260325,109,5312,2,1,2,11,1,,1,1369.91,280.0,4502.58,0
7704,20260326,190,5737,23,1,2,6,1,,5,2455.42,78.5,4631.66,0
7705,20260327,105,5386,5,1,2,1,1,,2,1872.53,218.29,3768.22,0
7706,20260328,171,6128,18,3,1,4,1,,6,2444.02,185.31,539.5,0
7707,20260329,194,5142,14,1,2,9,1,,1,945.99,188.35,1418.17,0
7708,20260330,192,5787,5,2,2,11,1,,3,1438.56,55.09,2429.68,0
7709,20260331,147,5843,4,3,2,11,1,,4,707.94,243.34,1530.55,0
7710,20260401,185,5706,3,4,1,8,1,,3,2682.65,164.84,2549.14,0
7711,20260402,177,6397,6,4,1,6,1,,5,1837.07,277.27,4639.09,0
7712,20260403,149,5202,15,2,2,4,1,,4,534.54,211.91,1791.34,0
7713,20260404,138,6021,24,1,2,12,1,,6,1574.32,1.42,3831.84,0
7714,20260405,188,5322,13,1,1,11,1,,5,1492.5,191.31,605.19,0
7715,20260406,158,5134,4,1,2,5,1,,5,527.2,229.18,3994.28,0
7716,20260407,119,5731,22,4,1,1,1,,5,1685.22,253.14,944.17,0
7717,20260408,168,5616,18,3,2,11,1,,3,1029.15,209.89,1311.32,0
7718,20260409,192,5358,5,4,1,7,1,,5,597.62,235.97,1315.39,0
7719,20260410,194,5246,16,2,2,3,1,,6,585.88,123.56,2495.22,0
7720,20260411,119,5434,22,4,2,6,1,,4,2126.61,123.58,2168.88,0
7721,20260412,138,6403,18,4,1,8,1,,5,1533.6,192.47,2882.28,0
7722,20260413,143,6208,24,4,1,2,1,,5,1888.93,144.43,1089.22,0
7723,20260414,192,6063,4,4,1,7,1,,2,922.37,188.86,4273.3,0
7724,20260415,134,5911,5,4,2,12,1,,2,793.82,115.62,2835.03,0
7725,20260416,130,5854,3,3,1,7,1,,3,513.73,207.6,1100.27,0
7726,20260417,190,6291,6,2,1,8,1,,3,1909.99,176.17,4497.06,0
7727,20260418,191,6264,14,2,2,2,1,,6,990.24,234.23,1758.65,0
7728,20260419,177,5223,24,2,1,11,1,,1,1085.35,204.94,1713.09,0
7729,20260420,111,5720,17,2,2,5,1,,3,2166.22,205.55,1027.39,0
7730,20260421,129,5627,7,2,2,1,1,,1,1665.3,218.07,4761.2,0
7731,20260422,178,6205,5,1,2,2,1,,1,863.88,207.96,836.94,0
7732,20260423,176,5622,20,2,1,5,1,,5,1080.1,155.15,2086.56,0
7733,20260424,118,5907,2,4,1,8,1,,4,1952.84,194.7,1737.68,0
7734,20260425,162,5812,10,2,1,7,1,,5,656.38,265.2,3393.97,0
7735,20260426,131,5270,10,2,1,4,1,,3,566.87,137.85,3443.58,0
7736,20260427,176,6463,5,1,1,8,1,,1,486.46,48.78,1914.01,0
7737,20260428,180,5806,1,1,1,3,1,,4,2440.64,144.42,4282.15,0
7738,20260429,173,6377,18,3,1,3,1,,4,2260.42,192.9,3087.41,0
7739,20260430,126,5187,12,2,1,2,1,,5,2357.16,185.43,2704.2,0
7740,20260501,161,6071,14,2,2,11,1,,4,2068.28,27.14,2334.0,0
7741,20260201,155,6138,18,4,2,11,1,,4,1925.29,101.42,580.17,0
7742,20260202,198,5664,13,4,1,12,1,,4,2633.41,48.0,2076.14,0
7743,20260203,150,6294,22,4,2,10,1,,2,1740.86,241.03,2878.66,0
7744,20260204,161,5157,3,2,2,4,1,,3,2248.64,57.34,1027.57,0
7745,20260205,132,5241,3,2,2,12,1,,1,1448.3,237.12,1940.1,0
7746,20260206,162,6083,7,1,2,10,1,,4,1857.0,26.83,1575.76,0
7747,20260207,194,5430,8,4,1,7,1,,1,2734.71,100.47,506.66,0
7748,20260208,179,5948,13,4,1,7,1,,3,1078.2,1.82,1443.98,0
7749,20260209,104,6438,11,4,2,7,1,,6,1956.64,87.3,555.46,0
7750,20260210,175,5315,13,1,1,6,1,,3,771.15,124.26,2064.42,0
7751,20260211,163,5576,2,3,1,8,1,,3,1037.28,87.03,836.2,0
7752,20260212,198,6080,18,2,2,9,1,,6,834.38,73.62,3474.96,0
7753,20260213,144,5297,13,2,2,4,1,,2,1684.84,17.72,4318.12,0
7754,20260214,198,5206,16,4,1,5,1,,2,1682.31,25.93,738.22,0
7755,20260215,151,5442,4,1,2,10,1,,6,2169.91,230.0,625.73,0
7756,20260216,152,5255,9,1,2,9,1,,4,1614.51,33.84,3470.23,0
7757,20260217,177,5122,16,2,1,9,1,,2,2319.89,17.07,1317.8,0
7758,20260218,106,6273,4,1,2,10,1,,6,1661.51,41.37,3588.16,0
7759,20260219,172,5715,1,3,2,10,1,,2,1873.4,251.13,1488.91,0
7760,20260220,150,5527,13,1,2,11,1,,1,433.54,128.21,1494.13,0
7761,20260221,130,6065,24,2,1,11,1,,2,1726.43,212.15,1322.19,0
7762,20260222,148,5434,15,3,2,11,1,,4,2756.03,139.53,667.11,0
7763,20260223,179,5271,21,3,1,11,1,,1,2678.49,256.02,3334.25,0
7764,20260224,169,5910,5,1,2,10,1,,4,1263.88,231.21,4059.93,0
7765,20260225,164,5832,16,4,2,2,1,,2,2448.67,153.71,1643.77,0
7766,20260226,165,5432,20,4,1,1,1,,1,1340.36,127.55,1085.27,0
7767,20260227,143,5876,17,4,2,8,1,,3,1603.31,231.85,3927.11,0
7768,20260228,132,5821,15,1,2,12,1,,1,1761.48,254.72,2724.2,0
7769,20260301,146,5017,1,2,1,12,1,,3,1955.46,77.21,4437.53,0
7770,20260302,170,5006,3,3,1,2,1,,3,2713.73,1.9,3884.47,0
7771,20260303,189,6092,7,3,1,5,1,,6,1700.38,195.8,2996.34,0
7772,20260304,124,5677,11,4,1,5,1,,1,2794.97,132.45,2842.99,0
7773,20260305,128,5925,13,1,1,9,1,,6,2741.33,56.08,2115.31,0
7774,20260306,187,6169,17,1,2,10,1,,3,2070.97,226.33,3401.12,0
7775,20260307,147,5307,9,4,1,11,1,,4,524.19,227.95,1326.86,0
7776,20260308,174,6192,1,3,1,2,1,,5,2633.49,276.36,4077.81,0
7777,20260309,194,6148,19,1,2,4,1,,6,847.37,244.66,1883.8,0
7778,20260310,147,6017,23,3,1,5,1,,6,839.22,177.27,3336.49,0
7779,20260311,121,5320,18,4,2,3,1,,5,2233.65,66.64,3821.99,0
7780,20260312,181,6027,6,1,1,7,1,,2,1692.62,165.77,2058.26,0
7781,20260313,113,6400,2,1,2,4,1,,3,1831.73,22.92,1325.15,0
7782,20260314,182,5722,15,1,2,5,1,,1,2307.91,152.93,1168.43,0
7783,20260315,197,5429,1,2,2,10,1,,3,1610.35,167.4,4460.52,0
7784,20260316,142,5909,7,2,2,5,1,,2,1935.44,119.6,2946.03,0
7785,20260317,146,5092,5,4,1,6,1,,5,1868.18,79.75,3544.78,0
7786,20260318,198,5487,11,2,2,10,1,,3,1377.4,252.14,2592.12,0
7787,20260319,121,5030,16,1,1,7,1,,6,1566.2,167.17,4030.71,0
7788,20260320,177,5417,16,2,2,4,1,,1,630.87,268.3,1324.43,0
7789,20260321,162,5412,15,3,1,2,1,,5,1122.01,163.88,2902.67,1
7790,20260322,103,5732,5,1,2,5,1,,1,1766.1,18.31,4832.97,0
7791,20260323,144,5659,17,4,1,6,1,,4,877.74,32.82,1453.06,0
7792,20260324,123,5321,1,2,2,4,1,,6,1230.81,12.65,4017.65,0
7793,20260325,182,5477,7,3,1,2,1,,4,1066.81,238.63,4935.36,0
7794,20260326,159,6113,24,3,1,12,1,,4,2643.5,187.31,3741.85,0
7795,20260327,126,6023,3,4,2,9,1,,3,570.28,39.19,4475.18,0
7796,20260328,196,5143,24,3,2,6,1,,3,1690.37,31.63,4138.28,0
7797,20260329,186,5422,6,2,1,7,1,,1,1247.12,205.33,4369.26,0
7798,20260330,111,6229,3,4,2,10,1,,5,2109.34,169.23,593.93,0
7799,20260331,139,5955,21,1,1,7,1,,2,736.99,244.26,4626.7,0
7800,20260401,110,5925,16,3,1,8,1,,6,1076.49,163.92,3170.43,0
7801,20260402,177,5365,7,2,2,1,1,,6,1139.68,84.16,580.67,0
7802,20260403,193,6291,1,4,2,1,1,,6,1261.16,185.01,4531.41,0
7803,20260404,117,5968,7,2,1,12,1,,1,783.09,253.78,3166.73,0
7804,20260405,121,5286,3,4,1,2,1,,4,2687.29,205.04,3580.17,0
7805,20260406,135,5705,3,4,2,2,1,,2,1572.31,73.1,633.16,0
7806,20260407,170,6371,10,4,2,4,1,,1,1162.58,13.31,4429.31,0
7807,20260408,181,5933,21,3,1,10,1,,2,2650.95,214.18,1021.28,0
7808,20260409,173,5208,22,4,2,5,1,,3,1819.99,275.37,607.1,0
7809,20260410,118,5113,19,3,1,12,1,,4,1872.09,150.14,3352.45,0
7810,20260411,151,5122,15,2,2,1,1,,5,856.06,190.92,3495.87,0
7811,20260412,129,5045,5,1,2,9,1,,2,2315.27,4.0,1465.98,0
7812,20260413,166,5579,11,2,1,4,1,,3,1775.06,154.34,4203.81,0
7813,20260414,158,5653,5,2,1,7,1,,4,605.97,9.71,2974.84,0
7814,20260415,115,5244,17,4,1,1,1,,3,2306.41,12.92,1076.92,0
7815,20260416,141,5135,8,1,2,3,1,,5,1113.14,234.87,3494.77,0
7816,20260417,153,5596,21,4,2,1,1,,4,448.99,87.48,2200.37,0
7817,20260418,110,5730,12,3,1,8,1,,3,767.71,255.82,2297.36,0
7818,20260419,114,6197,12,4,2,10,1,,3,675.14,170.4,568.68,0
7819,20260420,142,5542,19,1,2,6,1,,3,2125.21,149.06,3842.85,0
7820,20260421,119,6248,5,3,1,11,1,,5,1604.29,116.13,2423.95,0
7821,20260422,110,6352,4,4,1,1,1,,4,1046.61,231.88,2994.41,0
7822,20260423,102,5028,14,1,1,3,1,,1,2592.36,34.46,2163.39,0
7823,20260424,160,5946,11,2,1,7,1,,2,1281.87,240.05,1208.0,0
7824,20260425,133,5574,10,3,1,8,1,,4,2759.91,91.97,2875.6,0
7825,20260426,166,6183,4,3,2,10,1,,2,1894.59,175.46,2710.07,0
7826,20260427,147,6395,22,1,2,3,1,,3,2626.58,150.04,2737.44,0
7827,20260428,138,5298,6,1,1,1,1,,2,2774.66,234.12,3844.99,0
7828,20260429,153,5025,1,1,2,6,1,,2,2637.16,53.06,1089.73,0
7829,20260430,180,5224,10,2,1,5,1,,1,1569.97,63.66,3077.02,0
7830,20260501,129,6047,10,2,1,8,1,,1,2054.95,91.14,2439.68,0
7831,20260201,178,5053,8,3,1,11,1,,3,1833.67,196.25,1482.84,0
7832,20260202,130,5199,8,2,2,12,1,,1,2577.7,106.72,2629.64,0
7833,20260203,194,5108,22,4,1,2,1,,1,1266.92,201.7,3729.39,0
7834,20260204,163,5845,22,2,1,9,1,,4,1261.35,39.78,1554.26,0
7835,20260205,104,5198,23,4,1,9,1,,1,853.41,293.33,3521.43,0
7836,20260206,168,5897,19,3,1,7,1,,2,2019.29,84.79,3794.17,0
7837,20260207,138,6010,12,3,1,6,1,,6,1364.89,156.04,4992.4,0
7838,20260208,121,5384,20,1,1,3,1,,5,2502.27,2.05,4863.07,0
7839,20260209,173,5174,15,4,1,2,1,,5,2424.11,157.81,4267.9,0
7840,20260210,160,6324,4,4,2,7,1,,4,1645.0,286.37,3024.44,0
7841,20260211,151,5895,4,2,1,12,1,,4,1574.23,220.86,1772.88,0
7842,20260212,194,5529,10,1,2,7,1,,3,1479.36,64.3,4499.06,0
7843,20260213,162,5688,20,2,2,9,1,,1,917.59,277.6,4047.96,0
7844,20260214,115,6036,1,1,1,10,1,,6,1278.57,150.61,3503.82,0
7845,20260215,141,5917,7,3,1,7,1,,3,483.77,134.16,3640.77,0
7846,20260216,139,6285,19,1,1,2,1,,1,1035.27,276.77,2172.32,0
7847,20260217,164,5638,2,3,2,7,1,,3,1170.32,238.29,802.45,0
7848,20260218,123,6178,2,2,1,7,1,,3,638.05,227.01,1648.69,0
7849,20260219,124,6174,19,2,2,4,1,,2,1478.78,270.81,4814.73,0
7850,20260220,105,6227,12,1,1,4,1,,6,1855.92,245.28,4193.25,0
7851,20260221,187,5378,5,2,2,12,1,,4,637.22,165.9,4004.55,0
7852,20260222,145,6430,3,1,2,12,1,,3,2631.39,47.21,1040.47,0
7853,20260223,143,6039,7,1,1,3,1,,5,1558.18,147.27,1399.21,0
7854,20260224,104,6276,15,1,1,5,1,,5,1286.67,68.66,2308.61,0
7855,20260225,182,5901,21,3,1,9,1,,4,854.9,143.64,2990.85,0
7856,20260226,199,5644,5,4,2,5,1,,2,2358.85,152.53,3448.62,0
7857,20260227,197,5800,18,3,1,10,1,,2,1366.73,146.24,4679.68,0
7858,20260228,199,5722,22,4,1,8,1,,6,2107.83,48.22,3254.2,0
7859,20260301,183,5109,8,1,2,2,1,,1,731.16,24.61,4550.94,0
7860,20260302,113,6004,2,3,1,5,1,,6,2548.44,163.24,3461.31,0
7861,20260303,161,5472,16,3,1,6,1,,2,683.24,206.08,3776.95,0
7862,20260304,117,5096,16,2,2,1,1,,6,591.68,203.67,4846.7,0
7863,20260305,155,5266,19,3,1,1,1,,4,1548.89,174.55,3454.54,0
7864,20260306,164,5890,16,3,1,11,1,,4,1323.36,248.63,2323.03,0
7865,20260307,171,5693,18,3,2,5,1,,6,726.81,102.37,4556.41,0
7866,20260308,194,6263,24,4,2,6,1,,2,1604.98,167.7,4952.2,0
7867,20260309,138,5648,4,2,2,6,1,,2,1584.31,124.66,4765.66,0
7868,20260310,157,5487,4,3,2,3,1,,3,2411.11,27.55,2597.78,0
7869,20260311,170,5436,6,1,1,3,1,,4,2685.4,285.74,2987.58,0
7870,20260312,167,5759,1,4,1,5,1,,3,2713.89,158.18,2034.01,0
7871,20260313,196,6410,19,4,2,2,1,,1,1093.44,195.83,2194.54,0
7872,20260314,196,6136,6,4,1,5,1,,2,2360.31,54.83,2118.04,0
7873,20260315,124,6087,17,4,1,1,1,,3,725.72,24.63,1443.69,0
7874,20260316,124,5976,6,3,2,2,1,,5,841.34,19.55,1656.54,0
7875,20260317,191,6124,9,4,2,3,1,,4,672.79,189.63,1902.17,0
7876,20260318,115,5349,3,4,1,8,1,,3,1491.43,57.47,4560.43,0
7877,20260319,124,5068,1,4,1,2,1,,6,2021.93,236.65,2456.29,0
7878,20260320,179,5708,5,4,2,9,1,,1,805.07,215.5,1539.52,0
7879,20260321,146,5328,8,3,2,11,1,,3,1833.94,70.67,3013.3,0
7880,20260322,186,6342,17,3,2,1,1,,4,1092.18,291.25,2268.94,0
7881,20260323,179,6070,4,3,2,6,1,,4,644.62,237.53,2428.11,0
7882,20260324,190,5106,22,3,2,11,1,,3,2587.06,34.93,3351.74,0
7883,20260325,138,5379,9,2,2,9,1,,3,1344.13,155.36,3165.55,0
7884,20260326,127,5410,8,3,2,2,1,,4,2621.37,164.09,3707.67,0
7885,20260327,125,6040,9,3,1,9,1,,6,2469.22,222.35,2590.79,0
7886,20260328,119,5961,20,4,1,9,1,,1,1890.11,41.66,4894.21,0
7887,20260329,196,5151,10,1,1,11,1,,3,2305.54,276.91,736.42,0
7888,20260330,164,6232,18,1,2,4,1,,4,663.8,293.15,2862.5,0
7889,20260331,158,5704,5,3,2,3,1,,1,1337.29,269.78,3418.96,0
7890,20260401,189,5192,4,1,1,11,1,,6,1850.24,75.6,3028.87,0
7891,20260402,184,5653,5,1,1,11,1,,2,670.0,241.88,2141.05,0
7892,20260403,140,5866,8,2,1,9,1,,1,2201.39,223.45,4857.31,0
7893,20260404,186,6097,9,2,2,7,1,,5,2578.14,30.38,2602.32,0
7894,20260405,149,6274,21,1,2,4,1,,2,1521.93,205.64,3197.42,0
7895,20260406,131,5777,8,4,2,2,1,,3,1937.09,270.73,1474.52,0
7896,20260407,133,5881,6,4,1,6,1,,3,2123.36,54.05,3150.77,0
7897,20260408,175,5341,13,4,1,3,1,,3,1688.93,251.22,1736.47,0
7898,20260409,138,6013,14,1,1,12,1,,1,1450.67,98.95,1756.11,0
7899,20260410,107,5032,24,4,2,12,1,,3,542.56,257.83,2620.37,0
7900,20260411,156,6057,12,4,2,5,1,,5,2058.1,93.92,2029.12,0
7901,20260412,174,5473,8,3,2,10,1,,3,1139.96,163.96,522.56,0
7902,20260413,123,5031,22,4,2,5,1,,4,1271.41,20.66,3770.88,0
7903,20260414,186,5766,23,3,2,3,1,,6,2010.42,142.07,1074.51,0
7904,20260415,128,5475,10,1,1,9,1,,6,977.31,246.44,1572.16,0
7905,20260416,161,5048,8,4,2,3,1,,4,2481.87,242.85,2806.98,0
7906,20260417,162,5730,8,1,2,11,1,,5,648.92,186.48,2209.07,0
7907,20260418,178,5473,8,2,2,7,1,,4,2643.9,26.45,4816.64,0
7908,20260419,180,6028,9,1,1,8,1,,2,2254.37,44.63,1028.48,0
7909,20260420,142,5985,10,1,2,4,1,,2,1138.37,190.17,3366.26,0
7910,20260421,130,6240,17,1,1,9,1,,3,1242.23,51.58,3982.84,0
7911,20260422,101,6251,21,2,2,1,1,,1,2092.97,164.31,3848.95,0
7912,20260423,174,5440,11,1,2,2,1,,4,1487.53,281.94,4533.15,0
7913,20260424,118,5065,15,3,1,2,1,,2,1119.87,232.48,2027.71,0
7914,20260425,158,6211,14,1,1,4,1,,2,545.46,48.97,513.52,1
7915,20260426,163,5456,22,2,1,6,1,,5,2051.13,188.5,1949.66,0
7916,20260427,190,5632,7,1,1,5,1,,6,1379.47,75.07,3649.22,0
7917,20260428,180,5592,1,3,1,8,1,,5,642.31,85.41,1026.14,0
7918,20260429,148,6083,15,2,2,1,1,,4,2074.97,294.53,1689.63,0
7919,20260430,148,5163,7,1,1,6,1,,4,846.74,169.61,1427.23,0
7920,20260501,158,6158,4,2,1,4,1,,1,1381.45,35.61,4942.74,0
7921,20260201,177,6188,14,1,2,6,1,,3,1733.81,28.04,1826.37,0
7922,20260202,117,6331,23,2,1,6,1,,2,1998.57,94.55,719.95,0
7923,20260203,128,6375,21,2,2,8,1,,3,2607.33,284.91,2871.16,0
7924,20260204,162,6163,5,4,1,9,1,,3,1250.4,21.39,2601.96,0
7925,20260205,127,6440,12,4,2,9,1,,6,2580.47,167.65,2777.98,0
7926,20260206,138,5206,15,4,2,10,1,,6,2278.25,184.76,4523.27,0
7927,20260207,156,6221,8,3,2,8,1,,2,471.58,15.41,4524.88,0
7928,20260208,121,5249,2,3,1,2,1,,3,2636.54,158.67,900.66,0
7929,20260209,169,6204,24,2,1,2,1,,2,1656.63,59.67,4783.19,0
7930,20260210,137,6178,5,2,2,12,1,,6,2060.68,40.3,1754.51,0
7931,20260211,126,5999,24,1,1,5,1,,1,1515.58,55.93,4631.48,0
7932,20260212,143,6438,4,1,1,11,1,,1,2649.09,263.73,818.02,0
7933,20260213,136,5086,24,3,1,4,1,,5,2077.59,226.08,3458.55,0
7934,20260214,117,5237,4,1,2,10,1,,1,1063.76,252.83,2767.0,0
7935,20260215,111,5221,10,2,1,10,1,,5,2344.11,50.88,2190.92,0
7936,20260216,133,5589,3,3,1,2,1,,6,2569.86,234.01,3791.82,0
7937,20260217,186,5162,11,1,2,8,1,,6,2360.38,99.04,2870.94,0
7938,20260218,112,5152,21,2,2,4,1,,1,1211.72,250.01,3204.94,0
7939,20260219,113,5531,19,2,1,12,1,,5,1950.85,233.69,1435.22,0
7940,20260220,191,6249,13,2,2,12,1,,4,2382.29,50.15,4259.18,0
7941,20260221,122,6496,9,4,1,10,1,,6,960.26,28.36,1930.29,0
7942,20260222,122,5909,22,4,1,1,1,,5,1540.94,40.57,1633.83,0
7943,20260223,102,5479,13,3,1,1,1,,6,796.35,286.64,4204.68,0
7944,20260224,185,5589,1,4,2,12,1,,6,2691.11,114.53,4660.05,0
7945,20260225,155,5750,3,4,1,8,1,,6,1598.19,212.15,3899.21,0
7946,20260226,121,6184,4,2,1,11,1,,4,1178.76,99.62,1817.08,0
7947,20260227,114,5534,19,2,1,1,1,,1,2167.57,110.43,505.2,0
7948,20260228,172,5374,9,1,1,1,1,,5,794.01,288.22,2782.48,0
7949,20260301,140,5413,13,3,2,6,1,,4,1419.14,7.01,4071.42,0
7950,20260302,184,5092,13,4,2,9,1,,1,2636.74,86.07,3253.64,0
7951,20260303,103,5802,14,3,2,7,1,,3,559.87,138.92,2684.23,0
7952,20260304,174,5312,23,2,1,1,1,,2,1661.78,60.8,4057.65,0
7953,20260305,174,6348,5,3,2,6,1,,3,2211.86,262.71,2638.9,0
7954,20260306,183,5352,20,2,1,4,1,,6,1570.89,174.15,1732.2,0
7955,20260307,104,5108,1,1,1,6,1,,4,1673.08,270.98,4696.58,0
7956,20260308,161,6224,2,2,2,5,1,,5,1303.9,90.44,4883.69,0
7957,20260309,120,5236,13,4,1,12,1,,5,1437.9,145.99,4144.2,0
7958,20260310,175,5480,10,3,2,4,1,,3,1536.88,38.57,4509.42,0
7959,20260311,126,6485,3,3,1,11,1,,4,480.0,206.47,2559.57,0
7960,20260312,137,6121,3,3,2,6,1,,5,686.9,7.11,848.01,0
7961,20260313,148,5629,10,4,2,2,1,,2,1026.69,111.37,1557.87,1
7962,20260314,187,6168,23,3,1,12,1,,1,752.04,1.24,3575.18,0
7963,20260315,122,6062,16,1,2,9,1,,5,2458.06,214.34,2653.89,0
7964,20260316,193,5481,5,2,2,11,1,,1,1835.65,31.27,2157.29,0
7965,20260317,147,5927,8,2,1,3,1,,2,981.97,40.48,4479.2,0
7966,20260318,112,5929,12,3,1,7,1,,5,2701.5,212.79,2842.74,0
7967,20260319,127,5343,2,1,1,5,1,,2,899.86,165.7,3443.42,0
7968,20260320,183,5078,24,4,1,12,1,,5,1049.67,99.54,3629.08,0
7969,20260321,162,5295,15,3,2,4,1,,1,721.12,280.98,1445.03,0
7970,20260322,196,6213,10,3,2,12,1,,4,590.81,118.19,1551.71,0
7971,20260323,183,6207,24,1,1,2,1,,2,2194.38,11.91,2849.16,0
7972,20260324,121,5995,9,1,1,2,1,,4,1816.76,191.6,3816.76,0
7973,20260325,135,5496,9,1,1,6,1,,6,1472.16,128.64,3539.09,0
7974,20260326,148,5171,12,1,1,2,1,,5,1363.0,78.22,2033.14,0
7975,20260327,172,5285,3,3,1,6,1,,1,1540.74,227.8,1607.41,0
7976,20260328,153,5182,18,1,2,5,1,,1,1913.76,66.9,777.15,1
7977,20260329,119,5735,8,3,2,6,1,,5,1848.79,108.19,3188.6,0
7978,20260330,124,5023,23,3,2,1,1,,1,1926.21,212.58,4822.88,0
7979,20260331,118,5005,20,2,1,6,1,,5,1580.34,74.04,4170.17,0
7980,20260401,160,5097,15,1,1,7,1,,6,2335.91,281.03,3844.33,0
7981,20260402,111,6441,8,1,1,3,1,,2,906.63,199.82,1623.91,0
7982,20260403,191,5625,8,2,2,12,1,,3,1164.71,245.51,3657.71,0
7983,20260404,143,5818,2,2,2,8,1,,6,1148.44,29.95,1274.88,0
7984,20260405,151,5452,17,2,2,6,1,,5,2579.25,275.91,1254.59,0
7985,20260406,130,6272,21,4,1,5,1,,6,2672.56,245.02,1480.0,0
7986,20260407,155,6482,24,1,2,12,1,,1,2309.08,174.71,3112.31,0
7987,20260408,111,5009,12,1,2,11,1,,1,2179.43,20.92,4384.46,0
7988,20260409,168,5159,14,3,1,12,1,,3,1780.04,198.22,2129.27,0
7989,20260410,185,5130,12,2,1,1,1,,6,1880.91,167.53,3443.5,0
7990,20260411,131,5558,5,3,2,1,1,,6,592.16,286.23,1266.76,0
7991,20260412,194,6399,18,1,1,12,1,,4,1031.27,158.17,2340.54,0
7992,20260413,181,5643,15,4,1,11,1,,2,1043.37,212.63,3434.82,0
7993,20260414,189,5545,20,2,2,4,1,,5,1883.01,168.76,2352.35,0
7994,20260415,102,5212,6,4,2,10,1,,6,1871.08,249.51,652.71,0
7995,20260416,140,5914,13,3,1,12,1,,3,1883.45,92.08,3838.84,0
7996,20260417,123,6107,3,2,1,6,1,,3,597.7,47.48,2278.79,0
7997,20260418,194,6217,3,4,1,8,1,,2,1853.55,258.75,1006.02,0
7998,20260419,156,6261,23,1,2,7,1,,1,804.12,38.74,2310.41,0
7999,20260420,110,5841,12,1,1,12,1,,2,1060.13,17.88,4907.92,0
8000,20260421,102,6389,7,3,1,8,1,,4,409.69,201.9,2696.62,0
8001,20260422,126,6024,16,4,1,9,1,,4,1114.39,78.53,4195.91,0
8002,20260423,135,5311,2,4,2,12,1,,3,1584.68,159.35,1348.55,0
8003,20260424,190,6216,22,3,1,1,1,,6,2071.46,238.69,1082.53,0
8004,20260425,178,5617,4,3,1,11,1,,3,1003.37,59.47,2769.91,0
8005,20260426,102,6324,21,3,1,10,1,,5,2364.61,271.58,793.75,0
8006,20260427,153,5285,24,3,1,3,1,,2,1059.39,211.93,4488.07,0
8007,20260428,167,5604,21,1,2,5,1,,5,877.64,72.89,4496.55,0
8008,20260429,153,5287,8,2,2,11,1,,2,1623.68,82.89,4724.27,1
8009,20260430,104,5288,19,1,1,4,1,,2,764.44,126.89,592.09,0
8010,20260501,127,6201,6,1,1,7,1,,3,1601.22,11.35,1660.95,0
8011,20260201,128,6282,17,3,2,12,1,,1,733.19,174.56,2409.24,0
8012,20260202,190,5484,4,1,2,9,1,,2,2323.42,2.52,2531.63,0
8013,20260203,175,5060,22,3,2,4,1,,3,455.39,142.14,4811.95,0
8014,20260204,114,6122,18,3,1,8,1,,4,1268.28,65.42,3177.77,0
8015,20260205,189,5528,21,1,2,11,1,,6,985.64,272.87,1369.61,0
8016,20260206,122,6321,9,2,1,12,1,,3,2494.78,117.97,3878.73,0
8017,20260207,199,5595,10,2,1,12,1,,5,1886.03,48.19,4558.56,0
8018,20260208,164,5184,22,2,2,9,1,,1,2385.8,118.1,1630.03,0
8019,20260209,140,6131,12,4,2,9,1,,6,2599.52,154.55,1267.95,0
8020,20260210,196,6025,12,3,1,3,1,,4,2239.9,15.84,928.9,0
8021,20260211,168,6466,7,4,1,7,1,,2,2318.07,261.07,3760.54,0
8022,20260212,102,6432,21,3,2,5,1,,3,1382.89,101.04,2004.38,0
8023,20260213,181,5183,9,2,1,12,1,,5,1403.35,291.79,1917.71,0
8024,20260214,178,5625,4,2,1,3,1,,3,2253.15,19.29,3699.88,0
8025,20260215,111,6303,1,1,1,10,1,,1,1226.34,199.22,3772.54,0
8026,20260216,194,5350,22,1,2,5,1,,3,1609.68,215.75,657.28,0
8027,20260217,196,6081,4,1,2,12,1,,2,2581.97,106.96,3105.36,0
8028,20260218,119,5817,7,3,2,6,1,,3,1399.04,251.79,1213.78,0
8029,20260219,164,5856,18,2,2,9,1,,3,1256.92,149.65,1170.6,0
8030,20260220,148,5089,4,1,2,1,1,,1,2793.83,128.37,1857.89,0
8031,20260221,175,5894,16,4,2,7,1,,6,691.25,53.03,1096.88,0
8032,20260222,160,5823,8,4,2,6,1,,3,2399.03,199.04,2492.7,0
8033,20260223,139,6482,8,1,1,7,1,,4,1467.01,27.65,2301.23,0
8034,20260224,146,5416,11,2,1,10,1,,2,2733.39,167.64,1250.99,0
8035,20260225,174,6332,3,4,1,11,1,,6,1939.56,246.8,2029.88,0
8036,20260226,199,5512,21,4,1,8,1,,3,2715.85,65.0,4008.39,0
8037,20260227,200,5670,17,4,1,1,1,,4,573.76,61.66,2859.48,0
8038,20260228,133,5975,22,4,2,5,1,,6,1923.05,133.19,1670.64,0
8039,20260301,145,5505,20,2,2,2,1,,1,843.32,65.49,2335.94,0
8040,20260302,153,6420,6,3,1,7,1,,5,1357.76,206.73,3740.06,0
8041,20260303,101,5814,9,4,2,1,1,,6,1217.22,212.42,1506.61,0
8042,20260304,141,5026,4,4,1,6,1,,3,1574.28,13.01,4330.86,0
8043,20260305,166,5914,22,1,1,4,1,,4,2151.38,52.91,2610.0,0
8044,20260306,131,5741,16,4,2,7,1,,3,763.7,123.98,1454.09,0
8045,20260307,180,6188,21,1,2,5,1,,4,595.89,206.84,4106.9,0
8046,20260308,194,5198,14,4,2,5,1,,6,1066.62,169.53,2275.08,0
8047,20260309,189,5689,4,4,1,1,1,,5,428.22,85.25,1416.44,0
8048,20260310,195,6098,8,3,1,1,1,,1,1400.36,251.86,650.36,0
8049,20260311,193,5915,21,4,1,4,1,,6,2046.22,227.61,2148.48,0
8050,20260312,103,5065,21,4,1,5,1,,1,1263.14,143.96,3906.17,1
8051,20260313,120,5175,5,1,1,4,1,,1,1861.81,88.78,4053.6,0
8052,20260314,168,5113,4,1,2,12,1,,3,2249.63,136.18,1837.78,0
8053,20260315,123,6486,14,1,1,3,1,,4,1918.18,220.03,1699.19,0
8054,20260316,188,6051,13,1,2,3,1,,1,1319.33,259.15,1824.88,1
8055,20260317,169,5936,17,2,1,3,1,,5,743.66,292.71,4001.85,0
8056,20260318,155,5713,11,2,1,1,1,,3,854.62,161.48,4307.64,0
8057,20260319,108,5479,1,2,2,2,1,,3,1518.53,34.67,4227.08,0
8058,20260320,109,6234,11,3,2,8,1,,2,855.08,4.52,3454.91,0
8059,20260321,137,5623,4,3,1,8,1,,1,2389.2,23.24,2763.17,0
8060,20260322,126,6339,22,3,1,5,1,,4,992.28,87.18,2574.58,0
8061,20260323,148,6098,9,3,2,12,1,,6,1499.45,53.46,2415.34,0
8062,20260324,173,5474,23,3,2,8,1,,2,1493.5,274.26,1332.62,0
8063,20260325,191,6223,16,4,1,8,1,,3,880.99,237.86,1865.22,0
8064,20260326,111,5985,6,2,2,6,1,,1,1102.68,166.05,4643.47,0
8065,20260327,143,5046,4,2,1,10,1,,1,423.76,32.73,1267.87,0
8066,20260328,132,6194,22,1,1,11,1,,1,1844.57,9.04,3735.33,0
8067,20260329,173,5558,18,2,2,1,1,,2,1841.82,127.03,503.88,0
8068,20260330,185,5973,3,4,1,10,1,,4,514.44,77.95,747.45,0
8069,20260331,148,6117,21,2,1,3,1,,3,1005.18,119.94,3946.23,0
8070,20260401,137,6287,7,4,2,3,1,,2,1178.51,147.52,4961.87,0
8071,20260402,166,5454,1,3,1,2,1,,3,1171.01,152.45,4677.53,0
8072,20260403,126,5492,6,1,1,12,1,,1,564.52,178.1,2970.85,0
8073,20260404,150,6304,17,2,1,7,1,,4,2716.92,74.07,2390.25,0
8074,20260405,109,6224,10,2,2,2,1,,3,1577.55,98.28,1120.27,0
8075,20260406,158,6143,18,2,1,6,1,,3,2667.13,62.81,818.41,0
8076,20260407,169,6313,23,3,2,5,1,,6,2295.74,179.9,1845.09,0
8077,20260408,168,5412,11,4,1,5,1,,4,637.01,277.49,2989.27,0
8078,20260409,168,5120,4,4,2,2,1,,1,2707.95,221.14,4953.77,0
8079,20260410,151,5752,9,1,2,6,1,,1,524.21,59.2,2312.42,0
8080,20260411,139,5171,10,1,2,8,1,,1,2416.35,256.87,866.11,0
8081,20260412,103,5651,10,2,2,12,1,,1,859.05,30.09,1552.38,0
8082,20260413,134,6211,21,4,1,3,1,,5,644.69,215.59,2960.65,0
8083,20260414,106,5904,15,3,2,10,1,,6,1837.6,203.54,1284.22,0
8084,20260415,176,6384,22,2,1,8,1,,4,2793.09,299.59,4295.08,0
8085,20260416,108,5466,18,2,2,8,1,,5,1433.06,122.85,2399.04,0
8086,20260417,111,6478,13,1,2,11,1,,6,525.13,159.66,596.89,0
8087,20260418,102,5486,11,1,1,11,1,,4,1682.15,121.8,4784.3,0
8088,20260419,113,6430,9,1,2,7,1,,4,448.72,90.36,3454.03,0
8089,20260420,103,5070,17,2,2,4,1,,4,2664.03,201.69,4058.0,0
8090,20260421,149,5311,5,3,1,11,1,,4,1025.03,130.62,921.39,0
8091,20260422,171,6176,24,2,1,12,1,,6,1166.1,68.86,837.32,0
8092,20260423,165,5522,19,4,1,8,1,,1,1815.97,38.51,2675.17,0
8093,20260424,116,5212,15,1,2,5,1,,6,460.11,57.71,1300.9,0
8094,20260425,159,5654,21,4,2,4,1,,6,671.87,31.93,712.74,0
8095,20260426,160,5787,13,1,1,8,1,,5,620.05,39.84,2365.36,0
8096,20260427,145,5568,2,3,2,10,1,,1,412.05,176.96,1408.42,0
8097,20260428,172,5250,2,1,1,4,1,,3,1934.39,63.03,3083.51,1
8098,20260429,115,6301,16,3,1,3,1,,1,1440.11,292.0,2754.5,0
8099,20260430,111,5740,24,4,1,4,1,,4,2401.05,133.12,4903.87,0
8100,20260501,184,6227,11,2,2,10,1,,2,2761.8,17.85,4498.72,0
8101,20260201,180,5783,22,2,2,9,1,,1,1581.27,226.44,4306.7,0
8102,20260202,124,6256,16,1,1,2,1,,1,2033.49,223.02,4159.9,0
8103,20260203,142,5103,18,3,1,5,1,,6,841.52,258.51,1027.78,0
8104,20260204,121,5195,23,2,1,10,1,,1,1022.45,93.2,4227.1,0
8105,20260205,106,6322,22,3,2,4,1,,2,826.37,46.15,3152.08,0
8106,20260206,146,6340,10,2,1,12,1,,3,1100.79,64.58,3243.91,0
8107,20260207,123,5123,15,1,1,6,1,,6,2540.61,251.57,3126.59,0
8108,20260208,189,6357,20,3,1,12,1,,5,2051.02,24.79,3326.11,0
8109,20260209,160,5330,8,2,2,10,1,,2,1293.29,221.34,696.91,0
8110,20260210,128,6051,12,1,2,4,1,,3,1908.34,108.43,2648.08,0
8111,20260211,176,5585,3,3,2,11,1,,1,2534.87,90.49,929.86,0
8112,20260212,136,5753,11,4,1,8,1,,5,2230.68,36.13,2679.93,0
8113,20260213,113,6472,11,1,1,1,1,,1,1350.49,89.03,3164.29,0
8114,20260214,113,5359,21,2,2,3,1,,6,2582.97,68.37,4731.88,0
8115,20260215,115,6113,4,3,2,10,1,,4,1462.81,282.71,4665.89,0
8116,20260216,126,5958,17,3,1,8,1,,5,2095.07,192.29,4666.7,0
8117,20260217,159,5767,12,2,1,1,1,,2,2404.76,207.68,1907.87,0
8118,20260218,103,5216,6,2,1,10,1,,1,2381.03,236.28,3891.4,0
8119,20260219,191,5333,9,2,2,2,1,,6,2706.38,205.72,4594.63,0
8120,20260220,120,5285,3,2,1,6,1,,1,648.43,165.49,4503.89,0
8121,20260221,101,6436,20,3,1,7,1,,4,2324.37,180.35,3669.99,0
8122,20260222,129,5701,13,1,2,1,1,,1,1716.38,29.31,3539.22,0
8123,20260223,117,6316,18,4,1,7,1,,5,1822.4,242.16,2675.8,0
8124,20260224,140,5537,16,1,2,5,1,,5,2003.94,99.63,1124.79,0
8125,20260225,178,6268,9,4,2,4,1,,5,690.04,8.94,2519.64,0
8126,20260226,173,5592,3,4,2,11,1,,5,1514.83,224.53,828.38,0
8127,20260227,117,6271,12,1,2,4,1,,3,1112.52,190.42,4972.63,0
8128,20260228,191,5888,15,3,1,1,1,,3,1130.49,116.31,3999.16,0
8129,20260301,145,6321,19,1,2,4,1,,2,1935.84,227.14,1441.17,0
8130,20260302,126,5653,1,3,1,2,1,,2,2566.73,77.96,2805.02,0
8131,20260303,184,6458,4,4,1,7,1,,6,2276.99,159.05,1280.84,0
8132,20260304,104,5696,14,4,1,6,1,,6,1781.46,171.34,3820.05,0
8133,20260305,119,6319,3,4,2,7,1,,3,2744.84,61.98,3339.11,0
8134,20260306,119,5762,14,1,1,9,1,,4,1930.6,27.54,3645.29,0
8135,20260307,157,6464,14,1,1,9,1,,5,2799.95,261.59,1024.19,0
8136,20260308,117,6326,2,4,2,1,1,,2,2683.78,176.84,1545.97,0
8137,20260309,154,5682,21,1,1,12,1,,6,2642.14,292.86,789.47,1
8138,20260310,103,6090,11,4,1,6,1,,5,1050.59,42.24,584.79,0
8139,20260311,182,5773,12,2,1,8,1,,4,1103.03,156.89,2251.97,0
8140,20260312,124,5725,14,2,2,9,1,,1,615.58,207.18,3338.46,0
8141,20260313,176,5109,22,4,1,8,1,,2,812.73,150.13,2176.79,0
8142,20260314,200,6009,15,4,2,9,1,,3,2191.27,0.21,2123.6,0
8143,20260315,197,5370,17,4,1,10,1,,5,700.97,44.19,4017.92,0
8144,20260316,101,5773,11,4,2,9,1,,2,2243.04,185.68,3206.47,0
8145,20260317,156,5964,5,2,2,2,1,,6,2076.51,299.47,2574.56,0
8146,20260318,194,5825,17,1,2,3,1,,5,1693.6,153.34,3181.84,0
8147,20260319,142,6168,17,4,2,12,1,,2,2064.56,36.53,3225.7,0
8148,20260320,137,5254,21,3,2,2,1,,4,1446.63,121.29,2211.76,0
8149,20260321,123,6095,19,2,2,8,1,,4,2299.67,104.41,4345.46,0
8150,20260322,109,5540,14,3,1,2,1,,3,880.01,17.0,4661.23,0
8151,20260323,145,5469,6,1,1,2,1,,6,2790.69,299.59,1618.93,0
8152,20260324,142,6362,17,4,2,5,1,,5,900.92,69.34,2764.34,0
8153,20260325,106,5871,16,1,1,8,1,,3,816.24,283.48,2810.2,0
8154,20260326,185,5873,20,4,2,11,1,,4,1307.37,274.34,2634.16,0
8155,20260327,200,5926,21,3,1,5,1,,6,509.56,137.07,2077.82,0
8156,20260328,149,5222,8,2,2,8,1,,3,1997.25,174.21,4187.41,0
8157,20260329,106,5100,10,3,1,9,1,,3,1917.45,2.91,3904.23,0
8158,20260330,105,5397,1,4,2,4,1,,4,958.25,82.96,2297.57,0
8159,20260331,142,6476,14,3,2,10,1,,2,1100.82,9.29,3329.51,0
8160,20260401,171,5806,20,2,2,2,1,,2,2751.88,142.43,2491.01,0
8161,20260402,161,5059,8,2,1,2,1,,3,558.94,151.91,4598.75,0
8162,20260403,181,5116,14,1,2,9,1,,2,2629.25,218.14,2632.11,0
8163,20260404,157,5860,9,4,2,1,1,,3,2507.32,239.22,4550.97,0
8164,20260405,101,5705,2,1,1,1,1,,1,550.38,196.18,2382.59,0
8165,20260406,101,6412,13,2,1,2,1,,1,1876.03,2.35,2224.95,0
8166,20260407,169,6143,16,1,1,10,1,,1,2312.63,48.97,1173.51,0
8167,20260408,153,6307,14,2,2,6,1,,4,1140.84,10.73,3313.85,0
8168,20260409,200,5069,23,4,2,3,1,,6,1242.83,179.35,1066.0,0
8169,20260410,122,5129,8,3,1,1,1,,4,2369.73,270.45,4783.01,0
8170,20260411,132,5704,19,2,1,6,1,,4,2628.78,277.1,2793.47,0
8171,20260412,126,6411,16,1,1,6,1,,4,2419.51,144.12,1898.92,0
8172,20260413,182,5864,14,2,1,5,1,,6,1181.43,169.12,1876.46,0
8173,20260414,184,6060,23,3,2,11,1,,1,1423.23,225.94,3076.44,0
8174,20260415,129,5863,24,1,2,11,1,,3,1301.41,295.92,3523.57,0
8175,20260416,182,5819,18,1,2,11,1,,1,2658.81,98.52,632.86,0
8176,20260417,112,6301,10,3,2,1,1,,1,1076.72,4.9,922.53,0
8177,20260418,125,6313,8,4,2,10,1,,1,647.7,51.11,3315.87,0
8178,20260419,190,5160,8,1,1,10,1,,3,1190.41,10.75,2389.82,0
8179,20260420,113,5875,3,3,2,3,1,,3,2064.0,97.47,1117.44,0
8180,20260421,147,5486,15,1,2,3,1,,1,2397.67,116.43,3306.4,0
8181,20260422,175,6202,11,3,2,1,1,,5,2781.05,219.32,3118.82,0
8182,20260423,172,6242,5,2,1,11,1,,3,2313.06,257.22,3106.11,0
8183,20260424,183,6412,24,4,1,1,1,,5,964.75,208.99,2654.24,0
8184,20260425,162,5281,22,3,1,9,1,,5,949.12,168.2,3344.79,0
8185,20260426,143,5500,10,1,1,3,1,,4,939.5,163.67,2378.99,0
8186,20260427,176,5449,12,3,2,10,1,,5,1952.0,3.65,2026.13,0
8187,20260428,141,5595,12,2,1,3,1,,2,1953.77,81.45,3044.05,0
8188,20260429,158,5069,17,3,2,5,1,,2,2770.64,43.26,2737.01,0
8189,20260430,120,6146,6,4,2,10,1,,5,2631.67,112.91,4453.72,0
8190,20260501,160,6178,18,1,1,6,1,,1,2062.96,32.69,2466.14,0
8191,20260201,121,6191,20,2,1,11,1,,5,1304.14,202.21,1692.57,0
8192,20260202,165,5995,6,2,2,4,1,,6,1300.19,157.54,3871.46,0
8193,20260203,165,5589,21,1,1,11,1,,3,2423.88,146.11,2876.45,0
8194,20260204,159,5458,18,4,1,6,1,,1,2062.4,90.47,933.81,0
8195,20260205,143,5365,10,4,1,9,1,,6,1454.96,25.46,4654.2,0
8196,20260206,184,5080,1,2,1,1,1,,2,1218.28,40.1,3465.59,0
8197,20260207,142,5201,15,2,2,4,1,,2,1070.32,91.76,4282.43,0
8198,20260208,164,6429,17,2,2,1,1,,6,2015.44,268.86,3234.58,1
8199,20260209,139,6475,21,3,2,12,1,,5,840.73,151.23,1830.66,0
8200,20260210,152,6289,4,4,1,8,1,,1,600.36,170.94,1443.36,0
8201,20260211,172,6014,5,1,2,11,1,,2,2044.78,73.6,509.23,0
8202,20260212,178,5779,14,3,2,9,1,,4,1806.06,182.94,891.54,0
8203,20260213,125,5405,5,2,1,7,1,,2,1068.99,212.22,638.68,0
8204,20260214,121,5935,10,2,2,9,1,,6,1272.05,171.2,4353.5,0
8205,20260215,200,5262,17,4,2,12,1,,2,2540.22,229.79,1115.83,0
8206,20260216,107,5678,1,2,2,1,1,,5,2395.01,105.9,3016.53,0
8207,20260217,127,6456,23,3,2,1,1,,2,2453.4,135.54,1548.99,0
8208,20260218,102,6246,6,4,1,6,1,,6,2597.42,216.86,3408.75,0
8209,20260219,155,5140,16,3,1,6,1,,3,608.47,278.22,3428.89,0
8210,20260220,191,5365,22,4,1,1,1,,2,562.75,65.31,3876.46,0
8211,20260221,112,5443,20,2,1,3,1,,2,1807.82,151.46,2499.09,0
8212,20260222,192,5574,22,3,2,2,1,,2,751.5,126.14,3590.92,0
8213,20260223,101,5924,18,4,2,1,1,,4,2629.22,121.01,1798.81,0
8214,20260224,186,5261,1,4,1,8,1,,4,647.03,281.48,2167.79,0
8215,20260225,174,6253,5,2,1,2,1,,2,1713.22,175.04,1923.31,0
8216,20260226,112,6041,24,4,1,6,1,,3,705.81,298.98,4449.54,0
8217,20260227,184,5338,13,2,2,8,1,,3,2718.8,290.96,4510.35,0
8218,20260228,136,5810,13,4,2,7,1,,6,1181.07,7.23,2531.27,0
8219,20260301,185,5130,19,3,1,5,1,,2,1206.97,150.38,3352.14,0
8220,20260302,186,5019,18,3,1,2,1,,3,1135.19,171.33,1693.81,0
8221,20260303,189,5766,24,1,2,7,1,,3,917.37,253.02,2034.32,0
8222,20260304,184,5313,5,1,1,12,1,,2,1411.03,51.0,2659.7,0
8223,20260305,195,6437,24,3,1,6,1,,4,1825.77,207.5,4422.4,1
8224,20260306,171,5921,22,2,1,6,1,,2,486.13,155.91,3224.17,0
8225,20260307,151,5185,3,1,2,7,1,,2,2780.34,49.06,2831.87,0
8226,20260308,155,5870,24,3,1,6,1,,6,1981.44,22.99,4243.78,0
8227,20260309,175,6126,12,4,1,11,1,,4,779.77,79.69,2300.98,0
8228,20260310,169,5338,21,2,2,6,1,,1,2006.64,30.53,3996.45,0
8229,20260311,175,5502,9,4,2,8,1,,2,517.28,244.01,4734.51,0
8230,20260312,134,6112,22,1,1,3,1,,6,1562.69,288.72,4317.57,0
8231,20260313,190,5569,14,1,1,2,1,,1,613.82,130.54,4618.72,0
8232,20260314,154,5483,21,1,1,1,1,,6,2576.24,152.91,2950.98,0
8233,20260315,144,5935,23,2,1,9,1,,1,2513.96,75.01,968.13,0
8234,20260316,137,6006,13,4,2,5,1,,5,1034.39,26.12,1992.84,0
8235,20260317,114,5056,4,3,2,3,1,,5,2630.22,196.85,960.74,0
8236,20260318,185,5416,24,1,2,4,1,,6,2611.14,278.81,4449.16,0
8237,20260319,125,6033,15,3,1,10,1,,2,574.64,0.83,2348.29,0
8238,20260320,114,5987,8,3,2,11,1,,5,1880.66,36.83,2652.74,0
8239,20260321,157,5321,4,4,2,5,1,,1,2542.64,23.68,2249.8,0
8240,20260322,123,5657,19,3,1,5,1,,3,1046.62,183.59,2629.04,0
8241,20260323,169,6385,1,2,2,3,1,,3,1781.14,294.02,2430.71,0
8242,20260324,151,6478,18,2,2,11,1,,3,441.8,91.76,4668.67,0
8243,20260325,197,6380,2,2,2,1,1,,6,973.48,262.1,3719.6,0
8244,20260326,146,6437,16,4,1,12,1,,6,2278.9,108.02,1130.11,0
8245,20260327,164,5355,7,4,2,5,1,,2,2566.73,91.76,2669.83,0
8246,20260328,188,5115,4,3,1,7,1,,6,426.31,89.03,2231.96,0
8247,20260329,192,6272,7,3,1,10,1,,4,2125.81,226.66,2513.89,0
8248,20260330,115,6458,22,4,2,6,1,,5,1941.39,85.0,1664.92,0
8249,20260331,103,5464,6,2,1,3,1,,3,1922.73,299.73,4505.89,0
8250,20260401,173,5231,9,2,2,5,1,,2,2560.26,98.49,3039.33,0
8251,20260402,147,6232,13,3,2,6,1,,6,1700.94,241.25,4747.05,0
8252,20260403,159,6438,6,1,2,2,1,,4,1618.21,176.03,3241.46,0
8253,20260404,135,5344,9,1,2,1,1,,3,1660.17,259.94,551.44,0
8254,20260405,103,5809,16,1,2,7,1,,2,1043.32,152.49,1073.51,0
8255,20260406,128,5442,21,1,1,11,1,,5,838.49,65.58,2842.31,0
8256,20260407,120,6144,20,2,2,8,1,,1,2382.17,213.96,2300.99,0
8257,20260408,164,5324,3,2,2,8,1,,1,2320.8,135.75,1544.82,0
8258,20260409,116,5984,11,2,2,4,1,,5,1467.49,231.11,3449.51,0
8259,20260410,106,5452,13,1,2,4,1,,5,2135.66,160.71,1219.32,0
8260,20260411,175,6056,21,2,1,7,1,,5,577.36,100.79,985.79,0
8261,20260412,171,5426,1,1,1,1,1,,6,1283.34,92.58,866.85,0
8262,20260413,171,6218,13,4,2,9,1,,2,1975.79,163.86,1927.9,0
8263,20260414,183,6099,24,2,1,2,1,,5,2528.27,196.52,3519.57,0
8264,20260415,103,5266,3,3,2,4,1,,6,2618.59,282.15,528.64,0
8265,20260416,127,6438,14,1,2,12,1,,2,740.89,140.74,1800.47,0
8266,20260417,130,5179,3,1,1,1,1,,3,1649.59,33.54,929.17,0
8267,20260418,125,5512,14,2,2,8,1,,6,549.19,111.77,3871.05,0
8268,20260419,178,5835,16,1,2,6,1,,2,1945.95,195.96,4335.06,0
8269,20260420,102,5340,22,4,2,10,1,,5,511.31,61.23,3391.27,0
8270,20260421,157,6475,7,4,2,7,1,,2,1781.66,173.2,1415.07,0
8271,20260422,137,5138,6,2,1,11,1,,4,1227.64,240.89,2684.98,0
8272,20260423,197,5695,2,2,1,12,1,,1,2421.59,82.29,3461.08,0
8273,20260424,189,5452,1,1,1,5,1,,5,2014.53,254.51,1758.43,0
8274,20260425,166,6087,6,3,1,9,1,,2,1937.84,64.92,2386.51,0
8275,20260426,119,5064,16,1,1,2,1,,3,2101.94,66.97,1745.04,0
8276,20260427,118,5958,6,2,1,9,1,,5,2345.51,161.31,546.28,0
8277,20260428,104,6345,4,3,1,8,1,,3,1989.47,287.45,3169.46,0
8278,20260429,153,5272,5,1,2,9,1,,4,1553.45,123.03,1736.07,0
8279,20260430,181,6095,20,3,1,6,1,,2,997.23,176.58,3946.72,0
8280,20260501,124,6322,2,2,1,2,1,,4,2117.23,120.15,4491.34,0
8281,20260201,147,5144,15,3,2,8,1,,2,982.78,84.44,4936.38,0
8282,20260202,156,5805,21,4,2,8,1,,5,1661.82,236.86,1809.84,0
8283,20260203,156,5688,21,1,1,4,1,,3,445.89,114.86,3998.92,0
8284,20260204,107,6440,4,3,1,8,1,,4,1238.37,187.31,2268.37,0
8285,20260205,132,5076,15,3,2,7,1,,5,1997.1,299.03,4231.82,0
8286,20260206,197,6427,20,4,1,3,1,,2,1811.53,288.89,3236.31,0
8287,20260207,193,6300,11,4,2,4,1,,6,2724.8,65.57,1614.97,0
8288,20260208,175,6020,3,2,1,7,1,,2,2785.95,130.88,3231.33,0
8289,20260209,157,6465,22,4,1,7,1,,1,1873.03,252.73,4414.25,0
8290,20260210,194,5098,21,1,2,11,1,,1,1387.53,115.38,3134.48,0
8291,20260211,173,5411,9,1,1,6,1,,3,1316.45,229.36,1240.9,0
8292,20260212,117,5923,9,2,1,11,1,,6,1462.81,245.22,3878.74,0
8293,20260213,138,5366,21,4,1,8,1,,6,552.16,131.74,2042.53,0
8294,20260214,152,5626,18,4,2,12,1,,1,1032.76,66.49,1744.11,0
8295,20260215,169,6177,8,4,1,8,1,,3,2551.67,179.37,550.21,0
8296,20260216,165,6051,21,4,1,1,1,,2,1284.83,277.69,3001.25,0
8297,20260217,122,6143,4,4,1,3,1,,3,2588.57,70.74,1811.33,0
8298,20260218,199,5235,1,2,1,1,1,,1,937.16,40.39,2350.53,0
8299,20260219,181,6175,5,2,1,8,1,,1,2179.51,179.09,3310.32,0
8300,20260220,163,5357,14,2,1,3,1,,5,869.89,291.75,3492.47,0
8301,20260221,107,5025,5,2,1,9,1,,6,1174.72,35.98,1704.36,0
8302,20260222,106,5798,5,2,2,2,1,,4,2701.74,222.71,2323.02,0
8303,20260223,103,5822,9,2,2,8,1,,6,1442.4,7.56,4387.61,0
8304,20260224,122,6213,1,2,2,7,1,,5,2097.55,174.43,4223.28,0
8305,20260225,135,5646,2,2,1,11,1,,2,2257.0,229.85,3747.83,0
8306,20260226,180,5272,15,2,2,3,1,,6,2550.53,64.16,2866.23,0
8307,20260227,190,6004,10,3,1,8,1,,3,525.63,224.08,2230.71,0
8308,20260228,135,6256,2,3,2,5,1,,2,742.22,2.83,4053.26,0
8309,20260301,143,6276,8,1,1,5,1,,5,973.2,230.41,4502.0,0
8310,20260302,123,5921,20,1,2,11,1,,3,2731.19,252.24,1869.3,0
8311,20260303,158,5488,9,3,2,2,1,,2,2414.85,40.7,2462.11,0
8312,20260304,110,5854,6,3,1,4,1,,1,2658.48,230.12,3529.77,0
8313,20260305,109,6224,22,4,1,11,1,,6,861.69,211.33,1678.24,0
8314,20260306,139,5683,5,1,2,6,1,,2,1072.57,196.81,767.1,0
8315,20260307,122,5847,22,4,1,9,1,,6,2252.82,183.34,555.49,0
8316,20260308,158,5776,24,1,1,2,1,,6,2063.42,231.08,3656.83,0
8317,20260309,130,6352,22,3,2,12,1,,1,458.08,295.09,1270.34,0
8318,20260310,118,5018,23,2,2,8,1,,5,2767.83,238.57,3132.35,0
8319,20260311,114,5322,16,1,2,8,1,,1,2107.72,144.88,3347.83,0
8320,20260312,199,6393,8,2,1,1,1,,1,2008.57,65.37,553.33,0
8321,20260313,112,5225,2,1,1,10,1,,2,2364.7,265.85,1005.61,0
8322,20260314,101,5405,18,4,1,6,1,,1,2537.75,31.53,2766.84,0
8323,20260315,121,5872,12,3,1,2,1,,4,822.84,84.41,1127.76,0
8324,20260316,146,6385,12,3,1,9,1,,4,518.53,143.47,3115.15,0
8325,20260317,141,6358,10,2,1,12,1,,6,2463.69,107.87,3478.82,0
8326,20260318,118,6452,17,2,2,2,1,,6,1299.61,159.03,2669.36,0
8327,20260319,140,5522,20,4,1,3,1,,3,2425.87,299.28,4655.3,0
8328,20260320,151,5830,2,3,2,3,1,,5,1015.17,80.08,1326.83,0
8329,20260321,104,6260,1,1,1,12,1,,3,937.16,295.68,4793.96,0
8330,20260322,109,5889,21,1,2,12,1,,1,2169.84,137.75,702.42,0
8331,20260323,193,5501,1,2,2,2,1,,5,916.92,104.51,2765.81,0
8332,20260324,102,5760,9,2,1,4,1,,3,1599.67,22.44,1044.37,0
8333,20260325,171,5252,8,3,1,11,1,,5,1933.44,33.71,877.29,0
8334,20260326,136,5905,24,2,1,6,1,,2,1514.35,272.97,3722.45,0
8335,20260327,175,6166,4,3,2,8,1,,2,1725.24,144.89,2975.58,0
8336,20260328,183,5204,17,1,2,3,1,,6,1732.66,116.37,4138.32,0
8337,20260329,126,5807,5,3,1,11,1,,3,1992.41,172.57,2584.13,0
8338,20260330,186,6281,7,3,1,3,1,,5,1265.15,91.67,3763.66,0
8339,20260331,195,5058,11,3,2,11,1,,4,967.33,42.04,2992.01,0
8340,20260401,157,5043,1,4,1,7,1,,5,2412.09,28.43,693.19,0
8341,20260402,200,5613,10,4,2,1,1,,6,1571.89,147.86,2789.17,0
8342,20260403,175,6080,19,4,1,9,1,,4,1595.97,87.44,1542.1,0
8343,20260404,192,6268,21,3,1,6,1,,5,1628.25,92.05,3451.82,0
8344,20260405,189,5332,12,2,2,12,1,,3,2515.93,8.8,1613.27,0
8345,20260406,115,5671,8,3,1,2,1,,6,866.92,63.63,4311.72,0
8346,20260407,109,5620,24,3,2,6,1,,1,1480.14,70.42,4148.1,0
8347,20260408,109,6243,6,4,1,2,1,,5,2659.05,232.17,4511.2,0
8348,20260409,114,5612,12,4,1,7,1,,6,1281.86,55.89,4640.96,0
8349,20260410,185,5869,24,4,1,2,1,,5,2046.88,295.33,3785.78,0
8350,20260411,152,6422,4,1,2,1,1,,5,675.01,5.52,1840.27,0
8351,20260412,144,5327,12,3,2,2,1,,6,2722.9,227.99,4775.56,0
8352,20260413,143,5086,17,3,2,2,1,,1,517.59,189.89,4015.38,0
8353,20260414,103,5399,1,4,1,6,1,,3,1548.23,18.19,1936.65,0
8354,20260415,169,5953,2,2,2,2,1,,2,2207.27,26.51,3928.31,0
8355,20260416,140,6310,5,4,1,1,1,,1,874.71,245.69,4911.04,0
8356,20260417,102,5890,7,2,2,10,1,,5,1738.08,228.34,3128.35,0
8357,20260418,192,6375,11,4,1,7,1,,5,1923.72,101.76,1958.94,0
8358,20260419,192,6213,19,1,2,3,1,,3,832.84,207.61,3495.79,0
8359,20260420,178,5063,4,4,1,6,1,,2,2538.38,204.1,4570.77,1
8360,20260421,133,5572,8,1,2,3,1,,2,435.88,7.83,1616.37,0
8361,20260422,104,5631,22,3,1,1,1,,5,2208.9,60.83,514.98,0
8362,20260423,180,5776,17,2,1,2,1,,3,1821.65,59.41,2789.55,0
8363,20260424,164,5836,18,3,2,5,1,,1,1979.16,278.02,1005.61,0
8364,20260425,177,5137,16,1,2,3,1,,2,1901.46,149.9,4883.82,0
8365,20260426,140,5259,14,1,1,3,1,,1,416.95,216.2,1452.53,0
8366,20260427,174,5045,6,1,2,5,1,,2,1244.26,93.41,1185.99,0
8367,20260428,132,6199,23,1,1,3,1,,1,479.53,177.12,4432.25,0
8368,20260429,111,5382,22,3,2,3,1,,6,2537.75,118.99,3645.92,0
8369,20260430,141,5851,16,2,1,12,1,,2,1831.95,135.47,1238.55,0
8370,20260501,194,5383,2,3,2,5,1,,1,1890.14,83.89,4549.97,0
8371,20260201,192,6046,21,4,1,5,1,,5,532.97,8.3,4073.41,0
8372,20260202,148,5813,22,2,1,12,1,,1,2138.54,182.48,1614.28,0
8373,20260203,187,5986,11,3,2,8,1,,4,2524.02,70.28,1319.24,0
8374,20260204,117,5474,7,3,2,4,1,,1,2066.61,142.41,1885.75,0
8375,20260205,163,5273,24,1,2,2,1,,6,2367.76,181.03,2104.53,0
8376,20260206,113,5596,19,1,2,2,1,,6,2154.47,23.74,2876.15,0
8377,20260207,119,5653,14,1,2,3,1,,2,2238.77,190.6,3849.62,0
8378,20260208,154,5292,12,1,1,8,1,,4,742.46,118.84,3506.54,0
8379,20260209,101,5728,12,3,1,9,1,,3,1983.91,61.89,567.41,0
8380,20260210,135,5635,14,3,1,1,1,,4,1077.08,178.43,4904.12,0
8381,20260211,184,6410,6,1,2,11,1,,4,1605.64,298.17,2609.02,0
8382,20260212,165,6058,23,1,1,11,1,,2,752.72,264.41,3044.4,0
8383,20260213,112,6246,2,4,1,10,1,,3,1125.61,7.81,1280.22,0
8384,20260214,103,5412,2,4,2,8,1,,1,2299.42,167.95,2094.27,0
8385,20260215,127,5448,22,3,1,11,1,,5,2252.8,22.24,4962.0,0
8386,20260216,108,5632,19,3,2,5,1,,6,2282.8,242.72,1082.48,0
8387,20260217,136,5362,11,3,1,8,1,,1,1743.52,176.26,636.98,0
8388,20260218,141,5939,13,2,1,10,1,,4,775.23,257.96,3648.95,0
8389,20260219,139,5974,21,1,2,11,1,,2,677.7,259.77,4160.78,0
8390,20260220,182,6384,19,3,1,6,1,,2,509.75,80.4,1500.14,0
8391,20260221,112,6317,20,4,2,1,1,,4,993.01,262.77,3402.94,0
8392,20260222,180,5739,20,1,2,1,1,,1,1898.36,279.76,777.73,0
8393,20260223,132,5491,19,4,1,6,1,,1,2265.36,233.86,532.9,0
8394,20260224,175,5410,22,2,1,9,1,,4,2061.71,252.74,3504.99,0
8395,20260225,168,6404,11,1,2,12,1,,4,1885.41,259.56,2193.58,0
8396,20260226,193,6463,13,2,1,11,1,,5,1779.17,12.65,1029.21,0
8397,20260227,190,5002,16,2,1,2,1,,5,1818.93,231.88,2098.17,0
8398,20260228,135,6317,3,4,1,5,1,,5,1341.98,135.56,4467.28,0
8399,20260301,159,5997,11,3,2,1,1,,4,1929.43,280.59,4693.8,0
8400,20260302,151,6031,22,4,1,5,1,,4,1591.08,209.32,4601.2,0
8401,20260303,107,6463,2,1,1,9,1,,6,1679.42,172.91,3523.93,0
8402,20260304,159,5147,19,1,1,10,1,,2,554.21,291.72,747.67,1
8403,20260305,142,6190,10,4,2,10,1,,4,655.83,243.91,4777.35,0
8404,20260306,161,6186,15,2,1,7,1,,5,1040.03,27.72,3500.91,0
8405,20260307,194,5766,5,3,2,11,1,,1,1916.79,8.8,3857.87,0
8406,20260308,143,5476,1,3,1,2,1,,3,2129.07,216.95,4189.44,0
8407,20260309,189,5858,24,4,2,2,1,,5,2534.1,264.46,3979.38,0
8408,20260310,180,5522,1,2,2,11,1,,6,1026.82,41.84,2934.49,0
8409,20260311,112,5888,17,4,1,4,1,,2,1311.25,36.72,604.26,0
8410,20260312,186,6106,11,3,2,3,1,,5,687.64,99.55,952.52,0
8411,20260313,186,5355,4,2,2,12,1,,2,913.2,211.0,2910.87,0
8412,20260314,199,6298,15,2,2,1,1,,4,1432.09,37.62,1079.4,0
8413,20260315,107,5633,9,1,2,7,1,,5,2049.99,253.71,3418.63,0
8414,20260316,108,5966,5,4,2,10,1,,6,1872.43,257.59,3332.6,0
8415,20260317,197,5247,23,2,2,7,1,,2,2540.35,230.2,4465.9,0
8416,20260318,174,5468,23,4,2,5,1,,1,1616.37,124.59,2343.91,0
8417,20260319,194,5080,1,2,1,10,1,,3,2213.22,273.05,2708.5,0
8418,20260320,129,5612,19,2,2,12,1,,3,909.01,35.25,2249.74,0
8419,20260321,162,6227,23,4,2,8,1,,5,1861.82,266.43,3770.22,0
8420,20260322,199,6250,4,3,1,1,1,,5,2434.12,92.46,3643.65,0
8421,20260323,132,5583,16,4,2,5,1,,1,1232.41,89.88,4078.01,0
8422,20260324,126,6282,7,3,2,12,1,,1,1869.67,26.35,2990.95,0
8423,20260325,123,6188,3,3,1,10,1,,3,2702.22,43.67,743.12,0
8424,20260326,157,5530,17,1,1,6,1,,3,1843.86,49.78,2062.05,0
8425,20260327,141,5280,6,4,1,10,1,,2,2197.13,188.92,583.05,0
8426,20260328,148,5073,21,1,2,8,1,,1,1630.97,267.87,4506.56,0
8427,20260329,168,6452,17,1,2,10,1,,4,2628.14,232.35,1392.12,0
8428,20260330,117,6039,16,1,2,3,1,,2,2658.73,291.03,4861.49,0
8429,20260331,172,6102,4,3,1,4,1,,4,1830.45,181.69,2776.33,0
8430,20260401,113,6444,1,1,1,4,1,,5,2276.11,256.76,4255.63,0
8431,20260402,135,5453,3,2,2,6,1,,6,1290.36,122.28,2884.88,0
8432,20260403,165,5497,6,4,1,1,1,,3,1512.47,79.63,3264.09,0
8433,20260404,110,5237,3,1,1,7,1,,4,2364.3,262.61,3758.47,0
8434,20260405,170,6167,18,1,1,3,1,,5,667.3,289.28,943.42,0
8435,20260406,131,6131,22,3,1,2,1,,1,1213.65,189.51,631.12,0
8436,20260407,188,5414,7,3,2,10,1,,1,545.57,262.05,676.38,0
8437,20260408,141,5417,1,4,1,12,1,,4,1472.3,24.83,2387.27,0
8438,20260409,167,5841,18,2,1,2,1,,4,1586.79,52.97,739.99,0
8439,20260410,187,5520,24,2,2,11,1,,3,1289.61,140.96,2171.31,0
8440,20260411,183,5823,20,4,1,7,1,,6,539.89,120.81,1149.92,0
8441,20260412,199,5039,10,1,2,10,1,,6,1296.39,160.91,3777.43,0
8442,20260413,128,5086,8,2,2,1,1,,1,2695.63,133.19,2270.39,0
8443,20260414,105,5369,17,3,2,1,1,,2,1733.17,296.31,3553.22,0
8444,20260415,200,5165,1,4,2,4,1,,1,2658.06,74.28,2515.56,0
8445,20260416,120,5511,23,1,1,11,1,,1,2109.12,186.95,4664.07,0
8446,20260417,174,5952,12,1,1,1,1,,1,797.52,252.68,1506.21,0
8447,20260418,170,5160,13,2,2,9,1,,1,598.72,228.88,591.65,0
8448,20260419,199,5948,6,3,2,8,1,,2,1440.43,256.92,1932.06,0
8449,20260420,192,5634,8,4,1,12,1,,2,2720.07,57.04,2076.81,0
8450,20260421,146,6116,22,2,2,4,1,,3,1661.11,45.85,2861.48,0
8451,20260422,101,6044,11,4,2,3,1,,6,2485.18,115.47,1566.96,0
8452,20260423,111,5840,23,1,1,12,1,,3,2318.54,42.83,2899.92,0
8453,20260424,185,6490,11,3,1,6,1,,4,1633.93,133.84,3611.63,0
8454,20260425,181,5106,17,1,2,12,1,,2,1239.86,251.63,2657.85,0
8455,20260426,119,6187,17,2,1,6,1,,3,624.36,140.36,4366.92,0
8456,20260427,123,6120,6,1,1,8,1,,1,1358.8,85.1,997.62,0
8457,20260428,152,6271,11,1,1,7,1,,5,1036.04,228.15,843.14,0
8458,20260429,155,5070,6,1,1,3,1,,2,2485.88,226.87,2098.6,0
8459,20260430,140,6006,5,2,2,5,1,,5,2471.96,85.55,3069.21,0
8460,20260501,189,5466,21,4,1,12,1,,2,800.65,293.64,3031.5,1
8461,20260201,128,5766,22,4,1,4,1,,4,2071.97,54.49,4213.94,0
8462,20260202,139,5161,11,4,1,10,1,,5,1298.86,258.74,774.05,0
8463,20260203,135,5827,1,3,1,7,1,,1,665.0,201.93,4235.02,0
8464,20260204,194,5996,24,4,1,12,1,,3,1773.48,79.69,1827.74,0
8465,20260205,145,5128,3,2,2,9,1,,1,2395.14,91.77,3549.02,0
8466,20260206,185,5760,15,3,2,12,1,,6,1269.66,66.02,2165.73,0
8467,20260207,166,6233,15,2,2,6,1,,1,1241.1,109.43,1161.53,0
8468,20260208,109,5204,1,4,1,6,1,,3,425.0,249.54,3038.36,0
8469,20260209,123,6265,22,2,2,7,1,,4,802.97,135.19,2149.75,0
8470,20260210,138,6134,8,3,2,6,1,,6,1851.59,95.02,1341.22,0
8471,20260211,127,5616,17,3,2,11,1,,1,515.17,74.89,4034.86,0
8472,20260212,178,6487,21,4,1,10,1,,4,2041.86,232.59,4444.4,0
8473,20260213,170,5813,13,1,1,9,1,,3,1897.24,80.69,2385.02,0
8474,20260214,107,6166,21,3,1,5,1,,1,425.27,45.48,1551.37,0
8475,20260215,198,5036,4,2,1,12,1,,1,2311.7,73.28,2250.28,0
8476,20260216,131,5506,20,4,2,10,1,,4,1422.58,159.17,2671.69,0
8477,20260217,136,6049,4,3,1,10,1,,1,838.89,268.66,868.44,0
8478,20260218,102,5521,7,4,1,6,1,,4,1770.74,80.32,1569.13,0
8479,20260219,190,5621,23,3,2,12,1,,6,2346.59,225.86,1671.44,0
8480,20260220,118,6328,3,1,1,7,1,,4,434.09,183.13,701.47,0
8481,20260221,147,5428,21,1,1,3,1,,4,2258.6,237.02,903.37,0
8482,20260222,144,5193,21,4,1,1,1,,3,447.42,249.22,1746.55,0
8483,20260223,155,5536,13,2,1,3,1,,5,1140.76,299.04,4775.31,0
8484,20260224,194,5526,24,4,1,12,1,,6,2596.52,101.59,2721.74,0
8485,20260225,183,5450,11,1,2,5,1,,1,1434.88,31.37,3209.91,0
8486,20260226,121,5909,12,1,1,7,1,,6,2018.57,252.18,4811.3,0
8487,20260227,121,5211,11,2,1,11,1,,1,2689.45,275.8,3682.86,1
8488,20260228,191,5991,23,3,1,8,1,,5,2413.38,161.18,3055.46,0
8489,20260301,126,6386,21,2,1,4,1,,5,963.99,107.29,3384.69,0
8490,20260302,195,6047,4,2,1,12,1,,1,2415.39,26.91,603.64,0
8491,20260303,175,6443,10,3,2,8,1,,1,1693.75,61.99,1013.29,0
8492,20260304,124,6221,1,4,1,7,1,,5,636.3,212.97,3938.58,0
8493,20260305,143,5436,14,1,1,7,1,,4,467.93,293.79,4421.54,0
8494,20260306,149,5986,1,2,2,12,1,,5,1892.78,254.22,2636.81,0
8495,20260307,114,5963,16,2,1,7,1,,5,1970.28,213.92,4450.36,0
8496,20260308,164,6095,3,1,2,12,1,,2,1606.04,87.1,2342.01,0
8497,20260309,185,6414,18,4,1,2,1,,5,2706.14,106.66,1070.26,0
8498,20260310,141,5851,15,4,2,9,1,,4,1864.69,282.73,1945.82,0
8499,20260311,195,5616,4,1,2,11,1,,6,2792.3,178.85,921.61,0
8500,20260312,146,5425,10,1,2,3,1,,3,733.18,288.42,4908.06,0
8501,20260313,199,6275,14,4,2,7,1,,5,1425.35,235.84,4171.15,0
8502,20260314,107,5958,18,2,1,7,1,,1,1027.55,229.04,2732.38,0
8503,20260315,191,6316,14,3,1,5,1,,5,2714.32,246.29,691.89,0
8504,20260316,171,5482,10,1,1,4,1,,1,2501.51,21.8,2103.71,0
8505,20260317,197,6306,16,1,1,9,1,,2,429.46,206.19,2625.27,0
8506,20260318,140,6255,1,2,2,6,1,,4,432.83,251.53,3294.83,0
8507,20260319,130,5312,1,1,1,1,1,,2,2294.03,238.28,1077.72,0
8508,20260320,173,6309,8,3,2,1,1,,2,1296.59,24.55,4350.28,0
8509,20260321,198,6147,9,3,2,3,1,,6,1520.49,22.04,4083.89,0
8510,20260322,177,5799,21,3,2,4,1,,3,2593.95,96.62,4727.01,0
8511,20260323,173,5779,2,4,2,1,1,,4,2090.17,130.38,1698.35,0
8512,20260324,112,5302,9,2,2,12,1,,6,1371.75,245.72,3029.05,0
8513,20260325,134,6080,11,3,2,6,1,,1,2046.63,250.97,3182.49,0
8514,20260326,106,5051,11,2,1,7,1,,6,1802.49,190.85,2322.85,0
8515,20260327,156,5475,24,1,1,8,1,,5,1647.49,46.47,3727.08,0
8516,20260328,196,5084,20,3,1,8,1,,5,2718.57,266.17,3811.72,0
8517,20260329,130,5368,18,3,2,9,1,,2,2544.15,95.48,840.01,0
8518,20260330,190,5159,23,1,2,6,1,,1,1152.69,28.16,2818.35,0
8519,20260331,198,5351,6,4,1,10,1,,2,1309.45,101.8,2965.98,0
8520,20260401,136,6474,20,4,1,6,1,,2,2759.1,216.7,1861.73,0
8521,20260402,170,5290,11,2,2,11,1,,4,2035.7,22.89,1367.44,0
8522,20260403,165,6027,12,1,2,9,1,,4,1784.35,262.98,3258.32,0
8523,20260404,166,5954,3,2,1,11,1,,4,1680.96,269.59,2735.85,0
8524,20260405,151,5859,4,3,2,6,1,,6,1645.37,2.42,3458.03,0
8525,20260406,181,5876,4,4,1,1,1,,1,2752.93,124.01,808.03,0
8526,20260407,124,5018,3,4,1,6,1,,4,1345.3,31.54,2321.94,0
8527,20260408,183,5913,6,3,2,7,1,,5,1048.08,243.37,3733.65,0
8528,20260409,117,6049,20,3,1,6,1,,3,2363.74,78.3,666.22,0
8529,20260410,182,6180,9,2,2,8,1,,2,1358.83,268.79,1967.17,0
8530,20260411,114,5726,8,1,1,12,1,,3,1952.89,6.9,626.77,0
8531,20260412,142,5454,3,1,1,3,1,,3,1863.35,88.49,2174.23,0
8532,20260413,190,5985,14,1,2,2,1,,2,1227.75,96.49,3390.38,0
8533,20260414,165,5573,14,1,2,3,1,,5,1123.04,246.96,1147.6,0
8534,20260415,115,6249,20,2,2,3,1,,3,606.23,247.68,3665.22,0
8535,20260416,169,5412,8,2,1,1,1,,4,1273.6,289.53,3293.15,0
8536,20260417,158,5814,3,2,2,6,1,,2,2095.59,1.37,4588.18,0
8537,20260418,117,5909,20,4,1,11,1,,4,1496.77,199.92,652.64,0
8538,20260419,123,6094,2,3,2,12,1,,1,1486.77,195.09,1718.87,0
8539,20260420,171,6458,20,2,1,12,1,,6,676.42,169.02,3073.94,0
8540,20260421,171,5504,12,3,1,6,1,,2,2026.11,192.74,4037.06,0
8541,20260422,103,5792,1,3,2,5,1,,2,2587.07,263.35,548.61,0
8542,20260423,166,6126,20,3,1,10,1,,1,1201.84,205.17,2745.59,0
8543,20260424,142,5007,14,2,2,3,1,,2,1847.9,270.46,4393.95,0
8544,20260425,121,5674,1,3,1,9,1,,4,1167.56,57.17,1081.79,0
8545,20260426,141,6146,9,3,1,1,1,,5,1035.65,157.09,1829.78,0
8546,20260427,156,6458,6,1,2,3,1,,3,1208.89,220.19,3358.84,0
8547,20260428,175,5960,6,4,1,2,1,,2,2565.76,255.99,4766.26,0
8548,20260429,191,5181,4,1,1,11,1,,5,932.83,258.4,662.39,0
8549,20260430,136,5440,17,3,2,3,1,,5,508.28,276.74,4973.86,0
8550,20260501,185,5881,11,1,2,6,1,,4,1937.07,290.24,1566.2,0
8551,20260201,125,5899,13,1,1,8,1,,2,2299.35,140.35,3788.27,0
8552,20260202,192,6438,16,4,2,11,1,,6,1854.94,146.64,1182.82,0
8553,20260203,154,5056,12,4,1,6,1,,1,2527.2,207.77,927.97,0
8554,20260204,118,5678,1,3,1,7,1,,6,1651.43,50.59,3966.52,0
8555,20260205,159,5099,21,2,2,11,1,,3,1974.18,290.42,3420.48,0
8556,20260206,119,5769,15,3,2,10,1,,6,2589.54,70.88,1784.61,0
8557,20260207,139,5389,6,2,1,9,1,,2,1468.97,51.19,834.32,0
8558,20260208,126,5017,6,4,1,3,1,,2,2277.89,90.32,2962.87,0
8559,20260209,102,6316,1,1,2,6,1,,2,1119.89,82.3,4160.36,0
8560,20260210,124,5347,16,2,1,8,1,,2,1561.91,82.81,1590.43,0
8561,20260211,134,5958,15,2,1,5,1,,5,2302.58,79.03,1578.41,0
8562,20260212,163,5786,5,2,2,11,1,,3,1771.05,92.2,3008.36,0
8563,20260213,172,5334,24,4,2,10,1,,4,1274.81,178.61,2715.58,0
8564,20260214,199,6294,24,3,1,4,1,,1,407.42,240.18,3562.92,0
8565,20260215,157,5192,2,4,1,4,1,,3,2242.3,194.37,2274.2,0
8566,20260216,128,5222,17,2,2,12,1,,3,2405.91,262.87,3531.59,0
8567,20260217,175,5660,13,4,2,7,1,,6,1395.15,55.21,626.31,0
8568,20260218,155,6326,5,3,2,2,1,,2,2152.62,174.51,1003.39,0
8569,20260219,197,5289,15,2,2,12,1,,5,2406.86,247.4,4123.91,0
8570,20260220,199,6345,10,3,1,9,1,,3,2052.02,49.75,1941.49,0
8571,20260221,136,6191,21,3,1,8,1,,1,1283.56,263.28,2081.39,0
8572,20260222,180,5606,3,3,2,5,1,,3,1831.24,102.3,553.1,0
8573,20260223,119,5322,24,3,1,12,1,,5,2173.14,198.66,3029.73,0
8574,20260224,157,5771,17,1,1,7,1,,6,1157.26,1.65,4546.4,0
8575,20260225,167,6245,4,3,1,9,1,,4,1412.86,169.28,4149.56,0
8576,20260226,160,5571,18,1,1,5,1,,6,1610.67,292.85,4717.99,0
8577,20260227,174,5090,17,1,1,7,1,,4,2148.25,43.22,1647.32,0
8578,20260228,102,6234,8,3,1,8,1,,3,2568.72,134.9,2768.05,0
8579,20260301,159,5658,6,2,1,6,1,,3,585.78,121.84,4257.23,0
8580,20260302,139,6258,20,2,2,3,1,,5,1843.05,241.01,3768.78,0
8581,20260303,189,6438,5,1,2,4,1,,1,628.06,17.22,1126.53,0
8582,20260304,154,5472,24,4,2,10,1,,5,1935.04,220.97,3609.09,0
8583,20260305,124,6171,17,3,2,11,1,,5,2579.82,152.63,4763.47,0
8584,20260306,159,5842,1,3,1,11,1,,3,1528.39,178.76,4547.95,0
8585,20260307,161,5739,23,2,1,10,1,,6,2766.31,159.86,3967.67,0
8586,20260308,184,6361,4,3,1,6,1,,3,1601.79,252.42,2361.39,0
8587,20260309,146,5354,19,1,1,6,1,,5,524.12,163.86,1387.78,0
8588,20260310,157,5790,18,2,1,6,1,,3,2469.54,119.53,1136.31,0
8589,20260311,136,5565,5,1,1,8,1,,6,948.25,264.57,1767.07,0
8590,20260312,150,5316,24,4,2,4,1,,6,2321.55,123.35,4752.94,0
8591,20260313,193,5632,18,3,1,8,1,,1,559.9,283.25,1860.85,0
8592,20260314,123,5467,11,3,1,5,1,,3,2777.23,222.47,2171.65,0
8593,20260315,193,6452,4,1,2,3,1,,1,1623.26,193.39,1187.4,0
8594,20260316,115,6331,4,1,2,2,1,,2,2692.63,152.97,4682.23,0
8595,20260317,153,6410,2,3,2,1,1,,2,1942.23,93.99,3298.08,0
8596,20260318,188,5064,4,1,2,6,1,,2,1347.33,146.95,2823.48,0
8597,20260319,189,5279,16,1,1,12,1,,4,2663.41,38.78,3038.11,0
8598,20260320,199,5902,19,4,2,1,1,,3,509.21,135.31,2898.12,0
8599,20260321,189,5433,1,1,1,1,1,,5,2006.33,81.45,3124.34,0
8600,20260322,145,5301,11,3,1,1,1,,6,2168.44,109.33,4513.66,0
8601,20260323,115,6360,24,2,2,12,1,,3,1582.57,285.25,1777.06,0
8602,20260324,139,5907,17,4,1,7,1,,6,2203.77,218.6,3347.47,0
8603,20260325,111,5830,21,1,2,12,1,,6,1019.56,114.59,3517.04,0
8604,20260326,128,5378,14,4,1,11,1,,6,2166.71,153.87,1110.42,0
8605,20260327,157,6032,21,4,2,9,1,,6,2383.07,87.83,2838.47,0
8606,20260328,139,6037,11,1,2,7,1,,2,2647.3,127.83,2045.14,0
8607,20260329,142,5607,23,3,2,3,1,,3,472.98,103.83,1695.38,0
8608,20260330,115,5846,18,2,1,2,1,,3,826.65,200.84,3961.54,0
8609,20260331,160,5365,21,2,1,4,1,,2,1481.07,278.08,1994.36,0
8610,20260401,136,5018,6,4,2,2,1,,2,1000.03,46.75,526.79,0
8611,20260402,195,5680,17,2,1,12,1,,6,1543.52,251.98,3404.31,0
8612,20260403,184,5307,13,4,1,11,1,,6,987.23,194.81,2371.61,0
8613,20260404,125,5629,21,3,1,9,1,,3,2041.69,43.91,4949.51,0
8614,20260405,166,5015,7,1,1,1,1,,1,944.91,273.39,3840.45,0
8615,20260406,195,6239,13,3,2,10,1,,4,1173.33,47.12,3830.37,0
8616,20260407,161,6004,24,1,1,3,1,,5,669.97,16.41,4880.02,0
8617,20260408,128,6239,1,2,1,7,1,,3,2323.95,36.85,2747.36,0
8618,20260409,103,5338,24,1,2,10,1,,2,2330.6,187.92,3291.64,0
8619,20260410,160,6052,7,3,1,2,1,,1,1508.37,200.84,2077.73,0
8620,20260411,102,5268,4,1,2,10,1,,2,535.5,129.05,505.52,0
8621,20260412,166,5558,7,2,1,4,1,,3,2550.44,234.97,4014.27,0
8622,20260413,135,5185,22,1,2,3,1,,4,1051.81,298.51,3226.5,0
8623,20260414,130,5170,15,3,2,2,1,,2,1436.47,59.43,1020.4,0
8624,20260415,147,6213,13,3,2,5,1,,5,2039.93,220.33,2563.05,0
8625,20260416,108,6120,18,3,2,8,1,,4,966.23,37.16,3678.61,0
8626,20260417,124,5765,8,1,2,5,1,,1,1954.22,209.44,2528.7,0
8627,20260418,174,5446,2,3,2,12,1,,6,1510.03,269.18,936.6,0
8628,20260419,117,6260,18,4,1,12,1,,6,2092.72,142.39,4478.32,0
8629,20260420,197,5058,11,3,1,6,1,,2,2665.08,142.85,605.78,0
8630,20260421,117,6011,15,4,1,2,1,,6,2451.02,230.87,2560.05,0
8631,20260422,166,6152,21,4,1,9,1,,4,1620.22,46.36,2246.47,1
8632,20260423,102,5098,21,2,1,12,1,,2,2638.55,111.92,1775.1,0
8633,20260424,196,5473,14,4,1,6,1,,2,1882.46,147.11,2974.75,0
8634,20260425,127,5302,7,3,1,1,1,,2,569.62,100.98,2068.39,0
8635,20260426,120,5437,19,2,1,6,1,,5,2097.53,198.67,857.6,0
8636,20260427,105,5732,23,1,2,1,1,,6,1561.78,234.89,2670.87,0
8637,20260428,117,5336,17,1,1,12,1,,5,1789.81,167.4,2771.79,0
8638,20260429,102,6059,20,3,1,1,1,,1,929.66,164.14,3336.61,0
8639,20260430,113,5208,24,2,1,1,1,,2,1358.32,168.81,630.91,0
8640,20260501,130,6011,9,4,1,3,1,,4,1796.19,0.53,1095.38,0
8641,20260201,193,6029,2,4,1,12,1,,3,2410.57,237.66,2433.53,0
8642,20260202,149,6244,1,1,1,3,1,,2,590.34,228.88,2491.99,0
8643,20260203,194,6306,24,1,2,5,1,,4,405.0,148.16,3088.01,0
8644,20260204,111,6239,9,2,1,6,1,,5,2061.64,198.1,770.49,0
8645,20260205,163,5431,22,1,2,10,1,,5,1576.06,256.7,1976.84,0
8646,20260206,199,5096,4,3,2,4,1,,1,636.11,269.57,3318.33,0
8647,20260207,155,5997,1,3,1,3,1,,6,576.37,142.24,1603.95,0
8648,20260208,142,5405,12,3,1,12,1,,2,1424.25,200.83,4676.71,0
8649,20260209,162,5713,12,3,1,3,1,,6,1719.3,115.17,4214.25,0
8650,20260210,124,5626,19,1,2,9,1,,3,2454.68,119.59,2782.4,0
8651,20260211,138,5831,11,3,2,12,1,,4,2753.46,246.41,4870.05,0
8652,20260212,173,5496,21,1,1,7,1,,1,2730.35,286.31,4697.82,0
8653,20260213,119,5611,6,4,1,9,1,,1,558.46,96.17,4302.93,0
8654,20260214,158,5247,14,2,1,3,1,,1,2547.27,33.54,1755.81,0
8655,20260215,160,5649,7,1,1,6,1,,4,536.03,106.55,3816.34,0
8656,20260216,114,5564,8,1,1,8,1,,6,1339.14,196.19,3459.14,0
8657,20260217,174,5256,22,2,2,5,1,,1,1073.23,274.43,3742.45,0
8658,20260218,129,5264,9,2,1,1,1,,5,1193.75,24.47,4681.3,0
8659,20260219,138,5259,20,4,2,8,1,,4,1110.88,123.27,3750.53,0
8660,20260220,192,5429,4,2,1,6,1,,4,2379.8,25.5,1279.71,0
8661,20260221,160,5563,3,3,1,12,1,,3,1285.03,130.22,3509.45,0
8662,20260222,117,6240,15,4,1,10,1,,1,1371.35,201.87,4691.63,0
8663,20260223,154,6205,8,3,2,2,1,,4,2506.18,118.8,2964.04,0
8664,20260224,181,6463,17,2,1,8,1,,6,1806.82,99.31,3685.5,0
8665,20260225,120,5122,16,3,2,1,1,,3,2283.95,233.14,2229.47,0
8666,20260226,169,6387,7,4,1,6,1,,2,2218.82,57.8,2380.05,0
8667,20260227,187,5230,16,3,1,12,1,,4,1500.29,67.74,4066.87,0
8668,20260228,119,5249,24,2,2,3,1,,3,1754.59,125.49,1502.35,0
8669,20260301,138,6362,16,3,1,11,1,,1,1549.77,168.59,4990.09,0
8670,20260302,111,5871,21,3,2,12,1,,3,2169.9,6.98,4834.84,0
8671,20260303,114,5677,15,3,2,2,1,,3,1490.16,128.68,3481.05,0
8672,20260304,197,5311,18,2,1,5,1,,2,2078.16,50.75,3292.32,0
8673,20260305,168,6030,14,2,1,4,1,,6,1181.75,69.02,1748.03,0
8674,20260306,123,5307,4,2,1,12,1,,5,1405.6,160.56,3620.79,0
8675,20260307,185,6020,7,2,2,10,1,,5,1923.78,296.05,732.66,0
8676,20260308,174,6451,8,3,2,6,1,,5,1295.76,152.05,3228.5,0
8677,20260309,139,5533,8,2,1,2,1,,5,1014.74,4.2,1770.72,0
8678,20260310,110,5900,15,1,1,8,1,,1,1233.01,84.95,2761.24,0
8679,20260311,134,6160,24,3,1,6,1,,2,2041.7,251.81,1068.13,0
8680,20260312,131,5884,22,1,2,7,1,,5,789.62,129.81,2503.85,0
8681,20260313,190,5039,13,3,2,5,1,,4,1275.83,41.39,4985.07,0
8682,20260314,143,5992,5,3,2,7,1,,6,1344.1,288.24,2399.84,0
8683,20260315,128,6224,17,4,1,1,1,,6,1459.15,1.39,503.12,0
8684,20260316,151,5839,14,1,2,11,1,,2,720.1,277.0,3805.17,0
8685,20260317,118,5615,16,1,1,1,1,,3,786.24,118.47,3693.94,0
8686,20260318,193,6154,3,1,2,12,1,,1,1356.05,168.78,1930.16,0
8687,20260319,166,6248,4,1,1,12,1,,1,2438.31,79.56,628.13,0
8688,20260320,176,5177,11,3,1,7,1,,4,2564.87,156.92,1543.94,0
8689,20260321,189,6199,15,1,2,10,1,,5,867.65,122.31,4796.95,1
8690,20260322,124,5974,16,1,1,7,1,,1,2315.32,175.42,1173.31,0
8691,20260323,165,6318,24,4,2,3,1,,3,1523.86,260.24,2949.64,0
8692,20260324,161,5713,22,2,2,5,1,,2,1450.25,178.76,2736.09,0
8693,20260325,191,6213,16,3,1,6,1,,3,713.27,282.45,906.57,0
8694,20260326,178,5244,14,3,2,10,1,,5,2613.51,256.36,2201.08,0
8695,20260327,200,5636,23,3,2,10,1,,1,1181.88,63.34,2591.76,0
8696,20260328,200,6317,22,3,1,5,1,,5,1916.97,211.27,3930.49,0
8697,20260329,191,5523,4,1,1,1,1,,5,1877.1,160.27,2588.33,0
8698,20260330,183,5344,13,1,2,10,1,,3,1479.09,60.11,1365.97,0
8699,20260331,117,5771,23,4,2,10,1,,3,2240.52,205.68,3737.6,0
8700,20260401,166,5146,21,2,2,12,1,,1,857.68,80.35,3822.42,0
8701,20260402,191,5223,6,3,2,10,1,,4,509.65,105.21,1825.73,0
8702,20260403,181,6013,14,4,2,1,1,,1,2676.23,159.92,2684.59,0
8703,20260404,194,5196,14,1,2,4,1,,1,1801.26,261.24,2119.17,0
8704,20260405,135,5976,18,2,2,6,1,,4,2047.67,31.45,4458.17,0
8705,20260406,181,5341,10,1,1,9,1,,6,1484.7,283.85,1097.13,0
8706,20260407,182,5594,2,4,2,8,1,,1,1678.35,133.63,1647.11,0
8707,20260408,138,6173,3,4,1,8,1,,6,858.0,5.22,1177.34,0
8708,20260409,190,5743,21,4,2,4,1,,2,2180.88,107.39,636.56,0
8709,20260410,105,6217,22,3,1,7,1,,3,1834.02,223.28,4163.19,0
8710,20260411,163,5691,9,3,2,12,1,,6,848.43,63.43,4370.2,0
8711,20260412,102,5854,23,3,1,5,1,,4,721.33,202.94,3107.29,0
8712,20260413,185,5449,6,1,2,3,1,,5,2085.85,108.24,4412.98,0
8713,20260414,111,5925,21,1,2,5,1,,5,2165.07,33.83,2799.0,0
8714,20260415,156,5547,20,1,2,2,1,,6,840.47,266.65,2676.88,0
8715,20260416,139,5871,7,2,1,4,1,,3,1214.76,207.94,1784.02,0
8716,20260417,101,6203,22,3,1,1,1,,5,1769.23,89.03,3379.11,0
8717,20260418,156,5842,14,3,2,11,1,,1,1198.57,205.77,937.87,0
8718,20260419,175,6170,13,1,1,12,1,,6,2015.27,247.25,2464.96,0
8719,20260420,147,5985,23,1,2,2,1,,2,445.49,150.86,4456.54,0
8720,20260421,185,6340,17,4,2,3,1,,4,2065.53,217.19,1897.79,0
8721,20260422,104,5853,19,3,1,6,1,,6,575.97,24.08,1061.03,0
8722,20260423,116,6135,17,2,1,2,1,,2,2714.26,35.97,1153.69,0
8723,20260424,149,6481,3,2,1,11,1,,5,2770.36,11.36,705.74,0
8724,20260425,114,6229,11,3,1,9,1,,6,2058.73,142.13,3294.02,0
8725,20260426,104,5447,7,3,2,8,1,,1,1282.58,266.39,1406.89,0
8726,20260427,186,5547,4,3,1,3,1,,2,1330.91,104.49,4126.51,0
8727,20260428,123,5010,20,3,2,12,1,,6,1341.67,230.64,3008.45,0
8728,20260429,120,6078,17,2,1,10,1,,5,1693.93,87.64,2638.69,1
8729,20260430,117,5213,3,2,1,9,1,,6,1223.84,25.62,2666.8,0
8730,20260501,184,5494,2,4,1,11,1,,1,1021.03,212.2,2323.49,0
8731,20260201,169,5201,18,2,1,5,1,,1,700.0,228.55,3812.2,0
8732,20260202,118,5677,2,4,1,3,1,,1,2616.0,243.1,3660.45,0
8733,20260203,190,5565,12,4,2,4,1,,1,1142.95,285.44,4330.92,0
8734,20260204,199,5013,9,1,1,6,1,,1,1405.95,125.66,2021.47,0
8735,20260205,126,6250,5,1,1,12,1,,1,2030.16,289.81,4242.79,0
8736,20260206,133,6346,17,1,2,9,1,,5,1839.12,14.99,740.64,0
8737,20260207,160,6009,8,1,1,10,1,,2,2627.28,53.27,2869.13,0
8738,20260208,116,6301,1,2,1,6,1,,2,870.21,205.77,2867.14,0
8739,20260209,116,5938,23,1,1,3,1,,2,1194.73,299.0,2476.21,0
8740,20260210,177,5191,17,3,1,7,1,,3,662.33,298.12,3631.47,0
8741,20260211,129,5268,1,2,2,1,1,,4,2564.61,35.15,1808.46,0
8742,20260212,191,6071,15,1,1,8,1,,5,2124.8,233.13,2180.96,0
8743,20260213,182,6476,14,4,2,11,1,,2,684.63,84.73,3663.27,0
8744,20260214,187,5206,23,2,1,3,1,,2,2155.01,175.54,3869.66,0
8745,20260215,200,6364,18,1,1,1,1,,3,472.51,229.76,2469.09,0
8746,20260216,147,5770,22,4,1,7,1,,5,2072.5,129.11,2867.92,0
8747,20260217,108,5130,2,4,1,5,1,,5,2020.54,185.82,4900.48,0
8748,20260218,147,5022,12,4,1,3,1,,6,1381.36,118.93,763.71,1
8749,20260219,154,5312,22,3,2,3,1,,2,2452.23,61.16,609.31,0
8750,20260220,200,5193,9,3,1,11,1,,6,1687.96,75.25,2014.15,0
8751,20260221,170,5433,3,4,1,5,1,,5,1330.91,268.59,4937.13,0
8752,20260222,106,6279,4,2,1,1,1,,4,1509.62,262.82,3806.61,0
8753,20260223,177,5301,17,4,2,1,1,,3,1259.16,238.87,3670.74,0
8754,20260224,188,5301,23,2,2,9,1,,3,2339.1,214.52,4637.71,0
8755,20260225,118,6468,11,4,2,10,1,,5,2065.66,112.41,3133.19,0
8756,20260226,178,5977,5,3,1,1,1,,5,1835.24,131.22,886.79,0
8757,20260227,122,6119,23,3,2,2,1,,5,2681.28,110.22,1972.59,0
8758,20260228,177,5575,12,2,2,6,1,,2,897.66,263.83,3832.53,0
8759,20260301,122,5226,10,4,1,2,1,,6,591.96,291.72,2158.39,0
8760,20260302,177,6469,15,3,1,3,1,,6,991.29,82.78,1606.57,0
8761,20260303,140,5331,14,2,1,7,1,,3,676.02,104.76,1952.81,0
8762,20260304,136,5732,23,4,1,4,1,,3,1369.47,36.74,2718.01,0
8763,20260305,174,6494,20,4,2,2,1,,4,2649.2,225.56,3456.26,0
8764,20260306,194,6362,11,4,1,8,1,,4,2713.86,178.29,3118.33,0
8765,20260307,123,5006,2,2,1,6,1,,5,1968.09,112.9,2677.15,0
8766,20260308,123,5163,14,4,1,10,1,,1,2766.22,45.17,4561.65,0
8767,20260309,156,5856,23,4,1,8,1,,2,1728.38,64.48,2620.17,0
8768,20260310,163,5197,7,1,1,11,1,,4,569.97,106.07,1473.89,0
8769,20260311,128,5299,14,1,1,9,1,,4,2612.33,57.17,2391.55,0
8770,20260312,164,5769,6,4,2,3,1,,1,1695.38,119.99,668.98,0
8771,20260313,114,6276,4,2,2,2,1,,4,1944.77,297.0,4903.8,0
8772,20260314,159,6267,14,2,2,9,1,,5,978.11,59.05,867.17,0
8773,20260315,181,5534,18,3,2,12,1,,3,670.65,42.96,558.89,0
8774,20260316,127,5198,10,4,2,5,1,,6,1641.6,223.67,610.82,0
8775,20260317,149,5175,16,3,2,4,1,,5,973.25,118.43,2410.25,0
8776,20260318,137,6000,4,2,2,5,1,,5,1868.6,105.97,4445.33,0
8777,20260319,160,5317,12,3,1,12,1,,4,1158.32,215.51,4359.38,0
8778,20260320,148,5644,13,1,2,10,1,,2,854.78,155.32,3111.42,0
8779,20260321,118,5656,4,4,1,4,1,,6,1910.76,277.28,2373.0,0
8780,20260322,129,5211,23,2,1,9,1,,3,483.06,76.66,885.7,0
8781,20260323,143,6260,2,4,1,7,1,,4,607.8,26.21,1210.79,0
8782,20260324,147,6441,23,4,1,2,1,,4,2590.75,282.19,566.81,1
8783,20260325,161,6039,3,2,1,10,1,,5,2559.35,28.18,993.74,0
8784,20260326,115,6096,23,2,2,10,1,,5,2121.13,18.38,3412.16,0
8785,20260327,165,5287,16,2,2,6,1,,5,1864.13,267.2,2230.06,0
8786,20260328,191,6274,18,2,1,9,1,,3,1658.1,54.23,3924.67,0
8787,20260329,141,5681,1,2,1,7,1,,2,2386.91,145.21,3739.81,0
8788,20260330,131,5426,12,3,2,11,1,,3,573.53,261.01,3733.16,0
8789,20260331,123,6475,12,2,2,7,1,,6,1807.3,154.77,2850.38,0
8790,20260401,192,6127,5,3,1,1,1,,6,1055.32,39.34,3466.62,0
8791,20260402,112,6324,2,1,2,7,1,,2,932.48,29.59,3832.43,0
8792,20260403,181,5969,12,4,2,11,1,,3,1090.65,61.26,1277.58,0
8793,20260404,174,5402,7,1,2,5,1,,2,2540.35,44.69,3220.94,0
8794,20260405,112,6429,2,3,1,7,1,,5,1116.24,11.12,4821.2,0
8795,20260406,160,5284,3,2,2,7,1,,6,2795.78,213.6,3821.97,0
8796,20260407,178,5356,24,2,1,5,1,,5,1439.84,156.56,2150.55,0
8797,20260408,149,6229,15,1,2,10,1,,5,588.67,266.2,2153.36,0
8798,20260409,138,5184,8,2,1,9,1,,1,1285.77,20.23,3418.53,0
8799,20260410,104,5079,3,1,2,9,1,,6,1809.7,179.76,1005.9,0
8800,20260411,133,5524,8,3,1,5,1,,5,1991.39,20.33,2017.78,0
8801,20260412,150,5253,7,3,2,7,1,,4,872.84,4.86,1378.38,0
8802,20260413,166,5943,11,4,2,11,1,,4,690.37,246.85,3039.01,0
8803,20260414,112,5353,20,3,1,5,1,,6,500.96,43.19,1117.66,0
8804,20260415,140,6404,4,4,2,1,1,,2,1621.12,265.69,2558.87,0
8805,20260416,132,6134,3,4,2,6,1,,3,1879.94,297.86,2092.9,0
8806,20260417,124,5960,12,4,2,8,1,,6,1513.42,227.96,1384.46,0
8807,20260418,110,6308,24,4,2,4,1,,2,2095.06,44.52,1922.21,0
8808,20260419,156,6401,17,2,2,3,1,,1,546.1,94.38,4116.68,0
8809,20260420,200,5757,12,1,2,2,1,,4,2672.65,162.49,3746.84,0
8810,20260421,157,5475,8,3,1,3,1,,1,1134.94,29.92,1105.0,0
8811,20260422,179,6218,17,2,1,12,1,,4,728.5,76.81,2798.79,0
8812,20260423,126,5601,9,2,1,8,1,,1,818.38,43.52,3786.14,0
8813,20260424,104,5322,11,2,1,1,1,,4,2739.81,67.47,1162.84,0
8814,20260425,170,6311,9,3,2,5,1,,1,2583.11,30.46,3479.93,0
8815,20260426,158,5577,21,4,1,6,1,,3,1011.9,274.17,554.02,0
8816,20260427,146,5959,24,2,2,3,1,,5,1957.32,76.13,3271.32,0
8817,20260428,107,6171,23,2,1,4,1,,6,736.85,26.33,1428.04,0
8818,20260429,186,5344,17,2,1,4,1,,2,2276.55,25.33,2369.32,0
8819,20260430,114,5769,6,4,2,6,1,,4,530.31,154.35,2559.82,0
8820,20260501,157,5260,21,1,1,4,1,,6,2304.22,166.25,1861.91,0
8821,20260201,182,5126,10,1,1,3,1,,4,1028.36,185.82,541.42,0
8822,20260202,107,6410,8,2,2,6,1,,2,1316.25,67.66,2063.29,0
8823,20260203,193,5948,21,2,2,1,1,,2,1734.04,160.69,2528.81,0
8824,20260204,117,6343,14,1,1,4,1,,2,2353.16,257.84,621.19,0
8825,20260205,125,5707,19,1,2,8,1,,6,2462.34,40.99,3872.09,0
8826,20260206,159,5678,2,1,1,6,1,,2,1193.09,260.24,2454.3,0
8827,20260207,123,5263,19,4,2,3,1,,2,649.54,32.93,3082.78,0
8828,20260208,193,5857,10,3,2,2,1,,2,2746.83,83.31,2837.75,0
8829,20260209,121,6229,4,4,2,1,1,,4,834.32,254.34,4975.2,0
8830,20260210,194,5147,7,1,2,9,1,,4,1661.57,248.52,2747.41,0
8831,20260211,161,5952,3,1,1,10,1,,1,2033.11,72.76,1393.21,0
8832,20260212,196,5332,1,4,2,3,1,,3,2439.91,63.87,2237.1,0
8833,20260213,148,5881,5,3,1,7,1,,5,566.25,163.1,1178.53,0
8834,20260214,104,6271,3,1,1,4,1,,4,1436.77,238.41,4771.47,0
8835,20260215,106,6299,18,2,2,4,1,,2,1574.96,178.61,3992.27,1
8836,20260216,158,6403,21,2,1,12,1,,3,2529.72,261.38,3744.02,0
8837,20260217,152,5665,16,3,2,9,1,,4,1650.56,162.23,2620.07,0
8838,20260218,130,6342,6,3,2,5,1,,3,952.18,161.24,2605.46,0
8839,20260219,120,5389,9,1,2,3,1,,5,917.78,294.01,3261.66,0
8840,20260220,114,5164,19,4,2,3,1,,1,631.51,271.2,2701.74,0
8841,20260221,178,5878,10,4,1,1,1,,4,1591.35,263.48,3468.41,0
8842,20260222,126,6151,10,2,1,9,1,,2,1353.04,205.46,3410.45,0
8843,20260223,187,5592,19,1,1,2,1,,6,468.57,265.3,4584.19,0
8844,20260224,102,5205,6,1,1,5,1,,6,2633.21,121.03,1440.09,0
8845,20260225,108,5348,19,4,1,10,1,,5,1218.04,172.76,3660.04,0
8846,20260226,163,5625,2,2,1,10,1,,2,2264.83,69.94,2872.81,0
8847,20260227,178,6381,2,4,2,1,1,,1,2200.04,27.43,2232.8,0
8848,20260228,174,5450,12,1,1,1,1,,2,1860.08,91.94,3063.82,0
8849,20260301,194,5088,23,1,1,4,1,,6,520.2,238.79,1894.38,0
8850,20260302,122,6112,19,3,1,9,1,,6,2192.08,247.23,1510.69,0
8851,20260303,148,5787,11,1,2,12,1,,5,1105.55,209.98,1822.43,0
8852,20260304,199,5738,12,4,1,4,1,,2,1356.99,105.32,1929.94,0
8853,20260305,116,6306,11,4,2,4,1,,3,1524.33,143.93,2385.39,0
8854,20260306,182,5504,5,4,1,4,1,,2,2352.48,185.09,4818.66,1
8855,20260307,108,5569,8,2,1,11,1,,4,683.09,27.14,1041.32,0
8856,20260308,159,6473,1,3,1,8,1,,5,1410.23,105.0,4758.43,0
8857,20260309,172,5578,7,2,2,3,1,,3,2795.34,194.89,2530.73,0
8858,20260310,176,5090,20,4,1,8,1,,4,1857.92,29.86,2663.23,0
8859,20260311,115,6346,14,3,1,1,1,,6,2135.25,242.52,1637.08,0
8860,20260312,129,5960,11,1,2,8,1,,4,1622.51,91.9,4935.93,0
8861,20260313,147,5241,2,1,2,6,1,,6,1607.76,144.93,2501.28,0
8862,20260314,109,6170,13,4,2,11,1,,4,2461.39,136.22,4261.69,0
8863,20260315,111,5785,5,4,2,1,1,,4,2187.19,257.09,3271.88,0
8864,20260316,193,5758,12,1,2,5,1,,1,993.92,277.94,2979.46,0
8865,20260317,120,5891,5,3,2,6,1,,2,2302.17,283.1,4106.36,0
8866,20260318,172,6389,1,2,2,7,1,,1,2063.35,243.51,1926.21,0
8867,20260319,148,5151,4,4,2,6,1,,5,1283.09,64.99,3075.67,0
8868,20260320,168,5311,3,3,2,1,1,,5,2572.1,191.6,1879.4,0
8869,20260321,118,6445,20,3,2,8,1,,2,915.03,1.02,1974.38,0
8870,20260322,136,6324,10,2,2,5,1,,3,1799.59,143.14,4932.47,0
8871,20260323,162,6185,1,4,2,9,1,,5,2272.76,154.05,4824.99,0
8872,20260324,193,5554,19,1,2,10,1,,4,689.82,109.72,3659.74,0
8873,20260325,151,6435,5,3,1,7,1,,2,2121.17,100.97,4947.75,0
8874,20260326,188,5182,17,4,1,12,1,,4,2283.43,140.49,2704.18,0
8875,20260327,172,6125,2,2,2,8,1,,4,1403.07,137.15,1282.97,0
8876,20260328,181,6305,1,2,1,12,1,,1,1882.39,181.25,1224.61,0
8877,20260329,103,5187,9,3,1,2,1,,4,725.03,275.14,4315.44,0
8878,20260330,140,5001,1,1,1,8,1,,2,2505.55,90.97,1225.43,0
8879,20260331,120,5622,8,1,2,7,1,,5,1401.32,205.67,4175.38,0
8880,20260401,141,6323,18,1,1,4,1,,1,469.7,139.6,3211.22,0
8881,20260402,188,6030,10,4,1,10,1,,3,2629.75,102.46,1639.51,0
8882,20260403,123,5297,13,1,1,8,1,,3,2757.07,138.57,516.71,0
8883,20260404,115,6346,3,1,1,5,1,,4,1839.7,271.96,3112.84,0
8884,20260405,183,5090,12,1,2,9,1,,3,1640.9,156.84,1084.91,0
8885,20260406,148,6038,23,1,1,12,1,,1,2211.77,197.96,1339.64,0
8886,20260407,160,5336,11,1,1,5,1,,1,1431.52,169.88,667.19,0
8887,20260408,152,5717,15,2,1,4,1,,2,1690.86,26.55,2186.59,0
8888,20260409,173,5954,9,2,2,7,1,,4,1523.62,193.31,4421.28,0
8889,20260410,123,5398,7,4,1,9,1,,6,1471.35,219.67,778.74,0
8890,20260411,191,6164,15,1,2,11,1,,5,1142.19,47.17,742.68,0
8891,20260412,118,6216,3,4,2,6,1,,6,481.14,115.81,4223.51,0
8892,20260413,119,6019,15,4,2,12,1,,2,697.84,49.7,3345.66,0
8893,20260414,179,6346,23,4,1,11,1,,3,989.26,124.8,3185.28,0
8894,20260415,142,6011,1,3,1,2,1,,5,1283.01,97.93,1626.5,0
8895,20260416,130,5149,13,3,1,12,1,,1,1879.15,130.79,3960.81,0
8896,20260417,151,6398,24,1,1,11,1,,6,1707.95,134.05,3585.98,0
8897,20260418,167,5808,1,4,2,4,1,,5,2333.8,49.95,659.22,0
8898,20260419,162,6461,22,2,2,9,1,,2,2057.26,226.63,4860.09,0
8899,20260420,135,6042,8,4,2,2,1,,4,525.27,211.93,4392.13,0
8900,20260421,181,5587,2,2,2,2,1,,5,2039.61,135.23,669.57,0
8901,20260422,180,5971,10,4,2,3,1,,3,1648.72,89.77,1364.39,0
8902,20260423,185,5175,3,3,2,1,1,,4,1143.35,70.01,1847.87,0
8903,20260424,177,6474,11,4,1,5,1,,1,646.76,155.11,4856.18,0
8904,20260425,189,5696,20,4,2,7,1,,5,2552.75,85.86,4464.84,0
8905,20260426,102,6438,17,3,1,3,1,,5,2613.18,90.39,2663.66,0
8906,20260427,182,5389,5,2,2,3,1,,6,1897.17,193.1,1910.02,0
8907,20260428,180,5678,21,3,1,2,1,,3,2097.52,250.52,2192.9,0
8908,20260429,193,5559,2,1,1,7,1,,4,1833.85,140.05,4707.24,0
8909,20260430,113,6174,20,1,1,1,1,,6,2759.63,20.07,985.5,0
8910,20260501,156,6406,24,2,1,12,1,,1,2165.16,111.37,2260.56,0
8911,20260201,115,6217,23,1,1,10,1,,6,2350.19,202.88,2549.75,0
8912,20260202,195,6258,16,1,2,10,1,,2,816.65,4.32,4421.31,0
8913,20260203,143,5846,3,2,1,10,1,,6,1925.07,173.45,3623.37,0
8914,20260204,122,5744,9,4,1,8,1,,5,1697.63,109.24,4575.0,0
8915,20260205,176,5594,9,4,1,11,1,,3,636.29,39.42,4803.08,0
8916,20260206,117,5042,18,4,2,12,1,,3,413.03,170.81,2653.92,0
8917,20260207,114,6263,10,2,1,6,1,,6,2670.88,90.92,878.01,0
8918,20260208,128,5569,9,1,2,2,1,,2,2682.82,240.07,4143.13,0
8919,20260209,120,6479,10,1,1,7,1,,1,696.22,55.97,3416.59,0
8920,20260210,168,5372,15,1,1,8,1,,4,508.6,275.18,3577.76,0
8921,20260211,133,5019,5,4,1,12,1,,3,2246.47,164.68,2946.67,0
8922,20260212,176,5767,11,2,1,1,1,,1,2365.66,40.88,3189.19,0
8923,20260213,109,5868,20,4,2,1,1,,5,865.94,296.68,2943.23,0
8924,20260214,171,5272,12,1,1,11,1,,3,478.85,239.66,882.14,0
8925,20260215,161,5096,10,4,2,5,1,,1,429.16,258.23,3022.43,0
8926,20260216,149,5100,13,1,1,3,1,,4,619.66,56.18,1673.4,0
8927,20260217,129,5921,10,3,2,9,1,,5,2321.77,129.53,2777.1,0
8928,20260218,162,5464,9,4,1,8,1,,2,2457.77,84.48,1321.2,0
8929,20260219,143,6274,20,4,2,9,1,,4,715.21,17.73,4271.61,0
8930,20260220,143,5064,13,4,1,9,1,,2,953.96,2.37,1562.71,0
8931,20260221,144,5352,7,2,1,10,1,,5,2365.73,239.7,4939.61,0
8932,20260222,154,5284,21,4,2,12,1,,1,730.92,148.54,4869.6,0
8933,20260223,171,6199,23,2,1,4,1,,1,2293.84,23.77,3537.65,0
8934,20260224,175,5940,19,1,1,4,1,,1,1443.49,105.06,2064.23,0
8935,20260225,125,5405,12,1,2,5,1,,5,1305.65,88.52,2253.32,1
8936,20260226,140,6289,14,4,1,12,1,,5,1083.91,264.68,1867.34,0
8937,20260227,130,6350,22,3,1,11,1,,4,678.35,278.55,1258.57,0
8938,20260228,199,5010,11,2,2,8,1,,4,749.4,58.04,783.36,0
8939,20260301,130,6465,7,4,1,5,1,,2,1095.35,95.29,4571.57,0
8940,20260302,169,5785,16,1,1,6,1,,2,1818.68,214.89,4805.09,0
8941,20260303,190,5030,7,2,2,2,1,,4,427.34,257.06,2239.41,0
8942,20260304,175,5104,21,4,1,10,1,,3,2441.71,22.92,1750.45,0
8943,20260305,162,5648,12,2,2,4,1,,3,1026.23,233.08,1995.4,0
8944,20260306,104,5169,24,2,2,4,1,,2,2779.96,180.09,4600.49,0
8945,20260307,181,6347,24,3,2,8,1,,1,1292.28,127.34,2350.88,0
8946,20260308,173,6233,3,3,1,6,1,,1,1027.26,23.89,2303.22,0
8947,20260309,162,5158,7,2,2,2,1,,3,2308.86,265.62,985.94,0
8948,20260310,170,5656,13,2,1,7,1,,5,2675.73,122.33,4264.68,0
8949,20260311,190,5891,21,1,1,2,1,,2,674.57,38.61,3114.25,0
8950,20260312,167,5938,9,4,2,9,1,,2,1174.42,222.64,857.9,0
8951,20260313,194,5390,10,4,1,2,1,,5,727.1,61.35,3172.95,0
8952,20260314,125,5078,19,1,2,11,1,,3,2731.64,193.99,1183.17,1
8953,20260315,130,5009,1,3,2,4,1,,3,2589.94,24.49,2375.67,0
8954,20260316,175,5736,11,4,1,7,1,,6,2417.32,165.56,3157.5,0
8955,20260317,111,5546,24,1,1,2,1,,2,2420.66,60.41,3323.69,0
8956,20260318,171,6444,6,4,1,12,1,,4,2361.02,60.06,4962.12,0
8957,20260319,144,5847,16,3,2,10,1,,4,1247.04,77.19,642.01,0
8958,20260320,142,6135,5,2,2,11,1,,3,418.0,193.19,1793.0,0
8959,20260321,142,5781,15,1,1,12,1,,4,2257.46,201.17,4303.57,0
8960,20260322,180,6129,17,3,2,10,1,,6,572.92,297.87,2109.16,0
8961,20260323,139,6212,3,3,2,2,1,,4,1663.31,271.07,581.76,0
8962,20260324,124,5727,15,2,2,10,1,,5,2171.27,284.68,2022.25,0
8963,20260325,128,5084,17,2,1,5,1,,3,2356.89,174.22,4936.71,0
8964,20260326,108,5018,20,1,2,12,1,,3,775.01,24.53,3015.63,0
8965,20260327,139,5405,23,2,1,11,1,,1,1530.9,265.25,2758.66,0
8966,20260328,137,6448,12,2,2,11,1,,6,416.83,16.57,3509.02,0
8967,20260329,160,6330,10,1,1,12,1,,6,1294.13,147.89,3630.18,0
8968,20260330,148,6191,15,2,1,5,1,,4,1382.13,88.45,4183.28,0
8969,20260331,178,5512,5,3,1,7,1,,3,2314.79,183.98,2800.65,0
8970,20260401,133,5377,16,1,1,12,1,,5,1879.47,221.79,4145.08,0
8971,20260402,178,6025,22,3,2,10,1,,5,518.32,120.37,2341.68,0
8972,20260403,141,5302,9,3,1,1,1,,2,1080.03,165.34,2424.42,0
8973,20260404,189,5921,7,1,2,1,1,,6,418.21,187.24,1451.04,0
8974,20260405,145,6324,14,4,1,8,1,,2,1850.07,54.76,2770.26,0
8975,20260406,163,5789,3,2,2,5,1,,1,1147.6,110.37,3423.82,0
8976,20260407,154,5038,6,4,1,12,1,,5,1628.02,143.99,4869.72,0
8977,20260408,164,6089,16,2,2,10,1,,3,2282.06,87.34,4158.71,0
8978,20260409,135,5357,17,3,1,6,1,,4,1141.0,229.89,1202.6,0
8979,20260410,107,5873,14,3,1,8,1,,2,1191.68,179.2,2210.77,0
8980,20260411,146,5317,17,1,1,2,1,,4,2098.68,174.55,4155.7,0
8981,20260412,151,5878,21,4,1,6,1,,4,2011.98,59.82,583.61,0
8982,20260413,196,5899,24,3,1,6,1,,4,2614.05,137.64,3416.46,0
8983,20260414,150,5780,18,1,1,1,1,,2,1476.15,231.32,4466.81,0
8984,20260415,131,5953,5,4,2,2,1,,2,2725.44,93.79,2032.57,0
8985,20260416,180,6185,5,3,1,4,1,,3,2685.05,14.34,4209.38,0
8986,20260417,111,5247,20,1,2,5,1,,2,2522.76,128.15,4054.36,0
8987,20260418,157,5938,24,3,2,8,1,,6,2791.71,86.01,3172.39,0
8988,20260419,186,5090,12,1,1,2,1,,5,2221.82,144.76,1561.97,0
8989,20260420,175,6355,22,2,1,10,1,,6,643.4,128.81,3912.1,0
8990,20260421,192,5949,3,1,2,7,1,,5,2221.84,83.08,3207.53,0
8991,20260422,171,6455,24,1,1,9,1,,2,1814.68,268.44,4823.21,0
8992,20260423,170,5211,23,4,2,11,1,,2,1532.8,154.24,4545.73,0
8993,20260424,174,5001,21,2,1,11,1,,1,1145.99,28.91,3138.6,0
8994,20260425,157,6262,22,1,2,12,1,,4,623.08,22.53,2663.9,0
8995,20260426,105,5210,17,1,1,1,1,,6,1466.0,254.04,2064.93,0
8996,20260427,122,6011,17,3,2,12,1,,1,744.03,219.52,784.82,0
8997,20260428,148,6350,23,2,1,5,1,,5,2026.35,133.82,3525.27,0
8998,20260429,170,6333,20,3,1,6,1,,4,1542.11,133.06,3737.95,0
8999,20260430,167,5045,17,4,2,8,1,,4,701.35,208.87,3093.43,0
9000,20260501,152,5922,6,2,1,5,1,,4,2465.88,21.85,2605.77,0
9001,20260201,173,5200,16,4,1,1,1,,6,1947.75,18.14,2684.17,0
9002,20260202,156,5530,4,1,2,8,1,,3,1529.95,137.32,3072.78,0
9003,20260203,168,6087,13,3,2,9,1,,4,2210.82,167.01,1714.94,0
9004,20260204,177,6120,15,1,2,9,1,,3,2237.09,19.97,4733.88,0
9005,20260205,111,5335,16,4,1,2,1,,3,2402.34,38.35,4421.31,0
9006,20260206,169,5177,12,1,2,4,1,,4,1935.58,222.07,1131.34,0
9007,20260207,114,6456,11,1,2,4,1,,5,2762.66,210.52,2031.63,0
9008,20260208,187,5331,18,3,1,4,1,,1,1604.51,268.35,3194.26,0
9009,20260209,111,6019,20,1,1,12,1,,3,1857.3,153.22,1145.13,0
9010,20260210,134,6081,24,2,2,4,1,,1,2425.75,188.67,2616.28,0
9011,20260211,138,5134,13,4,1,3,1,,2,1823.98,164.61,960.58,1
9012,20260212,128,6449,20,4,2,9,1,,5,1556.04,185.12,2728.59,0
9013,20260213,123,5563,7,4,1,5,1,,6,1933.08,207.64,1452.64,0
9014,20260214,195,5956,11,2,1,12,1,,6,1281.2,240.1,1588.11,0
9015,20260215,160,5206,1,4,1,4,1,,3,2172.49,284.95,4017.76,0
9016,20260216,182,6363,1,3,1,5,1,,4,585.03,112.25,1529.48,0
9017,20260217,127,5092,24,4,2,3,1,,1,1633.03,31.86,3482.25,0
9018,20260218,138,5642,21,4,2,9,1,,2,1763.39,240.53,3877.92,0
9019,20260219,138,5242,7,3,1,2,1,,6,712.48,204.3,1670.49,0
9020,20260220,182,6227,6,4,1,8,1,,1,2554.42,39.48,4886.14,0
9021,20260221,116,5123,3,1,1,9,1,,2,1954.6,64.53,876.08,0
9022,20260222,121,6207,15,4,2,5,1,,3,814.93,246.18,3362.99,0
9023,20260223,155,6367,20,4,2,11,1,,2,1971.64,91.12,2787.67,0
9024,20260224,126,6001,14,4,1,8,1,,5,1701.75,74.75,1502.23,0
9025,20260225,155,5863,16,1,1,11,1,,2,2063.83,159.53,2993.94,0
9026,20260226,133,5460,7,2,2,12,1,,6,2270.58,78.61,3497.7,0
9027,20260227,185,5638,23,2,2,4,1,,6,1832.24,77.55,4227.85,0
9028,20260228,184,5203,14,4,1,5,1,,5,1644.9,142.79,3632.38,0
9029,20260301,104,6055,24,2,2,9,1,,6,755.75,38.19,3419.57,0
9030,20260302,145,6224,2,3,2,3,1,,1,2534.74,255.53,3729.72,0
9031,20260303,149,5486,5,3,1,6,1,,5,2111.49,150.24,2145.37,0
9032,20260304,166,5267,3,2,2,1,1,,2,2403.14,150.33,1625.78,0
9033,20260305,186,5513,20,1,2,4,1,,1,945.64,32.34,4016.96,0
9034,20260306,186,5687,14,1,2,4,1,,6,2285.17,150.73,1565.21,0
9035,20260307,144,6180,10,3,2,8,1,,1,592.26,215.41,3481.6,0
9036,20260308,122,5967,17,3,1,10,1,,6,2532.87,158.64,3773.94,0
9037,20260309,134,6482,11,4,1,7,1,,3,689.58,180.3,2904.13,0
9038,20260310,137,6354,1,1,1,1,1,,1,1978.41,175.01,4462.14,0
9039,20260311,124,6492,22,1,1,8,1,,5,1400.73,274.42,4675.24,0
9040,20260312,151,6244,1,2,1,6,1,,1,432.62,291.84,4022.27,0
9041,20260313,126,5379,24,2,1,3,1,,6,1252.3,168.09,2113.59,0
9042,20260314,196,5054,5,1,1,6,1,,2,1726.77,74.82,2834.87,0
9043,20260315,118,6111,24,3,2,11,1,,6,2276.9,194.72,2684.32,0
9044,20260316,154,5979,20,4,1,12,1,,1,782.62,69.14,4114.43,0
9045,20260317,174,6064,17,4,1,1,1,,1,412.58,84.02,2271.12,0
9046,20260318,167,5415,12,2,2,2,1,,6,1214.4,137.06,2115.97,0
9047,20260319,190,6492,7,2,2,8,1,,1,2126.83,174.0,2385.28,0
9048,20260320,107,6154,5,1,2,12,1,,3,2641.75,29.47,1100.78,0
9049,20260321,105,5193,21,2,2,5,1,,1,2146.8,43.47,3176.22,0
9050,20260322,199,5870,21,4,2,5,1,,2,1038.52,214.3,1925.89,0
9051,20260323,163,5846,16,1,1,3,1,,3,1489.64,230.76,1179.53,0
9052,20260324,116,6498,22,2,1,6,1,,5,1653.1,7.53,2747.38,0
9053,20260325,113,6395,5,2,2,1,1,,4,1995.53,232.89,4613.58,0
9054,20260326,183,5788,13,1,1,12,1,,1,676.29,41.07,4282.03,0
9055,20260327,177,5313,17,1,2,12,1,,5,514.19,49.27,4838.03,0
9056,20260328,166,5404,24,3,2,5,1,,4,1113.23,80.36,3449.92,0
9057,20260329,138,5033,9,2,2,3,1,,6,2667.2,286.06,4294.07,0
9058,20260330,166,5481,8,3,1,2,1,,3,1702.33,232.94,2639.9,0
9059,20260331,102,5322,9,3,1,9,1,,3,1752.42,52.47,1801.54,0
9060,20260401,154,5469,23,2,1,2,1,,1,579.79,228.36,2666.12,0
9061,20260402,109,5145,16,2,1,10,1,,4,934.45,191.39,883.15,1
9062,20260403,176,6336,1,1,1,8,1,,6,1442.97,70.37,4534.0,0
9063,20260404,148,5709,14,4,1,3,1,,2,1964.13,190.3,841.84,0
9064,20260405,164,5629,8,1,1,2,1,,2,2766.48,249.75,2317.07,0
9065,20260406,122,5896,15,2,2,9,1,,5,1090.33,73.38,1192.48,0
9066,20260407,190,5770,10,4,2,2,1,,2,1332.95,74.46,2019.4,0
9067,20260408,153,6036,21,2,1,9,1,,2,961.89,19.18,2625.02,0
9068,20260409,130,5885,24,3,1,4,1,,3,2086.81,77.97,2977.59,0
9069,20260410,161,6317,24,3,2,8,1,,5,1166.89,149.56,2962.24,0
9070,20260411,149,5774,17,4,2,1,1,,5,2439.72,195.44,2995.24,0
9071,20260412,146,5053,16,3,2,7,1,,2,1684.91,217.57,1517.63,0
9072,20260413,169,6132,9,1,1,11,1,,1,2792.34,171.33,2065.65,0
9073,20260414,101,6423,9,3,2,11,1,,4,527.17,94.85,3656.52,0
9074,20260415,125,6392,18,1,1,6,1,,3,1292.3,286.09,888.9,0
9075,20260416,176,5586,13,2,1,11,1,,5,1228.78,277.85,3470.75,0
9076,20260417,159,5634,15,1,1,4,1,,4,1273.15,269.98,4447.49,0
9077,20260418,114,6270,2,3,1,5,1,,3,1929.62,247.52,1068.3,0
9078,20260419,198,5623,24,1,2,12,1,,6,1596.05,172.9,1739.47,0
9079,20260420,178,6271,12,2,2,1,1,,3,2510.99,60.63,3905.78,0
9080,20260421,115,6051,5,1,1,9,1,,1,1115.9,270.51,643.1,0
9081,20260422,155,5215,18,4,2,4,1,,3,1981.58,260.56,1763.48,0
9082,20260423,153,6446,2,2,2,8,1,,6,1817.43,241.21,3439.94,0
9083,20260424,122,6257,16,2,1,11,1,,6,1789.6,185.32,2508.26,0
9084,20260425,174,5359,22,2,1,12,1,,6,1804.17,178.71,3706.65,0
9085,20260426,108,6049,12,3,1,3,1,,4,1591.63,139.94,648.17,0
9086,20260427,148,6355,2,2,2,2,1,,5,581.01,202.83,4950.56,0
9087,20260428,149,5293,10,4,2,7,1,,6,1158.53,176.96,2022.99,0
9088,20260429,126,5548,20,4,2,8,1,,3,1098.22,23.01,984.57,0
9089,20260430,187,5731,19,3,2,6,1,,3,1003.31,279.47,2366.6,0
9090,20260501,128,5359,3,4,1,5,1,,6,2737.71,297.76,558.87,0
9091,20260201,167,6326,13,3,1,12,1,,3,2130.52,22.4,842.05,0
9092,20260202,102,5297,20,4,1,8,1,,2,532.41,296.69,1101.56,0
9093,20260203,133,5736,11,3,2,10,1,,6,1526.95,129.27,1689.43,0
9094,20260204,135,5632,17,2,2,2,1,,6,1485.19,267.94,1221.87,0
9095,20260205,107,6139,20,4,1,11,1,,2,2778.46,123.58,3141.96,0
9096,20260206,136,5785,12,3,1,8,1,,6,919.33,40.27,1778.92,0
9097,20260207,187,5477,17,2,1,9,1,,5,770.94,122.61,2989.08,0
9098,20260208,156,5780,23,2,2,12,1,,4,2081.58,236.43,2873.21,0
9099,20260209,136,6323,5,3,2,4,1,,4,2579.78,223.54,3056.54,0
9100,20260210,115,6090,3,3,1,9,1,,3,1813.56,203.03,3349.66,0
9101,20260211,136,6006,14,4,1,8,1,,2,1704.64,39.23,2978.12,0
9102,20260212,153,5391,11,2,1,2,1,,4,2461.34,173.12,4676.61,0
9103,20260213,129,6011,12,2,2,2,1,,3,888.5,247.02,4810.23,0
9104,20260214,196,6252,12,2,2,7,1,,5,1695.92,281.06,1193.75,0
9105,20260215,107,6251,24,1,2,11,1,,1,2769.8,257.92,3119.9,0
9106,20260216,196,5588,15,1,1,5,1,,6,1722.19,246.58,3235.78,0
9107,20260217,125,5180,19,2,2,12,1,,3,1879.9,180.59,3728.66,0
9108,20260218,171,6174,17,2,1,8,1,,3,2273.99,185.77,2111.23,0
9109,20260219,183,6041,13,4,1,10,1,,2,2176.24,32.14,993.52,0
9110,20260220,151,5138,17,4,1,12,1,,1,543.42,4.05,3196.94,0
9111,20260221,160,5225,18,2,1,12,1,,5,2705.72,174.06,1870.77,0
9112,20260222,149,6007,12,1,2,6,1,,1,2786.78,227.02,1708.57,0
9113,20260223,110,6454,5,2,2,8,1,,1,1072.6,23.41,2727.33,0
9114,20260224,179,6291,23,4,2,6,1,,1,1349.66,250.97,861.6,0
9115,20260225,140,5831,23,1,1,8,1,,4,1312.94,218.45,2204.21,0
9116,20260226,127,6276,3,1,1,10,1,,5,2255.28,210.72,3612.74,0
9117,20260227,170,5402,23,4,1,10,1,,3,769.76,65.28,2343.51,0
9118,20260228,139,5197,7,1,2,6,1,,1,2761.17,136.5,3835.28,0
9119,20260301,118,5543,7,2,2,4,1,,5,405.44,218.37,562.98,0
9120,20260302,163,5252,22,2,2,12,1,,3,2256.56,203.64,1015.13,1
9121,20260303,108,5886,4,2,2,6,1,,3,1853.11,130.86,3107.94,0
9122,20260304,134,5573,15,1,1,8,1,,6,1847.95,197.74,1204.0,0
9123,20260305,131,5735,20,3,2,2,1,,1,1489.13,98.63,1646.54,0
9124,20260306,192,5762,15,1,1,8,1,,6,1741.93,55.11,3473.79,0
9125,20260307,119,5232,10,4,2,3,1,,2,1642.88,198.59,3066.37,0
9126,20260308,176,5384,23,3,1,9,1,,1,874.8,29.78,4109.56,0
9127,20260309,192,6050,10,4,1,8,1,,3,1773.37,53.37,4856.84,0
9128,20260310,141,6166,19,2,2,11,1,,5,1683.47,228.42,4559.26,0
9129,20260311,172,6114,21,2,1,9,1,,5,1809.02,115.03,4529.11,0
9130,20260312,120,5900,4,3,1,11,1,,5,2091.37,93.29,1621.6,0
9131,20260313,145,6105,2,1,2,11,1,,4,1819.16,130.64,1572.26,0
9132,20260314,176,5369,21,2,1,2,1,,5,1330.73,80.34,1440.26,0
9133,20260315,103,6430,4,1,1,12,1,,6,2131.31,216.45,3483.09,0
9134,20260316,143,5094,7,1,2,11,1,,4,1370.79,100.88,2037.29,0
9135,20260317,164,5696,4,3,1,4,1,,5,2240.29,250.21,1880.49,0
9136,20260318,103,5029,13,4,2,4,1,,6,731.17,110.1,993.22,0
9137,20260319,156,5010,5,2,1,8,1,,6,1581.79,187.96,1688.42,0
9138,20260320,108,5744,9,3,1,12,1,,2,715.24,189.0,3845.51,0
9139,20260321,174,6129,22,4,2,10,1,,6,1146.46,42.44,2126.43,0
9140,20260322,165,5706,19,2,2,8,1,,3,2522.81,246.57,1544.47,0
9141,20260323,183,6213,22,2,2,4,1,,2,2774.29,169.57,4067.85,0
9142,20260324,122,6159,3,3,1,3,1,,6,758.69,252.46,641.23,0
9143,20260325,116,5591,13,2,2,6,1,,1,2519.87,195.11,2430.89,0
9144,20260326,155,6281,21,3,2,1,1,,4,1812.45,72.57,3455.73,0
9145,20260327,160,5055,11,4,1,2,1,,2,2372.19,258.87,3429.54,0
9146,20260328,187,5342,8,3,2,7,1,,2,1914.53,138.24,1454.81,0
9147,20260329,195,5140,24,4,2,5,1,,3,2323.25,117.71,1962.26,0
9148,20260330,107,5201,7,2,1,1,1,,3,1575.06,240.79,1415.18,0
9149,20260331,160,5217,23,3,1,3,1,,6,476.81,147.48,1303.07,0
9150,20260401,161,6017,4,1,1,2,1,,4,1008.24,117.05,2879.49,0
9151,20260402,196,6348,18,2,1,11,1,,5,803.72,41.88,2261.19,0
9152,20260403,185,5944,11,3,1,10,1,,2,1935.41,248.53,2701.91,0
9153,20260404,164,5488,7,1,1,3,1,,5,855.44,0.1,1802.94,0
9154,20260405,170,5696,3,1,1,7,1,,1,2725.73,222.0,2195.47,0
9155,20260406,117,5237,14,3,2,3,1,,1,2716.87,42.53,4283.56,0
9156,20260407,110,6046,23,2,1,6,1,,2,1149.37,160.86,4459.87,0
9157,20260408,145,5417,4,4,1,7,1,,5,716.51,263.02,864.78,0
9158,20260409,183,6416,23,3,2,8,1,,6,610.79,287.41,4681.02,0
9159,20260410,110,5372,9,3,2,2,1,,4,553.46,195.45,1790.79,0
9160,20260411,198,5386,19,4,1,9,1,,5,465.14,210.61,1356.6,0
9161,20260412,141,5318,8,3,1,11,1,,6,1959.16,259.51,3736.49,0
9162,20260413,153,6208,20,3,1,10,1,,6,2410.93,36.36,1370.35,0
9163,20260414,102,5683,17,3,1,8,1,,3,2298.97,265.91,2137.89,0
9164,20260415,107,5538,17,2,2,7,1,,6,1088.19,282.19,3453.78,0
9165,20260416,153,6185,7,1,1,5,1,,6,1516.14,7.23,3018.62,0
9166,20260417,106,6269,3,2,2,8,1,,2,1592.73,160.51,1036.16,0
9167,20260418,143,5831,15,2,1,9,1,,1,1407.5,99.56,2110.21,0
9168,20260419,195,5965,1,3,2,4,1,,3,865.67,73.2,2293.16,0
9169,20260420,108,5286,14,4,1,6,1,,2,2194.78,217.51,2009.51,0
9170,20260421,194,5556,1,3,2,10,1,,5,782.19,24.97,701.12,0
9171,20260422,166,5402,16,1,2,10,1,,6,2566.16,251.52,670.98,0
9172,20260423,109,6357,17,4,2,7,1,,4,882.49,292.73,4302.22,0
9173,20260424,196,5616,22,1,1,2,1,,6,736.07,218.63,3254.07,0
9174,20260425,105,5701,7,2,1,6,1,,6,2218.06,240.0,1379.67,0
9175,20260426,154,5059,10,1,1,5,1,,3,2105.41,25.53,4279.03,0
9176,20260427,111,6214,10,3,2,3,1,,5,2513.24,224.56,850.87,0
9177,20260428,130,5492,17,4,1,2,1,,6,477.63,52.12,1063.7,0
9178,20260429,157,6363,11,2,2,10,1,,6,2232.83,247.19,3511.35,0
9179,20260430,146,5851,15,3,2,11,1,,2,1366.91,62.41,4583.2,0
9180,20260501,124,5659,23,1,1,3,1,,6,2456.58,286.62,2536.29,0
9181,20260201,166,6458,4,4,1,12,1,,2,701.78,119.28,2644.57,0
9182,20260202,111,5606,3,4,1,5,1,,6,2438.71,148.42,2549.6,0
9183,20260203,166,5629,5,4,2,10,1,,4,1844.09,261.32,1892.92,0
9184,20260204,149,5361,2,1,2,2,1,,6,2570.44,22.39,1653.85,0
9185,20260205,132,5118,24,1,1,12,1,,6,1480.94,253.44,4541.53,0
9186,20260206,199,5779,2,2,2,7,1,,2,2649.17,279.47,4074.37,0
9187,20260207,158,6055,20,1,1,4,1,,4,2421.86,72.72,3162.7,0
9188,20260208,155,5455,14,4,1,12,1,,4,1722.91,222.66,577.24,0
9189,20260209,159,6498,9,3,1,9,1,,6,1674.4,39.56,4625.96,0
9190,20260210,180,5971,10,1,1,9,1,,2,985.64,120.89,1705.79,0
9191,20260211,104,5452,12,1,1,9,1,,1,1631.73,289.95,1215.93,0
9192,20260212,116,6291,2,3,1,3,1,,3,2538.25,166.45,1242.98,0
9193,20260213,189,5019,10,3,2,11,1,,5,1450.11,282.94,2095.31,0
9194,20260214,182,5673,20,2,2,12,1,,6,1349.25,78.01,2090.34,0
9195,20260215,200,5343,3,1,2,10,1,,3,1109.02,79.62,2453.0,0
9196,20260216,139,6111,16,1,1,3,1,,5,1197.7,240.91,2269.78,0
9197,20260217,104,6091,23,1,1,10,1,,5,1602.61,245.5,4389.41,0
9198,20260218,123,6426,16,4,1,10,1,,6,2088.27,162.41,4229.68,0
9199,20260219,102,5356,9,2,2,5,1,,2,1057.91,222.34,4369.93,0
9200,20260220,117,5549,7,3,1,5,1,,5,666.31,252.02,4865.87,0
9201,20260221,200,5598,18,3,1,10,1,,6,1352.58,152.86,869.24,0
9202,20260222,147,6212,6,3,1,5,1,,4,934.48,271.9,1090.53,0
9203,20260223,200,5921,15,2,1,7,1,,2,1722.17,108.96,3714.01,0
9204,20260224,109,6376,19,1,1,7,1,,2,1917.01,48.3,2041.69,0
9205,20260225,161,6240,16,4,1,7,1,,2,1222.93,229.72,2370.39,0
9206,20260226,117,6163,16,2,2,9,1,,5,2354.07,165.05,4525.96,0
9207,20260227,142,5743,8,4,1,5,1,,2,493.19,16.66,1238.72,0
9208,20260228,188,6460,20,4,2,3,1,,5,414.16,285.25,2671.26,0
9209,20260301,185,5939,3,1,2,9,1,,3,1703.97,206.56,1240.33,0
9210,20260302,159,6204,23,2,2,7,1,,2,2721.62,107.4,920.06,0
9211,20260303,143,5634,7,3,2,8,1,,1,1870.53,198.46,1531.49,0
9212,20260304,178,5421,21,1,1,3,1,,5,621.02,5.82,3021.39,0
9213,20260305,105,5178,8,1,2,11,1,,2,437.47,58.11,2729.17,0
9214,20260306,185,5558,8,3,2,1,1,,3,2453.65,295.17,3031.45,0
9215,20260307,123,5183,15,4,1,1,1,,4,1077.65,89.87,1087.13,0
9216,20260308,184,5287,16,4,2,4,1,,5,557.66,141.72,1248.39,0
9217,20260309,130,5914,11,1,1,11,1,,6,2653.29,153.05,2526.8,0
9218,20260310,199,5522,17,3,2,10,1,,2,1664.63,149.4,4988.5,0
9219,20260311,120,5769,4,4,2,12,1,,1,2128.71,158.57,2506.33,0
9220,20260312,164,5705,9,1,1,9,1,,3,2194.87,149.65,1251.6,0
9221,20260313,157,6344,9,3,2,12,1,,5,622.95,216.17,2673.5,0
9222,20260314,111,5001,6,4,2,11,1,,2,2569.39,4.48,4135.39,0
9223,20260315,115,6289,12,4,1,12,1,,1,1107.6,44.42,4585.73,1
9224,20260316,176,5205,7,3,1,12,1,,4,1152.55,283.26,2679.26,0
9225,20260317,153,6004,13,4,2,5,1,,2,547.01,181.16,2297.02,0
9226,20260318,151,5584,12,1,2,1,1,,4,871.7,293.82,4918.08,0
9227,20260319,140,5550,24,2,1,1,1,,2,2013.64,176.61,668.71,0
9228,20260320,181,5185,13,4,2,5,1,,2,1313.59,26.86,1513.52,0
9229,20260321,126,6070,11,2,2,1,1,,4,1648.92,166.5,3027.25,0
9230,20260322,184,5427,23,1,1,6,1,,2,2342.46,76.05,1327.68,0
9231,20260323,135,5901,2,2,1,11,1,,4,2367.05,134.58,1078.15,0
9232,20260324,126,6117,23,2,2,12,1,,5,1594.6,135.38,949.35,0
9233,20260325,103,6225,20,2,1,1,1,,5,1844.82,171.69,2784.79,0
9234,20260326,194,5332,21,3,1,8,1,,6,1076.14,31.41,2163.82,0
9235,20260327,174,5347,12,2,2,7,1,,1,1200.58,217.54,4586.44,0
9236,20260328,113,5194,19,3,1,4,1,,6,1388.83,71.33,3897.85,0
9237,20260329,141,5495,10,2,2,6,1,,5,2242.48,44.52,2106.74,0
9238,20260330,132,6461,13,3,2,11,1,,3,2341.48,59.47,1014.83,0
9239,20260331,135,5765,20,2,1,12,1,,6,539.54,291.44,4399.28,0
9240,20260401,162,5127,17,2,2,11,1,,3,414.39,74.1,938.54,0
9241,20260402,104,6275,17,3,1,11,1,,3,2782.24,207.13,4749.59,0
9242,20260403,125,5108,24,2,2,1,1,,6,1415.77,210.67,894.1,0
9243,20260404,169,5241,5,1,2,1,1,,4,1331.96,148.44,3663.88,0
9244,20260405,173,5065,10,1,2,9,1,,2,1132.71,58.21,4853.91,0
9245,20260406,116,5825,1,4,1,1,1,,2,1267.27,244.05,4623.28,0
9246,20260407,196,6471,13,2,2,1,1,,4,2663.17,263.36,3824.05,0
9247,20260408,181,5475,10,4,2,2,1,,1,1574.29,276.98,4269.15,0
9248,20260409,130,6076,15,4,2,10,1,,5,2696.43,282.69,2529.31,0
9249,20260410,153,5621,10,2,1,2,1,,6,798.62,82.74,3535.54,0
9250,20260411,149,5037,18,1,1,8,1,,5,938.7,140.99,1260.9,0
9251,20260412,137,5252,10,1,1,12,1,,1,2261.04,44.22,576.5,1
9252,20260413,169,5657,7,4,1,12,1,,6,971.9,1.44,4124.03,0
9253,20260414,124,5026,14,4,1,4,1,,6,1714.79,39.51,2541.07,0
9254,20260415,114,5522,14,4,2,7,1,,4,591.83,170.32,1602.74,0
9255,20260416,151,5630,18,4,2,12,1,,2,1615.38,253.26,3050.92,0
9256,20260417,149,5754,16,4,1,11,1,,2,1055.75,28.52,1072.6,0
9257,20260418,140,5837,19,1,1,6,1,,5,1987.57,230.15,893.45,0
9258,20260419,155,5620,1,1,2,5,1,,5,1807.94,275.63,3648.9,0
9259,20260420,115,6456,8,1,1,9,1,,4,2055.49,152.7,1517.61,0
9260,20260421,126,5330,21,1,2,11,1,,6,1453.34,274.68,1883.74,0
9261,20260422,198,6414,16,1,1,2,1,,2,1626.49,230.24,4110.15,0
9262,20260423,188,5510,24,2,1,5,1,,4,2160.25,255.8,4985.2,0
9263,20260424,124,6422,17,3,1,12,1,,5,1424.73,253.55,1334.13,0
9264,20260425,119,5343,3,4,1,11,1,,3,2705.05,14.46,4766.66,0
9265,20260426,159,6497,18,1,2,8,1,,5,1943.93,177.48,790.07,0
9266,20260427,200,5774,9,2,2,10,1,,4,523.87,221.65,1561.54,0
9267,20260428,154,6053,13,4,2,10,1,,1,663.76,154.86,3635.41,0
9268,20260429,189,5217,18,1,2,8,1,,4,2422.14,40.64,889.71,0
9269,20260430,198,5930,22,1,1,12,1,,5,1259.11,122.71,2285.88,0
9270,20260501,125,5412,1,4,2,8,1,,2,1886.56,219.32,4563.69,0
9271,20260201,133,5975,24,3,2,7,1,,5,2011.67,264.64,4332.03,0
9272,20260202,134,5323,15,4,1,9,1,,3,1962.35,23.36,2898.76,0
9273,20260203,160,5997,2,1,1,9,1,,3,1709.1,107.29,1820.74,0
9274,20260204,181,6058,23,1,1,6,1,,4,1450.72,127.31,832.71,0
9275,20260205,154,5583,2,3,2,4,1,,3,829.4,208.27,2116.99,0
9276,20260206,125,6097,13,1,1,8,1,,2,692.08,271.12,732.17,0
9277,20260207,200,5072,24,2,1,7,1,,5,583.06,64.9,3214.71,0
9278,20260208,117,5513,17,4,1,11,1,,2,2231.75,64.44,2945.37,0
9279,20260209,163,6416,5,3,1,12,1,,1,2292.92,89.52,1588.01,0
9280,20260210,133,5013,11,1,2,10,1,,1,638.54,237.25,713.68,0
9281,20260211,170,5147,21,1,1,8,1,,5,2743.18,204.55,3389.82,0
9282,20260212,120,5576,21,1,2,5,1,,2,2655.81,199.24,2363.2,0
9283,20260213,141,5518,18,3,1,1,1,,1,402.56,37.88,3883.5,0
9284,20260214,197,5234,8,2,2,1,1,,4,1613.66,79.32,1306.8,0
9285,20260215,187,5814,8,2,2,6,1,,5,850.22,279.65,2808.51,0
9286,20260216,142,5747,22,2,2,11,1,,3,2536.9,268.12,2927.54,0
9287,20260217,158,6294,23,4,1,3,1,,2,1651.99,131.18,4364.79,0
9288,20260218,123,6170,15,3,1,3,1,,3,1145.95,259.31,3746.59,0
9289,20260219,145,5425,24,4,2,8,1,,3,926.91,285.82,1123.14,0
9290,20260220,116,5016,5,4,1,12,1,,3,1722.38,18.93,2483.75,0
9291,20260221,189,6213,2,2,2,8,1,,3,1381.65,253.75,3323.18,0
9292,20260222,101,6433,16,4,1,3,1,,1,1030.47,272.33,1667.03,0
9293,20260223,147,5647,2,1,2,12,1,,5,1922.97,42.07,4103.69,0
9294,20260224,185,5915,20,2,1,9,1,,3,2727.87,199.77,2484.02,0
9295,20260225,137,5386,3,4,1,7,1,,4,2298.96,59.14,2239.9,0
9296,20260226,155,5035,22,4,2,9,1,,6,2191.08,172.47,3740.15,0
9297,20260227,117,6059,13,2,1,9,1,,2,1172.55,248.75,4807.81,0
9298,20260228,183,6271,2,1,2,5,1,,2,552.17,245.92,3426.73,0
9299,20260301,189,5016,9,1,2,10,1,,2,798.93,49.28,715.12,0
9300,20260302,185,5893,14,4,1,7,1,,3,507.79,112.89,2223.99,0
9301,20260303,160,6080,18,4,2,4,1,,5,426.3,61.21,967.48,0
9302,20260304,199,5966,12,4,1,8,1,,4,1329.57,132.13,2083.85,0
9303,20260305,131,5226,7,1,1,10,1,,4,1624.94,285.97,1185.57,0
9304,20260306,155,5542,17,2,2,2,1,,6,673.38,61.41,2108.46,0
9305,20260307,135,5472,10,1,2,5,1,,6,2015.47,120.63,4968.06,0
9306,20260308,124,5665,12,1,1,8,1,,6,1612.05,179.17,2646.86,0
9307,20260309,187,5306,18,4,1,7,1,,1,1273.5,231.47,508.25,0
9308,20260310,126,5725,7,3,1,10,1,,5,1186.02,96.98,775.05,0
9309,20260311,104,6161,14,2,1,9,1,,1,2274.83,9.51,2891.96,0
9310,20260312,182,5828,8,2,1,7,1,,4,2314.33,104.02,1512.42,0
9311,20260313,158,5447,11,1,1,1,1,,2,1646.41,3.35,928.24,0
9312,20260314,177,5687,17,4,1,1,1,,1,1845.8,247.63,3467.48,0
9313,20260315,116,6144,20,2,1,5,1,,5,812.7,51.86,1832.79,0
9314,20260316,111,5714,21,3,1,6,1,,1,1209.77,189.86,4895.14,0
9315,20260317,147,5582,18,3,2,12,1,,1,613.3,291.46,4637.0,0
9316,20260318,182,6247,1,2,1,4,1,,5,1415.43,118.89,4584.32,0
9317,20260319,182,6323,4,2,2,12,1,,5,1599.34,96.16,3832.27,0
9318,20260320,187,5205,5,1,2,3,1,,3,440.47,249.33,2740.28,0
9319,20260321,149,5216,20,1,2,5,1,,3,961.42,191.6,1408.27,0
9320,20260322,178,5103,2,1,2,3,1,,5,1838.76,217.55,873.76,0
9321,20260323,194,5464,20,1,2,2,1,,1,1948.39,84.34,4346.38,0
9322,20260324,107,5800,8,2,1,5,1,,4,2350.12,149.08,588.09,0
9323,20260325,193,6255,4,4,2,7,1,,1,2467.2,215.72,3935.45,0
9324,20260326,141,6151,23,3,1,1,1,,5,1893.22,261.76,4166.59,0
9325,20260327,133,5802,8,1,2,6,1,,2,2362.29,206.7,3768.73,0
9326,20260328,117,5215,20,1,1,7,1,,1,2119.77,280.16,1709.04,1
9327,20260329,166,5607,9,1,1,7,1,,2,789.8,232.76,2381.79,0
9328,20260330,130,5980,21,4,1,5,1,,3,2732.84,116.88,1235.23,0
9329,20260331,156,5419,12,2,2,3,1,,6,2398.14,246.18,2556.67,0
9330,20260401,159,5537,17,1,2,7,1,,4,1390.85,229.97,4862.97,0
9331,20260402,199,6160,14,3,2,6,1,,6,2155.78,275.93,3079.39,0
9332,20260403,182,6282,11,3,2,10,1,,3,2171.56,20.8,4996.35,0
9333,20260404,139,5341,10,2,1,8,1,,2,1727.72,159.39,4702.18,0
9334,20260405,161,5859,3,1,1,11,1,,3,1895.1,251.01,4249.89,0
9335,20260406,161,5086,14,1,2,11,1,,1,2701.2,26.91,3264.84,0
9336,20260407,120,6045,12,1,1,1,1,,5,780.38,275.1,3616.55,0
9337,20260408,186,5825,10,4,1,3,1,,5,2560.88,204.12,1383.12,0
9338,20260409,167,5739,16,4,1,12,1,,1,1231.53,226.41,536.18,0
9339,20260410,132,6272,7,1,2,10,1,,4,1527.38,246.04,1840.64,1
9340,20260411,154,5553,21,2,1,8,1,,4,836.88,14.07,2601.22,0
9341,20260412,166,5098,6,2,2,12,1,,2,1759.72,13.76,4001.81,0
9342,20260413,198,6096,24,3,1,8,1,,4,1142.34,213.81,2255.53,0
9343,20260414,127,5053,10,3,1,1,1,,6,1269.92,264.7,1475.94,0
9344,20260415,171,5636,20,4,1,1,1,,3,2499.14,89.79,2119.02,0
9345,20260416,168,6051,14,1,2,6,1,,1,1580.03,152.97,1680.67,0
9346,20260417,175,6172,12,1,1,9,1,,1,1094.5,219.47,3971.92,1
9347,20260418,168,6350,7,3,1,3,1,,4,2245.34,46.33,2884.31,0
9348,20260419,162,6172,2,3,2,4,1,,1,2183.62,274.26,2514.39,0
9349,20260420,157,5999,18,1,1,9,1,,6,1720.96,73.45,2171.49,0
9350,20260421,144,5553,4,1,1,4,1,,1,1390.86,175.54,4973.66,0
9351,20260422,120,5158,24,2,1,4,1,,5,2557.27,120.62,880.55,0
9352,20260423,117,6293,9,2,1,10,1,,3,2704.75,282.63,3367.76,0
9353,20260424,120,6072,23,3,1,7,1,,3,1193.78,70.14,1875.62,0
9354,20260425,147,5333,10,4,2,2,1,,5,1514.13,100.03,2506.21,0
9355,20260426,169,6114,6,3,1,4,1,,2,885.07,236.55,4075.35,0
9356,20260427,179,5713,4,2,1,12,1,,3,1046.86,241.7,4796.31,0
9357,20260428,168,5903,18,4,1,9,1,,4,1147.58,249.87,2695.92,0
9358,20260429,134,5122,20,1,2,2,1,,3,919.5,252.87,2208.58,1
9359,20260430,181,5508,3,1,1,4,1,,2,1934.62,21.26,1047.66,0
9360,20260501,143,5032,17,2,2,11,1,,6,2487.42,125.88,904.24,0
9361,20260201,113,5609,3,4,1,6,1,,3,2321.25,290.78,4060.85,0
9362,20260202,145,5992,17,3,1,5,1,,3,2352.75,230.44,3784.64,0
9363,20260203,159,5587,16,2,2,6,1,,5,2589.12,158.67,3387.34,0
9364,20260204,164,5791,16,1,2,4,1,,3,2523.61,80.05,2566.8,0
9365,20260205,171,5916,8,2,1,2,1,,5,1456.26,103.57,2518.7,0
9366,20260206,148,5511,2,3,2,4,1,,4,2393.42,250.99,1717.94,0
9367,20260207,186,6019,4,2,1,5,1,,2,2636.39,123.5,1178.99,0
9368,20260208,153,5174,19,2,1,11,1,,6,2603.49,190.22,4469.56,1
9369,20260209,130,5078,15,3,1,5,1,,4,1200.5,217.1,4013.39,0
9370,20260210,182,5899,10,1,2,2,1,,4,1139.1,97.34,939.21,0
9371,20260211,183,6353,24,1,2,10,1,,3,2225.66,255.93,823.45,0
9372,20260212,171,5761,16,1,2,6,1,,1,1363.57,75.69,4383.03,0
9373,20260213,169,5669,18,3,2,4,1,,5,1509.19,251.83,1203.9,0
9374,20260214,111,6468,1,4,2,9,1,,3,2785.2,288.94,1895.3,0
9375,20260215,122,5091,17,3,1,4,1,,5,2081.53,196.23,3803.72,0
9376,20260216,114,6241,1,3,2,8,1,,1,1626.61,209.64,1519.84,0
9377,20260217,167,5735,24,4,1,7,1,,2,941.23,191.63,1703.59,0
9378,20260218,146,5182,8,3,1,2,1,,4,1057.92,199.98,2579.7,0
9379,20260219,127,6307,23,4,2,2,1,,2,1170.28,222.64,4154.38,0
9380,20260220,197,5551,4,3,1,9,1,,1,2031.0,119.62,2986.43,0
9381,20260221,189,5970,7,4,2,6,1,,1,1481.24,62.46,3018.04,0
9382,20260222,146,6428,5,3,1,11,1,,4,2358.43,205.76,548.17,0
9383,20260223,136,5778,11,4,1,11,1,,4,939.78,255.11,3367.29,0
9384,20260224,159,6300,22,1,2,8,1,,5,1941.44,53.47,3539.83,0
9385,20260225,101,5801,1,1,1,1,1,,5,2504.37,151.65,3105.17,0
9386,20260226,127,5767,11,2,1,6,1,,5,1562.7,164.34,2850.42,0
9387,20260227,164,5031,24,2,1,2,1,,2,2534.41,282.44,4090.22,0
9388,20260228,153,5638,4,4,1,11,1,,4,1315.76,196.75,1705.03,0
9389,20260301,173,5640,17,2,1,8,1,,3,613.2,175.13,4259.84,0
9390,20260302,189,5605,22,3,2,12,1,,2,750.51,152.96,2622.05,0
9391,20260303,127,5527,16,4,1,10,1,,4,633.29,270.22,3918.16,0
9392,20260304,157,5245,24,2,2,1,1,,5,866.01,155.17,1071.88,0
9393,20260305,156,5877,24,2,1,12,1,,3,574.04,274.94,2170.18,0
9394,20260306,161,5406,17,4,1,6,1,,4,559.51,286.25,1242.12,0
9395,20260307,159,6404,11,4,1,7,1,,5,2775.29,61.95,3995.35,0
9396,20260308,129,6498,8,1,1,5,1,,4,2148.53,293.92,4267.6,0
9397,20260309,164,6499,7,4,1,1,1,,6,2517.51,91.37,3405.34,0
9398,20260310,166,5571,18,3,1,6,1,,6,1861.35,178.29,4058.71,0
9399,20260311,114,5431,5,2,1,3,1,,3,1765.95,82.18,4678.34,0
9400,20260312,122,6195,19,1,1,3,1,,3,913.0,32.36,1753.97,0
9401,20260313,167,6371,1,3,1,6,1,,5,1822.28,230.91,3810.33,0
9402,20260314,158,5987,17,2,2,1,1,,3,2448.99,122.76,2384.36,0
9403,20260315,108,5587,14,2,1,12,1,,5,826.67,50.57,2371.02,0
9404,20260316,105,6123,13,4,1,12,1,,1,1257.71,192.17,941.19,0
9405,20260317,157,5906,14,4,2,7,1,,4,805.28,207.98,4651.98,0
9406,20260318,125,5689,14,4,1,10,1,,3,1055.32,114.8,2712.98,0
9407,20260319,175,5758,12,1,1,5,1,,4,1893.94,260.08,2339.28,0
9408,20260320,147,5919,17,4,2,2,1,,6,1302.2,166.88,3060.43,0
9409,20260321,172,6255,22,1,1,9,1,,1,407.66,134.89,982.59,0
9410,20260322,181,5813,22,2,1,6,1,,4,2375.41,96.37,2964.03,0
9411,20260323,171,5042,6,2,2,4,1,,3,1535.27,31.78,4892.62,0
9412,20260324,185,5234,24,1,1,7,1,,2,591.2,147.77,2446.74,0
9413,20260325,150,5011,4,2,2,8,1,,5,1062.11,37.27,4343.9,0
9414,20260326,103,6487,18,4,1,2,1,,3,1277.34,259.09,4405.0,0
9415,20260327,147,6143,1,3,2,10,1,,3,2391.77,141.96,1979.74,0
9416,20260328,148,5652,6,4,2,7,1,,4,1010.96,20.47,4426.3,0
9417,20260329,146,5938,1,1,1,8,1,,5,1745.92,83.83,3361.95,0
9418,20260330,160,5545,22,2,1,9,1,,6,473.35,212.19,4035.77,0
9419,20260331,176,5677,13,2,2,5,1,,6,1195.94,45.09,1207.69,0
9420,20260401,112,6011,22,3,1,6,1,,1,1963.0,120.83,4422.25,0
9421,20260402,113,6001,12,4,1,2,1,,6,893.89,221.25,1403.43,0
9422,20260403,185,6188,13,2,1,11,1,,5,2626.8,113.87,737.1,0
9423,20260404,178,5473,5,4,1,8,1,,6,1924.72,235.26,1777.67,0
9424,20260405,193,5301,4,3,2,5,1,,4,1651.18,127.73,2877.13,0
9425,20260406,195,5823,22,3,2,3,1,,1,1689.81,53.52,2519.43,0
9426,20260407,156,6178,9,2,1,8,1,,1,427.48,15.62,4057.8,0
9427,20260408,168,6159,9,4,2,8,1,,5,1351.93,18.9,4388.23,0
9428,20260409,184,5050,17,1,2,4,1,,4,489.88,2.01,3736.92,0
9429,20260410,117,6125,14,4,1,5,1,,3,408.97,232.84,4297.78,0
9430,20260411,186,6229,19,4,2,8,1,,1,1440.36,296.57,3020.4,0
9431,20260412,113,5776,17,4,1,1,1,,3,909.97,191.62,2813.46,0
9432,20260413,112,6352,11,1,2,2,1,,1,1693.32,164.5,4779.37,1
9433,20260414,197,5658,5,3,2,6,1,,6,2579.96,126.98,661.06,0
9434,20260415,171,6379,6,2,2,5,1,,6,2439.44,159.06,713.59,0
9435,20260416,192,5525,17,4,1,5,1,,1,1156.01,261.64,2550.44,0
9436,20260417,109,5953,20,3,2,6,1,,6,889.73,176.77,1673.25,0
9437,20260418,126,5588,7,1,2,3,1,,1,2376.41,193.11,2138.47,0
9438,20260419,166,5103,21,2,1,6,1,,1,2259.14,284.56,4415.24,0
9439,20260420,122,6096,3,4,2,12,1,,6,2412.51,222.39,2502.19,0
9440,20260421,149,5817,9,1,1,1,1,,1,721.64,69.98,1691.4,0
9441,20260422,180,5339,2,4,1,2,1,,1,1621.72,208.3,4347.14,0
9442,20260423,195,6092,20,1,2,4,1,,4,1583.89,286.99,3665.44,0
9443,20260424,141,5133,20,4,2,3,1,,5,1106.68,99.36,4645.15,0
9444,20260425,149,5562,23,4,2,7,1,,5,1860.82,293.97,4389.97,0
9445,20260426,174,5120,7,2,1,12,1,,5,1116.94,34.5,1962.59,0
9446,20260427,102,5039,1,1,2,12,1,,6,1764.81,208.32,3184.83,0
9447,20260428,127,6387,12,3,1,10,1,,5,1771.29,52.51,688.71,0
9448,20260429,177,6142,19,2,2,6,1,,5,1185.98,50.5,2191.26,0
9449,20260430,123,5834,23,3,1,8,1,,6,1487.28,254.95,4978.05,0
9450,20260501,159,6424,18,2,2,12,1,,1,867.94,158.67,1131.22,0
9451,20260201,151,5275,24,1,2,9,1,,5,2631.96,181.42,1429.65,0
9452,20260202,196,5154,9,3,2,12,1,,6,2727.1,295.93,1902.74,0
9453,20260203,150,6229,22,2,1,6,1,,6,1527.55,113.58,1773.79,0
9454,20260204,137,6250,1,2,2,11,1,,2,2273.89,38.0,683.23,0
9455,20260205,175,5072,19,1,1,6,1,,6,964.47,110.16,1621.65,0
9456,20260206,140,6133,10,4,1,3,1,,3,1124.29,290.91,2673.6,0
9457,20260207,164,6287,6,4,2,7,1,,3,2724.56,109.49,3817.87,0
9458,20260208,102,5736,23,2,2,4,1,,1,1119.18,88.52,3436.23,0
9459,20260209,139,5308,9,4,2,6,1,,2,778.69,68.34,1797.25,0
9460,20260210,106,5724,8,2,1,11,1,,5,1298.38,294.8,4053.48,0
9461,20260211,169,5380,21,4,1,6,1,,6,1754.89,235.53,2895.37,0
9462,20260212,186,5389,18,3,1,2,1,,3,1849.16,137.03,3525.97,0
9463,20260213,180,5684,16,4,2,7,1,,1,2674.87,230.93,3990.1,0
9464,20260214,137,5104,3,1,2,4,1,,2,2221.65,95.27,4985.05,0
9465,20260215,168,6053,1,2,2,3,1,,1,1581.15,166.42,4305.34,0
9466,20260216,172,5638,10,1,2,12,1,,1,1278.61,167.33,3916.38,1
9467,20260217,172,5801,24,1,2,5,1,,5,1196.62,56.2,2794.46,0
9468,20260218,159,5752,11,3,1,3,1,,6,1699.73,255.0,1267.64,0
9469,20260219,163,5379,21,1,1,8,1,,2,1590.17,110.02,2072.41,0
9470,20260220,118,5768,17,2,2,3,1,,3,1769.86,54.86,1531.86,0
9471,20260221,158,5601,4,1,1,3,1,,1,993.59,95.48,4681.48,0
9472,20260222,114,5821,16,2,2,5,1,,6,2368.84,148.79,4430.49,0
9473,20260223,123,6289,21,2,1,3,1,,1,1196.94,233.51,1875.35,1
9474,20260224,132,6089,20,2,2,11,1,,4,1195.98,81.33,1426.97,0
9475,20260225,136,5007,5,4,1,7,1,,6,703.95,218.09,3202.52,0
9476,20260226,119,5337,15,3,1,6,1,,5,1895.77,218.74,3414.14,0
9477,20260227,146,5307,7,1,2,6,1,,6,1972.84,235.67,3629.53,0
9478,20260228,121,5614,13,4,1,8,1,,1,489.26,244.29,4568.2,0
9479,20260301,152,5558,3,2,2,10,1,,3,1332.6,161.65,3586.12,0
9480,20260302,110,6221,3,1,1,3,1,,5,585.67,134.92,4146.23,0
9481,20260303,119,5878,20,3,1,2,1,,1,1484.92,40.89,4153.5,0
9482,20260304,184,5868,13,1,1,9,1,,1,1763.34,36.7,4318.46,0
9483,20260305,164,5217,17,4,1,9,1,,1,954.46,242.76,4125.47,0
9484,20260306,129,6456,9,4,1,2,1,,5,503.25,211.62,3862.81,0
9485,20260307,187,6010,21,1,2,2,1,,5,1150.41,9.98,4714.24,0
9486,20260308,161,5236,9,1,2,12,1,,2,840.81,210.2,632.68,0
9487,20260309,161,6391,8,3,2,9,1,,2,2495.53,23.12,4158.38,0
9488,20260310,156,5308,3,2,1,7,1,,5,1118.26,75.55,4881.24,0
9489,20260311,131,5847,11,1,1,10,1,,1,896.49,292.56,2979.4,0
9490,20260312,102,6237,2,1,2,7,1,,4,1440.47,268.09,3385.97,0
9491,20260313,172,5750,13,2,2,6,1,,3,1207.93,155.27,4115.97,0
9492,20260314,112,6397,2,1,2,3,1,,5,2733.73,108.79,1919.94,0
9493,20260315,147,5194,8,4,2,3,1,,4,1177.84,75.92,2096.66,0
9494,20260316,111,5579,8,1,1,4,1,,6,2480.72,104.71,4269.69,0
9495,20260317,173,5319,16,3,2,11,1,,6,1414.28,200.36,2341.91,0
9496,20260318,190,5975,18,3,2,6,1,,4,2422.85,1.73,2770.22,0
9497,20260319,171,6260,4,4,2,4,1,,5,420.05,181.23,1738.31,0
9498,20260320,166,5259,4,3,2,11,1,,5,2240.15,196.64,2315.64,0
9499,20260321,200,5685,20,4,1,2,1,,5,2734.01,146.79,1015.75,0
9500,20260322,168,5969,20,2,1,6,1,,1,1812.46,289.56,588.57,0
9501,20260323,173,5760,17,4,1,6,1,,6,439.95,294.98,2769.79,0
9502,20260324,139,6357,15,1,1,3,1,,3,675.43,143.14,1478.45,0
9503,20260325,106,6198,4,3,2,10,1,,1,2254.87,158.25,4583.38,0
9504,20260326,196,5125,9,1,1,1,1,,5,1515.86,200.42,3498.18,0
9505,20260327,122,6204,7,4,1,6,1,,5,1118.41,243.27,644.34,0
9506,20260328,138,5036,24,2,1,8,1,,2,2737.84,248.26,2223.98,0
9507,20260329,172,6483,1,2,2,3,1,,2,1686.48,110.63,3979.25,0
9508,20260330,189,5676,13,4,2,5,1,,6,1672.97,224.9,768.04,0
9509,20260331,189,6345,13,2,2,10,1,,3,1644.38,3.61,3388.45,0
9510,20260401,133,6128,22,1,2,9,1,,3,1723.7,210.07,781.37,0
9511,20260402,154,5711,21,1,1,7,1,,6,870.77,224.64,1406.86,0
9512,20260403,173,5951,8,2,1,11,1,,6,1990.46,120.63,3279.29,0
9513,20260404,180,5989,16,4,1,5,1,,2,1239.73,264.63,3442.43,0
9514,20260405,173,6205,11,2,1,4,1,,1,1401.31,182.14,2141.83,0
9515,20260406,179,5608,23,3,2,5,1,,6,2645.0,93.74,4913.67,0
9516,20260407,168,6007,7,4,2,2,1,,3,2472.97,153.91,4101.35,0
9517,20260408,131,5598,11,2,1,3,1,,6,2480.39,73.68,4446.28,0
9518,20260409,120,5113,6,3,2,4,1,,2,1601.42,71.37,2811.15,0
9519,20260410,124,6132,21,4,1,6,1,,2,1974.75,76.8,975.33,0
9520,20260411,131,5902,3,4,2,6,1,,5,1576.53,102.99,2225.23,0
9521,20260412,123,6139,11,4,2,4,1,,2,628.68,33.13,1758.74,0
9522,20260413,169,6214,13,1,1,6,1,,2,2131.2,260.93,4238.86,0
9523,20260414,163,5582,23,2,1,10,1,,5,1801.89,169.62,2903.26,0
9524,20260415,105,6266,1,4,2,1,1,,3,2260.57,218.34,935.8,0
9525,20260416,196,6163,19,4,1,5,1,,4,706.17,160.21,1983.71,0
9526,20260417,132,5437,13,2,1,2,1,,6,2745.63,296.83,3792.78,0
9527,20260418,153,5016,14,3,1,7,1,,4,1624.38,24.42,3742.49,0
9528,20260419,144,6489,24,4,2,4,1,,1,2702.2,170.39,2481.49,0
9529,20260420,176,5349,24,1,1,2,1,,6,1377.15,152.4,2597.26,0
9530,20260421,147,5495,12,1,2,9,1,,4,914.19,101.57,2909.54,0
9531,20260422,198,5933,15,2,2,8,1,,5,1227.48,13.2,1942.65,0
9532,20260423,145,6051,18,1,2,4,1,,2,789.88,100.1,2063.6,0
9533,20260424,162,6361,10,4,2,10,1,,4,2538.47,91.78,1304.87,1
9534,20260425,106,5329,10,3,2,11,1,,5,1869.59,51.41,1492.78,0
9535,20260426,163,5070,23,2,2,1,1,,2,2703.52,293.44,4888.26,0
9536,20260427,166,5990,19,4,2,10,1,,2,2568.83,157.29,3643.82,0
9537,20260428,188,5800,18,4,2,11,1,,1,1010.4,172.35,4478.72,0
9538,20260429,175,5808,18,1,1,6,1,,6,1954.48,166.95,1968.21,0
9539,20260430,101,5145,21,1,2,11,1,,2,1264.43,55.4,1751.94,0
9540,20260501,141,5150,16,3,1,2,1,,5,642.87,142.37,3104.73,0
9541,20260201,119,5221,10,4,1,1,1,,5,1594.73,102.94,3343.19,0
9542,20260202,178,5210,15,4,2,7,1,,3,2589.65,11.31,2499.51,0
9543,20260203,104,5429,6,2,2,9,1,,6,1288.61,248.8,4529.97,0
9544,20260204,120,6461,18,2,2,11,1,,5,1566.02,42.29,2018.11,0
9545,20260205,168,5723,12,1,2,9,1,,4,1717.37,87.17,3273.49,0
9546,20260206,159,6443,11,1,2,3,1,,6,659.88,207.71,4580.48,0
9547,20260207,110,5934,16,4,2,10,1,,4,1577.62,275.78,1980.18,0
9548,20260208,131,5067,22,1,2,2,1,,6,1493.91,160.94,3243.49,0
9549,20260209,136,5627,9,3,1,11,1,,6,1555.82,282.91,1488.18,0
9550,20260210,126,5800,24,4,1,4,1,,5,582.38,99.74,4012.14,0
9551,20260211,127,6454,2,1,1,2,1,,2,1071.29,165.87,4458.18,0
9552,20260212,124,5268,16,3,1,6,1,,2,1121.97,35.15,1524.64,0
9553,20260213,168,5555,1,1,1,5,1,,6,1742.78,3.04,1874.17,0
9554,20260214,168,6025,2,1,1,8,1,,4,957.63,291.13,3334.28,0
9555,20260215,151,5354,18,2,2,1,1,,6,1866.07,183.99,4841.94,0
9556,20260216,139,5281,9,1,2,6,1,,2,2709.56,281.92,4480.63,0
9557,20260217,173,6205,22,1,2,4,1,,1,2269.78,80.83,639.06,0
9558,20260218,125,6070,23,4,2,8,1,,3,1780.71,26.18,2272.36,0
9559,20260219,149,5225,9,1,1,6,1,,3,1959.24,7.5,4169.59,0
9560,20260220,152,5057,1,3,1,3,1,,3,1738.04,279.16,4986.27,0
9561,20260221,161,5608,18,4,2,2,1,,2,574.92,125.34,4565.37,0
9562,20260222,168,5432,12,4,2,4,1,,5,2487.46,269.23,4813.37,0
9563,20260223,127,6288,9,1,1,11,1,,4,525.12,188.9,1816.3,0
9564,20260224,162,5435,1,4,1,2,1,,1,2692.98,98.32,3649.81,0
9565,20260225,119,6378,20,4,2,8,1,,6,925.29,134.29,4894.8,0
9566,20260226,187,5401,10,1,2,12,1,,6,773.38,267.41,540.84,0
9567,20260227,106,5522,24,4,2,8,1,,5,1055.78,117.73,3859.66,0
9568,20260228,149,5295,15,1,1,2,1,,2,2083.48,14.22,1532.04,1
9569,20260301,194,5375,13,3,1,8,1,,2,2777.28,67.84,3043.4,0
9570,20260302,158,6095,12,1,1,8,1,,3,833.44,73.21,2171.93,0
9571,20260303,197,6343,9,2,1,9,1,,4,1512.9,98.33,1027.93,0
9572,20260304,131,5401,21,3,2,4,1,,6,1432.55,207.08,4858.3,0
9573,20260305,197,5666,8,2,2,7,1,,2,1917.85,96.22,3573.06,0
9574,20260306,145,5159,9,2,1,8,1,,1,1061.77,150.9,2165.13,0
9575,20260307,125,5212,24,2,2,4,1,,6,2614.72,114.19,4387.19,0
9576,20260308,110,5399,12,3,2,8,1,,4,1981.6,96.06,4784.24,0
9577,20260309,181,6217,15,3,1,1,1,,1,672.89,160.96,3072.15,0
9578,20260310,104,5742,6,3,1,12,1,,1,1683.57,30.35,2469.67,1
9579,20260311,109,6402,2,4,2,10,1,,5,2628.86,168.16,2749.79,0
9580,20260312,144,5835,8,3,2,11,1,,6,2430.59,133.51,3823.28,0
9581,20260313,171,5491,2,1,1,1,1,,4,915.76,167.35,4589.5,0
9582,20260314,114,5879,2,2,1,3,1,,4,2272.74,199.86,3647.44,0
9583,20260315,112,5969,18,2,2,8,1,,1,2419.62,228.05,3628.03,0
9584,20260316,185,5163,23,2,1,6,1,,6,1158.75,45.69,1421.01,0
9585,20260317,187,6118,7,1,1,4,1,,5,2533.6,64.41,1787.25,0
9586,20260318,119,5354,14,3,1,5,1,,1,2351.67,227.13,974.43,0
9587,20260319,162,5572,6,3,1,5,1,,6,1028.68,144.07,2971.14,0
9588,20260320,199,5456,7,4,2,1,1,,4,1423.07,220.21,3782.94,1
9589,20260321,103,6397,20,3,2,1,1,,3,728.18,245.69,4841.03,0
9590,20260322,140,5021,18,3,2,8,1,,6,661.14,11.09,2500.98,0
9591,20260323,195,6015,18,4,2,11,1,,4,1708.32,298.52,1042.55,0
9592,20260324,136,6269,2,2,2,9,1,,2,2182.26,276.15,2461.86,0
9593,20260325,149,5681,7,4,2,7,1,,2,519.17,49.31,2940.03,1
9594,20260326,117,5954,12,4,1,2,1,,5,2477.56,202.52,3282.47,0
9595,20260327,198,5407,3,2,1,9,1,,4,2212.59,134.73,1207.99,0
9596,20260328,163,5581,13,2,1,3,1,,2,1185.53,90.39,4559.8,0
9597,20260329,184,5506,20,4,1,11,1,,5,2070.02,113.77,3043.45,0
9598,20260330,177,5988,13,4,1,4,1,,1,836.75,86.41,914.34,0
9599,20260331,198,6427,20,3,2,10,1,,4,1499.98,176.34,2904.89,1
9600,20260401,140,5927,4,4,2,6,1,,6,1329.38,199.34,3937.4,0
9601,20260402,147,6308,14,3,1,12,1,,1,1825.86,152.05,3199.99,1
9602,20260403,107,6127,3,3,2,1,1,,6,1310.56,88.05,4170.09,0
9603,20260404,128,6353,24,3,2,11,1,,2,1426.28,280.93,1767.86,0
9604,20260405,183,5098,18,3,2,6,1,,1,1117.67,226.31,2149.09,0
9605,20260406,118,6310,22,2,1,7,1,,1,2165.7,97.36,4281.69,0
9606,20260407,106,5665,5,4,2,2,1,,4,1819.21,137.46,3804.9,0
9607,20260408,110,6221,16,4,2,12,1,,6,2212.92,36.52,2969.27,0
9608,20260409,120,5543,16,3,2,1,1,,3,2010.13,5.37,1195.62,0
9609,20260410,106,5812,11,1,2,8,1,,2,2332.59,53.92,3410.92,0
9610,20260411,115,6275,1,3,1,7,1,,2,1437.82,177.85,2250.0,0
9611,20260412,172,5667,24,4,1,6,1,,6,907.3,46.19,2360.29,0
9612,20260413,151,5758,10,1,1,2,1,,6,659.08,14.75,4789.32,0
9613,20260414,169,5258,22,1,1,8,1,,4,1056.1,198.81,4227.18,0
9614,20260415,176,6215,14,1,2,8,1,,3,734.38,139.32,3629.53,0
9615,20260416,103,5985,21,1,1,10,1,,4,1978.39,50.11,2947.3,0
9616,20260417,170,5976,4,2,1,11,1,,2,2752.29,154.14,2090.97,0
9617,20260418,120,6335,17,1,1,6,1,,4,1524.5,20.57,2836.72,0
9618,20260419,119,6326,19,3,1,1,1,,3,489.5,81.41,1416.81,0
9619,20260420,109,5965,7,1,1,9,1,,4,2134.48,203.25,2675.24,0
9620,20260421,160,6183,16,1,2,2,1,,3,1536.71,283.83,3307.48,0
9621,20260422,134,5421,5,1,2,12,1,,5,1410.63,271.0,2916.84,0
9622,20260423,173,5375,16,2,1,11,1,,4,998.02,252.37,4242.64,0
9623,20260424,158,5065,16,2,2,9,1,,3,2285.11,281.53,2671.44,0
9624,20260425,169,5630,21,1,1,12,1,,6,1819.34,77.02,3159.52,0
9625,20260426,157,5708,15,2,2,1,1,,6,1613.85,110.46,3816.1,0
9626,20260427,149,5808,12,1,2,4,1,,3,2420.19,161.82,2303.13,0
9627,20260428,194,5227,21,1,2,8,1,,1,1377.74,71.01,1325.48,0
9628,20260429,136,6046,5,1,1,12,1,,2,506.04,214.88,1161.01,0
9629,20260430,193,6477,12,4,2,3,1,,2,1379.85,53.11,1925.15,0
9630,20260501,168,5457,4,3,1,12,1,,2,1766.12,11.23,4899.68,0
9631,20260201,113,6001,20,4,2,2,1,,3,1238.21,18.04,4397.43,0
9632,20260202,146,5542,20,1,1,5,1,,6,1714.43,129.9,4527.1,0
9633,20260203,189,5120,4,3,2,4,1,,1,1041.66,138.52,582.5,0
9634,20260204,114,5630,7,2,1,12,1,,3,2348.99,121.06,1934.72,0
9635,20260205,143,5262,3,1,1,2,1,,4,2439.72,180.47,3137.91,0
9636,20260206,122,5113,15,4,1,6,1,,4,1547.58,218.08,1164.55,0
9637,20260207,180,5962,12,2,1,4,1,,6,1195.05,109.46,1378.24,0
9638,20260208,120,6205,10,4,1,2,1,,2,2157.27,153.82,4456.81,0
9639,20260209,189,5534,11,2,2,12,1,,5,2468.93,190.42,1518.74,0
9640,20260210,179,5538,16,2,2,10,1,,6,1549.44,142.1,4215.35,0
9641,20260211,124,5940,20,1,2,4,1,,2,1973.83,214.07,2905.39,0
9642,20260212,111,6464,13,4,2,1,1,,4,1746.27,207.73,2869.79,0
9643,20260213,195,5707,12,1,1,6,1,,3,1355.52,121.05,2047.19,0
9644,20260214,119,5285,17,4,2,4,1,,6,994.35,241.89,4011.32,0
9645,20260215,172,6139,14,1,1,1,1,,2,2556.38,101.84,3534.35,0
9646,20260216,176,6078,6,4,2,12,1,,5,1860.08,133.12,901.9,0
9647,20260217,156,6059,19,4,1,3,1,,4,1510.17,288.82,4719.01,0
9648,20260218,143,5756,12,1,1,5,1,,5,1061.18,62.37,4103.31,0
9649,20260219,171,6225,20,3,2,5,1,,3,2529.68,144.77,4240.8,0
9650,20260220,169,6484,20,4,1,10,1,,2,2769.56,222.28,2849.6,0
9651,20260221,168,5256,5,1,1,12,1,,5,1161.02,259.58,1999.64,0
9652,20260222,127,6233,21,2,2,8,1,,6,1698.7,222.7,4247.55,0
9653,20260223,145,5037,20,3,1,6,1,,4,2549.39,18.04,2880.11,0
9654,20260224,107,5073,2,2,1,1,1,,4,1054.89,32.97,2450.85,0
9655,20260225,196,5099,1,1,1,4,1,,1,733.1,13.95,3504.49,0
9656,20260226,119,6218,23,3,2,8,1,,3,1317.24,233.8,4908.49,0
9657,20260227,152,6272,13,3,1,8,1,,4,981.71,163.5,1503.39,0
9658,20260228,112,6047,13,2,2,6,1,,6,1274.05,230.72,4018.15,0
9659,20260301,102,5852,2,4,1,6,1,,3,411.06,33.82,1258.6,0
9660,20260302,167,6267,20,4,1,2,1,,1,1577.81,127.92,867.11,0
9661,20260303,143,6028,17,4,1,2,1,,3,1168.82,12.11,4465.59,1
9662,20260304,195,5510,4,3,1,4,1,,3,806.26,213.79,1384.45,0
9663,20260305,124,5304,2,1,1,11,1,,4,2577.61,244.93,1903.57,0
9664,20260306,177,5494,20,1,1,1,1,,6,2639.07,246.27,4751.44,0
9665,20260307,117,6050,9,1,1,12,1,,4,736.68,66.71,4944.11,0
9666,20260308,134,5806,24,4,2,11,1,,6,1907.96,172.24,2143.74,0
9667,20260309,198,5815,18,1,1,7,1,,5,604.89,240.86,1683.51,0
9668,20260310,131,6112,6,1,2,10,1,,5,1715.37,209.74,3100.67,0
9669,20260311,189,5146,20,1,2,1,1,,6,441.6,287.06,2184.01,0
9670,20260312,115,6177,24,4,2,1,1,,4,1115.83,81.33,4777.33,0
9671,20260313,186,5532,16,2,1,8,1,,6,2151.71,166.79,3046.51,0
9672,20260314,137,5744,12,1,2,7,1,,6,2100.6,192.4,3579.55,0
9673,20260315,181,5328,1,2,2,5,1,,4,1131.14,229.28,2853.38,0
9674,20260316,144,6190,12,2,2,3,1,,6,1784.81,285.45,1787.93,0
9675,20260317,118,6423,2,1,2,3,1,,6,1927.95,159.62,3700.6,0
9676,20260318,138,5478,6,1,1,12,1,,4,2474.06,11.27,2723.67,0
9677,20260319,120,5564,9,1,2,7,1,,2,851.47,296.62,2835.53,0
9678,20260320,191,5580,11,2,1,6,1,,1,1448.35,198.39,2995.0,0
9679,20260321,148,6085,23,3,1,6,1,,4,2704.34,81.8,3177.82,0
9680,20260322,199,5762,19,4,2,5,1,,1,2224.24,12.96,3659.21,0
9681,20260323,174,5872,9,4,1,2,1,,4,1106.62,199.57,3737.04,0
9682,20260324,193,5928,1,1,2,2,1,,3,2484.93,109.65,3805.22,0
9683,20260325,198,5713,4,4,2,6,1,,4,2654.32,154.53,2198.46,0
9684,20260326,184,5313,8,3,2,7,1,,4,781.86,183.77,4501.27,0
9685,20260327,111,5172,20,4,1,3,1,,2,1331.11,231.12,2181.24,0
9686,20260328,157,6074,14,2,1,8,1,,1,687.97,187.78,4012.16,0
9687,20260329,193,5254,22,4,2,9,1,,1,2532.44,74.6,3731.33,0
9688,20260330,118,5473,4,4,2,10,1,,3,1681.6,76.6,4008.52,0
9689,20260331,110,6011,2,3,1,4,1,,1,1559.07,28.26,1808.49,0
9690,20260401,154,5084,4,1,2,9,1,,4,802.87,89.02,3962.69,0
9691,20260402,181,5163,8,4,1,1,1,,2,2357.19,23.15,780.56,0
9692,20260403,113,6182,13,1,2,12,1,,4,2217.23,291.3,4395.17,0
9693,20260404,102,5911,23,4,2,4,1,,6,754.79,251.97,974.05,0
9694,20260405,124,5536,8,2,1,5,1,,6,1063.1,56.21,4685.04,0
9695,20260406,114,5768,8,3,1,1,1,,2,1148.22,180.33,1909.73,0
9696,20260407,193,5809,1,4,2,6,1,,6,1046.47,271.5,1054.48,0
9697,20260408,113,5457,21,1,2,4,1,,4,1550.97,18.74,3500.65,0
9698,20260409,111,6245,9,2,1,9,1,,3,713.75,11.13,4033.42,0
9699,20260410,130,6450,1,1,2,3,1,,2,543.42,95.37,4610.24,0
9700,20260411,157,6111,5,4,2,4,1,,3,2178.91,138.96,4795.03,0
9701,20260412,126,6299,10,4,2,3,1,,6,1438.56,222.39,3521.77,0
9702,20260413,180,6226,18,2,2,12,1,,6,616.66,180.2,2524.79,1
9703,20260414,132,5956,14,4,1,7,1,,2,1285.58,61.47,2563.03,0
9704,20260415,121,5587,11,4,2,5,1,,1,2401.55,104.92,3262.43,0
9705,20260416,151,5068,17,4,1,5,1,,5,1833.69,76.19,3365.94,0
9706,20260417,172,5751,3,3,2,9,1,,4,866.88,118.05,4236.16,0
9707,20260418,195,6440,20,3,2,7,1,,1,1639.08,200.55,4529.85,0
9708,20260419,196,5481,10,2,1,12,1,,4,2497.82,110.61,3638.36,0
9709,20260420,183,5427,22,1,1,10,1,,2,1670.53,163.46,1322.6,0
9710,20260421,147,5775,7,4,2,4,1,,6,2204.63,226.41,2683.55,0
9711,20260422,173,6368,17,1,1,10,1,,4,2587.95,51.71,928.01,0
9712,20260423,117,5211,4,2,2,4,1,,3,2520.28,82.13,1674.63,0
9713,20260424,181,5602,1,4,1,2,1,,1,2440.35,220.51,4820.29,0
9714,20260425,141,6202,13,4,2,10,1,,6,1247.14,29.4,1452.23,0
9715,20260426,125,6464,12,2,1,2,1,,5,920.03,120.71,4758.69,0
9716,20260427,128,6187,11,4,2,8,1,,4,1609.05,225.04,4016.85,0
9717,20260428,164,6472,13,1,1,8,1,,4,1264.74,281.06,1655.11,0
9718,20260429,177,5328,10,1,1,1,1,,5,1383.34,10.58,4234.42,0
9719,20260430,111,6049,3,2,2,7,1,,2,484.42,115.73,2418.54,0
9720,20260501,101,5347,2,1,1,12,1,,4,1055.06,34.0,4054.26,0
9721,20260201,165,6323,17,2,2,8,1,,4,931.41,17.3,855.71,0
9722,20260202,104,5832,2,1,1,1,1,,6,2772.17,100.05,2630.76,0
9723,20260203,162,5090,13,1,1,5,1,,3,1281.82,34.86,2151.17,0
9724,20260204,109,5456,24,2,1,11,1,,2,1411.48,296.72,1998.85,0
9725,20260205,178,6108,1,1,2,11,1,,6,2133.3,244.43,3601.29,0
9726,20260206,154,6166,24,3,1,5,1,,3,1461.56,164.05,2980.67,0
9727,20260207,163,5243,9,2,2,2,1,,2,432.17,83.57,3712.4,0
9728,20260208,192,5254,11,2,2,4,1,,4,1191.8,289.98,3759.31,0
9729,20260209,193,6124,13,4,2,5,1,,2,470.47,135.36,3271.4,0
9730,20260210,113,5160,15,3,2,7,1,,1,1903.28,99.64,1240.52,0
9731,20260211,148,5537,2,3,1,5,1,,3,1936.25,138.88,4692.88,0
9732,20260212,197,6103,5,3,2,2,1,,2,2253.64,276.98,3689.89,0
9733,20260213,122,5149,10,4,1,8,1,,4,1749.67,284.72,4455.67,0
9734,20260214,194,5584,7,2,2,11,1,,4,2162.29,258.7,1664.62,0
9735,20260215,153,5715,1,3,2,8,1,,4,1589.8,240.38,3434.45,0
9736,20260216,128,5168,8,4,2,9,1,,2,878.7,53.4,3571.44,0
9737,20260217,196,6322,18,3,1,11,1,,2,2370.75,198.61,679.07,0
9738,20260218,181,5186,16,1,2,6,1,,4,2752.8,255.76,1203.82,0
9739,20260219,171,5396,14,1,1,9,1,,1,1140.45,4.8,4010.32,0
9740,20260220,117,6119,16,2,2,12,1,,1,2650.05,122.52,2675.95,0
9741,20260221,143,5799,5,3,1,3,1,,6,2405.82,88.3,3188.54,0
9742,20260222,119,5880,15,3,2,3,1,,6,522.57,39.96,3548.59,0
9743,20260223,104,5992,12,1,2,11,1,,2,580.76,29.57,615.26,0
9744,20260224,111,6457,5,3,1,4,1,,4,530.62,125.93,2929.73,0
9745,20260225,161,6060,4,3,2,12,1,,3,2074.28,83.1,3027.1,0
9746,20260226,146,6470,12,2,1,1,1,,6,2502.74,175.12,987.82,0
9747,20260227,178,6344,8,4,1,6,1,,3,846.82,28.06,1584.74,0
9748,20260228,143,6059,24,4,1,7,1,,5,2375.37,5.67,4275.55,0
9749,20260301,142,6293,1,3,2,9,1,,4,1967.42,31.82,852.9,0
9750,20260302,185,5421,5,1,1,1,1,,3,2031.36,49.42,3266.06,0
9751,20260303,184,6099,21,2,2,12,1,,6,495.3,58.09,1008.06,1
9752,20260304,148,5859,23,4,1,5,1,,2,503.3,38.03,1688.68,0
9753,20260305,105,5317,9,2,2,11,1,,2,653.85,148.62,4324.42,0
9754,20260306,185,5244,11,2,1,4,1,,1,840.39,195.4,3933.79,0
9755,20260307,112,5749,21,2,2,8,1,,4,1256.32,203.16,4143.34,0
9756,20260308,124,5737,8,2,2,3,1,,3,2467.83,80.26,4058.01,0
9757,20260309,146,6170,11,4,2,3,1,,3,2374.72,53.26,3956.67,0
9758,20260310,170,6276,14,1,2,6,1,,2,1645.39,201.82,4049.4,0
9759,20260311,167,5253,15,1,1,7,1,,2,1044.8,162.92,1077.36,0
9760,20260312,138,6372,8,1,2,8,1,,2,525.38,68.95,2995.87,0
9761,20260313,167,5613,23,4,1,11,1,,1,1649.78,51.28,1325.44,0
9762,20260314,184,5657,20,1,2,1,1,,6,1397.58,130.97,4269.08,0
9763,20260315,118,5669,2,3,2,7,1,,6,765.19,134.52,2017.15,0
9764,20260316,176,5468,7,3,1,10,1,,6,1444.87,34.1,3235.85,0
9765,20260317,145,6406,24,1,2,6,1,,6,2588.48,208.98,1351.24,0
9766,20260318,166,5591,14,4,2,11,1,,2,1653.46,139.27,1484.3,0
9767,20260319,144,6167,6,4,2,7,1,,1,694.27,207.34,958.15,0
9768,20260320,162,5791,4,3,2,6,1,,6,2073.09,266.83,3684.83,0
9769,20260321,165,5962,2,4,1,9,1,,6,1084.88,296.89,552.99,1
9770,20260322,156,5960,24,4,2,11,1,,6,1242.03,82.36,2111.2,0
9771,20260323,106,5337,2,1,2,4,1,,2,2543.34,245.97,3857.22,0
9772,20260324,142,6142,21,1,1,6,1,,6,968.14,4.55,3525.36,0
9773,20260325,135,5860,11,1,1,3,1,,3,2105.08,255.72,4690.24,0
9774,20260326,104,5973,1,2,1,9,1,,5,2327.12,101.42,1732.5,0
9775,20260327,182,5380,8,3,1,8,1,,6,2257.42,228.06,1564.6,0
9776,20260328,176,5673,21,4,1,9,1,,5,2230.37,295.48,3326.18,0
9777,20260329,125,6464,22,4,2,5,1,,4,1458.24,124.05,767.61,0
9778,20260330,186,5173,21,1,2,4,1,,5,2489.39,279.09,740.46,0
9779,20260331,111,5866,21,2,2,9,1,,4,1246.09,76.82,590.4,0
9780,20260401,107,5287,11,2,1,1,1,,5,2212.95,108.4,3684.19,0
9781,20260402,166,6317,10,1,1,11,1,,6,1041.08,294.37,3098.26,0
9782,20260403,109,6487,19,3,2,1,1,,1,2584.31,138.28,4793.59,0
9783,20260404,146,5041,7,3,2,5,1,,5,2778.94,37.58,4584.1,0
9784,20260405,129,6478,2,3,1,4,1,,3,1284.04,274.19,4418.24,0
9785,20260406,154,6357,9,1,1,9,1,,5,2126.87,166.76,4903.53,0
9786,20260407,145,5660,20,4,1,7,1,,6,1374.16,231.03,1384.75,0
9787,20260408,155,5921,7,4,2,1,1,,2,1543.81,269.35,2477.51,0
9788,20260409,125,5798,6,1,2,9,1,,1,1476.6,270.66,1657.12,0
9789,20260410,141,6081,10,1,1,7,1,,4,651.55,72.24,1739.44,0
9790,20260411,197,6010,10,2,1,2,1,,5,1845.06,86.57,941.46,0
9791,20260412,101,6381,19,4,1,8,1,,1,1927.36,13.45,3373.72,0
9792,20260413,198,5320,21,2,2,10,1,,2,1274.04,183.53,3620.34,0
9793,20260414,111,6125,8,1,1,9,1,,4,817.08,174.46,1035.01,0
9794,20260415,172,6259,24,2,1,9,1,,3,2447.69,246.2,4182.18,0
9795,20260416,166,5285,14,2,1,11,1,,2,809.0,253.73,1662.35,0
9796,20260417,114,6208,4,1,1,11,1,,2,707.66,103.53,3612.23,0
9797,20260418,154,5460,7,3,2,4,1,,6,2688.18,54.93,996.15,0
9798,20260419,148,5757,18,1,1,10,1,,5,961.19,13.06,4718.5,0
9799,20260420,130,5111,24,3,1,8,1,,1,885.77,76.7,814.65,0
9800,20260421,182,5561,10,1,2,4,1,,5,2089.02,149.01,4903.65,0
9801,20260422,146,5736,9,1,2,11,1,,6,1268.72,188.29,3005.32,0
9802,20260423,139,5544,11,2,2,5,1,,4,1276.28,142.47,3908.97,0
9803,20260424,127,5187,22,2,2,2,1,,5,635.78,130.55,4909.3,0
9804,20260425,166,5611,9,2,2,8,1,,3,928.06,19.76,1846.75,0
9805,20260426,199,5010,17,1,1,3,1,,4,710.78,281.58,1535.77,0
9806,20260427,119,6267,14,1,1,1,1,,1,716.38,133.69,539.4,0
9807,20260428,138,5913,7,3,1,1,1,,6,1706.05,264.23,944.67,0
9808,20260429,161,5542,10,1,1,8,1,,1,2241.58,47.04,1585.12,0
9809,20260430,104,6470,18,3,2,7,1,,4,775.26,154.01,3142.93,0
9810,20260501,177,5945,17,2,2,9,1,,6,2245.99,57.48,3352.06,0
9811,20260201,161,5887,11,1,1,7,1,,1,798.41,24.07,1469.48,0
9812,20260202,145,6382,4,2,2,2,1,,5,1671.89,17.96,3134.13,0
9813,20260203,166,5538,9,4,2,3,1,,3,1919.8,158.53,1094.17,0
9814,20260204,146,5276,7,3,1,1,1,,3,502.8,262.46,1073.05,0
9815,20260205,194,6384,5,3,2,10,1,,1,434.27,110.63,1785.23,0
9816,20260206,186,5211,12,3,2,8,1,,5,2113.92,172.4,4175.87,0
9817,20260207,110,6430,18,3,1,2,1,,2,2786.39,157.44,2815.7,0
9818,20260208,122,5201,3,4,1,5,1,,4,437.23,35.45,2294.45,0
9819,20260209,147,5515,4,2,2,3,1,,5,2039.26,63.49,2381.33,0
9820,20260210,128,5194,16,4,1,10,1,,4,921.91,33.45,3384.19,0
9821,20260211,113,5196,2,3,1,11,1,,3,1388.38,180.91,3853.23,0
9822,20260212,171,5688,17,4,2,11,1,,5,542.25,185.74,1032.47,0
9823,20260213,140,6489,2,3,1,11,1,,1,2357.74,125.28,1444.44,0
9824,20260214,136,6356,2,1,2,7,1,,2,918.56,28.87,3194.26,0
9825,20260215,129,5973,7,4,1,8,1,,5,1711.09,78.59,2897.84,0
9826,20260216,178,6031,7,3,2,5,1,,6,1044.8,102.01,1043.38,0
9827,20260217,118,5549,3,4,2,10,1,,1,2319.72,204.56,1813.8,0
9828,20260218,198,6150,21,4,1,5,1,,4,2078.09,91.23,583.06,0
9829,20260219,107,5236,24,3,1,4,1,,2,1570.81,170.45,1706.52,0
9830,20260220,122,5811,5,1,2,4,1,,1,1211.53,138.56,2395.22,0
9831,20260221,146,5947,10,2,2,6,1,,6,659.23,67.38,1659.08,0
9832,20260222,177,5491,21,1,1,7,1,,5,2036.36,224.91,4483.86,0
9833,20260223,173,6286,14,4,1,5,1,,6,968.63,196.64,4402.33,0
9834,20260224,105,5167,10,2,2,10,1,,1,2696.67,235.49,1232.61,0
9835,20260225,149,6264,16,3,1,9,1,,5,2395.5,117.1,4992.0,0
9836,20260226,105,5557,14,2,2,5,1,,2,547.31,81.88,3271.04,0
9837,20260227,160,6246,14,4,2,11,1,,1,2517.17,94.79,2236.0,0
9838,20260228,153,6000,22,1,1,12,1,,1,817.91,203.28,593.4,0
9839,20260301,119,5614,7,1,1,1,1,,1,1870.54,290.47,3776.87,0
9840,20260302,147,6429,7,2,2,4,1,,4,1213.26,261.01,3256.96,0
9841,20260303,137,5917,1,2,1,11,1,,4,841.68,70.21,1992.26,0
9842,20260304,173,6487,11,4,2,12,1,,5,1775.92,143.51,1753.58,0
9843,20260305,186,6404,14,3,2,5,1,,5,2733.07,101.1,2832.55,0
9844,20260306,199,6310,6,3,1,9,1,,2,2470.96,288.57,3317.01,0
9845,20260307,151,5954,17,1,1,3,1,,4,2512.3,108.86,2924.21,0
9846,20260308,175,5965,15,2,2,3,1,,3,1388.0,256.91,4417.15,0
9847,20260309,186,6440,16,3,2,9,1,,6,1306.7,173.96,4203.2,0
9848,20260310,165,5568,21,1,2,6,1,,2,1567.25,151.13,2868.73,0
9849,20260311,173,5491,22,1,1,5,1,,1,989.11,294.68,2292.42,1
9850,20260312,161,6365,7,4,2,2,1,,3,2617.33,116.74,1589.86,0
9851,20260313,168,5103,13,3,1,1,1,,2,2683.36,157.24,504.45,0
9852,20260314,126,5391,18,2,1,5,1,,1,1098.11,182.11,3823.93,0
9853,20260315,112,5865,4,2,1,7,1,,3,791.47,187.31,3925.02,0
9854,20260316,125,5467,22,3,2,6,1,,6,1475.97,76.55,1819.96,0
9855,20260317,170,5331,12,4,2,3,1,,2,1589.69,135.5,638.14,0
9856,20260318,131,6168,7,3,2,4,1,,1,940.11,190.13,957.94,0
9857,20260319,136,5800,18,4,2,12,1,,1,2777.44,184.91,4702.71,0
9858,20260320,132,6389,22,3,2,4,1,,2,1417.37,106.29,4313.08,0
9859,20260321,182,6485,3,2,1,12,1,,1,1850.54,129.76,4502.79,0
9860,20260322,124,5204,14,2,2,11,1,,4,2686.95,280.37,2511.26,0
9861,20260323,169,5528,7,3,2,6,1,,5,1248.2,164.45,719.77,0
9862,20260324,184,5879,3,1,2,11,1,,4,763.53,196.23,1970.08,0
9863,20260325,119,6032,22,3,2,12,1,,1,1180.42,118.69,1852.99,0
9864,20260326,174,5246,24,1,2,2,1,,1,1429.18,124.96,3416.06,0
9865,20260327,170,5776,21,4,1,9,1,,6,731.62,115.92,2103.22,0
9866,20260328,186,6157,20,2,1,2,1,,2,1870.42,186.98,1607.48,0
9867,20260329,195,5729,6,2,1,11,1,,1,1208.25,25.16,4052.02,0
9868,20260330,182,5726,5,2,2,4,1,,1,1768.07,113.14,3842.16,0
9869,20260331,159,5599,20,1,2,5,1,,6,1619.52,248.05,4241.38,0
9870,20260401,124,5552,24,2,1,5,1,,2,1195.84,4.23,1634.55,0
9871,20260402,109,5562,14,2,2,10,1,,3,2203.55,30.56,4045.12,0
9872,20260403,104,6382,20,3,1,1,1,,3,2022.35,95.87,1743.56,0
9873,20260404,108,6331,1,3,2,8,1,,3,1662.12,279.14,978.66,0
9874,20260405,139,5653,15,3,1,4,1,,5,1192.12,19.43,3384.12,0
9875,20260406,135,5877,1,4,2,9,1,,1,2443.19,57.22,1332.8,0
9876,20260407,156,6341,12,2,1,8,1,,6,2293.11,222.31,1286.2,0
9877,20260408,197,6169,12,3,1,2,1,,3,1470.42,51.52,3692.6,0
9878,20260409,113,5530,18,4,2,6,1,,3,1766.49,151.87,4861.01,0
9879,20260410,125,6135,19,2,2,6,1,,4,2563.86,211.62,3245.89,0
9880,20260411,171,5643,23,4,1,1,1,,2,1677.73,191.39,1374.29,0
9881,20260412,118,6040,15,4,2,6,1,,4,2726.62,141.61,3416.61,0
9882,20260413,148,6293,18,3,1,8,1,,1,2428.35,239.34,3263.84,0
9883,20260414,149,6142,11,1,1,8,1,,4,2107.46,35.97,4738.03,0
9884,20260415,119,5053,7,3,1,9,1,,2,2214.1,157.78,629.16,0
9885,20260416,161,6080,9,3,2,5,1,,1,694.39,71.43,3467.4,0
9886,20260417,199,6088,21,2,2,11,1,,1,452.15,114.05,3015.97,0
9887,20260418,120,5178,20,2,1,3,1,,3,1161.36,131.89,1310.15,0
9888,20260419,169,5827,9,3,1,6,1,,5,2030.97,102.47,3365.79,0
9889,20260420,159,5987,9,2,2,1,1,,2,590.5,147.72,780.13,0
9890,20260421,122,5037,14,2,2,9,1,,2,805.51,91.73,4685.21,0
9891,20260422,155,5400,9,1,2,3,1,,1,903.35,220.65,2659.72,0
9892,20260423,140,5195,21,4,1,5,1,,3,1636.89,223.51,535.34,0
9893,20260424,160,5137,8,3,2,7,1,,5,1074.98,166.4,899.05,0
9894,20260425,121,5572,17,3,1,9,1,,5,2538.02,231.76,3776.8,0
9895,20260426,189,5085,21,3,2,10,1,,6,1710.38,246.6,2850.56,0
9896,20260427,179,5653,17,1,1,4,1,,6,1928.63,203.57,4175.03,0
9897,20260428,151,5932,8,4,2,1,1,,1,1663.7,216.55,3449.72,0
9898,20260429,168,5068,10,1,1,4,1,,2,2167.73,204.68,4812.81,0
9899,20260430,149,5402,4,2,2,11,1,,1,2269.8,228.35,2470.18,0
9900,20260501,177,6088,7,4,2,11,1,,1,2625.61,71.8,585.19,0
9901,20260201,171,6138,12,1,2,5,1,,2,1062.76,35.98,1164.57,0
9902,20260202,165,5354,16,2,1,6,1,,3,758.11,253.06,2108.31,0
9903,20260203,169,5957,2,4,2,8,1,,1,833.76,279.46,1669.16,0
9904,20260204,193,5751,5,1,1,5,1,,5,681.0,265.86,2175.33,0
9905,20260205,169,5101,21,3,1,1,1,,6,1884.2,155.38,916.4,0
9906,20260206,156,6029,12,1,2,3,1,,5,986.68,297.91,1061.51,0
9907,20260207,159,5458,15,2,1,9,1,,5,705.4,106.76,1694.74,0
9908,20260208,141,6313,9,3,1,7,1,,2,2485.59,239.12,4275.69,0
9909,20260209,196,5809,17,1,1,4,1,,3,460.14,6.82,2349.89,0
9910,20260210,183,5898,24,2,2,1,1,,1,1607.12,292.38,3922.25,0
9911,20260211,131,6073,4,3,2,10,1,,1,2494.4,272.23,558.21,0
9912,20260212,181,6078,5,3,1,5,1,,5,1102.77,28.22,1031.55,0
9913,20260213,197,6447,9,4,2,11,1,,5,2484.49,196.11,3104.2,0
9914,20260214,161,6374,2,4,2,10,1,,4,1173.66,112.02,741.75,0
9915,20260215,103,6333,22,1,2,4,1,,3,508.23,27.65,3448.68,0
9916,20260216,128,5567,17,3,1,10,1,,6,2736.29,167.53,4791.95,0
9917,20260217,172,6193,16,2,1,10,1,,1,1796.05,138.8,2529.04,0
9918,20260218,117,6232,1,2,1,11,1,,1,936.84,72.97,1100.32,0
9919,20260219,167,5031,20,1,1,10,1,,1,2446.68,153.45,1348.17,0
9920,20260220,163,5418,12,4,2,2,1,,5,2509.48,181.47,3425.27,0
9921,20260221,144,5834,18,2,1,12,1,,6,402.21,182.8,2911.27,0
9922,20260222,139,5054,7,4,2,4,1,,6,1270.9,171.12,2197.34,0
9923,20260223,126,6391,11,3,2,8,1,,5,1255.43,65.68,2930.47,0
9924,20260224,157,6020,20,2,2,8,1,,3,487.79,98.28,3120.97,0
9925,20260225,159,5790,1,2,2,6,1,,6,737.91,228.71,4357.93,0
9926,20260226,166,5042,2,2,2,7,1,,1,1094.78,43.92,4224.5,0
9927,20260227,172,5016,9,3,2,12,1,,1,674.77,108.59,3122.92,0
9928,20260228,163,5274,23,4,2,2,1,,5,2640.12,108.64,2580.41,0
9929,20260301,188,6088,17,4,1,3,1,,6,657.18,50.34,3134.41,0
9930,20260302,154,5725,21,4,1,5,1,,3,1018.59,56.9,740.77,0
9931,20260303,157,5578,9,2,1,5,1,,5,1198.26,254.86,701.73,0
9932,20260304,140,6379,15,3,2,11,1,,4,1075.92,194.92,2055.53,0
9933,20260305,107,6429,16,3,2,4,1,,2,1446.22,263.19,4969.66,0
9934,20260306,145,5354,18,4,1,7,1,,5,2053.17,77.5,1652.93,0
9935,20260307,184,6297,9,4,2,4,1,,3,1562.81,85.83,787.72,0
9936,20260308,197,5407,17,3,2,2,1,,6,2706.35,266.39,4807.62,0
9937,20260309,101,5273,20,1,1,1,1,,2,2187.74,209.23,3504.57,0
9938,20260310,118,5054,20,3,2,3,1,,3,2345.95,256.86,2740.39,0
9939,20260311,147,6300,5,1,2,10,1,,4,2781.07,249.33,4711.49,0
9940,20260312,109,5097,14,4,2,7,1,,4,1430.13,131.55,2280.81,0
9941,20260313,160,5799,1,4,2,3,1,,1,2061.71,45.67,4437.06,0
9942,20260314,124,6333,12,3,1,11,1,,2,2758.64,82.54,2193.45,0
9943,20260315,137,6154,15,3,2,11,1,,3,468.29,167.37,2676.75,0
9944,20260316,167,5235,8,1,1,1,1,,2,1183.81,203.52,1684.12,0
9945,20260317,195,6283,21,3,1,4,1,,4,682.21,268.88,3431.79,0
9946,20260318,159,5995,9,4,2,4,1,,1,933.83,64.32,3726.68,0
9947,20260319,113,5212,16,1,1,8,1,,2,1757.02,221.93,1997.1,1
9948,20260320,145,6169,16,2,1,11,1,,5,2209.4,164.69,2676.94,0
9949,20260321,161,6339,16,3,1,3,1,,3,1613.59,179.98,1018.68,0
9950,20260322,105,5819,22,1,2,6,1,,5,1640.17,223.23,4704.3,0
9951,20260323,168,5432,15,4,2,3,1,,6,758.98,57.77,4372.39,0
9952,20260324,149,5732,12,1,2,2,1,,5,740.64,193.03,4012.06,0
9953,20260325,136,5194,1,4,2,6,1,,5,1250.56,282.71,2888.76,0
9954,20260326,130,5563,13,2,2,12,1,,5,522.96,33.87,3948.69,0
9955,20260327,110,5141,4,4,1,3,1,,5,680.27,98.52,2091.03,0
9956,20260328,122,5737,2,3,1,5,1,,3,722.82,200.81,603.07,0
9957,20260329,164,5186,24,3,1,9,1,,1,1015.28,174.99,3854.46,0
9958,20260330,176,5748,7,3,1,4,1,,1,1304.45,126.75,682.16,0
9959,20260331,144,5310,8,4,1,4,1,,5,787.62,49.32,4365.98,0
9960,20260401,148,5024,6,3,1,3,1,,5,2248.89,78.66,3868.15,0
9961,20260402,171,5399,1,3,1,8,1,,5,1887.99,250.57,3147.93,0
9962,20260403,155,5865,17,1,2,5,1,,6,1653.95,230.07,2421.66,0
9963,20260404,136,6360,14,4,2,10,1,,2,1273.19,279.0,2850.93,0
9964,20260405,162,6464,4,2,1,11,1,,2,2790.64,200.06,4462.98,0
9965,20260406,116,5206,19,2,1,6,1,,4,970.99,197.06,3802.1,0
9966,20260407,127,6223,8,2,2,11,1,,1,578.06,248.89,1279.17,0
9967,20260408,161,6351,4,4,2,11,1,,6,2606.44,67.46,555.83,0
9968,20260409,126,6478,16,1,1,10,1,,5,753.88,262.36,4754.91,0
9969,20260410,132,6346,7,4,2,6,1,,2,584.15,158.43,4239.04,0
9970,20260411,195,6218,9,2,1,2,1,,3,2197.96,42.61,2320.56,0
9971,20260412,133,6407,9,3,2,12,1,,1,1931.48,202.07,1340.92,0
9972,20260413,110,5978,17,4,1,1,1,,1,1226.73,141.48,1271.07,1
9973,20260414,143,6017,12,2,2,5,1,,5,2032.81,40.34,3719.46,0
9974,20260415,151,5825,18,1,1,7,1,,6,949.53,5.22,2663.78,0
9975,20260416,188,5337,4,2,2,12,1,,3,992.81,248.4,4340.41,0
9976,20260417,130,6112,6,1,1,1,1,,5,2671.1,168.71,3915.76,0
9977,20260418,137,5279,20,3,1,3,1,,1,2378.52,139.5,3103.41,0
9978,20260419,193,5671,9,3,1,1,1,,5,1589.72,111.4,4966.51,0
9979,20260420,194,5999,22,4,2,10,1,,4,2340.88,168.05,4521.16,0
9980,20260421,179,6208,20,2,2,5,1,,6,787.65,271.54,4529.0,0
9981,20260422,178,5433,3,4,2,1,1,,4,1472.79,39.01,4729.07,0
9982,20260423,185,5072,22,4,2,10,1,,3,657.75,288.23,666.01,0
9983,20260424,115,5725,19,1,2,8,1,,2,652.95,282.9,1347.53,0
9984,20260425,146,6243,13,1,2,1,1,,3,463.81,204.57,1611.54,1
9985,20260426,112,6059,7,4,1,5,1,,6,2228.63,5.67,987.69,0
9986,20260427,197,6140,5,2,1,9,1,,2,748.36,275.21,3350.23,0
9987,20260428,186,5032,1,4,2,6,1,,4,1121.56,82.08,3961.3,0
9988,20260429,168,5141,20,4,1,4,1,,5,1356.5,228.25,1808.01,0
9989,20260430,185,5264,21,2,2,2,1,,4,1451.29,73.21,3951.23,0
9990,20260501,106,5753,7,3,2,6,1,,2,2735.17,88.38,3441.62,0
9991,20260201,182,5662,10,1,1,3,1,,2,1479.24,106.99,2155.35,0
9992,20260202,160,6220,11,2,2,12,1,,3,1967.48,109.52,4104.28,0
9993,20260203,171,6281,4,3,1,6,1,,3,1532.65,297.88,2216.93,0
9994,20260204,147,5391,3,2,1,7,1,,4,1214.78,200.95,1577.69,0
9995,20260205,135,5832,3,2,1,6,1,,6,1133.18,70.32,3677.75,0
9996,20260206,127,5276,6,3,2,7,1,,6,2297.31,9.34,720.18,0
9997,20260207,108,5231,10,3,2,8,1,,5,2684.17,128.4,1736.26,0
9998,20260208,129,5946,9,2,2,3,1,,2,750.87,170.72,3001.66,0
9999,20260209,190,5200,18,1,2,4,1,,3,2240.41,233.94,830.06,0
10000,20260210,134,5898,1,3,1,2,1,,6,748.89,241.58,644.82,0
10001,20260211,182,5150,10,1,1,12,1,,3,2307.8,211.6,1187.46,0
10002,20260212,134,5189,15,1,1,12,1,,1,1844.79,236.79,4029.69,0
10003,20260213,137,5112,6,2,2,9,1,,6,546.38,75.41,548.67,0
10004,20260214,189,6140,18,4,1,4,1,,6,809.86,203.29,3732.41,0
10005,20260215,156,6051,7,4,1,1,1,,4,856.31,80.64,1997.6,0
10006,20260216,169,6346,4,1,1,4,1,,4,608.68,295.65,4226.15,0
10007,20260217,198,6398,12,1,2,5,1,,4,2376.06,114.07,3538.63,0
10008,20260218,113,5398,20,4,1,2,1,,1,1552.67,118.68,3969.65,0
10009,20260219,200,5539,15,2,2,1,1,,6,976.12,30.4,4949.32,0
10010,20260220,168,5534,2,4,1,5,1,,6,2268.69,213.55,2898.58,0
10011,20260221,196,5649,9,4,1,1,1,,5,641.0,285.14,808.66,0
10012,20260222,138,5822,11,1,1,3,1,,1,2201.06,272.88,2693.65,0
10013,20260223,123,5832,24,1,2,7,1,,5,1043.31,68.62,1596.37,0
10014,20260224,183,5582,15,4,2,7,1,,2,2672.69,162.9,1532.85,1
10015,20260225,170,5864,21,2,1,2,1,,5,2614.79,88.87,1997.41,0
10016,20260226,189,6395,1,2,2,3,1,,5,1043.53,33.73,3993.17,0
10017,20260227,173,5761,9,2,1,4,1,,6,491.27,71.91,1305.46,0
10018,20260228,176,5637,15,2,1,10,1,,1,423.45,259.37,4970.2,0
10019,20260301,124,6050,22,2,2,3,1,,3,2276.07,267.01,1320.09,0
10020,20260302,127,5491,22,1,1,4,1,,2,1486.75,144.96,1747.33,0
10021,20260303,116,5900,14,4,2,1,1,,5,1880.01,166.72,1701.22,0
10022,20260304,122,5287,1,3,2,10,1,,5,2703.74,159.56,1748.24,0
10023,20260305,195,5752,11,3,1,12,1,,4,2136.41,1.15,2828.04,0
10024,20260306,153,5477,24,1,1,11,1,,5,2335.88,53.41,2855.33,0
10025,20260307,146,6173,11,4,1,7,1,,4,2321.05,199.7,4457.06,0
10026,20260308,162,6165,18,4,2,1,1,,3,1850.37,215.26,3402.14,0
10027,20260309,173,6013,5,2,2,7,1,,2,1232.68,290.3,2053.38,0
10028,20260310,200,6242,7,2,1,1,1,,5,1735.26,286.66,2243.05,0
10029,20260311,162,5796,18,1,1,8,1,,5,735.8,245.96,3379.38,0
10030,20260312,122,5866,17,3,1,6,1,,3,1915.54,176.24,1994.37,0
10031,20260313,157,6358,18,1,2,11,1,,5,667.45,140.14,1178.77,0
10032,20260314,198,5399,4,3,1,5,1,,1,1192.94,104.93,4471.62,0
10033,20260315,113,5385,16,1,1,7,1,,5,2738.1,174.48,3452.57,0
10034,20260316,108,5036,11,2,1,10,1,,2,2477.27,135.17,4456.0,0
10035,20260317,137,5134,17,1,2,7,1,,5,1990.61,232.53,3560.66,0
10036,20260318,106,5975,24,1,2,2,1,,3,2214.68,16.34,3725.26,0
10037,20260319,154,5720,15,2,1,2,1,,5,1472.62,271.96,2766.34,0
10038,20260320,197,6095,9,2,2,10,1,,4,1886.34,264.41,3493.77,0
10039,20260321,107,5397,12,4,2,2,1,,1,1407.22,179.43,2754.9,0
10040,20260322,101,6010,16,3,1,4,1,,1,2019.7,275.54,2182.99,0
10041,20260323,178,6384,11,2,1,6,1,,6,429.73,202.08,2848.58,0
10042,20260324,134,6369,5,4,2,3,1,,4,1807.08,116.36,1109.56,0
10043,20260325,139,6213,9,4,2,7,1,,5,841.53,184.87,2373.67,0
10044,20260326,117,5513,14,3,2,1,1,,2,2200.13,42.72,1131.71,0
10045,20260327,122,5117,10,1,2,9,1,,3,1040.0,141.43,711.57,0
10046,20260328,130,5192,11,2,1,3,1,,1,2415.52,270.75,650.8,0
10047,20260329,171,5089,13,2,2,7,1,,2,569.9,151.2,4884.91,0
10048,20260330,177,5046,10,3,1,4,1,,2,1897.63,35.66,891.39,0
10049,20260331,159,5215,18,2,2,9,1,,6,967.26,153.3,2210.92,0
10050,20260401,131,5978,2,1,1,7,1,,4,2143.99,146.02,2482.74,0
10051,20260402,135,5129,9,2,1,5,1,,5,1683.72,26.24,1733.98,0
10052,20260403,155,6091,6,1,2,1,1,,1,2510.0,163.66,3464.1,0
10053,20260404,179,5574,20,1,1,11,1,,4,1241.18,112.31,4916.28,0
10054,20260405,199,5961,19,3,2,7,1,,3,571.87,64.47,2467.76,0
10055,20260406,113,5442,4,2,1,2,1,,1,1566.67,3.8,4339.45,0
10056,20260407,122,5579,15,2,2,12,1,,1,2303.77,191.78,4703.94,0
10057,20260408,139,5824,8,3,2,2,1,,5,1105.07,151.23,4690.83,0
10058,20260409,129,5645,1,2,2,1,1,,1,1027.87,157.55,2554.43,0
10059,20260410,128,5720,7,4,2,11,1,,4,1434.45,285.53,3205.34,0
10060,20260411,109,5909,21,1,1,8,1,,4,2250.38,104.84,3070.54,0
10061,20260412,112,5042,15,2,2,9,1,,2,1157.38,225.28,4365.81,0
10062,20260413,154,5980,1,1,1,4,1,,6,1584.28,99.7,2384.19,0
10063,20260414,168,5883,22,3,2,7,1,,4,2068.85,62.75,3000.52,0
10064,20260415,183,6473,22,3,1,12,1,,2,654.88,135.91,2302.22,0
10065,20260416,136,5738,18,1,2,2,1,,5,2216.57,258.9,4327.98,0
10066,20260417,108,5837,9,3,2,12,1,,1,495.05,46.6,2285.1,0
10067,20260418,175,5751,22,4,2,9,1,,1,1263.63,20.58,4206.06,0
10068,20260419,175,5622,15,2,2,11,1,,5,2178.76,284.7,2495.81,0
10069,20260420,162,6484,13,1,1,7,1,,6,2643.53,102.44,826.41,0
10070,20260421,189,6440,23,1,1,1,1,,2,958.07,141.58,4180.53,0
10071,20260422,162,5437,14,1,2,2,1,,4,563.4,255.96,1776.51,0
10072,20260423,144,6248,24,2,1,7,1,,3,2344.5,180.91,3769.36,0
10073,20260424,170,5738,3,2,2,7,1,,1,2111.57,49.41,4523.3,0
10074,20260425,145,6234,11,4,1,4,1,,1,1650.34,68.01,1007.2,0
10075,20260426,192,5550,6,3,2,1,1,,2,1263.48,219.59,1475.32,0
10076,20260427,127,5498,20,1,2,11,1,,6,1665.11,6.52,2441.7,0
10077,20260428,187,5673,21,1,2,9,1,,3,1137.95,143.81,4357.3,0
10078,20260429,176,5081,1,2,1,9,1,,6,1851.21,77.71,3801.95,0
10079,20260430,154,5571,13,4,2,3,1,,3,1750.75,298.79,2943.12,0
10080,20260501,161,5662,10,2,1,8,1,,6,666.67,188.95,2514.57,0
10081,20260201,164,6299,4,3,2,5,1,,5,1823.03,237.62,3859.07,0
10082,20260202,195,5543,15,2,1,7,1,,4,599.2,22.67,2307.88,0
10083,20260203,135,6012,1,2,2,10,1,,6,2015.23,192.6,3968.08,0
10084,20260204,133,6206,17,4,1,2,1,,1,1473.89,80.12,2525.08,0
10085,20260205,192,6494,18,1,2,11,1,,4,1241.11,221.13,4629.73,0
10086,20260206,111,6279,21,2,2,1,1,,1,619.24,41.9,1195.56,0
10087,20260207,165,6200,21,3,2,12,1,,3,2346.65,258.58,1047.01,0
10088,20260208,159,5360,13,4,1,2,1,,6,744.12,171.68,1777.45,0
10089,20260209,133,5933,6,1,1,8,1,,3,1290.26,294.92,4714.02,0
10090,20260210,108,5297,24,4,2,2,1,,3,484.12,44.87,3749.56,0
10091,20260211,180,5789,21,2,1,8,1,,6,2695.43,166.38,1640.73,0
10092,20260212,177,5923,4,3,1,10,1,,4,1389.32,271.28,3386.41,0
10093,20260213,105,5005,19,4,2,9,1,,1,2015.93,8.8,798.13,0
10094,20260214,132,5413,2,2,2,10,1,,1,827.55,144.2,4816.48,0
10095,20260215,108,6457,18,1,1,10,1,,1,2656.12,201.11,1878.94,0
10096,20260216,103,5650,13,2,2,10,1,,6,1186.12,112.11,3062.2,0
10097,20260217,142,5421,20,3,2,8,1,,4,1841.4,283.9,3098.84,0
10098,20260218,112,5691,17,4,1,2,1,,5,1283.87,171.46,1604.46,0
10099,20260219,164,6410,19,1,2,3,1,,6,779.2,164.14,850.57,0
10100,20260220,174,6408,5,3,1,12,1,,5,1553.94,265.61,2379.32,0
10101,20260221,109,6429,4,3,1,3,1,,1,2316.01,220.36,3451.94,0
10102,20260222,189,5386,4,1,2,11,1,,3,793.85,144.19,2318.53,0
10103,20260223,155,5491,19,1,2,2,1,,1,1094.26,73.96,3703.29,0
10104,20260224,109,5069,23,4,1,9,1,,4,2072.88,149.66,3219.36,0
10105,20260225,126,5176,16,4,1,12,1,,6,636.36,132.16,4287.04,0
10106,20260226,167,6054,5,3,2,9,1,,1,2405.94,239.72,2451.91,0
10107,20260227,117,5817,10,2,2,10,1,,3,2634.0,179.83,2065.14,0
10108,20260228,186,5151,13,1,1,2,1,,3,2124.32,231.8,2479.42,0
10109,20260301,110,6171,11,3,1,5,1,,4,831.64,279.62,3792.53,0
10110,20260302,115,6492,21,2,2,2,1,,5,2452.2,282.01,4112.18,0
10111,20260303,119,5957,13,4,2,3,1,,6,1387.77,107.82,561.74,0
10112,20260304,198,5606,24,3,1,2,1,,6,1056.65,57.04,2403.22,0
10113,20260305,133,5523,24,4,1,3,1,,3,1912.83,120.07,4730.07,0
10114,20260306,195,5572,21,3,1,3,1,,5,1751.37,22.69,2778.33,0
10115,20260307,130,5512,4,3,2,11,1,,2,977.74,99.74,4627.14,0
10116,20260308,133,6076,17,1,2,11,1,,1,1868.57,201.17,2310.77,0
10117,20260309,112,5623,5,1,2,2,1,,4,1628.51,46.47,4626.19,0
10118,20260310,120,5619,8,1,1,6,1,,5,2010.14,193.86,1180.66,0
10119,20260311,172,6365,23,2,1,10,1,,1,1170.7,259.79,1665.06,0
10120,20260312,124,6173,13,3,2,8,1,,2,1810.17,153.71,2490.85,0
10121,20260313,196,5830,1,4,1,9,1,,4,2365.71,6.28,3182.64,0
10122,20260314,157,5704,5,3,1,12,1,,2,2700.6,294.35,3248.88,0
10123,20260315,173,6468,24,4,1,4,1,,4,2196.13,63.55,2949.95,0
10124,20260316,178,5653,17,2,2,4,1,,3,2703.34,167.63,3225.7,0
10125,20260317,185,6433,6,4,2,10,1,,1,908.95,106.91,725.05,0
10126,20260318,137,6146,8,2,2,2,1,,4,1547.01,79.51,2339.82,0
10127,20260319,162,6271,10,4,2,8,1,,4,1515.75,209.98,3726.79,0
10128,20260320,196,6485,8,3,1,6,1,,5,745.15,206.68,4645.1,0
10129,20260321,179,6338,15,1,2,11,1,,4,2308.01,62.5,1184.1,0
10130,20260322,128,6395,12,3,2,2,1,,3,1990.5,223.33,4441.85,0
10131,20260323,182,5628,22,1,1,1,1,,5,1781.72,205.83,3716.03,0
10132,20260324,184,6475,24,3,2,10,1,,5,2759.07,198.88,4842.09,0
10133,20260325,159,6457,7,4,1,12,1,,4,2199.89,81.52,1399.64,1
10134,20260326,165,5908,12,1,1,12,1,,2,2506.47,270.04,733.88,0
10135,20260327,177,5844,11,3,1,5,1,,2,2132.71,204.67,4222.24,0
10136,20260328,166,5669,3,4,1,6,1,,4,1592.83,2.04,3110.62,0
10137,20260329,180,5215,21,2,2,2,1,,4,1127.44,201.23,3193.8,0
10138,20260330,129,6240,18,2,1,7,1,,1,693.13,260.75,4632.78,0
10139,20260331,177,6182,11,2,2,3,1,,6,1995.26,195.07,4373.98,0
10140,20260401,169,5138,24,1,1,1,1,,1,2206.86,143.47,2117.2,0
10141,20260402,162,5180,10,2,1,8,1,,4,1826.57,13.78,1589.94,0
10142,20260403,122,5801,9,3,1,4,1,,2,2777.27,136.72,4065.04,0
10143,20260404,167,5704,12,4,2,11,1,,5,708.95,114.46,3986.05,1
10144,20260405,163,5939,24,4,1,1,1,,6,721.8,276.04,702.77,0
10145,20260406,114,5867,12,1,2,6,1,,3,2742.25,149.11,4204.04,0
10146,20260407,178,6454,5,1,2,2,1,,6,1564.09,196.55,885.48,0
10147,20260408,171,6128,15,3,2,5,1,,6,824.66,36.17,2821.9,1
10148,20260409,116,5137,9,1,2,4,1,,1,2362.25,29.98,3600.37,0
10149,20260410,176,6494,15,3,2,12,1,,5,928.63,120.58,4147.04,0
10150,20260411,103,5549,12,4,2,7,1,,2,2480.23,155.26,4288.42,0
10151,20260412,143,5515,15,2,1,4,1,,1,861.56,226.34,1987.91,0
10152,20260413,179,5459,18,4,1,6,1,,4,1564.93,154.3,1203.45,0
10153,20260414,103,5415,9,4,1,4,1,,2,612.52,48.9,4469.2,0
10154,20260415,108,6050,3,1,2,12,1,,1,879.81,82.73,2843.99,0
10155,20260416,106,6488,15,4,1,9,1,,6,942.99,87.03,1350.26,0
10156,20260417,142,5455,11,4,2,12,1,,4,1997.64,203.58,2944.75,0
10157,20260418,174,5030,12,1,2,3,1,,4,2212.65,123.53,4060.63,0
10158,20260419,149,5753,14,3,1,7,1,,1,426.94,285.75,3051.17,0
10159,20260420,104,5504,15,3,1,12,1,,1,1912.94,225.93,2453.1,0
10160,20260421,129,6257,5,3,2,9,1,,6,1040.87,70.13,949.54,0
10161,20260422,183,5505,17,2,2,11,1,,4,1051.71,165.44,4538.77,0
10162,20260423,122,6082,11,1,2,11,1,,4,2508.73,128.55,2292.82,0
10163,20260424,143,6102,17,3,2,10,1,,6,699.98,24.82,1981.4,0
10164,20260425,134,5889,8,4,1,6,1,,2,1015.01,135.12,3238.58,0
10165,20260426,144,5187,15,1,2,11,1,,3,1784.43,45.29,3428.29,0
10166,20260427,149,5175,13,3,2,4,1,,2,2167.27,291.19,3347.72,0
10167,20260428,152,5895,9,2,2,12,1,,3,569.13,174.09,4591.01,0
10168,20260429,156,5285,4,2,2,7,1,,2,2628.76,0.46,4040.68,0
10169,20260430,162,5005,11,1,2,9,1,,6,1570.76,122.24,1459.94,0
10170,20260501,124,6122,8,2,1,4,1,,6,2175.6,199.17,1577.93,0
10171,20260201,156,5332,16,2,2,2,1,,1,1765.24,248.17,3560.49,0
10172,20260202,101,5822,1,3,2,5,1,,1,1849.44,233.42,4302.34,0
10173,20260203,123,5420,21,1,1,2,1,,2,1080.78,275.46,2396.88,0
10174,20260204,194,5681,3,2,2,9,1,,2,2489.0,152.53,817.59,0
10175,20260205,174,5693,16,1,2,12,1,,4,962.07,142.88,3236.72,0
10176,20260206,126,5679,22,3,1,11,1,,5,1488.23,16.0,2312.73,0
10177,20260207,104,5172,15,4,1,8,1,,2,910.1,212.36,1262.15,0
10178,20260208,191,5974,21,4,1,2,1,,2,625.25,230.7,1609.32,0
10179,20260209,149,5720,23,3,1,8,1,,5,2682.01,167.31,852.58,0
10180,20260210,139,5729,8,4,2,7,1,,1,1014.34,167.39,3703.55,0
10181,20260211,112,5489,16,3,1,6,1,,5,1598.76,29.64,4451.19,0
10182,20260212,113,5626,23,2,1,12,1,,4,1280.01,28.89,3135.52,0
10183,20260213,179,5925,11,4,2,12,1,,3,751.09,122.77,2489.7,0
10184,20260214,114,5372,9,3,2,4,1,,3,1620.98,96.78,1689.39,0
10185,20260215,104,6466,24,4,1,10,1,,4,1610.7,209.58,2787.22,0
10186,20260216,168,6156,7,2,2,3,1,,6,1972.28,154.6,804.85,0
10187,20260217,118,6341,7,4,1,10,1,,6,920.22,246.09,4842.6,0
10188,20260218,165,6087,15,4,2,9,1,,6,2379.0,148.86,1057.91,0
10189,20260219,129,5646,1,2,2,8,1,,3,994.21,280.33,3647.88,0
10190,20260220,104,6331,7,4,2,4,1,,1,2676.46,262.68,2581.22,0
10191,20260221,114,6218,17,4,2,4,1,,1,2453.89,158.49,2261.66,0
10192,20260222,138,5841,22,2,1,11,1,,6,524.36,87.88,3171.47,0
10193,20260223,150,5948,2,2,2,7,1,,5,423.2,124.61,654.56,0
10194,20260224,172,5099,7,2,2,12,1,,2,2248.02,4.08,3285.87,0
10195,20260225,104,5508,11,3,2,5,1,,6,584.68,135.05,1333.71,0
10196,20260226,180,5017,14,1,1,3,1,,1,1744.3,157.45,1458.39,0
10197,20260227,119,5894,7,1,1,2,1,,2,2768.76,152.75,721.19,0
10198,20260228,188,5837,6,4,2,3,1,,5,756.91,35.17,971.27,0
10199,20260301,122,5366,13,4,2,6,1,,3,1225.68,279.51,1377.89,0
10200,20260302,184,5426,24,3,2,10,1,,6,2095.15,152.31,3524.19,0
10201,20260303,193,5486,10,4,1,10,1,,1,1724.74,254.35,4516.61,0
10202,20260304,118,5233,23,3,2,10,1,,3,1855.93,59.23,2390.35,0
10203,20260305,128,6136,7,1,1,9,1,,3,2173.44,78.32,3771.15,0
10204,20260306,167,6177,12,3,1,2,1,,1,2336.06,220.52,3878.26,0
10205,20260307,166,5709,13,1,2,9,1,,1,2365.44,88.12,4332.85,0
10206,20260308,172,5203,17,1,1,10,1,,1,632.08,225.72,861.49,0
10207,20260309,111,5521,2,4,1,10,1,,3,1727.41,160.2,4738.19,0
10208,20260310,109,6074,3,1,1,8,1,,6,460.45,239.1,2120.76,0
10209,20260311,163,5508,16,4,1,4,1,,5,2218.12,273.06,4225.23,0
10210,20260312,113,5574,2,4,1,10,1,,5,1089.24,228.96,4012.33,0
10211,20260313,124,5359,1,2,1,6,1,,3,1079.02,162.78,1044.46,0
10212,20260314,164,5340,23,4,2,7,1,,6,991.24,250.56,3575.08,0
10213,20260315,109,5510,14,4,2,2,1,,6,2169.7,6.79,2627.72,0
10214,20260316,198,5166,7,2,2,4,1,,6,1081.38,118.61,3477.92,0
10215,20260317,167,5586,15,4,1,3,1,,3,479.21,205.17,4617.09,0
10216,20260318,177,6375,7,4,2,11,1,,3,525.34,81.04,3462.48,0
10217,20260319,163,5986,19,2,1,1,1,,5,2377.61,162.91,1870.74,0
10218,20260320,167,6297,18,3,2,10,1,,3,1713.57,199.77,2720.25,0
10219,20260321,127,5827,21,4,2,11,1,,2,1389.3,34.13,2820.76,0
10220,20260322,195,5167,16,2,1,1,1,,3,793.71,224.36,860.2,0
10221,20260323,153,5374,16,2,1,3,1,,2,2349.48,43.94,3572.25,0
10222,20260324,182,6247,6,4,2,8,1,,4,1956.67,124.32,4185.57,0
10223,20260325,132,5026,3,3,1,8,1,,6,1565.83,9.12,2179.77,0
10224,20260326,186,6250,24,4,2,11,1,,1,1035.01,188.58,4934.29,1
10225,20260327,183,6420,14,1,2,2,1,,3,1860.4,25.68,1085.83,0
10226,20260328,137,5777,10,3,2,7,1,,2,1527.58,20.36,4686.12,0
10227,20260329,178,5995,10,4,2,10,1,,5,2286.03,91.17,2450.77,0
10228,20260330,139,6221,2,3,2,6,1,,2,406.31,267.89,3913.05,0
10229,20260331,172,6331,14,2,1,11,1,,1,972.82,60.61,4273.88,0
10230,20260401,172,5192,7,2,1,11,1,,1,1432.61,142.84,1159.93,0
10231,20260402,144,5062,14,3,1,4,1,,4,1697.91,0.0,2321.39,0
10232,20260403,176,5922,6,2,2,11,1,,4,848.64,192.2,1067.36,0
10233,20260404,105,5923,6,4,2,3,1,,4,847.5,19.09,672.0,0
10234,20260405,188,6219,14,3,2,8,1,,1,1369.11,98.24,2070.07,0
10235,20260406,131,5515,14,3,1,6,1,,4,550.47,154.34,4676.71,0
10236,20260407,164,6070,3,4,2,1,1,,5,1559.94,57.76,3253.9,0
10237,20260408,193,5305,7,4,1,3,1,,2,1238.65,263.74,4003.98,0
10238,20260409,195,5469,24,3,2,5,1,,6,986.18,86.15,2847.44,0
10239,20260410,151,5500,5,2,1,7,1,,5,2202.6,287.57,2222.26,0
10240,20260411,168,5360,16,1,2,11,1,,6,1277.49,12.46,1231.91,0
10241,20260412,194,6480,8,4,1,9,1,,1,2668.68,13.56,4465.06,0
10242,20260413,182,5161,24,4,2,11,1,,6,728.29,145.4,1782.47,1
10243,20260414,176,6218,18,1,2,12,1,,6,1742.14,165.45,3432.93,0
10244,20260415,165,6460,10,2,2,3,1,,6,1293.99,6.09,845.94,0
10245,20260416,172,5664,12,4,2,8,1,,4,642.64,6.89,4522.51,0
10246,20260417,167,6060,8,3,2,10,1,,1,1851.59,112.94,3221.76,0
10247,20260418,142,5515,12,4,1,4,1,,3,767.01,274.18,2394.03,0
10248,20260419,141,6183,18,2,2,9,1,,1,2057.23,280.13,3390.35,0
10249,20260420,155,5275,11,1,2,7,1,,5,498.78,189.28,4596.3,0
10250,20260421,122,5839,11,1,2,4,1,,3,1946.13,143.74,3487.06,0
10251,20260422,117,5432,10,2,1,1,1,,1,2723.45,76.4,2389.54,0
10252,20260423,152,6260,21,3,2,10,1,,2,2544.76,151.08,2945.24,0
10253,20260424,160,5470,2,1,2,3,1,,2,2483.32,114.6,4067.25,0
10254,20260425,133,5688,9,4,1,6,1,,2,836.52,103.95,4328.41,0
10255,20260426,114,6192,21,4,2,6,1,,4,1584.45,24.42,1700.74,0
10256,20260427,198,6025,2,3,1,11,1,,1,2272.4,5.58,3951.04,0
10257,20260428,155,5257,4,2,1,6,1,,5,1421.86,118.71,3798.29,0
10258,20260429,170,5911,18,2,1,11,1,,3,2092.39,242.65,3204.63,0
10259,20260430,139,5572,19,3,1,7,1,,4,2702.61,254.57,2151.05,0
10260,20260501,108,6355,5,4,1,5,1,,5,2035.89,77.19,2173.64,0
10261,20260201,114,5312,16,2,1,5,1,,3,513.19,231.36,2131.26,0
10262,20260202,149,6437,7,3,1,11,1,,5,1109.32,143.11,4171.1,0
10263,20260203,123,5437,13,2,1,9,1,,5,763.53,205.51,2194.1,0
10264,20260204,108,5951,4,2,2,8,1,,5,1979.63,114.76,3202.42,0
10265,20260205,195,6253,10,2,2,7,1,,5,2275.15,268.06,3603.97,0
10266,20260206,185,5208,8,3,2,6,1,,5,1133.05,81.53,2240.11,0
10267,20260207,158,5942,18,4,1,8,1,,1,1997.51,55.02,3683.56,0
10268,20260208,126,5456,2,1,2,3,1,,4,2662.64,42.76,3354.66,0
10269,20260209,112,5131,21,2,2,11,1,,4,1822.68,83.11,4996.04,0
10270,20260210,190,6494,3,2,2,8,1,,2,1411.28,16.5,3837.96,0
10271,20260211,132,5244,22,3,1,8,1,,3,1852.91,229.98,535.6,0
10272,20260212,155,6035,8,2,2,3,1,,1,2601.2,198.9,3754.11,0
10273,20260213,122,5453,1,1,2,2,1,,2,439.82,163.49,3025.54,0
10274,20260214,108,5785,11,4,1,4,1,,6,2434.81,60.28,2215.88,0
10275,20260215,147,6440,7,1,1,11,1,,3,584.12,209.65,2444.49,0
10276,20260216,141,6008,5,2,2,5,1,,1,875.76,217.36,2227.14,0
10277,20260217,142,5123,20,1,2,6,1,,3,1162.04,92.91,3505.27,0
10278,20260218,180,5031,10,4,2,11,1,,4,925.26,13.08,2117.06,0
10279,20260219,156,5716,5,3,1,7,1,,2,1289.57,15.49,1403.56,0
10280,20260220,136,5272,1,4,2,8,1,,4,2508.82,116.8,1606.76,0
10281,20260221,129,5036,14,1,1,10,1,,3,1324.49,147.61,913.97,0
10282,20260222,169,6128,9,2,1,5,1,,4,1690.79,59.26,2227.45,0
10283,20260223,187,5297,20,1,2,12,1,,3,1105.15,60.66,818.41,0
10284,20260224,172,6497,12,2,2,4,1,,5,490.25,4.12,4396.79,0
10285,20260225,113,6453,6,4,1,4,1,,3,2546.9,92.49,1949.39,0
10286,20260226,181,6429,18,3,2,9,1,,1,2380.29,21.26,1065.46,0
10287,20260227,135,5612,16,2,2,8,1,,1,1899.61,141.04,1784.08,0
10288,20260228,198,6436,14,3,1,2,1,,2,2066.76,165.6,2160.08,0
10289,20260301,122,5921,20,2,2,7,1,,2,1227.49,151.16,3488.84,0
10290,20260302,183,5011,4,1,1,12,1,,1,2788.01,205.54,4829.14,0
10291,20260303,165,6004,1,3,1,9,1,,6,1515.32,297.16,2477.79,1
10292,20260304,149,5504,1,4,1,9,1,,1,1317.94,285.33,3138.64,0
10293,20260305,130,5447,21,1,2,11,1,,2,1160.29,290.36,4999.74,0
10294,20260306,177,5924,7,2,2,12,1,,1,592.39,288.27,4104.5,0
10295,20260307,133,5181,12,4,2,10,1,,2,1933.05,162.64,3679.64,0
10296,20260308,128,5052,19,2,1,7,1,,4,1275.51,192.32,1085.9,0
10297,20260309,181,6331,8,1,2,5,1,,5,857.71,165.86,4015.13,0
10298,20260310,144,5923,20,1,1,6,1,,2,2195.55,141.66,4085.73,0
10299,20260311,172,5645,21,1,1,3,1,,2,2148.87,109.62,3285.33,0
10300,20260312,143,6329,14,3,2,1,1,,1,2396.7,129.9,1009.92,0
10301,20260313,138,5182,2,3,2,9,1,,5,1358.91,131.34,3581.0,0
10302,20260314,154,6032,9,4,1,9,1,,5,1351.28,0.32,1060.25,1
10303,20260315,196,6400,22,1,2,8,1,,6,2664.55,188.97,2672.83,0
10304,20260316,119,6287,13,2,2,11,1,,4,841.52,60.47,4154.86,0
10305,20260317,114,5599,1,3,1,11,1,,4,496.53,102.84,872.26,0
10306,20260318,152,5909,11,1,2,2,1,,1,2661.63,38.26,3371.03,0
10307,20260319,157,6186,18,3,1,4,1,,6,1817.89,27.21,1401.62,0
10308,20260320,166,5175,2,4,1,9,1,,2,1390.5,181.44,3651.08,0
10309,20260321,115,5285,24,1,2,10,1,,3,1765.95,4.93,4493.31,0
10310,20260322,121,5215,9,1,1,11,1,,5,1108.65,234.65,3217.64,0
10311,20260323,189,6274,2,1,2,12,1,,3,2361.71,6.72,3307.51,0
10312,20260324,157,5378,24,2,1,5,1,,2,1994.17,27.42,4131.57,1
10313,20260325,139,5445,18,1,1,8,1,,2,2299.54,200.63,4198.59,0
10314,20260326,118,5430,14,3,2,10,1,,5,1812.53,84.99,3019.56,0
10315,20260327,156,6488,9,2,1,7,1,,1,1003.86,32.7,1187.29,0
10316,20260328,194,5567,24,1,1,5,1,,5,2388.91,129.95,4797.14,0
10317,20260329,157,5193,8,1,2,4,1,,4,710.34,21.19,4755.86,0
10318,20260330,111,6384,8,3,1,9,1,,6,1797.84,16.88,2250.14,0
10319,20260331,181,6202,12,3,2,10,1,,4,762.43,46.68,1855.02,0
10320,20260401,142,6145,22,1,2,4,1,,4,2602.58,256.12,2267.4,0
10321,20260402,111,6053,21,4,2,1,1,,6,1549.3,77.91,3141.1,0
10322,20260403,110,5244,12,3,1,10,1,,1,2726.53,106.43,3308.83,0
10323,20260404,157,5393,13,3,1,6,1,,6,2684.75,193.87,710.27,0
10324,20260405,115,6288,20,2,2,1,1,,6,1249.51,12.22,2835.49,0
10325,20260406,150,5162,1,1,2,6,1,,1,1081.96,191.4,3292.5,0
10326,20260407,174,6389,23,1,2,1,1,,3,2302.84,50.04,4726.24,0
10327,20260408,141,5239,5,1,1,11,1,,4,2388.5,127.64,2008.1,0
10328,20260409,129,5424,13,3,2,5,1,,2,1434.17,75.27,1302.5,0
10329,20260410,158,5758,10,2,2,6,1,,2,986.81,218.12,3049.73,0
10330,20260411,132,6454,24,2,2,2,1,,3,2019.14,151.16,4979.72,0
10331,20260412,106,6352,24,4,1,9,1,,3,1439.88,8.53,1485.97,0
10332,20260413,169,6265,11,1,1,9,1,,1,2610.74,239.21,856.45,0
10333,20260414,102,5759,4,1,1,2,1,,6,1082.35,4.43,1008.04,0
10334,20260415,181,5750,17,2,1,9,1,,2,1151.49,107.57,3680.2,0
10335,20260416,102,5344,19,1,2,12,1,,1,1861.65,192.02,2394.32,0
10336,20260417,145,5271,17,3,2,3,1,,3,1182.1,155.38,3640.41,0
10337,20260418,132,5854,13,4,1,9,1,,5,479.67,184.96,4026.28,0
10338,20260419,159,5318,9,3,2,6,1,,2,626.28,41.26,4372.03,0
10339,20260420,114,5674,12,4,1,2,1,,6,1065.85,78.4,627.16,0
10340,20260421,142,6397,14,3,2,8,1,,3,2397.06,48.47,3294.94,0
10341,20260422,137,5359,24,2,1,8,1,,1,410.15,240.52,4815.54,0
10342,20260423,152,5915,11,3,1,2,1,,1,535.01,250.07,1246.27,0
10343,20260424,135,6099,20,2,1,4,1,,4,1099.23,100.32,3527.77,0
10344,20260425,115,6117,14,3,1,8,1,,6,2550.23,129.3,522.46,0
10345,20260426,194,6361,2,4,2,7,1,,4,2777.64,213.65,1515.97,0
10346,20260427,126,5049,24,2,2,7,1,,2,2743.2,52.99,1353.54,0
10347,20260428,144,5028,13,3,2,3,1,,6,458.75,189.42,3166.21,0
10348,20260429,169,5961,13,1,1,12,1,,6,2590.63,222.89,3828.81,0
10349,20260430,131,6410,8,1,2,8,1,,6,608.93,295.07,4683.8,0
10350,20260501,114,6229,12,2,1,8,1,,2,1283.24,62.43,1517.73,0
10351,20260201,156,5439,19,4,2,5,1,,4,1711.76,209.77,2779.61,0
10352,20260202,161,5405,4,2,2,8,1,,2,935.3,81.51,4535.1,0
10353,20260203,141,5394,8,1,1,7,1,,3,1855.97,130.45,2308.3,0
10354,20260204,103,6160,8,4,1,1,1,,1,637.42,58.94,2947.55,0
10355,20260205,110,5972,16,2,1,1,1,,1,425.35,216.27,4400.08,0
10356,20260206,123,6056,8,1,1,2,1,,1,2492.9,183.34,2579.14,0
10357,20260207,161,5315,23,3,2,12,1,,3,2642.43,196.5,4809.61,0
10358,20260208,138,6003,23,1,1,12,1,,1,2333.26,239.28,1145.85,0
10359,20260209,103,5863,4,1,1,9,1,,2,1061.56,128.71,506.64,0
10360,20260210,152,6282,22,1,2,12,1,,3,2722.91,166.11,1018.01,0
10361,20260211,126,5065,13,1,1,6,1,,6,1617.54,142.21,4327.98,0
10362,20260212,183,6292,3,1,1,6,1,,2,1573.36,266.38,4216.65,0
10363,20260213,182,5202,5,2,2,1,1,,6,1404.71,28.5,3794.54,0
10364,20260214,133,5641,18,4,2,2,1,,3,1207.64,253.78,1324.45,0
10365,20260215,109,5411,23,3,1,9,1,,4,2385.27,59.6,1401.83,0
10366,20260216,157,5913,7,4,2,4,1,,3,1598.68,139.71,4097.5,0
10367,20260217,139,5024,5,2,1,6,1,,3,1953.58,208.26,1076.35,0
10368,20260218,121,5632,5,2,2,11,1,,5,1908.07,118.1,802.87,0
10369,20260219,185,5845,1,1,2,1,1,,2,954.89,148.71,3165.37,0
10370,20260220,115,5280,8,3,2,10,1,,1,2325.51,3.02,1344.81,0
10371,20260221,113,5814,15,3,1,7,1,,2,481.15,292.35,535.71,0
10372,20260222,174,6075,13,4,2,2,1,,3,883.44,289.52,2310.43,0
10373,20260223,148,6430,17,3,2,12,1,,4,2372.47,132.89,1870.89,0
10374,20260224,136,6152,4,4,1,11,1,,4,608.93,147.34,3859.97,0
10375,20260225,146,5836,14,2,2,3,1,,4,1827.66,108.25,3451.69,0
10376,20260226,126,5120,10,1,2,12,1,,3,1742.25,236.57,844.81,0
10377,20260227,119,5967,24,1,2,10,1,,2,1997.95,171.48,4225.07,0
10378,20260228,187,5559,4,1,2,8,1,,6,1019.69,183.94,659.74,0
10379,20260301,131,5780,3,4,1,8,1,,3,1753.32,35.09,4091.39,0
10380,20260302,104,5116,23,1,1,3,1,,6,2573.53,257.31,4800.55,0
10381,20260303,128,6330,15,1,1,6,1,,6,1379.13,52.5,1141.95,0
10382,20260304,190,6098,8,3,2,3,1,,6,530.41,65.65,2772.49,0
10383,20260305,182,5710,2,1,2,5,1,,1,925.04,20.35,1929.02,0
10384,20260306,192,5951,4,2,1,6,1,,1,663.27,44.06,1418.74,0
10385,20260307,118,5990,3,2,1,1,1,,5,546.69,281.3,4180.62,0
10386,20260308,150,6409,4,2,2,4,1,,1,2440.09,278.86,2272.94,0
10387,20260309,161,5207,23,4,1,7,1,,2,1402.49,269.28,1086.11,0
10388,20260310,111,5556,12,4,2,12,1,,3,2120.24,261.12,659.83,0
10389,20260311,152,5251,22,3,2,2,1,,5,1903.38,21.45,4280.76,0
10390,20260312,140,5920,3,4,2,11,1,,1,1983.67,257.31,4560.06,0
10391,20260313,171,6111,24,4,2,5,1,,3,2752.77,175.52,2107.04,0
10392,20260314,177,5981,7,4,2,11,1,,2,1373.06,207.14,1043.18,0
10393,20260315,116,5981,20,4,1,10,1,,1,565.68,179.12,3388.98,0
10394,20260316,128,6450,18,2,2,1,1,,6,838.0,187.91,2771.0,0
10395,20260317,121,5838,7,1,2,10,1,,2,1495.62,268.5,1012.81,0
10396,20260318,187,6077,15,2,2,8,1,,3,815.32,192.6,1892.66,0
10397,20260319,132,5653,14,3,1,8,1,,5,1771.56,17.03,1095.05,0
10398,20260320,174,5450,2,3,2,10,1,,4,1142.41,164.76,2518.7,0
10399,20260321,125,5426,10,4,1,3,1,,3,2100.62,83.8,1064.93,0
10400,20260322,159,5337,6,2,1,12,1,,6,851.59,2.33,1740.56,0
10401,20260323,101,5013,21,3,1,3,1,,6,1874.96,287.4,2370.15,0
10402,20260324,179,5388,11,1,2,10,1,,3,870.51,194.67,724.06,0
10403,20260325,197,5721,6,4,1,4,1,,6,1918.28,1.79,2389.31,0
10404,20260326,181,5157,8,4,1,7,1,,2,1780.58,70.52,4725.16,0
10405,20260327,136,6418,6,3,1,3,1,,1,404.48,181.59,1715.15,0
10406,20260328,112,5460,12,2,2,3,1,,2,1621.53,212.78,915.42,0
10407,20260329,171,5724,2,1,1,12,1,,5,634.67,180.1,2696.92,0
10408,20260330,143,5960,20,3,1,1,1,,3,490.05,30.33,2721.08,0
10409,20260331,111,5168,4,4,1,9,1,,4,2635.81,224.11,1189.25,0
10410,20260401,130,6053,11,3,2,8,1,,4,1974.52,78.16,4904.89,0
10411,20260402,162,5642,2,4,1,5,1,,3,1521.28,175.25,4938.44,0
10412,20260403,139,5366,16,3,1,8,1,,4,1411.94,89.3,1027.23,0
10413,20260404,149,5250,19,2,1,9,1,,6,2790.32,225.39,3670.67,0
10414,20260405,119,5303,2,2,2,11,1,,4,1483.56,204.23,3782.06,0
10415,20260406,118,6198,24,1,2,7,1,,1,741.83,72.79,988.45,0
10416,20260407,165,5278,10,3,1,12,1,,3,2167.99,222.35,4552.61,0
10417,20260408,199,5755,8,3,1,3,1,,5,2442.01,117.82,2236.71,0
10418,20260409,187,5446,4,4,2,9,1,,6,1231.84,92.07,2726.86,0
10419,20260410,198,5542,10,2,1,12,1,,5,1469.54,109.19,1110.85,0
10420,20260411,175,5930,5,1,1,12,1,,6,2207.27,148.23,4188.07,0
10421,20260412,195,5353,17,3,2,4,1,,6,622.51,106.92,2881.0,0
10422,20260413,106,5933,20,1,2,9,1,,6,653.16,202.0,1348.17,0
10423,20260414,178,6062,6,1,1,12,1,,5,1346.71,90.96,3334.9,0
10424,20260415,113,5709,19,2,2,1,1,,5,1690.41,156.96,1762.29,0
10425,20260416,149,6425,19,4,2,11,1,,3,908.21,219.41,929.87,0
10426,20260417,141,6205,16,3,1,4,1,,2,1115.49,238.73,819.11,0
10427,20260418,199,6283,17,2,2,11,1,,1,2636.82,236.33,4699.27,0
10428,20260419,152,6412,9,1,1,3,1,,5,1029.18,150.54,766.31,0
10429,20260420,197,5308,21,2,1,12,1,,3,1644.43,50.95,2515.42,0
10430,20260421,186,5461,21,3,1,12,1,,3,1738.8,117.05,4721.14,0
10431,20260422,116,5489,21,1,2,2,1,,6,1745.0,11.95,2650.49,0
10432,20260423,182,5912,18,1,2,6,1,,5,1646.4,284.25,816.58,0
10433,20260424,164,5423,6,2,2,11,1,,2,1200.35,268.14,1389.08,0
10434,20260425,156,5241,15,3,2,7,1,,3,555.34,61.25,4702.03,0
10435,20260426,180,5529,6,4,1,12,1,,1,1947.67,189.3,4660.87,0
10436,20260427,114,6169,10,2,2,9,1,,3,794.42,231.25,2856.92,0
10437,20260428,134,5933,24,1,2,5,1,,6,574.68,282.08,1790.31,0
10438,20260429,135,6000,17,3,1,1,1,,1,2797.57,238.16,3493.45,0
10439,20260430,144,6423,1,4,1,6,1,,2,1187.07,53.71,1889.75,0
10440,20260501,133,6253,5,3,2,10,1,,4,1714.38,191.13,4685.43,0
10441,20260201,118,6145,13,1,1,4,1,,3,730.99,50.21,3442.36,0
10442,20260202,148,5791,5,3,2,12,1,,6,1588.08,96.69,2280.65,0
10443,20260203,192,5835,8,1,1,2,1,,4,1985.21,34.63,953.19,0
10444,20260204,121,6409,10,3,1,2,1,,4,2165.22,171.73,801.7,0
10445,20260205,157,5888,2,1,1,11,1,,3,536.72,160.03,4074.89,0
10446,20260206,199,6164,7,4,2,11,1,,4,1325.19,228.88,2262.28,0
10447,20260207,105,6040,20,3,2,9,1,,5,2428.63,59.71,4918.36,0
10448,20260208,116,5094,7,3,2,9,1,,3,1258.8,285.67,2733.23,0
10449,20260209,173,5984,8,3,1,8,1,,3,424.01,148.97,4676.92,0
10450,20260210,177,5284,19,1,1,12,1,,1,994.12,244.92,2059.2,0
10451,20260211,165,6096,16,1,2,4,1,,2,2405.87,10.84,2938.15,0
10452,20260212,191,5544,14,1,1,10,1,,5,2512.5,285.75,4217.8,0
10453,20260213,142,5884,16,2,1,12,1,,3,2727.28,272.17,3139.3,0
10454,20260214,188,5514,2,4,1,12,1,,4,1186.91,51.52,2509.18,1
10455,20260215,155,6224,8,3,1,3,1,,1,419.0,246.33,1954.76,0
10456,20260216,176,5698,13,3,1,7,1,,6,2775.45,88.62,3532.32,0
10457,20260217,170,5891,4,2,2,8,1,,4,578.79,94.27,530.33,0
10458,20260218,114,5384,17,1,1,5,1,,2,1128.87,160.35,1280.09,0
10459,20260219,146,5385,18,1,2,8,1,,4,2473.17,47.4,1407.66,0
10460,20260220,174,5026,13,3,2,11,1,,2,797.84,28.22,4115.79,0
10461,20260221,123,5643,3,2,1,4,1,,4,2348.6,211.08,3268.33,0
10462,20260222,108,5071,7,1,1,3,1,,3,1914.42,263.52,2578.91,0
10463,20260223,191,5437,4,4,2,4,1,,6,2057.01,42.49,1750.94,0
10464,20260224,165,5040,17,1,2,8,1,,6,2192.84,254.43,3765.83,0
10465,20260225,195,5132,12,2,1,6,1,,5,1715.94,217.42,522.49,0
10466,20260226,190,5406,3,2,2,4,1,,5,1531.54,16.47,2507.38,0
10467,20260227,178,5421,4,3,1,3,1,,4,1687.16,182.71,3742.61,0
10468,20260228,111,6243,5,2,1,8,1,,2,2256.92,174.72,1851.94,0
10469,20260301,187,6219,8,3,2,1,1,,6,2410.81,237.59,1162.92,0
10470,20260302,176,5610,5,1,2,11,1,,4,1388.93,70.16,4157.76,0
10471,20260303,112,5152,6,1,2,2,1,,3,1035.74,211.59,3376.99,0
10472,20260304,174,6065,9,2,2,8,1,,5,1749.44,133.09,633.88,0
10473,20260305,117,5924,7,4,2,5,1,,3,2406.85,120.03,4974.78,0
10474,20260306,167,5753,24,1,2,11,1,,1,1656.16,263.9,3260.26,0
10475,20260307,157,5099,3,2,1,6,1,,1,2000.95,268.7,3992.17,0
10476,20260308,105,5872,6,4,1,10,1,,4,1121.07,48.12,3964.36,0
10477,20260309,168,5311,6,2,1,5,1,,2,2724.67,49.79,3624.47,0
10478,20260310,105,6200,21,4,1,12,1,,1,2099.26,115.84,3884.18,0
10479,20260311,118,5209,8,2,2,3,1,,2,1484.98,283.21,1507.0,0
10480,20260312,154,6474,5,2,1,10,1,,5,2522.96,144.98,580.95,0
10481,20260313,155,5294,20,3,1,10,1,,4,1920.04,263.9,1111.1,0
10482,20260314,157,6170,7,3,2,3,1,,6,1894.6,142.4,4104.71,0
10483,20260315,120,5344,15,4,2,9,1,,5,2453.92,135.39,1773.14,0
10484,20260316,189,5815,11,2,1,5,1,,4,1844.55,16.02,1062.87,0
10485,20260317,170,5604,24,1,2,5,1,,4,2498.64,129.86,3062.17,0
10486,20260318,140,6109,21,2,2,12,1,,4,1804.21,271.88,779.39,0
10487,20260319,180,6481,10,3,2,2,1,,6,764.97,36.24,597.09,0
10488,20260320,143,5982,19,1,1,7,1,,4,2035.89,142.48,900.0,0
10489,20260321,129,5861,8,3,1,1,1,,1,2669.37,192.87,2443.81,0
10490,20260322,188,5321,6,4,1,9,1,,1,1507.53,94.35,2097.15,0
10491,20260323,200,6371,20,3,1,8,1,,1,2223.49,241.41,4805.38,0
10492,20260324,172,5260,3,2,1,9,1,,3,628.76,114.46,1390.78,0
10493,20260325,115,6052,9,2,2,2,1,,2,1114.68,246.02,2665.71,0
10494,20260326,107,6152,4,4,2,6,1,,6,2054.31,87.42,1490.21,0
10495,20260327,137,5973,20,3,2,6,1,,2,463.79,110.93,3340.24,0
10496,20260328,154,5210,22,2,1,1,1,,6,1296.12,71.4,2536.27,0
10497,20260329,189,6427,8,2,1,6,1,,5,1856.91,161.68,1867.03,0
10498,20260330,145,5650,1,3,1,6,1,,5,2228.03,193.73,4052.06,0
10499,20260331,104,5574,17,1,2,1,1,,4,1523.63,197.0,3180.58,0
10500,20260401,194,5367,9,3,1,10,1,,2,863.67,166.52,532.45,0
10501,20260402,177,5107,10,4,2,1,1,,5,2717.32,275.83,1823.33,0
10502,20260403,101,6268,9,2,2,8,1,,3,2571.19,257.53,2698.5,0
10503,20260404,199,5994,19,4,1,7,1,,5,2479.48,46.7,1956.21,0
10504,20260405,167,5398,3,3,1,10,1,,1,2045.33,132.66,1714.95,0
10505,20260406,123,5902,2,2,1,10,1,,3,1037.5,188.24,3784.26,0
10506,20260407,184,5498,11,2,1,7,1,,2,757.53,129.01,2598.8,0
10507,20260408,107,5895,7,4,1,3,1,,6,2610.97,102.94,1684.0,0
10508,20260409,106,5526,4,3,2,9,1,,6,2759.8,119.72,1398.85,0
10509,20260410,110,5403,20,4,2,8,1,,3,982.52,202.04,3315.19,0
10510,20260411,184,5549,13,4,1,8,1,,6,424.92,278.43,1842.62,0
10511,20260412,122,5989,7,3,1,11,1,,5,2383.01,20.16,1431.68,0
10512,20260413,191,5465,24,4,2,7,1,,3,1226.43,85.79,2138.55,0
10513,20260414,101,5617,1,1,2,8,1,,6,2660.49,262.2,4156.95,0
10514,20260415,118,5066,1,2,2,10,1,,5,2159.82,298.63,4475.78,0
10515,20260416,200,5229,11,2,1,7,1,,3,1135.98,167.06,1627.01,0
10516,20260417,103,6474,18,4,2,3,1,,3,470.14,65.58,1998.84,0
10517,20260418,185,6332,9,4,2,9,1,,6,1590.72,157.69,4016.43,0
10518,20260419,183,6499,15,4,2,2,1,,5,978.78,216.58,3169.83,0
10519,20260420,156,5390,6,4,1,2,1,,1,1900.25,180.78,1217.66,0
10520,20260421,174,6127,17,2,1,12,1,,3,664.22,181.11,1417.11,0
10521,20260422,153,6259,15,1,2,4,1,,2,1784.01,117.86,2733.68,0
10522,20260423,172,5545,19,2,1,10,1,,4,2092.0,74.34,1190.45,0
10523,20260424,113,5527,4,4,1,3,1,,2,2775.7,72.61,1856.67,1
10524,20260425,154,5941,17,2,2,4,1,,4,1905.95,264.89,2879.01,0
10525,20260426,197,5218,10,4,1,4,1,,6,1108.36,191.16,3445.22,0
10526,20260427,197,5324,3,4,2,12,1,,4,2280.71,289.31,2528.74,0
10527,20260428,179,5512,9,2,2,3,1,,3,1677.51,39.66,3527.52,0
10528,20260429,124,6164,9,2,1,3,1,,6,2465.69,228.61,4568.78,0
10529,20260430,110,5653,5,2,2,12,1,,4,1645.35,85.42,4480.38,0
10530,20260501,115,6124,2,2,1,6,1,,6,2549.83,230.43,2009.68,0
10531,20260201,117,6014,22,1,2,1,1,,3,2674.69,219.88,3592.86,0
10532,20260202,189,6202,2,3,2,4,1,,5,438.81,9.29,1874.08,0
10533,20260203,147,5372,12,2,2,6,1,,3,1336.86,16.79,2703.46,0
10534,20260204,123,5837,17,2,1,5,1,,6,1297.37,277.41,3078.21,0
10535,20260205,192,6263,14,2,1,10,1,,3,2198.13,253.12,2128.26,0
10536,20260206,107,6344,7,4,2,11,1,,3,2171.97,145.46,3112.5,0
10537,20260207,115,5468,8,1,1,8,1,,3,1445.17,295.15,2310.6,0
10538,20260208,114,5251,2,3,1,7,1,,6,2160.14,64.4,2146.6,0
10539,20260209,189,5977,16,4,2,4,1,,1,2526.24,22.16,3239.19,0
10540,20260210,189,5896,9,1,2,4,1,,4,1411.56,293.81,3614.68,0
10541,20260211,111,5656,4,1,2,2,1,,2,2468.8,245.14,3589.67,0
10542,20260212,119,5127,13,1,2,8,1,,5,1840.15,81.22,3678.99,0
10543,20260213,189,5363,3,3,2,2,1,,3,1214.66,146.54,3061.12,0
10544,20260214,142,5824,2,3,2,1,1,,4,979.85,131.8,4787.85,0
10545,20260215,111,5246,17,2,2,3,1,,1,2435.21,241.9,1050.85,0
10546,20260216,148,6450,8,2,1,1,1,,4,1934.08,271.44,1635.3,0
10547,20260217,195,5218,15,2,2,12,1,,1,2578.66,85.94,1650.95,0
10548,20260218,124,5233,10,1,1,1,1,,5,807.33,209.73,3784.9,0
10549,20260219,183,6478,17,2,2,9,1,,4,851.2,257.39,4969.15,0
10550,20260220,141,5905,22,4,2,5,1,,2,2792.54,136.1,4414.28,0
10551,20260221,177,6452,11,3,1,12,1,,6,797.05,278.01,1954.81,0
10552,20260222,123,5199,24,1,1,12,1,,6,2658.84,174.85,2480.17,0
10553,20260223,125,5811,13,3,2,1,1,,6,2192.52,192.53,2863.24,0
10554,20260224,106,5571,7,4,2,3,1,,4,2448.8,85.77,2979.21,0
10555,20260225,195,5881,24,1,2,4,1,,5,495.61,260.0,3301.77,0
10556,20260226,147,6152,9,1,1,7,1,,6,2208.04,177.71,2054.94,0
10557,20260227,199,5650,14,3,2,7,1,,4,974.45,13.53,4813.21,0
10558,20260228,102,5336,11,3,1,8,1,,2,644.69,117.41,2388.37,0
10559,20260301,165,5946,11,1,2,12,1,,4,1029.76,118.74,3643.16,0
10560,20260302,151,5380,11,1,1,5,1,,5,2646.98,52.46,2768.75,0
10561,20260303,110,6372,15,3,2,5,1,,4,1845.1,120.96,2411.49,0
10562,20260304,169,6171,21,4,1,11,1,,1,651.38,62.4,786.41,0
10563,20260305,191,6264,22,3,2,7,1,,2,1354.35,142.61,2042.18,0
10564,20260306,146,5423,23,4,1,7,1,,3,1774.49,194.5,4539.1,0
10565,20260307,200,6158,16,4,2,12,1,,5,1661.9,197.24,3672.58,0
10566,20260308,115,6477,6,3,1,11,1,,6,598.38,65.53,3284.54,0
10567,20260309,176,6023,16,2,2,1,1,,5,2524.56,249.7,804.99,0
10568,20260310,171,5632,2,4,1,6,1,,4,2038.2,245.46,1570.06,0
10569,20260311,153,5162,20,1,2,3,1,,6,1697.71,233.1,562.15,0
10570,20260312,151,5651,4,1,2,9,1,,1,2727.66,66.25,1667.63,0
10571,20260313,112,5484,21,4,2,11,1,,5,753.41,36.87,3396.55,0
10572,20260314,120,5873,9,1,2,1,1,,4,1797.53,50.33,4260.56,0
10573,20260315,104,6295,14,2,1,2,1,,3,1993.65,123.2,4364.24,0
10574,20260316,179,5349,14,3,1,1,1,,6,1474.9,52.42,944.53,0
10575,20260317,126,6283,17,4,1,3,1,,4,461.28,70.06,2561.37,0
10576,20260318,193,5227,23,3,1,12,1,,3,1604.39,293.84,930.49,0
10577,20260319,126,5632,21,1,1,10,1,,4,2584.47,196.71,3341.05,0
10578,20260320,127,6470,10,3,2,3,1,,2,2204.78,267.44,2174.2,0
10579,20260321,164,5890,23,3,1,1,1,,6,1515.18,83.36,939.47,0
10580,20260322,121,5380,8,3,2,2,1,,5,2701.78,258.84,2036.94,0
10581,20260323,133,5247,15,2,1,2,1,,6,1230.78,260.17,687.85,0
10582,20260324,172,5980,9,1,1,7,1,,1,1857.7,152.68,525.0,0
10583,20260325,144,5297,14,1,2,9,1,,5,1505.26,294.07,4799.9,0
10584,20260326,176,5697,23,4,1,6,1,,1,1115.42,104.3,2884.43,0
10585,20260327,191,5380,22,4,2,4,1,,1,1451.13,139.66,1049.63,0
10586,20260328,112,5477,1,4,1,3,1,,1,823.63,151.73,4464.27,0
10587,20260329,121,5441,23,1,2,7,1,,6,502.93,103.45,3518.63,0
10588,20260330,163,6375,10,3,2,4,1,,1,656.19,286.86,4785.17,0
10589,20260331,175,5011,7,4,2,9,1,,3,414.29,248.38,1895.28,0
10590,20260401,180,6357,24,2,2,8,1,,2,695.68,159.25,3032.94,0
10591,20260402,157,6102,3,1,1,4,1,,2,2372.48,249.97,4285.55,0
10592,20260403,185,5722,21,2,1,1,1,,4,782.99,24.52,4369.89,0
10593,20260404,150,5302,10,1,1,11,1,,4,2779.97,8.79,4215.78,0
10594,20260405,187,5824,22,2,2,10,1,,6,1706.01,235.64,4711.53,0
10595,20260406,118,5627,19,3,1,7,1,,5,2229.98,63.82,1135.55,0
10596,20260407,182,5443,7,1,2,5,1,,1,956.25,242.13,2807.63,0
10597,20260408,104,5439,15,4,1,4,1,,3,1125.23,175.37,978.35,0
10598,20260409,147,6468,16,3,1,5,1,,6,2683.24,254.15,1643.32,0
10599,20260410,199,5684,21,2,2,7,1,,1,2285.29,284.99,773.36,0
10600,20260411,153,5971,15,2,1,1,1,,4,1366.63,297.28,2391.92,0
10601,20260412,124,5190,5,4,1,4,1,,4,600.53,90.74,1613.24,0
10602,20260413,135,6152,15,2,2,8,1,,1,498.57,255.14,4039.39,0
10603,20260414,109,5193,14,1,2,5,1,,1,1745.91,244.63,2406.37,0
10604,20260415,112,6316,23,3,2,12,1,,2,624.83,197.5,4213.93,0
10605,20260416,155,5012,4,1,2,8,1,,3,1569.64,109.4,837.08,0
10606,20260417,140,6316,8,1,1,8,1,,1,661.05,117.67,2765.68,0
10607,20260418,168,5719,5,4,2,11,1,,2,1710.71,276.35,3054.09,0
10608,20260419,198,5697,17,3,2,2,1,,6,721.41,219.12,3738.59,0
10609,20260420,137,6247,9,4,1,12,1,,6,1817.22,84.32,4917.13,0
10610,20260421,138,6311,24,3,2,12,1,,6,1445.92,2.03,1394.02,0
10611,20260422,200,5775,22,2,2,7,1,,2,548.86,135.09,3613.32,0
10612,20260423,135,5342,15,4,2,2,1,,6,553.8,271.54,4495.29,0
10613,20260424,109,5779,4,2,1,7,1,,5,1691.16,167.4,4193.63,0
10614,20260425,128,6221,19,1,1,11,1,,4,1627.58,97.43,2225.89,0
10615,20260426,159,5321,2,1,2,12,1,,1,1915.65,236.68,1212.1,0
10616,20260427,106,6032,3,2,1,11,1,,2,1080.01,245.03,1940.93,0
10617,20260428,173,5871,1,1,1,4,1,,3,1686.53,109.77,3538.84,0
10618,20260429,151,6076,4,1,2,8,1,,4,1535.49,170.23,2534.48,0
10619,20260430,173,6470,23,3,2,2,1,,2,1278.72,241.46,3619.73,0
10620,20260501,132,5968,2,1,1,2,1,,1,1377.8,94.7,4077.39,1
10621,20260201,161,5980,11,3,2,3,1,,5,1122.33,11.86,974.59,0
10622,20260202,185,5421,24,2,1,10,1,,4,1577.34,278.59,3586.01,0
10623,20260203,164,5381,20,3,2,1,1,,4,1984.89,89.43,3668.62,0
10624,20260204,195,5163,18,1,2,3,1,,1,1273.71,46.03,3206.51,0
10625,20260205,131,6075,22,2,1,11,1,,1,1147.72,19.24,4971.37,0
10626,20260206,137,6323,13,4,1,6,1,,4,616.18,55.95,4410.06,0
10627,20260207,155,5880,23,4,1,6,1,,3,2038.57,119.25,564.32,0
10628,20260208,186,5785,15,4,2,6,1,,1,1227.65,131.13,2045.36,0
10629,20260209,160,5274,7,4,2,8,1,,3,1732.12,0.44,1070.63,0
10630,20260210,102,5985,14,4,1,12,1,,3,2072.31,213.59,1211.6,0
10631,20260211,142,5218,4,2,1,3,1,,3,2481.45,165.23,4055.39,0
10632,20260212,169,5243,20,3,1,8,1,,4,669.41,22.72,1557.19,0
10633,20260213,145,5250,24,4,2,8,1,,5,2676.76,44.56,3988.45,0
10634,20260214,147,5160,8,3,1,3,1,,4,1244.74,41.77,2078.89,0
10635,20260215,186,6265,19,3,1,4,1,,5,549.22,230.85,3734.86,0
10636,20260216,172,5949,17,3,1,11,1,,3,1988.3,74.09,2755.45,0
10637,20260217,172,5641,6,2,2,7,1,,3,1942.76,6.33,3132.63,0
10638,20260218,153,5493,14,4,2,4,1,,2,1753.8,196.06,2040.31,0
10639,20260219,149,5564,5,2,1,2,1,,3,1101.48,261.48,2898.56,0
10640,20260220,109,5949,6,2,2,9,1,,1,2449.11,220.11,3709.86,0
10641,20260221,117,5981,17,1,2,3,1,,2,2037.16,245.24,3069.28,0
10642,20260222,150,6230,24,1,2,6,1,,4,2426.98,77.57,658.91,0
10643,20260223,127,5792,14,2,1,1,1,,4,2362.01,216.33,1396.64,0
10644,20260224,104,5825,13,1,1,8,1,,3,1843.38,84.33,4265.87,0
10645,20260225,145,5543,5,3,1,12,1,,2,1934.61,246.49,2745.85,0
10646,20260226,172,5053,11,2,1,11,1,,5,1978.07,201.62,2458.9,0
10647,20260227,141,5977,21,4,1,4,1,,1,1500.02,86.39,2040.3,0
10648,20260228,186,6244,17,2,1,12,1,,3,632.48,287.77,1111.66,0
10649,20260301,104,5822,7,4,1,8,1,,6,1688.61,104.04,3198.72,0
10650,20260302,110,6077,4,4,2,8,1,,3,722.71,228.77,4913.42,0
10651,20260303,148,6293,15,3,2,5,1,,1,2603.35,295.97,1636.69,0
10652,20260304,170,5027,17,4,2,4,1,,1,1435.37,85.86,4571.95,0
10653,20260305,181,6234,22,3,1,6,1,,2,1378.59,295.67,4298.05,0
10654,20260306,108,5505,18,4,2,9,1,,4,638.28,77.28,2062.74,0
10655,20260307,152,6388,20,1,1,1,1,,1,2301.39,62.33,1026.94,0
10656,20260308,155,5581,1,1,2,10,1,,6,1326.03,154.17,795.09,0
10657,20260309,173,5918,13,3,1,10,1,,1,2114.24,143.44,3085.64,0
10658,20260310,182,5450,17,2,2,10,1,,4,1607.36,141.97,624.83,0
10659,20260311,165,5531,16,1,2,10,1,,4,1479.93,253.5,613.9,1
10660,20260312,119,5722,22,2,2,12,1,,4,1883.95,174.81,4599.7,0
10661,20260313,142,5475,24,3,1,1,1,,4,2255.53,91.57,742.14,0
10662,20260314,182,5354,1,1,2,1,1,,1,1637.97,32.99,3000.34,0
10663,20260315,191,5619,6,2,1,6,1,,5,2779.01,8.09,4777.26,0
10664,20260316,189,6374,23,4,1,5,1,,5,1896.55,298.76,1789.03,0
10665,20260317,166,5339,20,3,2,2,1,,2,1397.79,72.32,4036.79,0
10666,20260318,137,5324,14,4,1,5,1,,2,1545.66,198.75,639.05,0
10667,20260319,124,6139,23,4,2,4,1,,6,622.12,165.53,3167.19,0
10668,20260320,121,6195,1,1,2,5,1,,3,2372.76,8.98,3814.91,0
10669,20260321,102,5211,11,2,2,12,1,,1,913.1,286.56,3531.34,0
10670,20260322,107,6488,13,3,2,5,1,,6,639.15,254.73,4069.2,0
10671,20260323,186,5411,11,1,2,12,1,,6,1224.73,209.75,2246.1,0
10672,20260324,182,5336,24,4,1,2,1,,6,637.05,7.74,824.93,0
10673,20260325,144,6433,3,4,2,10,1,,1,1389.65,234.14,2456.31,0
10674,20260326,146,6499,3,1,2,12,1,,6,423.97,179.89,2840.41,0
10675,20260327,139,6151,12,2,1,2,1,,2,1948.24,173.99,2178.45,0
10676,20260328,157,5164,22,4,2,4,1,,4,1211.85,66.31,1598.92,0
10677,20260329,157,5469,7,4,1,9,1,,1,2738.93,102.81,700.63,0
10678,20260330,117,6498,22,2,2,7,1,,3,738.96,195.15,4012.58,0
10679,20260331,152,5585,18,1,1,11,1,,1,770.61,44.34,1479.8,0
10680,20260401,197,6292,9,4,2,7,1,,6,1113.55,84.52,3695.67,0
10681,20260402,191,5385,5,2,1,8,1,,1,493.99,230.22,1165.25,0
10682,20260403,149,5733,18,2,2,9,1,,5,2091.34,253.31,2088.68,0
10683,20260404,108,5893,24,1,1,10,1,,6,772.1,51.82,4875.02,0
10684,20260405,122,5814,10,3,2,12,1,,4,1027.32,139.68,1559.58,0
10685,20260406,135,5200,2,4,1,5,1,,4,2578.51,166.06,1898.0,0
10686,20260407,124,5515,8,3,2,3,1,,3,2702.47,296.39,2303.95,0
10687,20260408,101,5165,16,1,1,9,1,,4,2525.35,173.85,3888.9,0
10688,20260409,105,5559,23,1,2,4,1,,2,674.4,142.84,2581.62,0
10689,20260410,109,5588,22,4,2,5,1,,4,432.71,121.07,3855.24,0
10690,20260411,119,5402,4,3,2,8,1,,4,683.33,33.71,1181.88,0
10691,20260412,124,5727,3,3,2,7,1,,3,1699.43,257.78,891.04,0
10692,20260413,196,5344,14,4,1,8,1,,6,2003.01,258.63,1556.87,0
10693,20260414,169,5755,17,4,2,3,1,,4,2470.72,194.59,4225.28,0
10694,20260415,158,5075,4,4,1,10,1,,3,927.64,117.82,4584.41,0
10695,20260416,114,5164,5,2,2,5,1,,4,893.36,181.12,2672.47,0
10696,20260417,104,5819,5,1,2,3,1,,6,1595.0,295.33,1599.99,0
10697,20260418,192,6109,3,3,2,7,1,,5,1201.97,92.89,2522.01,0
10698,20260419,113,6021,12,2,2,2,1,,3,2475.19,290.48,681.16,0
10699,20260420,177,6029,6,4,1,1,1,,4,2478.71,44.02,667.22,0
10700,20260421,103,5731,7,3,1,1,1,,6,770.82,128.62,1525.67,0
10701,20260422,181,6262,13,1,2,1,1,,6,1644.49,193.94,945.24,0
10702,20260423,139,6309,3,2,1,1,1,,2,693.39,96.51,2989.18,0
10703,20260424,115,5773,4,3,1,10,1,,1,1645.08,14.14,1231.13,0
10704,20260425,121,5425,15,4,2,5,1,,3,2289.08,60.76,3562.16,0
10705,20260426,112,5357,1,2,1,11,1,,4,2799.13,263.35,2686.94,0
10706,20260427,107,5449,12,3,1,8,1,,1,2670.43,187.38,1554.97,0
10707,20260428,180,5814,9,1,2,7,1,,1,580.15,203.53,602.17,0
10708,20260429,140,6492,21,2,2,12,1,,2,1646.52,175.73,1694.49,0
10709,20260430,127,5277,23,4,1,5,1,,2,2226.19,179.55,2472.25,0
10710,20260501,171,5385,2,2,1,4,1,,1,694.0,187.4,2792.53,0
10711,20260201,161,6093,18,1,1,12,1,,5,2642.86,116.86,1915.43,0
10712,20260202,150,5416,12,4,1,10,1,,2,2042.42,248.0,4618.21,0
10713,20260203,125,5866,17,2,2,11,1,,3,2758.06,175.22,3875.08,0
10714,20260204,170,5817,10,4,1,11,1,,3,1951.31,76.4,2468.87,0
10715,20260205,197,5801,19,2,1,8,1,,4,2672.88,281.85,609.3,0
10716,20260206,164,6258,10,2,2,4,1,,2,1586.64,267.72,567.64,0
10717,20260207,169,6193,1,4,1,10,1,,6,901.59,219.03,4624.92,0
10718,20260208,165,5786,18,2,2,2,1,,2,2353.09,193.46,4432.31,0
10719,20260209,187,5326,12,4,1,5,1,,3,859.61,19.26,1038.67,0
10720,20260210,155,6443,19,1,1,8,1,,5,871.69,200.15,2256.15,0
10721,20260211,173,6328,1,4,1,9,1,,4,2398.9,5.03,3622.65,0
10722,20260212,151,5355,11,4,1,2,1,,3,1840.48,115.71,859.0,0
10723,20260213,189,5581,6,3,1,10,1,,3,1960.64,123.59,2720.15,0
10724,20260214,149,6479,22,2,2,4,1,,2,998.95,25.54,3645.02,0
10725,20260215,132,5413,8,2,2,7,1,,4,467.77,182.54,3744.71,0
10726,20260216,163,5499,5,2,1,11,1,,1,1162.71,105.12,720.42,0
10727,20260217,164,5725,21,2,1,2,1,,6,2291.2,125.05,1574.2,0
10728,20260218,119,5233,10,3,2,6,1,,3,1077.87,180.21,2887.45,0
10729,20260219,151,6216,2,4,2,3,1,,2,1534.63,17.09,1608.34,0
10730,20260220,168,6363,3,3,1,3,1,,1,1066.08,299.07,2003.74,0
10731,20260221,154,5595,9,3,2,11,1,,4,758.97,1.05,4962.96,0
10732,20260222,148,5037,22,1,2,6,1,,5,1899.03,83.06,2757.48,0
10733,20260223,124,5437,3,3,1,11,1,,2,745.16,259.78,2977.76,0
10734,20260224,176,5903,7,4,2,7,1,,1,1395.45,9.21,4356.06,0
10735,20260225,160,6271,10,3,1,10,1,,6,1708.07,106.0,4631.97,0
10736,20260226,176,5183,12,4,2,7,1,,1,2776.47,299.3,1955.33,0
10737,20260227,161,5379,4,4,2,1,1,,2,2094.04,207.66,3483.12,0
10738,20260228,163,6402,13,3,2,4,1,,5,1613.9,56.93,2784.17,0
10739,20260301,142,5412,7,3,1,3,1,,4,1210.01,255.0,2994.26,0
10740,20260302,161,5837,17,1,2,1,1,,6,1678.95,299.32,726.32,0
10741,20260303,107,5342,20,1,2,8,1,,4,1249.69,162.18,4603.91,0
10742,20260304,107,6313,15,2,2,4,1,,3,1705.64,132.64,1136.68,0
10743,20260305,105,6475,11,4,1,6,1,,1,2428.59,57.75,3056.9,0
10744,20260306,112,6284,8,4,1,12,1,,2,1680.94,147.86,671.68,0
10745,20260307,103,5308,16,2,2,4,1,,4,1924.69,279.53,2039.7,0
10746,20260308,170,6187,10,3,1,5,1,,2,1510.74,100.91,2776.46,0
10747,20260309,175,5568,23,1,1,3,1,,5,1759.03,229.89,3505.96,0
10748,20260310,143,5065,6,4,2,12,1,,6,1829.52,78.74,2357.4,0
10749,20260311,195,5066,13,4,1,8,1,,1,944.7,59.42,3234.57,0
10750,20260312,192,6139,16,4,2,2,1,,2,751.35,137.15,3079.52,0
10751,20260313,121,5075,7,1,2,6,1,,1,2143.23,108.98,3749.78,0
10752,20260314,108,5275,14,4,1,8,1,,5,488.96,51.65,2852.94,0
10753,20260315,159,6135,3,2,1,7,1,,1,2718.71,92.22,3716.24,0
10754,20260316,105,5255,18,2,2,6,1,,1,486.95,290.31,3034.79,0
10755,20260317,109,5742,13,2,2,4,1,,3,2632.84,30.12,3486.67,0
10756,20260318,127,5646,21,1,1,10,1,,3,2479.94,298.71,3230.95,0
10757,20260319,164,5533,13,1,2,3,1,,1,771.48,155.66,4463.42,0
10758,20260320,191,5442,15,1,2,8,1,,1,2353.43,80.39,2320.37,0
10759,20260321,122,5611,16,1,1,3,1,,2,1211.5,139.26,2023.75,0
10760,20260322,143,6007,5,3,2,10,1,,2,2799.44,136.94,3405.01,0
10761,20260323,125,5137,24,2,1,1,1,,5,1287.0,105.06,710.28,0
10762,20260324,175,6198,3,4,2,6,1,,3,1984.45,186.47,809.06,0
10763,20260325,161,5901,12,2,1,2,1,,4,1198.37,160.4,2386.1,0
10764,20260326,159,5094,6,4,1,2,1,,4,1713.89,288.42,2639.96,0
10765,20260327,135,5408,14,3,2,9,1,,1,1268.91,225.49,3531.1,0
10766,20260328,130,5690,23,3,1,6,1,,2,508.94,57.17,2874.54,0
10767,20260329,131,5983,15,2,2,4,1,,6,1826.24,252.93,3718.41,0
10768,20260330,173,5134,22,3,2,10,1,,4,1661.02,23.25,4292.08,0
10769,20260331,200,5996,8,1,2,10,1,,6,2564.33,76.98,1534.23,0
10770,20260401,168,5396,16,3,1,12,1,,2,1274.34,98.33,4187.39,0
10771,20260402,169,5556,23,1,1,4,1,,6,1263.41,283.59,1698.25,0
10772,20260403,137,5656,15,4,1,4,1,,3,624.23,119.06,2746.08,0
10773,20260404,125,6069,14,4,2,4,1,,4,1629.64,274.85,2344.68,0
10774,20260405,191,6116,23,4,2,2,1,,5,2594.6,214.95,4782.89,0
10775,20260406,193,5396,6,1,1,4,1,,2,2670.16,215.46,2698.44,0
10776,20260407,161,5356,6,4,2,8,1,,2,934.87,64.33,1253.58,0
10777,20260408,174,6301,1,4,2,11,1,,6,1437.63,35.09,4159.28,0
10778,20260409,198,5147,19,3,2,8,1,,4,1077.11,79.65,2233.1,0
10779,20260410,178,5847,4,1,1,7,1,,5,817.32,22.85,3250.51,0
10780,20260411,169,5493,24,1,1,5,1,,3,512.13,1.26,3299.94,0
10781,20260412,169,5995,21,1,1,7,1,,6,638.21,241.51,3930.24,1
10782,20260413,121,5338,15,1,1,12,1,,2,1369.23,129.83,3069.96,0
10783,20260414,128,5609,8,2,2,1,1,,6,1334.5,77.81,606.8,0
10784,20260415,112,5758,12,1,2,7,1,,1,1538.07,161.58,3056.09,0
10785,20260416,169,6324,13,3,1,1,1,,5,1635.41,67.21,2462.24,0
10786,20260417,184,5623,24,1,2,6,1,,1,2336.37,215.47,2253.96,0
10787,20260418,151,5985,8,3,2,6,1,,1,2597.56,26.81,1779.83,0
10788,20260419,122,5344,10,1,2,12,1,,6,1815.11,193.45,750.87,0
10789,20260420,174,5045,21,3,1,10,1,,1,1080.5,16.95,1707.86,0
10790,20260421,138,5534,4,1,2,7,1,,5,952.5,17.28,3960.74,0
10791,20260422,191,5964,21,1,1,7,1,,3,1630.66,206.98,3558.72,0
10792,20260423,176,5370,7,2,2,10,1,,2,440.9,60.12,617.04,0
10793,20260424,151,6199,14,4,1,10,1,,1,2519.38,112.52,1577.37,0
10794,20260425,182,6147,22,3,1,9,1,,2,997.29,240.4,1544.7,0
10795,20260426,116,5828,23,2,2,1,1,,3,717.71,119.46,1396.16,0
10796,20260427,181,5503,11,3,2,7,1,,5,627.05,234.73,1911.05,0
10797,20260428,143,5632,5,3,2,6,1,,6,1837.27,46.16,3609.35,0
10798,20260429,167,5701,22,2,1,11,1,,5,2544.53,120.34,3357.21,0
10799,20260430,162,5765,18,2,2,1,1,,5,946.67,29.13,2802.66,0
10800,20260501,144,6152,7,2,2,7,1,,1,1195.74,110.73,3349.92,0
10801,20260201,157,6490,17,2,1,6,1,,5,1256.44,257.43,3842.24,0
10802,20260202,155,5257,15,3,2,8,1,,3,754.77,12.77,2645.41,0
10803,20260203,168,6190,12,3,1,10,1,,3,2578.59,85.19,2358.69,0
10804,20260204,159,5331,13,4,1,10,1,,6,641.62,52.85,4112.65,0
10805,20260205,170,5028,11,1,1,4,1,,3,440.73,49.9,2856.42,0
10806,20260206,188,5732,23,2,2,9,1,,2,2759.33,36.37,3283.6,0
10807,20260207,194,5417,21,3,1,8,1,,6,2737.55,120.44,2808.66,0
10808,20260208,145,5798,18,3,1,11,1,,1,2354.65,181.14,4720.89,0
10809,20260209,145,5727,21,4,2,12,1,,2,1887.75,141.83,4026.59,0
10810,20260210,185,5929,18,2,1,7,1,,5,567.6,278.39,4117.15,0
10811,20260211,135,5498,10,2,1,5,1,,2,2315.29,184.99,4563.09,0
10812,20260212,129,6499,20,4,2,9,1,,3,2580.27,266.73,4195.03,0
10813,20260213,133,6251,1,1,1,7,1,,6,2526.24,189.54,1373.83,0
10814,20260214,194,5379,20,4,1,2,1,,6,2388.1,230.69,3824.71,0
10815,20260215,140,5664,13,4,1,6,1,,2,2398.18,51.99,4490.94,0
10816,20260216,146,5210,21,4,2,12,1,,4,2140.48,269.06,4167.43,0
10817,20260217,143,5460,21,1,1,10,1,,2,1693.29,89.43,1655.26,0
10818,20260218,140,5913,23,4,2,2,1,,3,805.87,93.79,2356.94,0
10819,20260219,124,6122,17,3,1,6,1,,2,2246.23,53.2,904.23,0
10820,20260220,162,5399,18,1,2,8,1,,4,1486.7,221.4,4092.16,0
10821,20260221,184,5504,20,1,1,9,1,,2,2082.29,158.34,3847.12,0
10822,20260222,108,5466,23,1,1,1,1,,2,1900.62,184.31,1342.88,0
10823,20260223,143,5684,20,1,2,2,1,,5,1735.79,278.84,2628.17,0
10824,20260224,118,5259,7,3,1,12,1,,1,937.66,123.27,3108.21,0
10825,20260225,132,5352,17,1,2,7,1,,1,713.86,245.17,2855.27,0
10826,20260226,114,5225,21,2,2,10,1,,6,2136.77,217.12,2974.41,0
10827,20260227,187,5433,6,3,2,8,1,,6,2583.16,88.32,2009.06,0
10828,20260228,154,6189,8,3,1,6,1,,3,586.6,213.06,1244.95,0
10829,20260301,156,5947,18,4,2,12,1,,4,681.91,71.09,942.91,0
10830,20260302,133,5582,10,3,1,1,1,,3,2642.89,263.71,2376.19,0
10831,20260303,180,5043,14,2,2,7,1,,4,566.95,297.68,1645.98,0
10832,20260304,190,6087,19,1,2,6,1,,5,950.4,274.36,1516.99,0
10833,20260305,101,5130,7,1,1,6,1,,6,2276.84,32.52,3937.56,0
10834,20260306,173,6491,20,3,1,10,1,,1,2101.84,235.11,1973.76,0
10835,20260307,199,5798,18,4,2,5,1,,6,1712.13,84.68,4965.99,0
10836,20260308,143,6064,13,2,1,9,1,,4,1193.32,205.69,596.67,0
10837,20260309,156,5649,16,1,1,3,1,,3,1205.7,103.65,2548.55,0
10838,20260310,200,5253,8,1,2,10,1,,4,1425.14,251.8,3450.95,0
10839,20260311,105,5236,12,3,1,4,1,,2,1103.21,278.52,1263.42,0
10840,20260312,193,6423,3,3,1,11,1,,2,994.82,251.75,2683.56,0
10841,20260313,186,6402,9,4,2,7,1,,4,2719.4,222.37,3230.2,0
10842,20260314,193,5043,1,1,1,3,1,,1,1301.13,268.38,841.01,0
10843,20260315,181,6439,16,4,1,11,1,,2,2289.13,289.61,4019.49,0
10844,20260316,107,5609,23,3,1,5,1,,1,1315.11,255.85,4058.0,0
10845,20260317,106,5998,6,3,2,4,1,,3,1188.56,104.18,2883.34,0
10846,20260318,129,5606,17,2,1,8,1,,4,2485.49,299.84,1401.77,0
10847,20260319,168,5515,21,2,1,4,1,,2,1365.99,283.04,4725.92,0
10848,20260320,166,6173,2,1,1,2,1,,5,469.24,280.61,3008.7,0
10849,20260321,184,5834,22,1,2,8,1,,2,2674.75,54.76,4397.9,0
10850,20260322,117,5126,22,4,1,11,1,,2,2617.25,183.03,3468.63,0
10851,20260323,136,5216,1,2,2,12,1,,3,2792.23,286.64,3745.45,0
10852,20260324,145,5115,4,3,2,4,1,,1,2024.93,145.7,3877.95,0
10853,20260325,181,5448,2,1,1,3,1,,5,408.3,201.47,2483.83,0
10854,20260326,162,6351,22,4,2,6,1,,3,486.18,86.44,1876.75,0
10855,20260327,151,5380,6,1,1,7,1,,5,1842.29,177.52,2632.71,0
10856,20260328,145,5503,17,1,1,10,1,,5,2473.03,177.94,3743.51,0
10857,20260329,191,5381,21,1,1,9,1,,1,786.18,68.79,3580.26,0
10858,20260330,136,6442,1,1,1,7,1,,4,734.96,185.4,1177.81,0
10859,20260331,174,6325,22,2,1,9,1,,1,2312.15,203.3,4733.53,0
10860,20260401,146,5065,15,4,1,12,1,,2,2029.95,159.05,2811.24,0
10861,20260402,196,5740,1,1,1,11,1,,4,1422.21,216.57,1265.96,0
10862,20260403,105,6424,19,1,2,3,1,,4,2584.85,163.63,508.72,0
10863,20260404,180,5027,21,3,1,6,1,,5,1092.96,59.3,3786.43,1
10864,20260405,174,5877,10,4,2,3,1,,3,2435.01,229.43,997.25,0
10865,20260406,134,6272,19,2,2,6,1,,3,1806.27,297.08,2166.26,0
10866,20260407,123,6151,20,2,1,7,1,,6,1574.47,39.06,3663.47,0
10867,20260408,132,5623,1,2,2,10,1,,6,2758.96,137.46,2412.05,0
10868,20260409,131,6310,15,3,2,4,1,,2,1048.51,222.36,2229.83,0
10869,20260410,176,5824,16,4,1,4,1,,4,599.47,67.98,3950.1,0
10870,20260411,173,6456,14,3,2,1,1,,6,2677.42,96.5,3932.45,0
10871,20260412,166,5939,10,2,1,3,1,,5,2115.39,60.2,1812.31,0
10872,20260413,112,5167,22,2,1,2,1,,2,2252.73,237.56,2100.25,0
10873,20260414,106,5073,4,4,1,3,1,,3,2382.61,256.94,2432.14,0
10874,20260415,184,5556,3,4,2,3,1,,5,1057.86,242.97,4037.13,0
10875,20260416,171,6124,2,4,2,11,1,,6,2771.83,13.92,2836.6,0
10876,20260417,142,6120,1,4,2,4,1,,3,1932.65,260.85,4940.25,0
10877,20260418,178,5991,20,3,1,11,1,,2,760.49,89.38,4956.71,0
10878,20260419,112,5557,14,2,2,8,1,,2,2393.99,0.23,3532.21,0
10879,20260420,159,6328,19,3,1,6,1,,3,864.04,163.9,566.05,0
10880,20260421,156,5812,3,2,1,7,1,,3,693.41,55.18,3626.44,0
10881,20260422,104,6163,23,4,1,11,1,,3,1704.45,245.21,3933.42,0
10882,20260423,199,6177,5,1,1,10,1,,3,1875.02,286.0,562.92,0
10883,20260424,130,6164,20,1,2,11,1,,2,642.46,298.03,2173.97,0
10884,20260425,161,5608,4,2,1,10,1,,1,1153.03,238.47,3312.69,0
10885,20260426,111,6258,3,4,2,6,1,,5,717.72,240.82,1373.96,0
10886,20260427,188,5844,6,2,1,7,1,,1,477.16,54.51,4329.91,0
10887,20260428,126,5249,23,3,2,12,1,,2,1226.26,211.94,754.92,0
10888,20260429,115,6382,3,1,1,1,1,,3,896.37,271.17,718.8,0
10889,20260430,185,6157,17,4,1,8,1,,2,2122.66,53.69,4955.75,0
10890,20260501,170,6057,7,2,1,11,1,,5,2759.73,287.32,1623.87,0
10891,20260201,163,5606,14,1,1,3,1,,1,1507.29,135.78,827.43,0
10892,20260202,180,6001,3,4,2,12,1,,4,1352.43,154.42,2476.63,0
10893,20260203,149,6014,12,4,2,4,1,,6,1490.76,70.72,4358.56,0
10894,20260204,158,5410,7,3,2,8,1,,2,2231.0,83.55,797.99,0
10895,20260205,177,5137,12,1,1,9,1,,6,1208.81,223.89,4587.62,0
10896,20260206,169,6057,13,1,2,6,1,,3,2311.72,94.8,840.35,0
10897,20260207,131,5663,22,2,1,8,1,,4,1394.38,178.17,3620.42,0
10898,20260208,180,6212,14,3,1,8,1,,3,2196.12,167.46,1817.02,0
10899,20260209,181,5795,13,2,1,5,1,,3,1836.71,241.23,1319.99,0
10900,20260210,118,5943,18,4,2,2,1,,5,2076.21,2.09,2647.19,0
10901,20260211,168,5246,2,1,1,5,1,,2,2338.9,42.94,2383.71,0
10902,20260212,140,5434,4,2,1,9,1,,6,1705.05,33.69,1184.72,0
10903,20260213,195,6345,13,3,1,1,1,,1,523.28,286.11,4868.19,0
10904,20260214,169,5914,22,4,2,3,1,,5,2319.85,183.08,3172.53,0
10905,20260215,158,6082,22,1,1,2,1,,1,969.97,110.83,4515.69,0
10906,20260216,134,6079,9,4,2,10,1,,4,2355.55,250.61,1354.5,0
10907,20260217,162,5255,13,3,2,10,1,,6,1876.81,186.87,1782.79,0
10908,20260218,190,6455,5,2,2,1,1,,2,1765.68,58.22,3308.8,0
10909,20260219,184,6399,2,2,1,10,1,,2,2101.31,170.8,1837.32,0
10910,20260220,155,5950,8,2,1,1,1,,4,453.73,246.7,4072.41,0
10911,20260221,151,5320,3,3,2,9,1,,1,1169.62,130.51,4990.84,0
10912,20260222,188,6204,4,3,2,4,1,,5,2229.64,249.04,4154.81,0
10913,20260223,165,6344,14,3,1,7,1,,1,1016.25,255.37,3337.2,0
10914,20260224,174,5233,6,1,2,6,1,,6,1692.87,162.37,1005.07,0
10915,20260225,129,5723,20,1,2,2,1,,2,1372.24,230.87,2701.99,0
10916,20260226,142,6195,10,2,1,10,1,,5,1015.61,165.13,2040.16,0
10917,20260227,114,5836,19,2,1,4,1,,6,1434.48,96.58,706.94,0
10918,20260228,159,5370,14,4,2,2,1,,4,727.72,251.84,2237.91,0
10919,20260301,149,5888,24,3,2,9,1,,1,1326.81,138.1,1767.84,0
10920,20260302,148,6050,1,2,1,5,1,,1,2151.5,190.3,3592.8,0
10921,20260303,113,5066,3,2,1,12,1,,4,514.16,269.53,4792.15,0
10922,20260304,174,6381,4,1,2,8,1,,2,1337.06,47.54,3487.86,0
10923,20260305,193,5198,23,2,2,6,1,,6,2072.86,253.87,3810.47,0
10924,20260306,127,6164,10,2,2,7,1,,6,1700.75,76.02,589.75,0
10925,20260307,105,5825,23,3,2,2,1,,3,2389.91,75.11,1536.27,0
10926,20260308,172,6337,22,1,2,10,1,,1,2032.14,238.83,3358.1,0
10927,20260309,138,5421,14,4,2,12,1,,6,1732.17,13.17,2252.04,0
10928,20260310,121,5342,16,4,1,12,1,,2,656.06,49.66,719.23,0
10929,20260311,163,5624,8,2,1,1,1,,3,1439.66,211.5,4382.93,0
10930,20260312,116,5908,4,4,2,6,1,,3,1097.29,28.25,1304.47,0
10931,20260313,198,5690,3,4,1,12,1,,5,1948.71,25.42,2708.18,0
10932,20260314,104,6348,6,2,2,9,1,,2,1995.96,36.35,3085.53,0
10933,20260315,119,5509,12,2,1,11,1,,2,532.09,16.82,1514.35,0
10934,20260316,136,5128,24,1,2,3,1,,6,2760.66,199.68,1097.74,0
10935,20260317,167,5925,18,3,2,11,1,,2,1548.17,52.71,3150.82,0
10936,20260318,139,5665,11,4,2,12,1,,4,872.75,185.49,4400.59,0
10937,20260319,198,5597,8,2,1,11,1,,4,1736.77,8.4,2482.35,0
10938,20260320,148,5337,15,3,1,3,1,,6,489.65,192.75,4215.96,0
10939,20260321,139,5247,20,2,2,2,1,,2,928.52,136.17,1667.81,0
10940,20260322,144,5066,6,1,2,6,1,,2,655.84,110.5,2631.5,0
10941,20260323,179,5965,18,4,2,5,1,,2,1868.44,64.02,4148.59,0
10942,20260324,110,5590,12,3,1,10,1,,2,1151.93,267.7,514.37,0
10943,20260325,130,5617,12,1,1,10,1,,1,1964.61,295.73,4320.93,0
10944,20260326,182,5968,2,3,1,7,1,,2,1307.42,193.18,2493.1,0
10945,20260327,123,5284,11,3,1,10,1,,4,979.04,102.41,1199.86,0
10946,20260328,175,6182,17,2,2,6,1,,4,2427.02,189.18,4496.2,0
10947,20260329,158,5539,15,4,2,3,1,,5,1356.73,62.74,2955.08,0
10948,20260330,134,5414,6,3,2,11,1,,4,617.83,20.21,1519.12,0
10949,20260331,129,6047,8,2,2,1,1,,4,1658.84,143.96,3451.79,0
10950,20260401,138,6380,9,4,2,2,1,,4,1062.97,2.29,3521.45,0
10951,20260402,142,5647,6,1,2,2,1,,4,2566.34,186.17,3672.44,0
10952,20260403,127,5371,3,4,1,10,1,,1,659.86,235.21,3415.77,0
10953,20260404,170,5834,24,3,2,5,1,,6,1310.1,97.67,3481.15,0
10954,20260405,179,6479,10,2,1,11,1,,3,1587.69,161.62,2498.39,0
10955,20260406,194,5515,1,2,2,5,1,,6,903.12,119.51,3435.6,0
10956,20260407,117,6467,12,3,2,3,1,,3,550.2,123.58,1147.84,0
10957,20260408,175,5657,10,1,1,8,1,,5,2089.93,108.57,3052.49,0
10958,20260409,182,6241,18,2,2,4,1,,4,506.48,86.14,808.04,0
10959,20260410,145,5346,17,2,2,10,1,,4,2132.74,60.67,715.46,0
10960,20260411,130,5903,9,1,2,3,1,,4,2516.75,22.94,4332.52,0
10961,20260412,162,5943,18,1,2,1,1,,2,2075.11,231.87,836.85,0
10962,20260413,172,5224,6,4,1,5,1,,4,2698.31,173.27,3547.9,0
10963,20260414,117,5044,23,1,1,12,1,,3,772.91,190.65,3981.52,0
10964,20260415,127,5809,8,2,2,2,1,,5,1068.89,130.91,4015.93,0
10965,20260416,102,5781,20,2,2,2,1,,6,2129.58,50.7,2963.43,0
10966,20260417,141,6490,24,2,2,2,1,,2,1454.95,36.52,2364.45,0
10967,20260418,125,6150,4,3,1,9,1,,1,2101.39,247.94,3148.9,0
10968,20260419,187,5883,7,4,2,1,1,,6,804.01,292.11,631.61,0
10969,20260420,123,5241,1,1,2,9,1,,1,1801.42,243.78,4797.79,0
10970,20260421,122,5797,24,2,2,7,1,,3,1397.56,166.56,4385.77,0
10971,20260422,119,6116,12,1,1,9,1,,5,2160.64,259.15,1511.64,0
10972,20260423,161,5146,15,4,2,4,1,,3,1539.59,155.19,2140.03,0
10973,20260424,184,5217,10,1,1,11,1,,3,2061.35,138.79,2813.88,0
10974,20260425,130,5050,8,1,1,2,1,,1,2273.65,249.78,2583.22,0
10975,20260426,164,5072,22,3,2,1,1,,6,1845.84,157.98,3346.08,0
10976,20260427,151,5938,2,4,1,2,1,,3,1008.75,117.73,3788.51,0
10977,20260428,138,5978,20,4,2,2,1,,5,1160.94,189.54,1588.41,0
10978,20260429,156,5839,5,3,1,3,1,,5,1071.86,96.86,2956.96,0
10979,20260430,197,5170,17,3,1,9,1,,1,1968.41,79.65,3026.57,0
10980,20260501,126,5180,4,3,1,1,1,,1,1841.98,103.53,2886.01,0
10981,20260201,193,6189,9,1,2,7,1,,3,2067.49,256.08,3457.23,0
10982,20260202,134,6074,6,4,1,2,1,,3,1237.2,228.32,3156.04,0
10983,20260203,156,6437,17,1,1,2,1,,4,1733.41,22.76,4607.26,0
10984,20260204,159,5521,2,4,2,10,1,,2,2139.27,11.75,1616.31,0
10985,20260205,148,6349,21,3,2,3,1,,1,714.84,195.54,1070.39,0
10986,20260206,133,6181,10,3,1,4,1,,6,570.72,179.87,2941.07,0
10987,20260207,175,5563,22,3,2,11,1,,6,2026.46,264.15,689.21,0
10988,20260208,161,5135,23,4,1,1,1,,6,838.58,106.92,3743.59,1
10989,20260209,114,5420,24,3,2,7,1,,3,1863.03,83.56,2573.75,0
10990,20260210,121,5139,23,1,2,3,1,,1,1439.14,36.09,559.06,0
10991,20260211,192,5858,19,4,1,4,1,,5,2357.07,231.43,3546.51,0
10992,20260212,193,6337,10,2,2,8,1,,1,2070.37,237.87,4836.87,0
10993,20260213,103,6470,5,2,2,8,1,,4,2050.58,84.17,3747.58,0
10994,20260214,186,6172,2,2,1,9,1,,5,2393.09,29.02,1474.64,0
10995,20260215,192,5443,15,2,1,9,1,,4,1343.83,49.89,1170.45,0
10996,20260216,184,5207,2,1,2,5,1,,1,2395.95,246.86,4495.05,0
10997,20260217,153,6166,22,3,1,8,1,,2,1997.24,76.5,2780.39,0
10998,20260218,150,5493,10,4,1,8,1,,4,616.34,232.49,1205.13,0
10999,20260219,139,5792,22,2,1,1,1,,4,704.48,196.29,4596.35,0
11000,20260220,118,5701,14,4,2,2,1,,6,1085.72,117.28,4488.93,0
11001,20260221,146,5801,4,3,1,11,1,,4,2342.53,193.41,3348.94,0
11002,20260222,108,5644,8,2,1,12,1,,1,898.48,216.09,520.83,0
11003,20260223,177,6092,20,2,2,2,1,,3,1565.88,86.84,3834.27,0
11004,20260224,117,6130,17,1,1,9,1,,3,2503.52,246.43,3611.65,0
11005,20260225,124,6199,17,2,1,2,1,,1,2501.89,37.75,3469.22,0
11006,20260226,160,5237,24,1,2,5,1,,5,1638.15,229.43,2973.85,0
11007,20260227,178,6089,8,2,2,4,1,,2,474.67,54.42,1445.56,0
11008,20260228,143,5474,20,4,2,11,1,,3,415.09,209.64,4524.3,0
11009,20260301,153,5675,22,4,1,8,1,,3,577.44,160.71,2841.26,0
11010,20260302,181,5156,8,3,2,10,1,,5,1058.13,186.12,3919.33,0
11011,20260303,171,5691,12,2,1,2,1,,6,2332.5,146.63,4727.07,0
11012,20260304,108,6292,1,3,2,11,1,,1,2478.21,167.7,2898.93,0
11013,20260305,185,5153,19,2,2,4,1,,3,1825.18,159.31,3826.1,0
11014,20260306,111,5479,9,3,1,10,1,,1,1219.82,232.96,1454.86,0
11015,20260307,153,6022,12,2,2,10,1,,3,2650.56,91.55,2651.27,1
11016,20260308,124,6441,14,2,1,11,1,,6,868.08,63.29,4549.91,0
11017,20260309,186,5988,20,4,1,3,1,,1,1140.02,96.92,3390.02,0
11018,20260310,132,5107,4,1,2,5,1,,4,939.93,55.26,3839.58,1
11019,20260311,169,5510,21,2,1,1,1,,6,1870.37,252.51,3409.64,0
11020,20260312,176,5304,19,3,1,3,1,,6,1047.37,194.72,558.45,1
11021,20260313,123,6297,22,1,1,1,1,,6,468.84,20.07,3973.91,0
11022,20260314,148,5392,3,1,1,10,1,,6,517.31,76.75,4526.39,0
11023,20260315,122,5952,24,1,1,4,1,,6,1970.17,276.7,4038.01,0
11024,20260316,165,5733,3,2,1,6,1,,6,2532.04,247.14,1587.85,0
11025,20260317,104,5451,9,4,2,9,1,,3,1274.76,224.43,3925.85,0
11026,20260318,123,5579,8,4,1,5,1,,1,643.83,10.01,2490.17,0
11027,20260319,186,5518,2,4,1,1,1,,3,1925.97,97.8,1122.3,0
11028,20260320,150,6449,14,3,2,9,1,,6,1053.42,267.75,4985.29,0
11029,20260321,162,6485,13,1,1,10,1,,2,1272.38,170.23,1786.45,0
11030,20260322,121,6092,15,1,2,9,1,,5,573.46,213.58,3811.11,0
11031,20260323,139,5193,12,4,1,10,1,,2,1817.3,52.56,3003.37,0
11032,20260324,163,6434,4,4,2,2,1,,1,491.55,135.41,3025.42,0
11033,20260325,110,6180,6,1,1,5,1,,2,1792.59,177.4,3122.58,0
11034,20260326,181,6003,4,4,2,10,1,,2,1016.62,33.69,2652.41,0
11035,20260327,119,5461,2,2,2,11,1,,2,2792.28,208.78,1336.57,0
11036,20260328,136,6032,14,4,2,4,1,,6,1232.44,148.93,3901.32,0
11037,20260329,200,5858,5,2,1,11,1,,6,607.4,158.52,4027.91,0
11038,20260330,137,5201,19,4,2,4,1,,2,2503.85,167.4,4195.62,0
11039,20260331,136,5068,19,2,2,3,1,,2,1272.55,8.82,1533.73,0
11040,20260401,155,5668,14,3,1,9,1,,1,1322.03,46.17,522.68,0
11041,20260402,177,5339,15,1,2,9,1,,6,2390.99,195.87,2891.51,0
11042,20260403,111,5089,22,1,2,3,1,,5,2222.72,77.18,1100.49,0
11043,20260404,174,6194,23,1,2,4,1,,6,2323.5,171.46,2388.01,0
11044,20260405,158,5459,20,2,1,11,1,,2,1936.35,35.21,1253.74,0
11045,20260406,200,6033,22,2,1,2,1,,4,2321.95,84.6,698.27,0
11046,20260407,163,5150,19,1,1,7,1,,3,554.36,209.38,3784.93,0
11047,20260408,139,5698,18,1,2,5,1,,1,2533.68,85.06,3246.09,0
11048,20260409,158,5465,1,3,2,10,1,,2,2753.95,184.01,4930.81,0
11049,20260410,153,5116,21,2,1,9,1,,1,2142.02,176.88,2138.14,0
11050,20260411,160,6054,12,1,1,11,1,,1,1412.06,168.25,4811.67,0
11051,20260412,157,5420,20,3,2,11,1,,2,938.76,252.55,2935.45,0
11052,20260413,200,5342,16,4,2,1,1,,1,2708.94,230.17,3017.63,0
11053,20260414,165,6426,20,4,1,11,1,,4,1143.43,106.83,861.23,0
11054,20260415,150,5788,6,4,1,9,1,,4,854.99,272.05,2925.8,0
11055,20260416,151,5269,3,2,1,2,1,,6,2703.51,29.97,4284.64,0
11056,20260417,144,6207,23,1,1,3,1,,4,1993.44,44.08,1481.61,0
11057,20260418,135,6131,10,1,2,10,1,,5,2460.43,76.58,4498.16,0
11058,20260419,176,5306,24,4,2,1,1,,4,1064.29,162.41,4520.32,0
11059,20260420,126,6381,16,4,1,12,1,,2,1293.45,155.13,2336.45,1
11060,20260421,111,6419,18,2,1,10,1,,3,596.47,27.39,3963.9,0
11061,20260422,195,5843,17,4,2,11,1,,5,2739.19,217.91,4935.79,0
11062,20260423,104,6158,10,3,1,7,1,,5,2157.13,244.95,1846.13,0
11063,20260424,145,5081,23,2,1,8,1,,4,804.54,117.51,2460.26,0
11064,20260425,200,5586,12,2,1,1,1,,3,1583.25,65.97,1053.62,0
11065,20260426,174,5579,23,1,2,5,1,,6,2129.76,77.98,1377.86,0
11066,20260427,142,6126,10,2,2,7,1,,4,2176.45,239.42,2975.99,0
11067,20260428,136,6443,11,1,2,4,1,,4,2345.71,274.47,811.25,0
11068,20260429,117,5672,13,1,1,1,1,,6,1004.21,192.08,4149.93,0
11069,20260430,144,5486,4,2,2,12,1,,4,2304.66,248.06,772.23,0
11070,20260501,159,6031,18,1,1,6,1,,6,1033.49,40.79,2903.24,0
11071,20260201,199,5151,5,4,2,2,1,,3,503.7,136.71,1977.73,0
11072,20260202,163,5739,21,4,2,10,1,,1,2398.59,53.74,970.45,0
11073,20260203,143,6042,7,3,1,3,1,,5,1619.73,275.64,4020.13,0
11074,20260204,177,5837,4,3,1,6,1,,3,1298.84,157.57,1132.02,0
11075,20260205,113,5395,14,2,1,8,1,,4,1520.12,51.19,3710.5,0
11076,20260206,106,6374,11,3,1,4,1,,2,679.14,175.95,1771.7,0
11077,20260207,155,5315,8,2,2,11,1,,2,1382.35,256.34,2042.36,0
11078,20260208,163,5450,3,3,2,12,1,,1,738.83,87.48,1842.05,0
11079,20260209,132,6219,11,2,2,7,1,,6,1958.74,57.31,1148.65,0
11080,20260210,199,5799,1,2,1,9,1,,1,1470.43,240.41,3383.59,0
11081,20260211,142,5204,3,2,1,3,1,,4,2585.83,79.44,2615.92,0
11082,20260212,148,5081,4,3,1,2,1,,6,1601.41,12.09,4458.99,0
11083,20260213,173,5903,20,1,1,5,1,,2,2481.49,147.98,4849.65,0
11084,20260214,199,5744,15,3,1,1,1,,6,642.0,39.91,2429.34,0
11085,20260215,130,6370,2,1,1,10,1,,6,794.28,222.11,3724.87,1
11086,20260216,168,5088,20,2,1,1,1,,1,2660.17,98.5,2945.31,0
11087,20260217,151,6257,3,4,2,10,1,,6,2421.58,113.45,2373.33,0
11088,20260218,128,5342,5,1,2,9,1,,2,1675.2,287.44,3031.23,0
11089,20260219,149,5365,4,4,1,12,1,,1,409.18,136.14,4170.93,0
11090,20260220,137,5896,5,3,1,9,1,,3,1089.1,130.0,1991.0,0
11091,20260221,119,5117,9,1,1,3,1,,4,2512.78,5.47,1615.97,0
11092,20260222,105,6301,15,4,2,1,1,,1,2510.78,139.65,3724.22,0
11093,20260223,127,6423,19,3,1,8,1,,5,2092.08,167.99,3809.65,0
11094,20260224,134,5417,3,2,1,3,1,,5,2766.62,33.12,2993.71,0
11095,20260225,200,5813,10,2,2,9,1,,2,1430.58,84.08,3466.3,0
11096,20260226,168,5804,7,4,2,12,1,,1,1156.9,98.79,780.21,0
11097,20260227,106,5244,17,1,1,6,1,,4,1529.29,217.03,1171.88,0
11098,20260228,143,5376,9,1,1,12,1,,5,964.37,106.99,2740.95,0
11099,20260301,141,5829,3,4,1,11,1,,2,1775.15,137.91,4995.72,0
11100,20260302,188,6260,23,4,2,3,1,,4,1469.28,280.78,857.53,0
11101,20260303,124,5660,13,2,2,9,1,,4,2281.5,21.24,3174.22,0
11102,20260304,126,5730,16,2,2,7,1,,6,983.82,242.42,697.4,0
11103,20260305,120,5654,4,2,1,9,1,,1,2195.35,177.63,4906.26,0
11104,20260306,155,6490,7,2,2,6,1,,6,2255.44,203.24,4008.74,0
11105,20260307,163,5946,15,2,1,11,1,,4,788.82,62.22,1301.1,0
11106,20260308,145,6345,5,4,2,12,1,,1,1366.62,134.82,2020.18,0
11107,20260309,128,5319,12,3,2,4,1,,5,715.23,6.09,2528.34,0
11108,20260310,190,5393,13,3,1,9,1,,5,2544.08,151.47,2937.76,0
11109,20260311,190,5743,21,3,1,6,1,,5,788.15,298.31,2281.24,0
11110,20260312,127,5506,16,1,2,11,1,,4,1881.48,34.71,1737.54,0
11111,20260313,172,5668,11,4,2,4,1,,6,2547.42,237.08,3710.0,0
11112,20260314,152,5305,18,2,1,1,1,,5,1679.53,10.09,3691.02,0
11113,20260315,130,5751,12,4,1,5,1,,2,695.4,50.42,3801.53,0
11114,20260316,197,5873,9,4,2,7,1,,1,1079.49,110.51,3182.33,0
11115,20260317,143,5507,5,3,1,6,1,,4,2320.51,153.01,4125.2,1
11116,20260318,190,6081,9,4,1,6,1,,6,2229.61,33.4,3235.22,0
11117,20260319,101,6330,12,3,1,4,1,,3,1241.45,11.69,3737.68,0
11118,20260320,183,5467,8,3,2,7,1,,6,1284.28,137.09,4387.59,0
11119,20260321,155,6400,6,3,2,3,1,,4,2285.81,161.39,3071.83,0
11120,20260322,150,5303,22,3,2,11,1,,1,1621.9,1.25,1950.13,0
11121,20260323,171,6032,2,1,2,6,1,,5,1605.23,153.39,1396.33,0
11122,20260324,111,6225,20,4,1,8,1,,6,1386.27,276.51,1563.76,0
11123,20260325,178,5012,16,4,2,9,1,,2,1000.17,213.25,3809.52,0
11124,20260326,176,6044,16,4,2,10,1,,5,2276.59,76.77,2918.15,0
11125,20260327,108,5817,15,1,2,5,1,,4,2407.72,80.01,3553.83,0
11126,20260328,138,6317,12,2,2,9,1,,6,1228.62,225.06,3710.55,0
11127,20260329,186,6361,4,1,2,2,1,,3,1989.27,242.19,1492.56,0
11128,20260330,152,5791,16,1,1,9,1,,6,2144.65,241.52,854.76,0
11129,20260331,107,6404,15,1,1,9,1,,3,2371.96,153.41,1107.74,0
11130,20260401,114,6018,19,3,2,11,1,,3,844.03,238.5,1313.86,0
11131,20260402,150,5814,6,3,1,11,1,,2,2210.89,207.35,4566.55,0
11132,20260403,101,5707,3,2,1,8,1,,1,1602.26,248.33,1960.02,0
11133,20260404,188,5619,13,4,1,3,1,,2,497.62,154.31,4026.99,0
11134,20260405,143,6061,19,2,2,1,1,,4,619.0,56.41,3175.75,0
11135,20260406,144,6229,22,4,2,3,1,,2,2429.33,108.38,2542.89,0
11136,20260407,150,5753,19,2,1,5,1,,5,608.24,292.39,741.56,0
11137,20260408,161,5734,21,4,2,1,1,,5,926.31,264.12,3696.86,0
11138,20260409,124,5623,5,1,1,2,1,,5,1450.3,9.43,1934.44,0
11139,20260410,197,5799,5,2,2,5,1,,1,1382.28,246.79,2810.53,0
11140,20260411,127,5869,1,3,2,5,1,,4,2424.6,230.07,2481.27,0
11141,20260412,161,5103,8,1,1,1,1,,6,1189.83,33.78,4468.17,0
11142,20260413,122,6004,24,4,2,2,1,,2,1622.65,232.41,1145.15,0
11143,20260414,129,6304,18,2,2,9,1,,4,1221.95,161.51,798.24,0
11144,20260415,117,6040,9,3,2,1,1,,3,1437.28,111.84,4289.97,0
11145,20260416,129,5010,23,4,2,9,1,,4,932.97,88.25,846.19,0
11146,20260417,182,5900,7,3,1,10,1,,3,2277.23,113.52,1796.56,0
11147,20260418,110,5191,16,1,1,10,1,,2,1706.0,64.51,751.29,0
11148,20260419,199,6031,22,3,1,12,1,,3,1786.12,186.05,1138.39,0
11149,20260420,167,5241,6,2,1,7,1,,6,679.67,159.48,4589.23,0
11150,20260421,128,5421,6,3,1,10,1,,3,2741.52,250.81,3655.07,0
11151,20260422,162,6135,21,3,1,9,1,,1,1186.82,136.44,2684.06,0
11152,20260423,105,5556,3,1,1,6,1,,1,1593.59,65.6,1272.22,0
11153,20260424,178,5346,5,2,2,7,1,,5,2660.31,201.18,3117.7,0
11154,20260425,153,5507,4,4,2,9,1,,1,1718.45,152.05,3657.88,0
11155,20260426,172,5262,21,2,1,12,1,,1,2604.96,43.73,1557.13,0
11156,20260427,174,5327,10,1,1,11,1,,3,2339.87,125.73,2568.9,0
11157,20260428,162,5831,5,4,2,2,1,,5,1119.29,13.32,3382.08,0
11158,20260429,190,5098,18,4,1,8,1,,1,631.34,21.91,1652.46,0
11159,20260430,132,5747,23,2,2,1,1,,1,2746.41,261.36,2640.67,0
11160,20260501,102,5437,6,3,1,11,1,,5,1560.85,238.93,2385.28,0
11161,20260201,168,5491,9,4,2,5,1,,5,448.62,254.92,4928.12,0
11162,20260202,119,6249,3,3,2,8,1,,2,1379.38,4.53,3001.59,0
11163,20260203,108,5159,13,1,2,3,1,,2,899.98,231.22,3966.98,0
11164,20260204,158,5076,18,3,1,12,1,,1,1902.79,203.23,4810.06,0
11165,20260205,166,5218,24,1,2,10,1,,1,2495.48,13.67,4144.09,0
11166,20260206,193,6126,15,1,1,10,1,,1,835.97,125.61,3424.32,0
11167,20260207,151,5150,18,1,1,9,1,,6,2053.55,199.23,568.17,0
11168,20260208,127,5202,19,2,1,1,1,,6,2707.78,96.19,2670.29,0
11169,20260209,115,5376,7,1,2,11,1,,4,1472.24,146.15,1554.17,1
11170,20260210,101,5154,21,2,2,11,1,,6,733.2,21.16,4891.32,0
11171,20260211,194,5083,8,1,2,4,1,,1,1917.34,162.99,3828.54,0
11172,20260212,165,5867,7,1,1,7,1,,3,1994.59,168.68,3896.64,0
11173,20260213,144,5878,19,2,2,5,1,,1,1452.84,161.44,2912.27,0
11174,20260214,186,5222,23,2,1,10,1,,2,1804.09,23.54,4347.57,0
11175,20260215,166,5272,14,2,1,4,1,,3,1838.38,170.63,1668.41,0
11176,20260216,101,6408,4,2,1,7,1,,1,2340.07,118.24,1421.95,1
11177,20260217,132,6157,15,1,2,11,1,,5,1602.19,27.63,4633.01,0
11178,20260218,144,5858,23,3,1,11,1,,1,729.49,88.73,1989.65,0
11179,20260219,162,5696,24,1,1,5,1,,6,2443.43,248.93,3646.87,0
11180,20260220,116,5843,19,2,1,8,1,,4,2075.51,49.38,1278.92,0
11181,20260221,122,5900,12,1,1,5,1,,3,1613.97,192.48,4395.2,0
11182,20260222,127,5991,6,2,2,8,1,,6,502.26,27.57,4245.42,0
11183,20260223,142,5745,20,1,1,11,1,,3,878.76,147.39,3415.68,0
11184,20260224,130,5066,24,1,2,8,1,,4,1996.21,240.64,4158.52,0
11185,20260225,192,6433,1,1,2,5,1,,5,792.43,272.2,4556.37,0
11186,20260226,149,5952,5,4,1,4,1,,4,516.38,96.09,1441.36,0
11187,20260227,127,5551,20,2,1,1,1,,4,1533.56,86.92,4841.81,0
11188,20260228,128,5410,3,4,2,2,1,,6,1786.15,279.98,3921.02,0
11189,20260301,170,5628,13,4,1,4,1,,2,2171.72,40.5,2381.52,0
11190,20260302,167,6225,4,2,2,9,1,,6,1889.99,100.84,2210.08,0
11191,20260303,179,5274,21,3,2,6,1,,6,833.84,106.85,1643.63,0
11192,20260304,149,5157,13,4,1,9,1,,4,841.35,70.51,2115.7,0
11193,20260305,111,5991,23,3,2,11,1,,1,2295.81,79.73,4438.9,0
11194,20260306,131,5301,24,4,2,11,1,,2,901.84,86.03,1061.81,0
11195,20260307,170,5426,15,2,2,6,1,,3,2506.39,109.0,4511.16,0
11196,20260308,163,6196,16,1,1,3,1,,1,2047.0,296.2,1506.78,1
11197,20260309,130,5229,1,2,1,8,1,,2,2135.52,69.69,2231.34,0
11198,20260310,176,5159,7,3,1,2,1,,4,2617.81,290.42,1027.06,0
11199,20260311,162,5446,7,2,1,6,1,,3,528.42,22.66,4015.58,0
11200,20260312,148,5316,18,4,2,7,1,,6,964.58,40.98,1407.5,0
11201,20260313,200,5071,16,4,2,1,1,,1,947.52,266.84,3761.52,0
11202,20260314,135,5478,4,1,2,10,1,,1,2325.54,236.01,1709.2,0
11203,20260315,160,6276,8,2,1,7,1,,4,448.02,283.19,4781.61,0
11204,20260316,192,6308,4,1,2,2,1,,6,2466.51,110.38,3774.13,0
11205,20260317,126,5535,20,1,2,12,1,,2,1672.39,50.9,1997.75,0
11206,20260318,111,5637,13,1,2,2,1,,3,2002.55,276.5,1572.19,1
11207,20260319,125,6481,20,4,1,4,1,,2,635.92,283.98,1998.52,0
11208,20260320,127,6254,16,1,1,3,1,,6,2559.51,239.28,1472.01,0
11209,20260321,125,5570,18,3,2,1,1,,1,2649.88,11.86,1445.35,0
11210,20260322,102,6096,13,2,2,5,1,,5,1918.94,184.33,3958.34,0
11211,20260323,164,6263,5,3,1,11,1,,5,2036.69,209.47,2977.21,0
11212,20260324,165,5760,22,4,1,10,1,,1,2483.28,162.99,3208.31,0
11213,20260325,134,5368,1,4,1,11,1,,6,1268.26,109.55,3208.66,0
11214,20260326,175,5415,1,3,2,8,1,,6,1197.35,77.45,4638.49,0
11215,20260327,159,5362,14,4,1,5,1,,3,805.33,299.87,3294.06,0
11216,20260328,199,5815,18,3,1,10,1,,6,2446.45,58.11,794.88,0
11217,20260329,190,5223,17,1,1,11,1,,3,2195.31,239.9,4643.45,0
11218,20260330,155,5536,12,3,2,6,1,,2,940.43,201.71,3449.51,0
11219,20260331,110,5814,1,2,2,11,1,,6,894.72,206.54,563.18,0
11220,20260401,148,6345,4,1,2,4,1,,3,871.8,147.92,2648.4,1
11221,20260402,191,5167,6,3,1,1,1,,6,2455.28,97.8,4962.87,0
11222,20260403,140,5722,20,3,1,5,1,,1,1745.4,13.29,3517.09,0
11223,20260404,163,5768,9,2,2,12,1,,1,1788.27,250.03,3453.39,0
11224,20260405,164,6123,7,2,1,10,1,,5,2562.58,6.35,1518.29,0
11225,20260406,129,6041,22,1,1,4,1,,5,1987.19,142.66,4431.5,0
11226,20260407,124,6001,19,1,1,12,1,,6,956.25,285.3,2027.75,0
11227,20260408,128,6292,2,3,1,1,1,,1,1676.6,180.53,1008.85,0
11228,20260409,186,5746,17,2,1,1,1,,6,2012.36,115.95,4592.29,0
11229,20260410,103,5790,10,2,2,8,1,,2,1297.32,83.44,1319.95,0
11230,20260411,138,5209,6,4,1,3,1,,6,739.11,203.9,3487.6,0
11231,20260412,160,6325,5,4,2,6,1,,5,464.12,298.05,3675.33,0
11232,20260413,151,5927,4,4,2,9,1,,1,1744.82,255.67,3611.21,0
11233,20260414,167,6248,4,4,1,9,1,,4,2799.07,293.48,2156.39,0
11234,20260415,111,6041,17,1,2,11,1,,2,2059.92,58.93,1205.42,0
11235,20260416,171,5320,20,1,1,11,1,,4,568.84,134.56,754.65,0
11236,20260417,141,5700,22,3,2,2,1,,6,2502.3,73.81,3028.81,0
11237,20260418,163,5208,9,4,2,3,1,,1,2122.77,182.71,3980.59,0
11238,20260419,118,5516,12,2,1,8,1,,6,2029.07,220.76,2715.55,0
11239,20260420,134,5406,8,2,2,11,1,,2,712.88,10.33,1622.17,0
11240,20260421,107,6358,17,4,2,11,1,,4,787.09,98.17,4897.06,0
11241,20260422,196,5633,19,1,2,10,1,,2,727.81,18.06,2181.47,0
11242,20260423,114,5574,12,4,1,5,1,,4,2433.83,224.12,1666.41,0
11243,20260424,179,5892,4,4,2,3,1,,6,1450.29,137.61,3317.39,0
11244,20260425,137,5488,9,4,1,1,1,,4,2195.46,108.09,550.34,0
11245,20260426,128,5515,21,4,2,6,1,,4,2310.86,227.95,2280.76,0
11246,20260427,185,6367,1,3,1,8,1,,3,1886.95,166.86,907.97,0
11247,20260428,182,5461,15,1,1,5,1,,6,2468.61,81.8,4684.81,0
11248,20260429,107,5831,22,4,1,7,1,,2,809.63,274.89,3529.77,0
11249,20260430,140,6459,6,1,1,7,1,,4,1472.71,79.2,1165.08,0
11250,20260501,109,5876,21,3,2,7,1,,2,2314.59,209.94,4654.04,0
11251,20260201,163,6015,15,2,1,11,1,,2,2283.24,35.76,1790.28,0
11252,20260202,164,5250,14,3,2,2,1,,5,866.46,48.5,2907.78,0
11253,20260203,190,5513,10,2,1,8,1,,5,1273.74,250.12,3248.91,0
11254,20260204,149,6055,8,1,2,5,1,,5,785.18,113.37,4417.58,0
11255,20260205,199,5248,2,1,2,10,1,,5,2282.54,39.51,4489.27,0
11256,20260206,119,5372,11,1,2,9,1,,6,2509.26,178.65,2333.77,0
11257,20260207,114,6089,12,1,2,7,1,,6,869.33,75.76,1191.23,1
11258,20260208,142,5531,7,3,1,8,1,,1,2515.99,276.76,1312.48,0
11259,20260209,168,6014,7,1,1,5,1,,6,1321.6,48.69,1143.5,0
11260,20260210,182,6337,7,2,1,10,1,,2,562.86,287.08,2597.31,0
11261,20260211,170,6466,18,1,1,11,1,,2,2748.16,236.76,2792.07,0
11262,20260212,173,5257,5,2,1,11,1,,1,2657.8,74.62,3583.69,0
11263,20260213,113,6247,3,1,1,7,1,,6,2547.12,85.36,795.1,0
11264,20260214,149,6016,14,1,2,11,1,,3,1551.57,239.01,2028.53,0
11265,20260215,132,6274,8,3,1,7,1,,3,534.02,150.92,3996.64,0
11266,20260216,188,6251,3,4,2,3,1,,1,1526.09,53.81,1969.25,0
11267,20260217,193,5510,13,2,1,4,1,,1,445.36,56.22,910.11,0
11268,20260218,190,6417,21,1,2,7,1,,2,794.52,177.43,2367.83,0
11269,20260219,186,5615,16,1,1,11,1,,6,2229.4,120.45,4006.38,0
11270,20260220,121,6014,22,4,2,5,1,,2,2317.15,82.26,3178.49,0
11271,20260221,126,6168,2,4,1,4,1,,2,1845.7,245.59,3540.02,0
11272,20260222,162,5693,23,2,1,6,1,,4,904.35,114.09,1037.51,0
11273,20260223,148,5006,18,3,2,1,1,,4,1648.67,91.54,2077.09,0
11274,20260224,105,6141,14,2,2,9,1,,3,640.31,192.47,3256.83,0
11275,20260225,154,5723,2,1,1,6,1,,6,1854.03,166.87,1245.39,0
11276,20260226,171,6073,14,4,1,10,1,,3,2628.64,112.7,2082.92,0
11277,20260227,167,5437,21,3,2,7,1,,4,2791.05,124.1,2663.56,0
11278,20260228,137,5475,18,1,2,11,1,,6,1600.21,193.26,1362.8,0
11279,20260301,153,5891,12,1,2,9,1,,2,2027.23,272.5,1642.91,0
11280,20260302,126,6069,24,2,2,12,1,,6,1661.25,0.23,2490.92,0
11281,20260303,122,5685,23,3,2,12,1,,3,2142.11,295.44,3986.95,0
11282,20260304,190,5446,16,3,1,1,1,,2,2000.25,230.01,4001.82,0
11283,20260305,117,6049,3,1,2,4,1,,5,983.16,213.85,3313.33,0
11284,20260306,199,6441,7,2,1,4,1,,6,622.82,283.49,808.82,0
11285,20260307,103,6298,15,3,1,12,1,,4,1743.13,225.58,4912.76,0
11286,20260308,168,6107,10,4,1,12,1,,3,2625.59,177.22,2295.38,0
11287,20260309,145,6242,9,2,1,8,1,,6,2789.54,47.81,3684.94,0
11288,20260310,105,6049,6,1,1,11,1,,3,1861.83,51.41,4642.95,1
11289,20260311,194,5333,23,2,1,1,1,,4,2454.7,86.37,2466.48,0
11290,20260312,178,6297,11,4,1,8,1,,6,612.39,299.9,1473.05,0
11291,20260313,122,6015,7,2,2,12,1,,5,1531.15,220.79,4232.83,0
11292,20260314,111,5504,19,4,1,2,1,,6,2418.06,149.7,2724.7,0
11293,20260315,149,5912,11,4,1,5,1,,5,2024.8,85.18,2794.75,0
11294,20260316,170,5598,12,2,1,2,1,,2,1884.03,93.61,1423.61,0
11295,20260317,145,5547,1,1,2,3,1,,6,610.47,296.43,2740.26,0
11296,20260318,198,6094,17,1,1,10,1,,4,465.64,267.24,3975.62,0
11297,20260319,108,6494,10,3,2,6,1,,1,669.12,73.61,4585.02,0
11298,20260320,186,6473,12,4,1,2,1,,5,1907.44,228.37,4029.91,0
11299,20260321,169,5608,15,1,1,5,1,,6,2752.89,11.26,4455.86,0
11300,20260322,118,6365,7,4,1,9,1,,3,2246.27,234.43,2199.03,0
11301,20260323,127,6423,12,2,1,6,1,,4,2413.09,263.1,2941.91,0
11302,20260324,173,6183,7,1,2,4,1,,1,1823.09,22.47,3308.83,0
11303,20260325,196,5152,8,3,2,9,1,,6,2494.28,15.41,1530.15,0
11304,20260326,180,5188,12,3,2,3,1,,4,535.56,130.64,2280.46,0
11305,20260327,187,5139,11,1,1,10,1,,2,991.02,199.45,1727.37,0
11306,20260328,133,5940,9,4,2,10,1,,1,2729.97,64.42,2380.97,0
11307,20260329,125,6042,3,2,2,2,1,,3,2352.13,160.75,3128.71,0
11308,20260330,139,6130,20,3,2,6,1,,4,2316.03,230.61,3154.33,0
11309,20260331,180,5548,15,2,1,11,1,,2,1256.15,78.31,584.06,0
11310,20260401,154,6273,20,1,2,8,1,,6,2529.77,262.64,2152.24,0
11311,20260402,186,5650,13,4,2,10,1,,3,732.02,266.78,3061.72,0
11312,20260403,104,6198,1,3,2,11,1,,3,1003.52,246.01,4025.48,0
11313,20260404,108,5737,14,3,2,11,1,,3,2239.07,184.73,4532.78,0
11314,20260405,115,6007,4,2,1,12,1,,1,864.28,6.05,2713.65,0
11315,20260406,116,5748,23,2,2,8,1,,6,1704.06,292.08,4008.68,0
11316,20260407,122,5257,13,3,2,1,1,,2,1563.68,275.93,1520.3,0
11317,20260408,135,6044,23,1,1,7,1,,6,772.95,168.46,4710.19,0
11318,20260409,200,6144,19,2,2,1,1,,6,1542.39,161.89,4846.09,0
11319,20260410,187,5434,18,4,1,7,1,,3,1151.43,199.53,3302.09,0
11320,20260411,135,6274,24,4,2,2,1,,4,444.87,187.16,2324.19,0
11321,20260412,136,5970,5,3,1,3,1,,6,2098.9,226.66,3940.77,0
11322,20260413,190,5652,11,1,1,3,1,,2,2216.17,0.14,4731.07,0
11323,20260414,195,5725,1,3,1,7,1,,5,1095.8,128.77,1633.31,0
11324,20260415,169,6353,20,4,2,4,1,,2,2441.36,103.54,2999.73,0
11325,20260416,179,6489,13,3,1,3,1,,2,2256.1,89.49,3044.38,0
11326,20260417,109,5932,19,2,2,4,1,,3,2242.7,89.83,693.34,0
11327,20260418,108,6071,2,4,1,10,1,,2,1992.47,50.14,2892.78,0
11328,20260419,152,5887,9,4,1,2,1,,2,1886.0,175.21,3033.41,0
11329,20260420,140,5539,11,1,2,12,1,,5,1028.99,244.79,3879.99,0
11330,20260421,101,5276,24,4,2,10,1,,1,1553.47,126.08,3921.74,0
11331,20260422,113,5613,7,1,1,3,1,,5,2166.93,63.7,704.23,0
11332,20260423,181,5792,21,4,1,12,1,,2,1618.03,32.27,2507.25,0
11333,20260424,145,6100,10,2,1,11,1,,5,1653.28,294.9,1725.29,0
11334,20260425,136,5213,8,4,2,10,1,,1,1980.07,108.68,1877.29,0
11335,20260426,138,5390,16,2,1,7,1,,4,2777.97,148.18,4315.65,0
11336,20260427,121,6018,13,3,2,2,1,,3,2297.78,213.33,1192.74,0
11337,20260428,195,5597,10,4,2,9,1,,1,1615.67,129.23,1196.44,0
11338,20260429,151,6282,23,1,1,6,1,,2,2308.48,115.56,1886.39,0
11339,20260430,146,6256,4,3,2,4,1,,2,1793.13,78.03,2920.63,0
11340,20260501,190,5060,18,4,2,1,1,,6,485.66,183.88,3517.37,0
11341,20260201,135,5461,10,3,1,8,1,,5,1999.78,53.19,2348.73,0
11342,20260202,163,5910,23,2,1,9,1,,6,2539.84,157.09,1826.84,0
11343,20260203,125,5906,13,4,1,8,1,,4,748.23,152.64,1806.66,0
11344,20260204,193,5044,21,2,1,3,1,,2,1140.27,225.09,4448.96,0
11345,20260205,165,5217,7,2,1,5,1,,1,661.2,167.96,3468.93,0
11346,20260206,188,5450,5,3,2,3,1,,6,1333.1,114.79,1237.11,0
11347,20260207,140,5065,17,4,2,11,1,,3,1570.14,181.87,2403.92,0
11348,20260208,177,5728,19,2,1,1,1,,4,2305.42,181.17,4262.79,0
11349,20260209,144,6148,24,4,1,4,1,,5,676.18,292.8,2882.87,0
11350,20260210,136,6231,23,2,1,4,1,,4,1182.55,95.52,3800.17,0
11351,20260211,166,5226,12,2,2,2,1,,2,475.06,31.22,2492.17,0
11352,20260212,143,5094,15,2,1,2,1,,6,1655.9,56.43,1951.31,0
11353,20260213,113,5705,24,4,1,4,1,,5,1597.75,206.55,3506.82,0
11354,20260214,101,5439,7,4,1,3,1,,6,2242.04,206.54,3082.7,0
11355,20260215,140,5919,23,2,2,6,1,,1,671.32,155.32,2041.62,0
11356,20260216,148,5508,12,3,2,3,1,,3,1273.58,120.66,4592.51,0
11357,20260217,191,5343,18,1,1,8,1,,3,2667.67,77.73,4355.46,1
11358,20260218,141,6487,17,4,1,6,1,,3,815.4,12.58,2600.94,0
11359,20260219,135,5488,8,2,2,6,1,,6,1318.17,289.1,1038.63,0
11360,20260220,126,6194,20,2,1,2,1,,3,2152.21,16.11,3638.97,0
11361,20260221,111,5279,23,1,2,1,1,,4,2491.01,163.36,3847.02,0
11362,20260222,172,5324,23,1,2,10,1,,6,1294.11,247.17,3168.85,0
11363,20260223,134,6460,24,2,1,7,1,,4,2258.93,205.53,999.91,0
11364,20260224,165,5826,6,4,2,1,1,,3,1970.25,182.52,2813.85,0
11365,20260225,153,5676,11,1,1,5,1,,5,2428.35,43.35,4933.53,0
11366,20260226,165,5639,13,4,1,8,1,,6,748.0,45.39,3217.95,0
11367,20260227,193,5996,10,3,1,2,1,,2,2010.53,20.51,783.79,0
11368,20260228,151,5037,22,4,2,6,1,,5,1815.26,157.37,3784.89,0
11369,20260301,136,5009,24,4,2,3,1,,6,805.54,160.13,851.93,0
11370,20260302,133,5131,1,3,2,1,1,,5,1667.89,51.37,3358.71,0
11371,20260303,200,5842,6,3,2,3,1,,4,2437.83,227.69,806.42,0
11372,20260304,151,6330,11,1,2,3,1,,5,536.9,237.52,3026.77,0
11373,20260305,190,5432,19,2,2,12,1,,6,2660.59,207.0,3736.3,0
11374,20260306,124,6229,23,2,1,4,1,,3,877.81,266.26,1559.49,0
11375,20260307,153,5179,2,2,1,3,1,,3,1383.33,88.69,4628.51,0
11376,20260308,127,5819,17,3,1,8,1,,1,2053.84,86.62,2266.52,0
11377,20260309,110,5259,19,3,2,2,1,,1,1248.16,286.19,2602.95,0
11378,20260310,162,6325,11,4,2,3,1,,6,1244.5,99.04,2174.13,0
11379,20260311,155,5133,17,2,1,3,1,,6,1697.52,2.42,1488.42,0
11380,20260312,155,6019,7,2,1,10,1,,1,727.2,224.72,1276.71,0
11381,20260313,149,5322,16,1,1,2,1,,1,536.02,291.49,3378.92,0
11382,20260314,161,5202,23,4,1,8,1,,1,2734.02,184.3,3873.26,0
11383,20260315,182,6429,8,4,2,1,1,,2,2140.35,217.96,3140.77,0
11384,20260316,160,5991,20,4,2,8,1,,3,2256.16,213.66,2423.36,0
11385,20260317,164,5660,23,2,2,3,1,,4,1094.37,0.9,2236.59,0
11386,20260318,191,5700,7,2,2,4,1,,5,1027.3,137.38,927.91,0
11387,20260319,150,5389,16,1,1,10,1,,3,1002.55,254.62,1390.45,0
11388,20260320,123,6299,10,2,1,7,1,,4,1775.77,2.71,2890.96,0
11389,20260321,113,5145,6,4,1,10,1,,2,1771.38,35.6,1845.54,0
11390,20260322,198,5304,15,4,1,3,1,,5,2537.94,204.79,1388.25,0
11391,20260323,196,5041,13,4,1,9,1,,1,1585.01,162.87,2637.84,0
11392,20260324,103,5423,22,1,2,6,1,,1,1604.38,175.12,894.29,0
11393,20260325,170,5863,16,4,2,2,1,,6,948.95,262.23,2096.63,0
11394,20260326,152,5342,20,2,1,4,1,,6,1563.62,195.66,677.53,0
11395,20260327,101,5449,20,3,1,6,1,,5,918.79,299.54,3095.87,0
11396,20260328,167,5063,16,2,1,1,1,,5,1848.32,268.7,3411.55,0
11397,20260329,160,5166,9,3,2,7,1,,1,1423.57,242.09,1228.31,0
11398,20260330,191,5062,11,4,2,7,1,,1,1873.02,141.17,1218.97,0
11399,20260331,186,5012,13,3,2,11,1,,6,1393.0,274.5,3051.09,0
11400,20260401,102,6403,20,4,2,3,1,,6,1268.33,106.65,836.99,0
11401,20260402,122,5935,17,3,1,3,1,,3,1862.07,12.89,2657.71,0
11402,20260403,115,5093,20,4,1,9,1,,3,592.26,69.05,1161.13,0
11403,20260404,165,5110,11,2,1,5,1,,2,1623.15,15.43,2319.71,0
11404,20260405,102,5979,12,4,1,10,1,,4,2101.15,125.31,2512.56,0
11405,20260406,154,6449,15,1,2,4,1,,5,1908.45,246.2,1451.06,0
11406,20260407,118,5598,23,4,2,7,1,,3,1617.46,237.96,2595.69,0
11407,20260408,174,5588,17,3,2,6,1,,6,1088.43,155.86,2547.08,0
11408,20260409,179,5311,24,3,1,2,1,,3,581.87,251.62,4861.25,0
11409,20260410,136,5918,18,4,2,10,1,,3,1660.85,287.39,1121.87,0
11410,20260411,127,5979,17,1,1,5,1,,1,2045.68,30.25,2049.94,0
11411,20260412,166,5561,2,4,1,6,1,,6,476.77,151.45,3006.49,0
11412,20260413,194,5864,24,4,2,9,1,,5,1236.72,188.6,1947.15,0
11413,20260414,163,5043,21,3,1,4,1,,5,870.29,176.65,2378.44,0
11414,20260415,154,5051,15,2,2,9,1,,2,1878.53,91.8,4654.09,0
11415,20260416,152,6401,23,2,2,7,1,,6,2489.82,30.8,1124.38,0
11416,20260417,129,6385,2,2,1,3,1,,6,439.42,259.94,4665.52,0
11417,20260418,180,5831,16,1,2,6,1,,2,1464.92,68.38,3501.2,0
11418,20260419,114,6253,9,1,1,12,1,,2,989.4,59.84,2818.64,0
11419,20260420,190,5431,10,3,1,8,1,,1,2472.5,211.51,1197.61,0
11420,20260421,134,6406,24,2,1,7,1,,6,2708.21,70.83,1471.91,0
11421,20260422,132,6228,1,2,2,6,1,,6,619.38,129.32,4909.76,0
11422,20260423,129,6231,8,4,1,2,1,,4,2225.98,170.28,2855.46,0
11423,20260424,141,6342,13,2,1,12,1,,2,1933.14,218.94,2802.67,0
11424,20260425,153,5528,11,2,2,1,1,,1,1214.19,144.36,1464.86,0
11425,20260426,146,6004,7,4,2,3,1,,4,466.33,139.37,2015.99,0
11426,20260427,142,5341,22,4,1,11,1,,5,1622.27,188.91,1581.26,0
11427,20260428,168,5025,15,4,1,6,1,,5,1044.25,124.56,2624.98,0
11428,20260429,189,5738,15,4,1,2,1,,5,1748.01,122.15,4324.55,0
11429,20260430,172,5362,22,4,2,2,1,,3,408.0,195.47,4664.57,0
11430,20260501,177,5507,12,1,1,10,1,,4,2366.25,226.82,971.95,0
11431,20260201,136,5917,15,4,2,9,1,,3,1221.31,77.74,3515.38,0
11432,20260202,123,6012,15,2,1,2,1,,3,1047.09,238.45,3575.13,0
11433,20260203,170,5968,10,4,2,11,1,,6,611.62,117.15,4846.8,0
11434,20260204,146,5626,15,1,1,10,1,,5,898.1,160.92,3036.73,0
11435,20260205,170,6324,4,3,2,12,1,,2,1850.83,82.85,956.44,0
11436,20260206,151,5010,24,3,1,8,1,,4,1649.72,87.12,1999.09,0
11437,20260207,158,5084,1,1,2,10,1,,4,2067.61,128.25,2042.15,0
11438,20260208,103,6045,10,3,1,1,1,,1,2580.68,215.57,2725.93,0
11439,20260209,121,5269,3,4,2,6,1,,3,1656.41,154.07,3560.65,0
11440,20260210,181,5827,11,1,2,10,1,,4,1354.45,168.46,3267.72,0
11441,20260211,159,5043,24,3,2,3,1,,2,1168.37,89.44,666.05,0
11442,20260212,198,6425,22,3,1,6,1,,2,2406.95,139.69,3153.74,0
11443,20260213,152,5861,22,2,2,10,1,,6,1193.1,43.68,3433.39,0
11444,20260214,198,5526,7,1,2,7,1,,5,937.68,28.08,1731.94,0
11445,20260215,197,6443,5,4,2,10,1,,6,804.3,261.63,3276.94,0
11446,20260216,188,5846,23,2,2,9,1,,4,2497.88,175.96,4223.27,0
11447,20260217,143,6105,3,3,2,5,1,,3,2355.3,73.99,1655.25,0
11448,20260218,121,5921,12,1,1,2,1,,1,627.78,245.93,4587.65,0
11449,20260219,196,5230,2,1,2,2,1,,4,925.36,290.18,825.27,0
11450,20260220,126,5714,14,4,2,8,1,,1,574.97,280.92,1512.32,0
11451,20260221,185,5272,2,3,1,9,1,,4,421.87,171.66,4487.51,0
11452,20260222,149,5508,8,2,2,7,1,,2,443.46,43.39,2208.46,0
11453,20260223,117,6184,13,3,1,6,1,,2,2461.73,184.6,1135.93,0
11454,20260224,108,5862,21,1,2,10,1,,6,2254.36,115.45,2400.83,0
11455,20260225,115,6407,5,3,2,11,1,,6,539.72,169.51,669.51,0
11456,20260226,120,6291,17,2,2,1,1,,3,761.99,213.63,4859.05,0
11457,20260227,140,6242,16,3,2,4,1,,3,1776.12,93.92,1976.63,1
11458,20260228,159,5580,19,3,1,6,1,,2,2425.84,195.62,2034.57,0
11459,20260301,102,6048,17,3,2,11,1,,6,406.58,194.83,994.99,0
11460,20260302,151,5427,7,4,2,2,1,,5,1975.26,19.46,797.74,0
11461,20260303,176,5604,16,2,2,2,1,,2,1768.36,96.08,4546.61,0
11462,20260304,147,5682,22,2,1,1,1,,1,1767.99,62.94,1351.62,0
11463,20260305,157,5807,1,1,2,9,1,,5,1115.04,281.81,3934.87,0
11464,20260306,153,5064,19,1,1,8,1,,6,2339.59,184.8,1748.16,0
11465,20260307,196,5429,17,2,1,3,1,,6,1730.18,286.96,924.4,0
11466,20260308,178,5712,12,3,2,2,1,,4,1223.53,90.68,2478.8,0
11467,20260309,110,6185,16,1,1,1,1,,5,462.78,180.21,3939.39,0
11468,20260310,140,5412,8,4,1,7,1,,1,2385.07,262.13,4672.59,0
11469,20260311,170,5913,6,2,1,8,1,,3,1563.87,186.05,4183.57,0
11470,20260312,191,5455,13,4,2,2,1,,1,2028.77,176.02,2381.26,0
11471,20260313,153,6446,24,4,2,7,1,,4,2055.97,293.03,4940.62,0
11472,20260314,161,5218,17,4,1,9,1,,2,509.3,132.47,4291.92,0
11473,20260315,166,5479,16,3,2,6,1,,3,1154.63,297.42,882.96,0
11474,20260316,187,6156,2,2,1,8,1,,5,990.31,211.53,2624.69,0
11475,20260317,139,6067,23,3,1,9,1,,5,1241.82,56.28,2225.19,0
11476,20260318,154,5331,3,2,2,10,1,,4,2796.99,60.84,952.56,0
11477,20260319,163,5981,7,3,2,6,1,,4,957.8,171.08,4983.98,0
11478,20260320,162,6447,19,3,2,1,1,,6,866.27,73.1,4481.61,0
11479,20260321,106,5347,13,1,1,8,1,,4,563.67,262.04,1946.92,0
11480,20260322,125,6283,7,1,1,8,1,,6,813.99,177.4,503.15,0
11481,20260323,105,5511,22,2,2,9,1,,1,971.78,58.87,797.89,0
11482,20260324,111,6120,2,1,2,3,1,,2,1380.19,3.75,4274.99,0
11483,20260325,171,5175,23,3,2,2,1,,5,2657.43,237.03,3913.82,0
11484,20260326,152,5999,10,3,1,4,1,,3,2199.79,168.13,4084.63,0
11485,20260327,169,5282,15,2,1,4,1,,4,1469.08,203.85,2972.6,0
11486,20260328,129,5338,23,4,2,3,1,,1,2107.24,219.38,4245.83,0
11487,20260329,150,5241,24,1,1,7,1,,6,2285.99,2.88,4331.31,0
11488,20260330,169,5368,12,4,1,11,1,,4,1865.11,138.35,4870.96,0
11489,20260331,137,5679,14,3,2,1,1,,2,2281.61,221.47,1424.71,0
11490,20260401,156,5413,9,2,2,10,1,,6,1295.5,69.18,2411.74,1
11491,20260402,191,6243,15,1,2,5,1,,3,409.78,69.1,1500.18,0
11492,20260403,144,6008,23,1,2,8,1,,2,2775.94,271.11,4885.86,0
11493,20260404,113,5803,10,4,1,3,1,,1,1217.69,125.94,4207.72,0
11494,20260405,115,5726,20,1,1,8,1,,3,2262.22,277.44,3824.11,0
11495,20260406,108,6460,8,2,1,2,1,,1,749.27,242.37,1633.76,0
11496,20260407,114,5991,20,3,1,12,1,,3,2554.74,257.77,1308.8,0
11497,20260408,199,6239,19,1,1,11,1,,5,2045.43,238.32,4644.07,0
11498,20260409,118,5738,5,1,2,5,1,,2,2188.12,130.39,4995.4,0
11499,20260410,169,6329,4,4,2,3,1,,3,1353.99,64.59,3685.44,0
11500,20260411,176,5945,8,1,2,3,1,,5,2799.14,262.39,3270.12,0
11501,20260412,200,5836,12,4,2,6,1,,1,1704.13,5.78,1065.99,0
11502,20260413,187,6421,10,4,1,4,1,,2,2574.67,155.36,4227.3,0
11503,20260414,158,5866,19,2,1,7,1,,5,721.35,64.43,4950.26,0
11504,20260415,143,5154,15,1,1,6,1,,5,2008.37,19.88,2247.06,0
11505,20260416,138,6236,21,2,2,9,1,,1,1674.16,7.28,3205.55,0
11506,20260417,107,6337,1,3,1,6,1,,4,841.86,43.24,923.28,0
11507,20260418,180,5863,20,2,1,11,1,,1,2717.25,36.42,1234.54,0
11508,20260419,112,6069,11,2,1,8,1,,5,640.42,243.67,3020.02,0
11509,20260420,156,5943,17,3,1,8,1,,2,593.27,134.94,3212.99,0
11510,20260421,165,5320,11,1,2,6,1,,2,802.66,200.18,3957.44,0
11511,20260422,169,5161,11,2,2,4,1,,3,516.62,197.33,1389.03,0
11512,20260423,130,5733,15,3,2,6,1,,2,2331.74,125.55,4753.26,0
11513,20260424,148,5327,23,1,2,12,1,,2,1768.99,112.04,1704.35,0
11514,20260425,143,6037,1,3,2,1,1,,5,782.82,162.29,4443.46,0
11515,20260426,127,5099,11,4,2,6,1,,5,1255.66,188.37,1092.18,0
11516,20260427,200,5349,17,4,1,12,1,,1,2374.0,108.43,1227.89,0
11517,20260428,103,5459,3,3,1,8,1,,5,2662.47,25.98,2040.01,0
11518,20260429,111,5828,24,3,1,4,1,,1,1981.25,82.5,3507.26,0
11519,20260430,105,5411,5,2,1,12,1,,3,2743.24,273.4,2686.19,0
11520,20260501,170,5163,2,3,2,9,1,,3,1994.94,100.15,4603.3,0
11521,20260201,170,5439,24,1,1,9,1,,3,2682.32,103.4,3556.15,0
11522,20260202,181,6458,6,2,1,5,1,,6,2630.55,110.86,1630.74,0
11523,20260203,142,5523,3,1,1,6,1,,3,1286.52,91.93,1340.45,0
11524,20260204,119,5821,4,2,1,9,1,,3,2140.37,169.85,4301.93,0
11525,20260205,146,6160,19,3,1,1,1,,1,1493.73,19.83,1751.97,0
11526,20260206,158,5290,13,3,2,10,1,,2,1599.18,284.96,3805.86,0
11527,20260207,171,5978,24,4,1,6,1,,5,1264.54,2.71,1743.83,0
11528,20260208,190,6222,8,4,2,7,1,,4,1866.35,11.54,4885.19,0
11529,20260209,140,5011,19,4,2,7,1,,2,768.0,80.83,2369.48,0
11530,20260210,174,6403,15,1,2,2,1,,6,2138.51,57.85,3215.61,0
11531,20260211,110,6018,24,4,2,12,1,,1,415.93,62.48,862.83,0
11532,20260212,155,5252,16,4,1,1,1,,4,2122.67,177.97,1867.95,0
11533,20260213,111,5877,19,2,1,11,1,,5,561.42,282.12,3180.61,0
11534,20260214,188,6395,2,3,1,12,1,,1,1077.56,16.87,2856.7,0
11535,20260215,113,5942,10,2,1,7,1,,1,771.55,154.86,1041.74,0
11536,20260216,118,5943,21,3,1,8,1,,2,2183.91,0.78,4385.07,0
11537,20260217,191,5449,16,3,2,6,1,,2,1034.68,60.68,2744.22,0
11538,20260218,153,5016,12,3,1,2,1,,3,451.48,109.61,4880.11,0
11539,20260219,177,5514,23,2,1,9,1,,6,2229.56,35.65,3122.37,0
11540,20260220,175,5658,14,2,2,9,1,,1,1502.09,241.33,803.39,0
11541,20260221,181,6271,18,4,2,11,1,,4,954.97,24.34,4033.78,0
11542,20260222,173,6108,24,3,1,5,1,,4,1416.83,30.21,1300.02,0
11543,20260223,150,5830,11,1,2,2,1,,4,1386.22,26.41,3382.78,0
11544,20260224,190,5395,2,4,1,7,1,,1,855.32,83.05,1069.67,0
11545,20260225,102,5284,8,4,1,9,1,,5,801.17,140.8,3575.35,0
11546,20260226,163,5725,15,1,2,1,1,,2,2139.66,5.3,3226.4,0
11547,20260227,144,5327,3,3,2,7,1,,3,1311.62,11.13,3580.55,0
11548,20260228,119,5483,17,3,2,4,1,,2,1697.82,246.26,1238.27,1
11549,20260301,165,5782,9,3,1,5,1,,1,1727.55,170.45,3823.66,0
11550,20260302,134,5825,14,3,1,9,1,,3,661.81,91.93,4595.26,0
11551,20260303,150,6445,2,4,2,4,1,,5,481.28,58.02,1087.07,0
11552,20260304,140,5428,12,1,1,5,1,,1,2674.66,261.56,1521.8,0
11553,20260305,104,6112,8,1,1,5,1,,6,518.91,162.47,3181.51,0
11554,20260306,144,5872,5,3,2,5,1,,3,2072.94,247.7,1960.91,0
11555,20260307,112,6272,2,3,2,10,1,,6,2435.53,160.88,2753.5,0
11556,20260308,165,5730,8,3,2,12,1,,3,1749.89,111.77,4405.68,0
11557,20260309,104,5054,15,2,2,11,1,,3,2588.1,105.14,3055.59,0
11558,20260310,153,6187,14,1,2,2,1,,1,644.39,288.94,1750.82,0
11559,20260311,196,5112,22,4,2,1,1,,3,816.07,45.02,2485.02,0
11560,20260312,117,5734,19,1,1,1,1,,1,439.53,249.53,1447.79,0
11561,20260313,192,5955,11,2,2,6,1,,3,1657.49,135.03,1534.72,0
11562,20260314,199,5875,6,2,2,12,1,,1,840.04,216.52,1033.89,0
11563,20260315,178,6193,20,2,2,10,1,,3,1612.11,86.0,948.95,0
11564,20260316,200,5425,11,4,2,10,1,,3,2367.14,121.11,2061.64,0
11565,20260317,106,6248,1,1,1,3,1,,2,2249.85,77.23,4372.44,0
11566,20260318,157,6260,8,1,2,5,1,,5,913.15,200.68,2542.47,0
11567,20260319,150,6123,4,1,1,3,1,,3,1546.2,291.37,2530.39,0
11568,20260320,141,5823,11,4,1,9,1,,6,2528.11,54.93,1458.45,0
11569,20260321,115,5833,16,1,1,6,1,,6,2702.08,133.27,4834.31,0
11570,20260322,140,6021,11,1,2,2,1,,6,2721.73,147.7,1388.41,1
11571,20260323,183,6022,3,2,1,6,1,,2,1662.14,171.03,2610.13,0
11572,20260324,176,5256,15,3,2,1,1,,4,1284.65,257.48,4034.9,0
11573,20260325,157,6230,14,1,1,5,1,,6,2202.44,50.6,3720.65,0
11574,20260326,126,6460,20,2,1,1,1,,1,2008.21,26.2,2755.95,0
11575,20260327,197,5176,4,4,2,10,1,,3,2661.86,199.79,2727.02,0
11576,20260328,185,5414,1,4,2,1,1,,1,2618.65,230.83,980.24,0
11577,20260329,156,5608,12,1,2,11,1,,6,1886.43,247.9,2838.16,1
11578,20260330,117,5263,19,3,1,5,1,,1,1416.46,234.67,3730.53,0
11579,20260331,127,6292,3,3,1,5,1,,1,2447.27,70.72,4731.68,0
11580,20260401,131,6057,19,4,2,4,1,,1,787.85,104.43,751.47,0
11581,20260402,189,5674,10,1,2,12,1,,2,659.77,238.05,1973.53,0
11582,20260403,181,5683,4,1,2,3,1,,4,915.01,131.99,1274.95,0
11583,20260404,157,5284,1,4,2,11,1,,3,2381.66,274.04,3307.98,0
11584,20260405,138,6189,16,2,2,4,1,,4,744.48,16.05,2435.46,0
11585,20260406,126,6141,13,4,1,6,1,,2,1983.28,278.5,1001.53,0
11586,20260407,171,5910,23,1,2,6,1,,1,2105.94,236.51,2738.88,0
11587,20260408,138,5112,8,3,2,7,1,,2,865.37,90.4,4212.22,0
11588,20260409,191,6223,22,3,1,4,1,,2,560.97,130.52,2342.91,0
11589,20260410,104,5470,18,2,1,6,1,,2,1592.32,248.64,539.67,0
11590,20260411,186,5090,18,4,2,7,1,,6,1140.87,268.13,3298.6,0
11591,20260412,191,6490,9,2,2,10,1,,3,689.08,171.08,3582.81,0
11592,20260413,102,5827,18,1,1,1,1,,6,1191.09,171.85,1608.64,0
11593,20260414,161,6044,8,1,1,7,1,,2,1827.99,155.66,3844.14,0
11594,20260415,162,5564,10,2,1,12,1,,4,1246.56,249.77,2889.84,0
11595,20260416,190,5636,22,3,1,12,1,,2,687.25,165.64,581.29,0
11596,20260417,182,5374,12,1,2,9,1,,4,486.62,180.19,2495.24,0
11597,20260418,157,5269,22,2,1,6,1,,5,1761.35,86.75,706.13,0
11598,20260419,121,6484,21,4,2,2,1,,1,2092.63,41.32,612.36,0
11599,20260420,147,5444,3,3,2,11,1,,1,856.45,229.8,4450.19,0
11600,20260421,175,6422,1,1,2,7,1,,6,1015.16,129.76,4003.82,0
11601,20260422,162,6131,20,4,2,5,1,,4,1115.37,65.01,3459.34,0
11602,20260423,132,5949,23,2,2,7,1,,4,921.47,134.96,2044.49,0
11603,20260424,179,6194,18,3,1,3,1,,6,1943.17,124.76,2992.76,0
11604,20260425,137,5922,20,1,2,1,1,,3,1685.42,144.36,4939.56,0
11605,20260426,127,5935,10,3,1,3,1,,1,1980.16,238.59,900.88,0
11606,20260427,175,5245,9,1,2,12,1,,6,2257.82,231.42,1948.08,0
11607,20260428,196,5908,9,2,1,3,1,,1,418.19,192.4,1683.99,0
11608,20260429,113,5783,18,4,2,6,1,,4,2522.12,293.7,2214.66,0
11609,20260430,154,5969,6,1,2,6,1,,3,1623.45,40.27,2888.67,1
11610,20260501,123,5602,22,4,2,4,1,,6,1482.49,224.78,2333.61,0
11611,20260201,177,6149,9,4,2,1,1,,5,1638.64,246.33,2199.86,0
11612,20260202,124,5226,14,3,2,1,1,,1,1916.55,62.58,789.21,0
11613,20260203,196,5469,6,4,1,3,1,,2,2568.46,212.67,2004.28,0
11614,20260204,198,6317,23,1,1,5,1,,5,810.79,120.42,3968.23,0
11615,20260205,157,6353,14,3,1,8,1,,1,1551.92,15.25,2424.08,0
11616,20260206,128,6215,15,4,2,1,1,,4,1601.49,202.26,4869.57,0
11617,20260207,131,5803,13,4,1,4,1,,6,1146.23,186.61,2158.26,0
11618,20260208,119,5852,9,1,2,3,1,,2,1680.66,178.86,3638.42,0
11619,20260209,155,6372,17,4,1,6,1,,5,2464.49,289.64,630.26,0
11620,20260210,193,5633,6,2,1,2,1,,5,523.93,33.11,3766.77,0
11621,20260211,152,5870,18,1,2,11,1,,3,2381.77,156.39,547.88,0
11622,20260212,196,5496,20,2,1,3,1,,2,1125.3,233.93,3671.56,0
11623,20260213,158,6170,1,2,2,11,1,,4,498.98,158.22,4704.34,0
11624,20260214,137,5375,20,4,1,3,1,,1,2408.8,255.68,3898.54,0
11625,20260215,132,5595,6,2,1,1,1,,3,2193.31,150.07,1132.83,0
11626,20260216,182,6460,4,1,1,4,1,,1,490.27,296.34,3565.1,0
11627,20260217,170,5015,17,4,1,10,1,,2,1413.01,175.46,1526.53,0
11628,20260218,197,5395,24,4,2,1,1,,6,711.55,18.15,1205.22,0
11629,20260219,163,6256,3,1,1,11,1,,2,1407.1,217.43,4137.48,0
11630,20260220,112,5260,13,4,2,11,1,,2,1369.78,92.44,3580.51,0
11631,20260221,165,5548,17,3,2,2,1,,2,1742.1,265.38,3126.09,0
11632,20260222,112,5965,13,1,2,7,1,,2,1160.93,106.63,1278.75,0
11633,20260223,199,5207,4,4,1,9,1,,5,1858.3,27.28,2365.47,0
11634,20260224,116,5178,19,1,1,10,1,,1,2604.97,65.1,1825.09,0
11635,20260225,185,5466,4,3,1,1,1,,4,643.41,159.06,3325.0,0
11636,20260226,126,5326,8,1,1,1,1,,1,1123.79,158.48,3947.78,0
11637,20260227,145,5595,10,4,1,6,1,,5,1478.33,199.5,4447.89,0
11638,20260228,116,6418,11,1,2,11,1,,1,1110.78,63.86,2291.99,0
11639,20260301,165,5335,12,1,2,5,1,,1,1744.15,102.6,1472.21,0
11640,20260302,196,5247,10,3,1,7,1,,3,2747.53,161.52,4525.12,0
11641,20260303,163,5852,15,3,2,9,1,,3,1490.02,195.86,3276.84,0
11642,20260304,152,5269,12,1,2,6,1,,5,920.88,244.49,624.87,0
11643,20260305,110,6043,10,2,2,3,1,,1,575.42,6.83,4908.06,0
11644,20260306,118,6110,17,2,2,2,1,,6,1795.79,116.59,1393.27,0
11645,20260307,190,5770,9,3,2,10,1,,3,2558.96,238.79,1106.36,0
11646,20260308,127,5208,10,1,2,5,1,,3,1903.86,203.88,3483.73,0
11647,20260309,124,5767,3,1,2,2,1,,2,754.71,298.22,1891.39,0
11648,20260310,139,5579,1,2,1,2,1,,1,2032.35,264.24,987.41,0
11649,20260311,116,6197,5,1,2,3,1,,1,407.55,176.52,1012.24,0
11650,20260312,173,5887,12,4,2,5,1,,4,2158.83,59.68,1742.32,0
11651,20260313,161,6053,24,4,1,3,1,,4,2472.0,192.59,2601.93,0
11652,20260314,162,5134,23,1,2,8,1,,5,2768.99,102.49,2495.9,0
11653,20260315,170,5386,13,1,2,9,1,,5,1146.53,120.94,1199.32,0
11654,20260316,106,5969,21,4,1,12,1,,4,1512.02,95.78,1830.93,0
11655,20260317,119,5056,19,4,1,4,1,,6,1397.51,272.37,2756.92,0
11656,20260318,158,6111,9,4,2,9,1,,4,2130.24,30.75,1676.71,0
11657,20260319,170,6293,6,2,2,2,1,,1,1779.71,5.32,876.53,0
11658,20260320,130,5889,24,1,1,6,1,,6,2713.56,152.17,2828.02,0
11659,20260321,192,6381,18,3,1,3,1,,4,1126.39,244.06,3071.7,0
11660,20260322,188,5614,1,4,1,1,1,,3,1577.29,252.14,3728.22,0
11661,20260323,147,6175,1,2,2,1,1,,4,1374.64,231.15,3201.79,0
11662,20260324,137,5826,16,2,2,9,1,,1,889.59,258.12,3905.23,0
11663,20260325,176,5569,4,4,2,6,1,,3,910.29,61.18,1625.52,0
11664,20260326,165,6183,3,3,1,4,1,,4,1065.57,263.44,2155.26,0
11665,20260327,158,5310,17,1,1,3,1,,4,1031.23,156.66,1885.59,0
11666,20260328,168,5898,13,2,1,12,1,,5,1025.35,285.31,4301.98,0
11667,20260329,136,6003,10,2,1,8,1,,5,1428.31,20.15,508.23,0
11668,20260330,121,5462,10,2,2,5,1,,2,1014.31,238.27,2076.56,0
11669,20260331,180,5311,13,3,2,10,1,,3,1412.22,74.42,4031.76,0
11670,20260401,164,5227,7,1,1,7,1,,5,626.55,101.89,2978.79,0
11671,20260402,156,5841,12,1,2,8,1,,1,1580.96,296.99,711.87,0
11672,20260403,167,5755,11,3,2,1,1,,6,2010.23,255.01,1726.06,0
11673,20260404,199,5599,18,4,2,10,1,,1,1739.56,185.36,2280.47,0
11674,20260405,199,6337,24,3,1,7,1,,2,2424.75,208.37,1330.14,1
11675,20260406,150,6020,24,1,1,11,1,,4,2391.52,124.89,4901.83,0
11676,20260407,186,6174,18,2,1,2,1,,4,1932.69,32.19,3455.53,0
11677,20260408,182,5629,7,2,1,7,1,,1,1610.43,53.7,2376.45,0
11678,20260409,164,6111,17,4,1,10,1,,1,691.07,207.5,2985.83,0
11679,20260410,150,6332,8,4,1,1,1,,3,819.55,90.16,3529.3,0
11680,20260411,126,6140,7,3,1,10,1,,1,897.95,51.11,4496.92,0
11681,20260412,168,5866,6,3,1,1,1,,1,2601.87,276.62,1254.95,0
11682,20260413,187,6477,12,3,2,11,1,,2,710.13,141.85,4303.15,0
11683,20260414,189,6294,16,1,2,2,1,,3,2295.74,217.83,4654.4,0
11684,20260415,168,5277,6,2,1,8,1,,1,898.83,283.29,621.07,0
11685,20260416,147,5124,23,1,2,2,1,,6,427.77,247.76,2094.95,0
11686,20260417,143,5657,20,1,2,10,1,,4,540.23,242.2,2607.43,0
11687,20260418,116,6329,21,3,1,9,1,,2,2343.84,107.3,3206.52,0
11688,20260419,137,5862,1,4,2,2,1,,5,2619.5,221.76,4463.77,0
11689,20260420,199,5917,24,3,2,3,1,,1,1266.35,16.92,3435.15,0
11690,20260421,122,5902,15,1,1,7,1,,5,1938.45,143.72,3074.59,0
11691,20260422,165,5557,20,3,1,4,1,,3,2750.09,66.56,2461.28,0
11692,20260423,128,5828,18,2,1,10,1,,6,1317.25,69.98,536.46,0
11693,20260424,133,5544,23,4,1,6,1,,3,2773.96,113.36,2739.34,0
11694,20260425,108,5343,15,4,1,3,1,,3,999.02,275.25,4379.94,0
11695,20260426,121,6089,19,4,2,2,1,,5,1065.34,265.22,1816.47,0
11696,20260427,111,6495,6,4,2,1,1,,3,466.1,189.3,4200.1,0
11697,20260428,154,5117,20,2,2,2,1,,2,857.36,251.82,4443.57,0
11698,20260429,163,5866,12,1,1,3,1,,5,1920.1,239.62,2567.03,0
11699,20260430,190,5936,6,1,1,2,1,,2,2442.8,140.72,1732.31,0
11700,20260501,144,5161,6,3,1,7,1,,4,2122.9,170.54,3573.88,0
11701,20260201,115,5442,21,1,1,3,1,,6,1073.7,28.71,1792.49,0
11702,20260202,152,6494,20,4,2,2,1,,4,436.25,208.13,2422.17,0
11703,20260203,154,5831,3,3,2,7,1,,2,795.96,160.17,3601.42,0
11704,20260204,116,5629,4,2,1,8,1,,3,1314.0,132.78,4190.52,0
11705,20260205,180,6243,12,4,1,2,1,,2,871.85,104.81,750.42,0
11706,20260206,161,6032,23,4,2,11,1,,6,2266.06,55.72,4011.05,0
11707,20260207,145,6263,3,2,2,7,1,,4,1724.5,271.29,2683.58,0
11708,20260208,139,5263,15,4,1,1,1,,4,556.29,142.44,1067.58,0
11709,20260209,177,6391,13,2,2,5,1,,3,2615.38,60.49,3787.63,0
11710,20260210,104,5645,3,2,1,1,1,,1,2690.8,215.63,4471.79,0
11711,20260211,150,5484,10,1,2,6,1,,3,686.97,59.93,1799.03,0
11712,20260212,124,6178,23,4,2,3,1,,5,1834.9,35.31,1997.97,0
11713,20260213,155,5045,11,1,2,5,1,,1,2124.68,1.18,4725.6,0
11714,20260214,129,6072,21,3,2,3,1,,5,1459.95,224.56,1131.9,0
11715,20260215,195,5505,24,1,2,12,1,,2,2238.23,9.86,4984.01,0
11716,20260216,191,5164,1,2,1,5,1,,2,698.26,9.85,2060.8,0
11717,20260217,200,6278,2,2,1,6,1,,5,1189.46,121.64,740.05,0
11718,20260218,131,6104,10,3,2,8,1,,6,491.39,252.24,1908.84,0
11719,20260219,168,6355,20,2,2,2,1,,4,1508.83,5.66,1785.67,0
11720,20260220,146,5837,3,4,2,5,1,,5,1504.83,204.91,3834.84,0
11721,20260221,118,6376,10,2,1,9,1,,5,2482.67,196.92,3198.12,0
11722,20260222,146,5029,24,1,1,1,1,,3,1381.95,122.92,2601.55,0
11723,20260223,188,5560,11,4,2,4,1,,2,2414.24,127.99,2655.24,0
11724,20260224,147,5042,9,1,2,12,1,,2,1350.73,38.3,1249.0,0
11725,20260225,192,5654,11,2,1,2,1,,6,2323.85,2.38,687.38,0
11726,20260226,198,6290,16,4,1,2,1,,2,463.09,54.79,1244.57,0
11727,20260227,168,5716,15,2,2,6,1,,4,1628.58,81.0,3236.28,0
11728,20260228,152,5279,12,1,1,2,1,,5,1946.82,17.49,1815.43,0
11729,20260301,141,6343,22,1,2,3,1,,6,1083.89,72.2,1166.17,0
11730,20260302,197,5206,20,3,1,3,1,,5,691.05,7.28,4195.76,0
11731,20260303,199,5554,13,4,1,3,1,,6,2160.71,212.86,2616.88,0
11732,20260304,103,5299,8,1,2,10,1,,5,2510.5,28.91,2575.59,0
11733,20260305,146,6418,13,3,2,12,1,,1,701.1,25.03,1208.51,0
11734,20260306,129,6381,6,2,1,12,1,,2,2435.46,101.27,2982.44,0
11735,20260307,146,5279,2,1,1,10,1,,4,1873.87,241.64,602.42,0
11736,20260308,199,5654,18,1,2,10,1,,6,1826.27,291.29,1559.89,0
11737,20260309,172,6067,22,2,2,11,1,,3,1947.43,130.43,3856.85,0
11738,20260310,176,6315,17,1,1,12,1,,6,2511.68,80.76,4619.64,0
11739,20260311,130,5722,15,2,1,6,1,,4,2315.79,273.7,1399.31,0
11740,20260312,157,5748,23,1,2,6,1,,2,484.92,204.56,4338.12,0
11741,20260313,195,6454,4,4,2,6,1,,4,1404.48,294.41,4852.98,0
11742,20260314,110,6339,1,3,1,9,1,,1,1772.96,237.46,2231.82,0
11743,20260315,141,6232,10,1,1,12,1,,1,2292.75,113.88,821.87,0
11744,20260316,181,5484,23,4,1,10,1,,1,2678.24,111.15,3170.42,0
11745,20260317,148,5301,11,4,1,11,1,,1,1585.77,34.71,2287.82,0
11746,20260318,140,5183,24,3,1,2,1,,3,1504.52,151.38,4210.76,0
11747,20260319,146,5281,14,1,2,5,1,,3,1861.39,14.05,4056.39,0
11748,20260320,179,5231,2,4,2,5,1,,4,1472.05,266.82,2137.77,0
11749,20260321,179,5894,3,3,2,11,1,,4,1697.04,276.11,3466.52,0
11750,20260322,156,6182,21,1,1,4,1,,2,423.3,285.24,1251.86,0
11751,20260323,162,6153,12,2,1,3,1,,1,1518.68,260.17,4101.77,0
11752,20260324,194,5588,17,2,1,11,1,,2,1298.7,222.49,4212.5,0
11753,20260325,150,5726,18,1,1,8,1,,3,1987.67,122.86,2830.15,0
11754,20260326,157,6076,11,2,1,7,1,,4,2716.33,250.07,3077.06,0
11755,20260327,133,6106,4,4,2,9,1,,3,2120.95,179.44,1157.72,0
11756,20260328,173,5157,6,2,1,6,1,,4,913.74,17.03,2620.58,0
11757,20260329,186,5740,20,4,1,7,1,,2,1620.74,12.74,2311.33,0
11758,20260330,110,5914,8,2,1,2,1,,5,1636.22,221.68,1512.31,0
11759,20260331,123,5622,24,2,1,7,1,,5,1652.72,300.0,809.68,0
11760,20260401,166,6035,6,2,1,1,1,,3,1027.93,289.71,2820.38,0
11761,20260402,127,5613,10,4,2,5,1,,5,1447.22,182.99,2401.9,0
11762,20260403,129,6239,6,2,2,12,1,,4,689.21,57.77,4592.72,0
11763,20260404,134,6037,18,1,2,9,1,,6,2260.62,82.26,4543.66,0
11764,20260405,128,5541,22,2,1,12,1,,2,1678.51,60.57,4436.17,0
11765,20260406,108,5008,7,4,1,5,1,,6,805.58,16.99,667.81,0
11766,20260407,161,5340,11,1,2,9,1,,3,1019.63,136.11,1624.41,0
11767,20260408,133,5863,18,2,2,8,1,,6,529.27,96.3,1595.78,0
11768,20260409,104,5051,7,4,2,6,1,,2,2273.95,206.15,3352.04,0
11769,20260410,113,5570,16,1,1,6,1,,5,2223.87,180.75,1473.46,0
11770,20260411,173,5288,22,1,1,3,1,,6,2125.12,24.33,1259.56,0
11771,20260412,133,5314,5,2,1,11,1,,6,984.04,248.44,3342.16,0
11772,20260413,122,5917,19,1,2,1,1,,1,1228.62,63.79,755.96,0
11773,20260414,103,5744,11,4,1,11,1,,1,834.16,158.54,4198.48,0
11774,20260415,190,5654,22,1,1,10,1,,1,570.5,210.68,1997.85,0
11775,20260416,156,6407,22,4,1,7,1,,2,2550.92,262.19,3060.28,0
11776,20260417,165,5909,23,4,1,5,1,,2,2369.47,240.68,1473.81,0
11777,20260418,164,5076,8,2,2,2,1,,4,2454.51,214.02,3501.75,0
11778,20260419,157,6453,15,3,2,8,1,,4,403.02,157.8,1585.34,0
11779,20260420,122,5194,12,4,1,3,1,,6,999.41,133.54,3522.31,0
11780,20260421,109,5360,24,4,2,3,1,,4,1923.55,178.43,2673.16,0
11781,20260422,122,5770,7,1,1,11,1,,4,1604.29,196.88,4905.06,0
11782,20260423,140,5513,22,3,2,12,1,,3,1992.1,197.72,4607.81,0
11783,20260424,181,6340,24,2,2,11,1,,4,2537.7,296.34,2260.82,0
11784,20260425,130,5219,18,4,1,3,1,,3,2328.89,117.81,4459.43,0
11785,20260426,155,5714,8,3,2,5,1,,1,1798.65,235.73,549.78,0
11786,20260427,116,5468,6,4,1,9,1,,6,1793.08,190.41,663.7,0
11787,20260428,193,5094,15,1,2,3,1,,3,1134.32,272.83,2555.0,0
11788,20260429,151,5201,15,4,1,12,1,,3,1167.35,281.9,2165.47,0
11789,20260430,182,5364,9,3,2,1,1,,2,1365.96,176.53,3927.93,0
11790,20260501,127,5016,9,2,1,4,1,,2,1001.2,1.34,1772.74,0
11791,20260201,162,5570,18,2,2,10,1,,1,2650.7,166.42,1650.68,0
11792,20260202,158,5565,15,3,1,7,1,,6,1482.75,192.4,1592.16,0
11793,20260203,180,5100,17,3,1,6,1,,4,581.88,297.11,4095.73,0
11794,20260204,140,5346,10,1,1,1,1,,3,1718.14,162.84,2910.57,0
11795,20260205,166,6129,16,2,2,9,1,,1,2380.03,267.16,4516.2,0
11796,20260206,151,6355,14,4,2,9,1,,3,2040.93,170.73,2936.8,0
11797,20260207,110,6389,24,2,2,7,1,,1,2196.9,299.43,2773.77,0
11798,20260208,134,5621,2,2,1,6,1,,1,1081.07,195.29,630.31,0
11799,20260209,108,6230,1,3,2,3,1,,3,970.54,4.25,772.34,0
11800,20260210,114,5539,24,1,1,11,1,,4,1614.36,223.86,3076.72,0
11801,20260211,162,5331,17,1,1,10,1,,1,2263.12,277.74,509.3,0
11802,20260212,121,5977,7,1,2,4,1,,3,2257.79,73.14,3940.95,0
11803,20260213,173,6197,2,2,2,9,1,,1,633.5,25.49,4980.72,0
11804,20260214,162,5865,9,1,2,3,1,,1,1963.55,32.66,1991.39,0
11805,20260215,148,5470,7,1,2,5,1,,1,1761.21,279.34,2336.92,0
11806,20260216,171,6113,3,2,1,2,1,,1,508.06,157.51,739.32,0
11807,20260217,168,5860,18,1,1,7,1,,2,1928.58,137.92,4973.05,0
11808,20260218,197,6404,14,1,2,3,1,,2,952.48,101.44,1605.6,0
11809,20260219,151,5320,19,2,2,5,1,,1,1927.65,159.51,1080.02,0
11810,20260220,191,5093,17,3,1,6,1,,3,1156.42,127.09,2875.59,0
11811,20260221,159,6217,20,1,2,3,1,,4,2540.52,154.95,620.58,0
11812,20260222,200,6396,15,2,2,2,1,,5,1659.97,289.78,2551.15,0
11813,20260223,149,5296,5,3,2,8,1,,2,1133.61,24.1,1200.23,0
11814,20260224,150,5977,16,3,2,2,1,,1,1990.59,93.94,2484.42,0
11815,20260225,103,6485,17,3,1,5,1,,2,509.27,110.02,4793.4,0
11816,20260226,165,5166,17,4,1,9,1,,2,1296.8,60.18,4380.01,0
11817,20260227,173,5984,12,1,1,8,1,,3,1328.91,118.89,1262.44,0
11818,20260228,150,6146,10,2,1,10,1,,2,822.96,290.33,901.24,0
11819,20260301,155,5114,11,4,2,10,1,,6,788.42,14.78,1543.48,0
11820,20260302,181,5274,20,3,1,5,1,,2,2269.1,208.76,1145.02,0
11821,20260303,104,5531,15,4,1,10,1,,3,1067.72,136.51,4158.72,0
11822,20260304,121,5795,4,4,2,10,1,,4,1585.66,51.11,1081.66,0
11823,20260305,173,6158,17,3,2,1,1,,1,1599.66,105.12,3897.64,0
11824,20260306,191,5746,14,2,1,12,1,,1,2082.77,21.23,2409.59,0
11825,20260307,134,6335,4,1,2,1,1,,3,1674.47,277.25,3205.92,0
11826,20260308,116,5566,13,2,1,11,1,,5,2720.29,86.21,4549.5,0
11827,20260309,162,6163,12,4,2,9,1,,1,1935.33,165.04,1499.46,0
11828,20260310,178,6351,1,4,2,7,1,,6,1761.43,59.48,2456.05,0
11829,20260311,115,5942,24,2,1,12,1,,6,1529.02,90.82,2934.73,0
11830,20260312,191,5433,19,1,2,4,1,,2,2334.65,21.48,1943.21,0
11831,20260313,137,5855,1,4,1,8,1,,4,1036.55,271.02,4954.25,0
11832,20260314,179,5051,8,4,1,9,1,,5,1148.96,180.02,2728.76,0
11833,20260315,159,5053,10,3,2,9,1,,2,694.17,97.87,3503.83,0
11834,20260316,188,6190,16,3,1,6,1,,2,1600.87,168.98,2389.4,0
11835,20260317,111,5357,21,3,2,6,1,,6,1854.51,53.65,831.14,0
11836,20260318,139,5817,7,2,2,9,1,,6,2491.82,37.0,836.41,0
11837,20260319,117,5664,21,2,1,4,1,,3,537.71,257.7,1592.2,0
11838,20260320,183,5410,5,2,2,10,1,,1,2151.13,190.78,3468.24,0
11839,20260321,114,5113,15,3,2,5,1,,3,906.67,236.03,3996.2,0
11840,20260322,102,5876,4,1,1,5,1,,6,2065.4,121.66,2730.13,0
11841,20260323,123,6270,22,3,2,9,1,,4,1550.43,97.88,2553.49,0
11842,20260324,166,5159,22,1,1,6,1,,3,1954.78,11.83,1850.4,0
11843,20260325,130,5336,7,3,2,10,1,,4,2279.17,147.24,2081.21,0
11844,20260326,148,5667,14,4,1,8,1,,1,1807.98,213.58,2374.42,0
11845,20260327,162,5085,18,3,2,1,1,,5,1111.21,232.98,2279.52,0
11846,20260328,147,6140,1,3,1,11,1,,1,2583.71,60.51,3191.2,0
11847,20260329,144,6174,2,4,2,5,1,,6,2144.63,21.96,3016.51,0
11848,20260330,125,5316,10,1,1,12,1,,2,2221.46,126.8,545.63,0
11849,20260331,129,5598,20,1,2,2,1,,5,497.55,42.08,915.19,0
11850,20260401,173,5026,5,3,2,2,1,,2,2774.25,211.78,2395.48,0
11851,20260402,118,5884,17,4,2,3,1,,1,2206.43,148.66,3717.66,0
11852,20260403,172,5509,21,2,2,9,1,,2,1252.48,242.6,951.13,0
11853,20260404,150,6484,23,1,2,4,1,,2,1955.87,140.33,3609.33,0
11854,20260405,173,5248,17,2,2,9,1,,2,850.29,130.9,2638.8,0
11855,20260406,153,5437,15,4,1,1,1,,4,476.31,58.23,4964.21,0
11856,20260407,116,5990,19,2,2,1,1,,6,2570.0,133.89,4509.37,0
11857,20260408,131,5265,16,3,1,9,1,,6,2148.33,46.47,546.31,1
11858,20260409,145,5112,20,4,2,10,1,,5,2073.29,1.25,2780.77,0
11859,20260410,173,6143,21,4,1,11,1,,4,2258.51,267.93,4633.86,0
11860,20260411,177,5185,21,3,1,5,1,,3,839.0,250.91,1746.63,0
11861,20260412,160,6411,16,3,1,2,1,,1,1674.17,238.06,3154.01,0
11862,20260413,137,5440,22,1,1,1,1,,5,1876.92,123.98,4066.22,0
11863,20260414,180,5197,24,1,2,1,1,,5,678.36,40.56,3006.98,0
11864,20260415,157,5695,8,3,1,3,1,,2,2695.83,7.53,2974.79,0
11865,20260416,145,6038,6,4,1,12,1,,2,2115.33,299.95,2362.23,0
11866,20260417,156,6200,12,1,2,10,1,,1,2733.75,245.88,3308.15,0
11867,20260418,189,5605,21,1,1,11,1,,3,1846.66,147.68,4885.62,0
11868,20260419,111,6484,9,4,2,9,1,,5,1497.09,62.72,2116.39,0
11869,20260420,106,5939,1,1,2,12,1,,5,816.47,34.04,3774.46,0
11870,20260421,143,6232,19,2,1,12,1,,1,1000.45,103.1,3848.47,0
11871,20260422,169,6035,14,2,1,2,1,,2,2407.79,162.15,3482.67,0
11872,20260423,104,6468,20,4,1,1,1,,4,2395.79,160.23,4667.87,0
11873,20260424,186,5606,15,3,1,2,1,,6,829.32,119.07,1812.27,0
11874,20260425,132,6141,22,4,1,9,1,,1,701.75,224.0,902.8,0
11875,20260426,186,5008,15,1,1,8,1,,4,2681.03,155.56,976.99,0
11876,20260427,184,5065,3,4,2,2,1,,4,2455.31,115.01,3459.24,0
11877,20260428,132,5602,5,4,1,4,1,,3,1775.02,22.72,911.93,0
11878,20260429,136,5183,11,2,1,4,1,,5,1610.05,170.91,1219.25,0
11879,20260430,143,5907,4,4,1,2,1,,2,427.62,227.54,1785.66,0
11880,20260501,108,5581,17,4,2,7,1,,5,1437.63,234.35,3422.25,0
11881,20260201,176,6272,3,2,1,8,1,,4,1526.6,40.7,3733.85,0
11882,20260202,142,5930,17,4,2,6,1,,6,2330.86,1.31,1712.68,0
11883,20260203,172,5445,15,3,2,10,1,,6,2027.65,127.51,1855.1,0
11884,20260204,200,5848,9,1,2,10,1,,1,2264.78,206.95,1688.17,0
11885,20260205,190,6130,8,2,2,10,1,,2,579.14,251.81,1118.11,0
11886,20260206,106,6333,13,3,2,11,1,,1,1416.51,55.54,1372.87,0
11887,20260207,149,6104,21,3,1,9,1,,6,2438.47,101.37,2739.08,0
11888,20260208,193,5160,21,4,1,5,1,,5,474.05,140.48,4550.5,0
11889,20260209,131,5671,18,3,2,6,1,,3,1734.83,37.8,2322.83,0
11890,20260210,186,5666,15,1,1,8,1,,2,1762.34,157.97,1266.09,0
11891,20260211,104,5433,4,1,1,6,1,,3,2246.35,284.04,3435.36,0
11892,20260212,113,5042,22,2,1,10,1,,5,1670.58,214.53,1268.44,0
11893,20260213,182,5736,10,2,2,12,1,,3,1933.51,262.49,1651.1,0
11894,20260214,179,5605,16,4,2,11,1,,1,2541.87,88.99,1992.62,0
11895,20260215,143,5994,20,2,2,8,1,,1,1783.29,104.87,4962.2,0
11896,20260216,133,5152,21,4,2,3,1,,3,1197.41,176.58,709.5,0
11897,20260217,108,5177,20,3,1,3,1,,5,2620.6,299.96,3788.91,0
11898,20260218,119,5616,15,1,2,3,1,,4,2618.05,113.12,3688.7,0
11899,20260219,149,6075,16,1,1,5,1,,3,500.49,58.81,4912.72,0
11900,20260220,133,5968,6,1,2,7,1,,5,1275.38,254.15,1398.93,0
11901,20260221,152,6111,20,2,1,3,1,,5,1769.21,152.11,2852.04,0
11902,20260222,124,5786,19,4,1,4,1,,4,1519.33,193.34,2859.49,0
11903,20260223,128,5746,6,3,1,8,1,,4,1254.05,227.99,4514.23,0
11904,20260224,141,6158,2,1,2,4,1,,5,2099.58,88.17,3207.86,0
11905,20260225,162,5018,10,4,1,12,1,,2,2128.33,0.59,1105.13,0
11906,20260226,175,5546,3,1,2,6,1,,5,2335.2,52.37,2536.81,0
11907,20260227,183,6104,6,1,2,9,1,,1,1644.63,240.23,3973.88,0
11908,20260228,128,5801,14,2,1,4,1,,6,2692.32,69.08,2553.55,0
11909,20260301,196,5834,20,3,1,2,1,,3,1354.69,7.52,4612.44,0
11910,20260302,149,6186,18,4,1,6,1,,6,730.59,169.23,780.23,0
11911,20260303,106,5143,10,4,2,5,1,,5,1065.8,32.64,3073.11,0
11912,20260304,198,6004,11,4,1,12,1,,2,1636.16,270.02,3147.84,0
11913,20260305,128,5375,8,3,2,10,1,,5,2470.12,219.67,733.02,0
11914,20260306,114,5076,16,2,2,5,1,,3,1307.38,55.64,1251.87,0
11915,20260307,113,5281,5,1,1,7,1,,5,1111.28,138.6,4590.06,0
11916,20260308,199,5780,5,4,1,5,1,,4,1047.94,156.04,2824.33,0
11917,20260309,118,5941,21,4,1,6,1,,5,2033.45,298.55,2101.74,0
11918,20260310,171,5370,7,4,1,1,1,,4,713.91,136.51,4361.82,0
11919,20260311,166,6228,6,2,1,3,1,,5,1684.7,94.62,1126.19,0
11920,20260312,113,6499,3,4,2,7,1,,5,1282.62,38.27,4206.49,0
11921,20260313,163,6157,13,1,2,10,1,,1,2274.87,219.85,1681.04,0
11922,20260314,152,6233,10,4,1,2,1,,2,1177.86,240.54,1563.45,0
11923,20260315,170,5770,5,4,2,5,1,,2,1238.72,136.14,2041.83,0
11924,20260316,129,6164,22,4,1,2,1,,5,943.04,180.83,4718.15,0
11925,20260317,119,5541,19,1,2,11,1,,1,1326.7,210.03,4190.2,0
11926,20260318,151,5852,17,1,1,4,1,,5,816.4,77.15,2584.33,0
11927,20260319,139,6196,6,2,1,1,1,,4,1464.03,246.93,4038.93,0
11928,20260320,170,5753,16,2,2,10,1,,6,2204.02,10.41,1498.59,0
11929,20260321,171,6345,23,4,2,6,1,,3,684.08,4.25,2269.56,0
11930,20260322,110,5888,8,3,2,10,1,,3,678.76,195.11,4347.26,0
11931,20260323,137,6234,7,4,1,7,1,,1,846.82,167.26,3495.43,0
11932,20260324,118,5333,16,3,1,3,1,,6,1998.2,124.1,1226.18,0
11933,20260325,109,5384,2,3,2,10,1,,1,2158.13,133.4,1847.79,0
11934,20260326,150,6357,15,2,1,5,1,,3,1116.31,93.51,2414.79,0
11935,20260327,103,6107,10,2,1,11,1,,6,618.86,43.99,1709.06,0
11936,20260328,186,5388,8,3,2,11,1,,2,2072.27,238.05,2145.49,0
11937,20260329,120,6471,4,1,1,3,1,,3,2548.82,28.94,4270.61,0
11938,20260330,130,5303,21,2,2,12,1,,3,1530.22,295.59,1457.55,0
11939,20260331,163,6213,8,4,1,9,1,,4,874.89,222.47,3134.92,0
11940,20260401,170,6118,12,2,2,11,1,,5,2527.2,249.72,4653.69,0
11941,20260402,123,5181,3,1,1,3,1,,1,1720.95,291.0,1636.63,0
11942,20260403,152,6186,12,1,1,2,1,,5,2056.55,154.19,4385.21,0
11943,20260404,170,5979,8,4,2,7,1,,1,1405.39,262.38,3886.15,0
11944,20260405,140,6434,7,4,2,5,1,,4,1059.65,293.75,3690.33,0
11945,20260406,107,5763,21,2,2,5,1,,2,771.28,70.0,4317.94,0
11946,20260407,107,6253,6,4,1,7,1,,5,542.6,71.74,2209.75,0
11947,20260408,107,5933,16,4,1,1,1,,6,942.47,148.1,2860.42,0
11948,20260409,133,5436,18,2,1,8,1,,3,2062.71,205.23,3426.31,0
11949,20260410,171,5844,1,3,2,3,1,,5,1507.25,1.58,1461.62,0
11950,20260411,155,5207,22,1,2,4,1,,5,1362.74,215.25,2077.12,0
11951,20260412,144,6333,14,2,1,6,1,,3,2446.36,183.76,4712.44,0
11952,20260413,104,5614,3,4,1,1,1,,4,2588.47,285.39,3982.36,0
11953,20260414,149,5947,6,1,2,1,1,,3,2318.87,245.75,2999.48,0
11954,20260415,130,5926,3,1,1,10,1,,1,2094.87,112.65,1056.72,0
11955,20260416,183,5941,19,1,2,4,1,,5,1028.66,100.0,4998.0,0
11956,20260417,164,6341,12,1,1,9,1,,6,2122.02,248.7,4371.46,0
11957,20260418,137,5587,10,2,1,5,1,,3,1028.26,122.32,4995.52,0
11958,20260419,154,6385,14,3,2,6,1,,3,427.17,139.38,1245.81,0
11959,20260420,178,5634,10,1,1,1,1,,2,2392.86,96.69,4876.89,0
11960,20260421,178,5583,5,1,2,2,1,,1,1395.79,205.71,3111.34,0
11961,20260422,129,5393,5,1,1,2,1,,6,422.4,4.8,4516.63,0
11962,20260423,183,5671,5,2,1,2,1,,1,949.94,74.09,563.71,0
11963,20260424,195,5341,10,3,1,5,1,,5,646.13,33.48,3119.12,0
11964,20260425,181,5416,8,2,1,12,1,,3,882.5,278.46,2971.28,0
11965,20260426,151,5200,19,2,1,4,1,,4,1265.51,283.86,1014.66,0
11966,20260427,108,5940,12,2,1,12,1,,6,2390.69,192.68,4000.6,0
11967,20260428,198,5302,13,1,1,8,1,,1,2012.43,42.01,1238.9,0
11968,20260429,125,5414,23,1,2,9,1,,5,1652.68,35.94,1044.78,0
11969,20260430,126,5302,15,1,2,5,1,,6,1890.58,248.57,2333.94,0
11970,20260501,141,5234,13,1,1,6,1,,1,536.82,226.28,4256.12,0
11971,20260201,152,6183,16,3,2,7,1,,2,1290.24,97.89,1101.73,0
11972,20260202,105,5448,17,3,1,11,1,,3,1042.26,169.53,1726.28,0
11973,20260203,131,5583,10,1,2,9,1,,5,2194.68,194.8,715.55,0
11974,20260204,163,5144,24,2,1,1,1,,4,645.59,250.95,843.19,0
11975,20260205,196,6113,5,2,2,11,1,,1,2690.37,259.29,1198.5,0
11976,20260206,108,5143,24,1,1,7,1,,5,1176.19,274.86,2724.29,0
11977,20260207,131,6222,10,1,2,2,1,,4,1122.45,282.99,4294.43,0
11978,20260208,166,6197,17,4,2,4,1,,1,1150.45,136.37,3373.11,0
11979,20260209,126,6132,12,2,1,4,1,,2,1843.33,11.34,2318.73,0
11980,20260210,152,6259,20,3,2,6,1,,5,986.22,227.61,4996.53,0
11981,20260211,158,5965,21,4,2,8,1,,2,538.46,173.8,3968.55,0
11982,20260212,110,6414,1,3,2,8,1,,1,1429.35,202.6,4312.96,0
11983,20260213,122,5838,24,2,1,3,1,,3,1701.25,145.35,1038.64,0
11984,20260214,143,6072,13,2,1,9,1,,2,1348.12,10.77,4576.75,0
11985,20260215,145,5718,12,1,1,6,1,,6,2341.45,96.69,4898.32,0
11986,20260216,128,6045,11,2,1,11,1,,5,860.02,153.17,3456.67,0
11987,20260217,140,6469,16,4,2,11,1,,2,2408.01,82.52,1052.47,0
11988,20260218,124,5220,20,1,2,9,1,,4,2082.31,54.37,4791.55,0
11989,20260219,101,5029,18,4,2,3,1,,4,1003.82,180.26,1672.07,0
11990,20260220,175,5943,23,3,1,7,1,,6,819.49,135.74,4913.08,0
11991,20260221,197,5310,3,2,2,2,1,,3,1295.48,215.56,4301.1,0
11992,20260222,126,5292,6,4,2,10,1,,3,577.94,120.8,4605.13,0
11993,20260223,109,5348,3,3,2,10,1,,1,504.51,167.23,954.41,0
11994,20260224,111,6266,15,4,2,12,1,,3,2653.37,120.64,1038.0,0
11995,20260225,197,5170,19,4,1,5,1,,1,2110.36,91.3,4455.81,0
11996,20260226,165,5186,11,4,2,4,1,,6,1346.58,291.59,3457.09,0
11997,20260227,143,5278,17,2,1,7,1,,3,2121.0,129.51,3258.7,0
11998,20260228,124,5784,14,3,1,1,1,,5,568.53,277.72,4776.32,0
11999,20260301,162,5826,6,3,2,12,1,,2,772.98,27.42,578.72,0
12000,20260302,175,5094,20,3,2,10,1,,4,1575.09,108.6,1188.02,0
12001,20260201,151,5829,,,2,2,2,2001,3,2762.59,179.86,2263.12,0
12002,20260202,178,5904,,,2,9,2,2002,3,1194.62,85.32,3055.14,0
12003,20260203,116,5272,,,2,2,2,2003,6,1503.19,2.88,2673.06,0
12004,20260204,111,6011,,,2,4,2,2004,3,2786.79,117.33,4454.25,0
12005,20260205,102,6236,,,1,1,2,2005,2,2239.72,115.59,3907.86,0
12006,20260206,105,5191,,,1,10,2,2006,6,1757.19,97.07,1920.62,0
12007,20260207,187,6229,,,2,10,2,2007,6,1402.19,65.8,3436.46,0
12008,20260208,146,5386,,,2,11,2,2008,2,628.61,136.35,4551.53,0
12009,20260209,103,5063,,,1,9,2,2009,6,1379.81,64.37,553.45,0
12010,20260210,101,5420,,,2,11,2,2010,4,1008.92,80.85,2786.7,0
12011,20260211,110,5284,,,1,8,2,2011,6,1814.47,139.18,4293.56,0
12012,20260212,199,6442,,,1,1,2,2012,1,1563.0,12.55,4697.97,0
12013,20260213,177,6322,,,1,5,2,2013,3,2139.89,82.41,4202.96,0
12014,20260214,141,5345,,,1,3,2,2014,1,1693.69,10.35,3556.2,0
12015,20260215,156,5245,,,1,4,2,2015,2,970.37,115.07,4055.11,0
12016,20260216,156,5160,,,1,5,2,2016,1,2601.57,224.56,2927.88,0
12017,20260217,114,5704,,,1,4,2,2017,5,2081.68,59.45,851.01,0
12018,20260218,155,6109,,,2,12,2,2018,4,1053.05,261.99,1331.1,0
12019,20260219,142,6188,,,1,6,2,2019,4,2300.64,87.89,2447.07,0
12020,20260220,185,5646,,,1,6,2,2020,4,558.37,89.55,4342.86,0
12021,20260221,134,6056,,,1,3,2,2021,2,1915.52,98.95,4085.79,0
12022,20260222,130,6046,,,1,1,2,2022,4,1882.7,123.11,2326.2,0
12023,20260223,186,5028,,,2,1,2,2023,3,2301.03,136.19,3901.48,0
12024,20260224,168,5865,,,2,9,2,2024,5,2618.42,270.25,3339.6,0
12025,20260225,145,6047,,,2,2,2,2025,4,2179.4,237.24,3921.92,0
12026,20260226,142,5274,,,1,3,2,2026,2,1325.16,30.56,951.79,0
12027,20260227,123,5296,,,2,7,2,2027,5,2424.55,161.05,4084.92,0
12028,20260228,134,5397,,,1,11,2,2028,2,2517.05,145.56,1077.15,0
12029,20260301,161,6371,,,1,3,2,2029,4,975.45,116.73,2591.65,0
12030,20260302,121,5308,,,1,6,2,2030,2,2459.57,224.27,3216.38,0
12031,20260303,183,6392,,,1,9,2,2031,6,1680.16,86.42,1945.72,0
12032,20260304,125,6117,,,2,7,2,2032,1,2384.64,42.04,4400.24,0
12033,20260305,175,5221,,,2,9,2,2033,5,515.97,230.81,4889.23,0
12034,20260306,120,6386,,,1,12,2,2034,5,2423.04,55.41,3130.71,0
12035,20260307,150,6176,,,2,12,2,2035,3,1661.15,210.38,1417.59,0
12036,20260308,135,5465,,,1,12,2,2036,4,2451.77,147.7,2290.37,0
12037,20260309,162,5436,,,1,11,2,2037,2,808.12,68.66,884.98,0
12038,20260310,169,6450,,,2,12,2,2038,6,594.44,259.18,2937.38,0
12039,20260311,124,5811,,,1,5,2,2039,6,1671.49,227.2,3669.1,0
12040,20260312,188,5456,,,1,4,2,2040,1,910.79,268.82,4375.26,0
12041,20260313,177,6230,,,2,6,2,2041,3,1841.17,135.9,3888.64,0
12042,20260314,177,5254,,,1,7,2,2042,2,2327.33,73.8,2366.05,0
12043,20260315,152,5068,,,1,10,2,2043,6,1710.56,143.23,4507.58,0
12044,20260316,188,5731,,,2,5,2,2044,3,1742.68,192.84,2517.54,0
12045,20260317,181,6116,,,2,9,2,2045,6,1651.18,16.87,3077.04,0
12046,20260318,181,5910,,,1,7,2,2046,6,2255.81,292.01,4548.55,0
12047,20260319,148,6337,,,2,7,2,2047,4,2534.72,239.34,2442.88,0
12048,20260320,133,6084,,,2,8,2,2048,3,2210.25,292.97,2187.29,0
12049,20260321,154,6490,,,1,12,2,2049,6,540.11,147.99,3648.75,0
12050,20260322,191,6024,,,2,11,2,2050,2,1505.06,73.98,3130.42,0
12051,20260323,146,6397,,,1,12,2,2051,6,2439.54,235.96,2983.24,0
12052,20260324,185,5540,,,1,1,2,2052,4,899.19,149.11,2937.84,0
12053,20260325,130,6490,,,2,10,2,2053,1,444.95,102.7,2545.35,0
12054,20260326,156,5604,,,1,5,2,2054,6,1140.65,34.82,1741.86,0
12055,20260327,197,5465,,,1,8,2,2055,4,1396.6,230.32,3708.88,0
12056,20260328,175,5178,,,2,8,2,2056,2,2462.3,83.23,3268.55,0
12057,20260329,153,5332,,,1,10,2,2057,4,1737.75,275.17,4547.49,0
12058,20260330,110,5236,,,2,1,2,2058,2,981.27,285.7,2811.54,0
12059,20260331,138,6434,,,2,8,2,2059,3,974.43,75.49,649.83,0
12060,20260401,136,5116,,,1,2,2,2060,2,2013.96,97.93,2699.72,0
12061,20260402,173,6295,,,2,10,2,2061,1,1044.81,124.23,4339.89,0
12062,20260403,137,6353,,,1,11,2,2062,5,2043.3,113.06,2680.48,0
12063,20260404,191,6138,,,1,5,2,2063,1,2750.69,273.34,1415.96,0
12064,20260405,192,6132,,,1,2,2,2064,3,856.72,108.4,2003.69,0
12065,20260406,176,6358,,,2,5,2,2065,3,1213.19,170.93,2008.89,0
12066,20260407,184,5657,,,2,5,2,2066,6,2784.79,210.13,1096.09,0
12067,20260408,134,6227,,,1,11,2,2067,5,714.1,291.11,3947.65,0
12068,20260409,175,5448,,,2,5,2,2068,4,2459.08,78.21,3759.18,0
12069,20260410,189,5910,,,2,12,2,2069,1,873.52,55.27,3065.89,0
12070,20260411,115,5533,,,1,6,2,2070,4,1237.48,232.33,3124.64,0
12071,20260412,191,5643,,,2,6,2,2071,1,856.0,51.63,2882.88,0
12072,20260413,113,6469,,,2,12,2,2072,1,630.33,63.14,2137.57,0
12073,20260414,125,5808,,,1,4,2,2073,5,1110.6,237.66,2629.23,0
12074,20260415,184,5922,,,2,11,2,2074,1,1788.48,52.74,2217.24,0
12075,20260416,146,6253,,,2,2,2,2075,3,584.75,151.32,4596.01,0
12076,20260417,119,6443,,,1,3,2,2076,6,1771.99,181.28,2729.59,0
12077,20260418,108,5346,,,1,8,2,2077,1,1850.16,147.35,1977.79,0
12078,20260419,154,6319,,,1,10,2,2078,2,867.67,134.43,4717.33,0
12079,20260420,165,5839,,,2,8,2,2079,5,1916.91,112.7,3959.84,0
12080,20260421,195,6326,,,2,2,2,2080,2,1609.94,6.02,3907.96,0
12081,20260422,144,5541,,,1,4,2,2081,2,2146.94,141.16,4646.2,0
12082,20260423,161,5022,,,1,8,2,2082,5,2581.47,81.18,1008.74,0
12083,20260424,185,5471,,,1,12,2,2083,4,2311.98,21.49,4596.92,0
12084,20260425,146,5410,,,2,5,2,2084,4,2629.38,33.08,1990.54,0
12085,20260426,179,6190,,,1,6,2,2085,3,2515.43,55.9,1766.25,0
12086,20260427,119,5942,,,1,9,2,2086,4,1032.85,33.01,4555.64,0
12087,20260428,147,5510,,,2,4,2,2087,2,1449.3,112.98,1210.22,0
12088,20260429,189,5517,,,1,12,2,2088,2,1241.74,71.16,4850.73,0
12089,20260430,160,6425,,,2,5,2,2089,5,1631.7,140.09,3288.93,0
12090,20260501,114,6261,,,2,2,2,2090,1,474.65,223.57,3883.22,0
12091,20260201,141,5030,,,2,2,2,2091,4,2341.29,269.21,3441.94,0
12092,20260202,143,5089,,,2,3,2,2092,6,1766.99,267.44,2389.41,0
12093,20260203,183,5849,,,1,5,2,2093,3,1856.57,209.9,1110.62,0
12094,20260204,102,5315,,,2,8,2,2094,3,1004.92,218.6,4178.6,0
12095,20260205,175,6183,,,1,6,2,2095,5,1268.63,39.4,1760.81,0
12096,20260206,116,5829,,,2,8,2,2096,1,2677.4,219.55,4403.37,0
12097,20260207,123,5166,,,1,12,2,2097,5,562.31,202.56,3534.43,0
12098,20260208,143,6023,,,1,7,2,2098,2,2432.91,12.72,587.81,0
12099,20260209,106,5435,,,1,11,2,2099,5,2736.57,196.82,3159.68,0
12100,20260210,101,5449,,,2,2,2,2100,3,1277.71,184.81,2026.64,0
12101,20260211,189,5827,,,2,12,2,2101,2,2472.11,218.98,3554.77,0
12102,20260212,179,5136,,,1,12,2,2102,3,1333.85,286.9,3108.32,0
12103,20260213,158,5173,,,2,1,2,2103,5,2633.78,77.4,2507.21,0
12104,20260214,154,6266,,,2,10,2,2104,6,2321.7,276.63,4851.46,0
12105,20260215,162,6088,,,1,8,2,2105,3,1349.28,237.7,4738.12,0
12106,20260216,165,6495,,,1,4,2,2106,4,2787.3,139.4,1145.24,0
12107,20260217,108,5082,,,2,10,2,2107,1,1208.85,75.37,4637.03,0
12108,20260218,102,5841,,,1,2,2,2108,3,1085.98,203.49,2805.33,0
12109,20260219,121,5921,,,1,3,2,2109,1,439.6,205.58,2607.9,0
12110,20260220,165,5993,,,2,9,2,2110,5,1922.46,291.63,3195.69,0
12111,20260221,198,5118,,,2,5,2,2111,4,1552.14,54.27,673.01,0
12112,20260222,141,5582,,,1,1,2,2112,1,2088.26,51.76,3115.3,0
12113,20260223,153,6167,,,2,8,2,2113,6,1806.64,210.51,4941.38,0
12114,20260224,170,6396,,,1,5,2,2114,1,951.89,35.26,4705.03,0
12115,20260225,179,5232,,,2,1,2,2115,3,2783.81,83.15,2441.88,0
12116,20260226,113,5328,,,2,10,2,2116,6,1032.59,36.74,2943.56,0
12117,20260227,185,6387,,,1,6,2,2117,2,1628.46,217.83,1143.93,0
12118,20260228,176,5993,,,1,4,2,2118,4,596.45,275.72,4973.13,0
12119,20260301,159,6382,,,2,8,2,2119,5,2545.22,28.15,4977.99,0
12120,20260302,138,5179,,,2,11,2,2120,5,2026.27,165.33,1689.48,0
12121,20260303,128,6348,,,1,2,2,2121,6,2252.9,90.29,4251.19,0
12122,20260304,115,6178,,,1,3,2,2122,3,2139.83,3.68,3571.54,0
12123,20260305,198,6478,,,2,5,2,2123,3,839.05,238.25,1889.7,0
12124,20260306,154,6134,,,2,1,2,2124,2,1605.01,22.03,4167.45,0
12125,20260307,143,6291,,,1,3,2,2125,2,436.64,178.64,3800.58,0
12126,20260308,123,5527,,,2,1,2,2126,4,2394.26,54.48,2421.46,0
12127,20260309,120,5921,,,2,10,2,2127,2,2171.47,113.04,1257.98,0
12128,20260310,142,5482,,,1,4,2,2128,1,642.48,51.97,681.85,0
12129,20260311,117,5086,,,2,9,2,2129,1,468.01,297.89,2497.34,0
12130,20260312,177,5480,,,1,11,2,2130,2,1315.88,193.57,3211.3,0
12131,20260313,180,5867,,,1,7,2,2131,1,1667.07,140.43,1196.04,0
12132,20260314,164,5311,,,2,12,2,2132,3,2001.19,164.45,866.17,0
12133,20260315,178,5079,,,1,6,2,2133,3,1640.84,235.72,712.69,0
12134,20260316,104,5426,,,1,1,2,2134,5,779.14,223.48,1602.9,0
12135,20260317,150,5587,,,1,10,2,2135,4,1187.06,247.11,2190.14,0
12136,20260318,139,5045,,,1,1,2,2136,2,1079.92,271.08,1695.35,1
12137,20260319,165,5617,,,2,12,2,2137,5,1820.66,227.6,3371.16,0
12138,20260320,129,5165,,,2,9,2,2138,5,2384.04,166.11,1951.87,0
12139,20260321,126,6156,,,2,7,2,2139,5,842.84,134.39,834.61,0
12140,20260322,191,5983,,,2,12,2,2140,4,1342.49,194.23,2128.74,0
12141,20260323,186,5310,,,1,2,2,2141,3,2156.84,216.07,1465.79,0
12142,20260324,197,5296,,,2,5,2,2142,6,1419.03,117.32,3222.26,0
12143,20260325,171,6182,,,2,10,2,2143,6,1167.02,45.44,2554.53,0
12144,20260326,109,5538,,,1,5,2,2144,2,1635.89,129.76,2380.25,0
12145,20260327,109,6252,,,1,12,2,2145,6,671.72,235.7,4122.97,0
12146,20260328,194,6195,,,2,8,2,2146,2,753.96,57.63,1990.62,0
12147,20260329,126,6446,,,2,11,2,2147,1,1964.68,100.39,2284.25,0
12148,20260330,178,6446,,,2,8,2,2148,1,2753.09,264.77,1596.46,0
12149,20260331,184,5277,,,1,9,2,2149,3,2629.99,95.67,1873.88,0
12150,20260401,109,6128,,,1,5,2,2150,4,2590.15,170.58,3531.46,0
12151,20260402,117,5247,,,2,1,2,2151,6,2273.92,169.83,3714.54,0
12152,20260403,107,5115,,,1,8,2,2152,4,993.83,6.77,2497.42,0
12153,20260404,111,5558,,,1,3,2,2153,3,1967.97,243.2,3881.54,0
12154,20260405,127,6191,,,2,5,2,2154,4,2149.46,109.58,2448.24,1
12155,20260406,132,6014,,,2,6,2,2155,5,2554.32,41.02,672.82,0
12156,20260407,125,5627,,,1,7,2,2156,3,1720.58,5.47,1181.43,0
12157,20260408,132,6248,,,1,10,2,2157,6,922.45,110.62,3416.03,0
12158,20260409,119,6432,,,2,4,2,2158,3,1470.11,239.94,2754.25,0
12159,20260410,104,5360,,,1,5,2,2159,6,2583.83,254.82,1810.89,0
12160,20260411,130,5997,,,1,8,2,2160,6,2313.68,148.88,1704.32,0
12161,20260412,186,5062,,,2,5,2,2161,3,1045.22,198.04,4899.94,0
12162,20260413,111,5116,,,1,8,2,2162,5,2590.82,101.89,4584.04,0
12163,20260414,111,6352,,,1,9,2,2163,2,559.41,258.78,3916.04,0
12164,20260415,125,5539,,,2,9,2,2164,1,563.26,115.48,3883.74,0
12165,20260416,143,5931,,,1,8,2,2165,1,1675.75,9.26,1862.9,0
12166,20260417,130,6163,,,2,10,2,2166,3,648.91,214.71,2345.99,0
12167,20260418,189,5339,,,1,8,2,2167,3,533.73,10.02,2307.9,0
12168,20260419,183,5627,,,2,8,2,2168,3,1927.76,21.87,4328.43,0
12169,20260420,183,6090,,,2,8,2,2169,1,2308.96,228.77,3587.51,0
12170,20260421,149,6196,,,1,6,2,2170,1,1504.11,221.42,1306.82,0
12171,20260422,170,5503,,,1,9,2,2171,6,2742.39,243.98,1575.71,0
12172,20260423,177,6153,,,2,2,2,2172,2,2108.76,207.08,3976.3,0
12173,20260424,199,5418,,,1,9,2,2173,3,1218.91,131.32,2138.61,0
12174,20260425,198,5680,,,2,8,2,2174,2,1608.46,196.38,1064.94,0
12175,20260426,198,6149,,,2,4,2,2175,3,1661.59,10.35,1149.67,0
12176,20260427,130,5161,,,2,6,2,2176,1,1008.3,12.7,3519.96,0
12177,20260428,187,6327,,,1,9,2,2177,1,1882.72,144.74,4663.54,0
12178,20260429,129,6393,,,2,3,2,2178,1,1239.33,194.12,2531.55,0
12179,20260430,141,5365,,,2,4,2,2179,4,977.65,42.94,1996.66,0
12180,20260501,125,5389,,,2,3,2,2180,2,596.75,149.96,4958.2,0
12181,20260201,124,6222,,,2,2,2,2181,3,2254.09,171.15,3852.86,0
12182,20260202,153,5195,,,1,4,2,2182,2,1573.52,173.99,1145.54,0
12183,20260203,114,5895,,,1,2,2,2183,3,2225.17,89.16,1517.06,0
12184,20260204,134,5521,,,2,11,2,2184,4,1304.29,269.59,1106.23,0
12185,20260205,193,6428,,,1,4,2,2185,2,1331.22,222.61,3223.86,0
12186,20260206,157,5490,,,1,1,2,2186,5,513.16,85.16,2165.23,0
12187,20260207,117,5767,,,2,9,2,2187,2,2299.84,265.42,4357.35,0
12188,20260208,161,6325,,,2,7,2,2188,6,614.46,96.08,3388.81,0
12189,20260209,130,5908,,,2,2,2,2189,1,953.19,36.11,3409.25,1
12190,20260210,191,5198,,,1,6,2,2190,6,1803.98,221.05,1176.46,0
12191,20260211,119,5960,,,1,6,2,2191,5,1225.8,211.9,3234.36,0
12192,20260212,126,5677,,,2,11,2,2192,6,418.73,120.99,1832.96,0
12193,20260213,169,6248,,,2,12,2,2193,2,950.49,56.16,2557.5,0
12194,20260214,200,5179,,,2,4,2,2194,1,479.06,152.54,4062.39,0
12195,20260215,120,5566,,,2,1,2,2195,2,2116.73,258.76,4109.01,0
12196,20260216,112,5376,,,2,12,2,2196,2,1674.13,88.11,857.76,0
12197,20260217,177,5507,,,1,9,2,2197,5,2669.36,295.78,893.11,0
12198,20260218,193,6232,,,2,2,2,2198,6,2294.92,52.95,1670.79,0
12199,20260219,130,5458,,,1,9,2,2199,3,1076.66,164.18,3464.78,0
12200,20260220,124,5950,,,1,6,2,2200,5,1744.85,239.23,3222.9,0
12201,20260221,153,5235,,,1,9,2,2201,3,457.77,33.25,4376.66,0
12202,20260222,108,6433,,,1,1,2,2202,3,2688.58,75.33,2078.6,0
12203,20260223,173,5586,,,1,7,2,2203,3,2610.45,36.94,1967.62,0
12204,20260224,114,6283,,,2,5,2,2204,3,1022.09,53.38,4806.48,0
12205,20260225,137,5041,,,2,1,2,2205,1,555.86,65.39,4526.52,0
12206,20260226,178,6249,,,2,7,2,2206,2,2529.55,77.15,4392.06,0
12207,20260227,149,6131,,,2,9,2,2207,6,2466.83,208.02,939.48,0
12208,20260228,189,5051,,,2,5,2,2208,1,2751.66,84.38,2755.24,0
12209,20260301,140,6286,,,1,10,2,2209,2,1602.3,258.3,3241.24,0
12210,20260302,165,5674,,,1,9,2,2210,4,2506.6,243.84,4964.27,0
12211,20260303,128,6016,,,2,1,2,2211,6,2465.48,144.35,1239.19,0
12212,20260304,175,6187,,,1,9,2,2212,5,1985.49,4.23,977.64,0
12213,20260305,157,5830,,,1,11,2,2213,4,1941.24,216.52,4616.19,0
12214,20260306,180,5376,,,1,1,2,2214,1,2021.53,252.3,913.3,0
12215,20260307,175,5632,,,1,10,2,2215,2,2239.24,220.05,2359.31,0
12216,20260308,165,5670,,,1,4,2,2216,3,1851.28,48.84,1403.42,0
12217,20260309,177,5270,,,2,5,2,2217,4,2319.88,79.36,1431.07,0
12218,20260310,176,6218,,,2,5,2,2218,5,2124.39,180.98,3484.6,0
12219,20260311,168,5070,,,2,9,2,2219,1,2439.83,180.69,724.54,0
12220,20260312,145,5869,,,2,5,2,2220,4,956.96,77.23,4406.79,0
12221,20260313,180,5837,,,2,11,2,2221,3,2558.88,109.22,1741.22,0
12222,20260314,129,5859,,,2,2,2,2222,1,2540.77,143.94,1054.94,0
12223,20260315,158,5121,,,1,9,2,2223,1,2146.85,67.68,3586.63,0
12224,20260316,187,5854,,,2,6,2,2224,5,1786.11,53.85,3406.82,0
12225,20260317,161,5169,,,2,3,2,2225,4,1353.54,182.78,2299.45,0
12226,20260318,198,6066,,,2,2,2,2226,6,767.53,74.9,4834.7,0
12227,20260319,144,5769,,,1,2,2,2227,5,2777.29,206.43,1485.73,0
12228,20260320,169,5628,,,2,4,2,2228,4,535.46,201.89,1722.96,0
12229,20260321,134,6441,,,2,5,2,2229,6,628.62,173.48,4365.38,0
12230,20260322,185,6428,,,1,9,2,2230,1,2505.64,287.29,2224.02,0
12231,20260323,140,5485,,,1,2,2,2231,1,1809.24,30.47,1498.42,0
12232,20260324,179,5225,,,1,7,2,2232,4,2665.3,76.89,2754.3,0
12233,20260325,107,5416,,,1,8,2,2233,6,2583.5,122.53,4157.08,0
12234,20260326,112,5450,,,1,11,2,2234,6,1134.28,274.58,2343.79,0
12235,20260327,154,6000,,,2,10,2,2235,1,1461.78,207.84,2132.53,0
12236,20260328,137,5845,,,1,6,2,2236,5,2316.06,295.76,4444.34,0
12237,20260329,180,5843,,,1,6,2,2237,5,1304.39,204.03,1370.66,0
12238,20260330,105,5516,,,2,11,2,2238,4,2134.18,159.47,4617.31,0
12239,20260331,108,5467,,,1,1,2,2239,3,915.05,14.41,4593.7,0
12240,20260401,173,5065,,,2,9,2,2240,6,2164.46,172.02,4539.71,0
12241,20260402,197,5611,,,1,1,2,2241,5,916.83,43.68,3370.08,0
12242,20260403,171,6418,,,2,7,2,2242,3,2422.09,27.97,1537.03,0
12243,20260404,174,6059,,,1,4,2,2243,2,2648.05,127.96,1052.87,0
12244,20260405,157,6206,,,1,1,2,2244,4,2675.69,188.11,786.69,0
12245,20260406,111,5982,,,2,12,2,2245,3,2383.48,7.98,1219.18,0
12246,20260407,193,5215,,,1,5,2,2246,2,1993.55,170.78,4224.45,0
12247,20260408,169,5025,,,2,10,2,2247,3,2309.0,60.34,4665.33,0
12248,20260409,189,5229,,,1,8,2,2248,4,1841.85,66.9,4418.12,0
12249,20260410,105,5464,,,1,11,2,2249,1,445.29,264.43,2635.12,0
12250,20260411,173,5412,,,2,12,2,2250,4,475.16,200.62,2514.05,0
12251,20260412,190,5428,,,1,11,2,2251,5,1538.61,123.59,1387.84,0
12252,20260413,151,6360,,,1,12,2,2252,4,447.86,149.73,4172.47,0
12253,20260414,139,5334,,,1,12,2,2253,4,711.72,160.26,1642.87,0
12254,20260415,142,5191,,,1,6,2,2254,5,1308.2,38.43,1698.58,0
12255,20260416,139,6186,,,1,9,2,2255,6,1558.39,13.36,1927.28,0
12256,20260417,166,5538,,,1,2,2,2256,3,527.08,7.51,3162.95,0
12257,20260418,109,5281,,,2,1,2,2257,2,1517.6,89.15,750.17,0
12258,20260419,171,5092,,,1,2,2,2258,3,1286.99,93.94,3361.53,0
12259,20260420,133,6265,,,1,11,2,2259,2,1012.35,272.08,3044.44,0
12260,20260421,138,5974,,,2,7,2,2260,3,2750.24,66.3,2657.72,0
12261,20260422,119,5280,,,2,5,2,2261,3,2256.76,236.83,3432.72,0
12262,20260423,160,5928,,,2,4,2,2262,1,2725.43,181.75,788.54,0
12263,20260424,144,5399,,,1,2,2,2263,3,650.45,194.23,4545.64,0
12264,20260425,115,5965,,,1,9,2,2264,6,921.12,187.9,4352.43,0
12265,20260426,117,6288,,,2,6,2,2265,1,1160.45,196.31,751.31,0
12266,20260427,155,5394,,,1,12,2,2266,4,1591.17,258.27,2973.14,0
12267,20260428,174,5404,,,1,12,2,2267,2,1684.82,263.34,1505.26,0
12268,20260429,188,5622,,,1,4,2,2268,5,909.58,229.19,1878.3,0
12269,20260430,146,6351,,,1,2,2,2269,4,1905.42,296.64,551.73,0
12270,20260501,195,6075,,,2,6,2,2270,4,1507.31,252.17,2721.0,0
12271,20260201,160,5613,,,2,7,2,2271,2,1958.87,115.41,3410.44,0
12272,20260202,106,5165,,,1,1,2,2272,5,1816.98,106.32,3951.95,0
12273,20260203,101,6177,,,1,12,2,2273,1,1181.7,200.03,1180.41,0
12274,20260204,119,5982,,,2,11,2,2274,6,1966.64,62.59,2966.92,0
12275,20260205,158,6088,,,1,1,2,2275,3,1503.6,201.19,1656.22,0
12276,20260206,148,5983,,,1,3,2,2276,6,1355.25,140.16,2876.9,0
12277,20260207,157,6499,,,1,1,2,2277,1,2382.11,16.11,2063.03,0
12278,20260208,136,5887,,,2,12,2,2278,5,487.63,226.77,2540.54,0
12279,20260209,170,5537,,,1,11,2,2279,3,1157.53,244.19,3608.47,0
12280,20260210,112,5172,,,2,9,2,2280,3,2419.87,132.2,3666.35,0
12281,20260211,106,5635,,,1,6,2,2281,4,835.15,85.75,3992.96,0
12282,20260212,144,6072,,,2,5,2,2282,6,2391.45,28.69,2289.73,0
12283,20260213,135,5682,,,1,8,2,2283,3,1571.22,180.78,4643.74,0
12284,20260214,118,5775,,,2,2,2,2284,1,2720.29,182.1,2127.75,0
12285,20260215,169,5452,,,1,1,2,2285,3,2029.29,176.67,897.27,0
12286,20260216,190,6185,,,1,8,2,2286,1,1549.91,186.88,3092.03,0
12287,20260217,120,6390,,,2,2,2,2287,6,580.18,90.48,3989.42,0
12288,20260218,199,6207,,,1,5,2,2288,3,777.64,294.48,2265.57,0
12289,20260219,153,5737,,,2,3,2,2289,2,2435.24,72.49,796.3,0
12290,20260220,187,5919,,,2,11,2,2290,1,1002.25,177.9,1734.61,0
12291,20260221,156,5885,,,2,5,2,2291,3,2762.06,293.77,2555.62,0
12292,20260222,184,5995,,,2,3,2,2292,2,666.53,105.36,3084.53,0
12293,20260223,197,5380,,,1,7,2,2293,3,1321.26,8.11,1230.87,0
12294,20260224,132,6020,,,2,2,2,2294,3,1851.44,292.74,3414.45,0
12295,20260225,121,6159,,,1,8,2,2295,5,2744.64,177.01,2964.15,0
12296,20260226,106,6385,,,1,11,2,2296,6,1864.73,297.26,3598.44,0
12297,20260227,191,6301,,,2,8,2,2297,2,1587.4,275.63,4786.4,0
12298,20260228,110,6198,,,2,11,2,2298,6,624.34,229.74,792.54,0
12299,20260301,117,5094,,,1,5,2,2299,6,1167.71,272.17,4469.69,0
12300,20260302,102,5746,,,1,12,2,2300,3,2431.27,181.4,1270.31,0
12301,20260303,189,6100,,,1,2,2,2301,3,602.0,105.86,1856.78,0
12302,20260304,185,5237,,,2,4,2,2302,1,2021.34,81.91,2675.46,0
12303,20260305,102,6369,,,2,10,2,2303,6,2581.2,6.99,3656.71,0
12304,20260306,153,5633,,,1,8,2,2304,3,2622.48,86.02,2440.49,0
12305,20260307,169,5561,,,2,6,2,2305,1,1133.05,39.25,546.67,0
12306,20260308,113,5361,,,1,8,2,2306,6,1165.31,126.18,2330.83,0
12307,20260309,153,5738,,,2,8,2,2307,1,771.61,253.13,3199.51,0
12308,20260310,106,5961,,,1,1,2,2308,2,2356.0,156.21,2063.15,0
12309,20260311,144,6306,,,1,4,2,2309,2,946.73,101.73,1058.15,0
12310,20260312,152,5114,,,1,10,2,2310,1,991.23,71.39,3661.96,0
12311,20260313,112,5912,,,2,7,2,2311,4,1070.03,25.97,2428.64,0
12312,20260314,139,5285,,,1,1,2,2312,6,1842.54,156.66,4798.96,0
12313,20260315,175,5533,,,2,5,2,2313,6,1051.44,162.19,2933.2,0
12314,20260316,188,5985,,,1,12,2,2314,4,559.01,283.77,2391.87,0
12315,20260317,114,5366,,,2,4,2,2315,5,1668.57,59.25,763.73,0
12316,20260318,192,6234,,,1,7,2,2316,4,1469.05,128.42,4967.03,0
12317,20260319,178,6102,,,2,8,2,2317,2,1447.68,122.62,2185.54,0
12318,20260320,109,5559,,,1,9,2,2318,5,759.34,90.59,3337.45,0
12319,20260321,109,5181,,,2,12,2,2319,2,1759.5,213.33,1250.51,0
12320,20260322,186,5637,,,1,6,2,2320,1,1650.24,145.26,1548.81,0
12321,20260323,158,6320,,,1,10,2,2321,6,2766.28,34.29,1578.28,0
12322,20260324,129,6026,,,1,9,2,2322,1,1596.98,278.88,1754.14,0
12323,20260325,116,6280,,,2,2,2,2323,1,2123.75,46.5,3416.57,0
12324,20260326,199,6415,,,2,2,2,2324,5,2688.9,32.86,1538.05,0
12325,20260327,177,5495,,,1,7,2,2325,5,1501.13,210.23,1680.56,0
12326,20260328,154,6458,,,1,8,2,2326,6,1769.43,277.04,2514.85,0
12327,20260329,186,6256,,,1,10,2,2327,1,2092.45,217.99,4695.77,0
12328,20260330,199,5598,,,1,7,2,2328,4,1336.07,100.68,1568.91,0
12329,20260331,152,5459,,,1,1,2,2329,1,1770.87,283.19,3280.34,0
12330,20260401,147,5900,,,1,5,2,2330,4,2191.45,139.35,3474.06,0
12331,20260402,149,6086,,,2,1,2,2331,6,638.2,130.15,3435.57,0
12332,20260403,109,6388,,,2,9,2,2332,1,1151.44,211.97,1622.38,0
12333,20260404,167,5104,,,1,3,2,2333,3,2484.24,21.21,2105.83,0
12334,20260405,107,6258,,,2,3,2,2334,2,596.68,297.15,513.91,0
12335,20260406,194,6018,,,2,5,2,2335,3,1187.88,205.01,3290.97,0
12336,20260407,149,5202,,,1,9,2,2336,5,492.31,223.18,1121.63,0
12337,20260408,199,5566,,,1,6,2,2337,4,1501.14,243.05,2675.8,1
12338,20260409,186,6272,,,1,6,2,2338,3,1149.33,119.74,4143.79,0
12339,20260410,141,5645,,,1,8,2,2339,1,1253.31,288.0,3006.27,0
12340,20260411,163,5538,,,1,4,2,2340,2,1273.57,124.65,3557.96,0
12341,20260412,147,6177,,,2,11,2,2341,5,1692.69,145.69,1992.96,0
12342,20260413,196,5529,,,1,4,2,2342,6,2030.55,253.46,4184.18,0
12343,20260414,138,6226,,,2,4,2,2343,3,769.16,44.51,761.58,0
12344,20260415,141,5830,,,1,12,2,2344,6,2726.99,248.5,4548.42,0
12345,20260416,123,6000,,,1,8,2,2345,4,905.48,51.96,515.68,0
12346,20260417,191,5820,,,2,1,2,2346,4,2644.19,264.55,4333.61,0
12347,20260418,194,5705,,,1,4,2,2347,5,2735.91,158.32,3652.34,0
12348,20260419,189,5901,,,1,11,2,2348,1,2562.69,4.62,4443.2,0
12349,20260420,127,5587,,,1,5,2,2349,2,753.59,103.76,4904.04,0
12350,20260421,148,5723,,,2,6,2,2350,3,659.81,87.26,1131.34,0
12351,20260422,103,5466,,,1,9,2,2351,2,945.41,179.37,2793.87,0
12352,20260423,135,5777,,,1,10,2,2352,6,2528.2,70.43,2366.02,0
12353,20260424,191,5905,,,2,12,2,2353,5,2029.97,85.44,1941.36,0
12354,20260425,189,6010,,,2,10,2,2354,3,594.95,244.66,2964.37,0
12355,20260426,160,6345,,,2,6,2,2355,1,642.51,25.02,2689.2,0
12356,20260427,114,6124,,,1,3,2,2356,5,1617.25,149.55,2214.29,0
12357,20260428,136,5738,,,2,6,2,2357,6,1066.47,29.15,4283.42,0
12358,20260429,190,5591,,,2,4,2,2358,2,788.05,261.23,3492.2,0
12359,20260430,189,5045,,,2,8,2,2359,6,1225.81,120.65,3633.95,0
12360,20260501,175,5769,,,1,5,2,2360,4,816.34,252.22,2000.48,0
12361,20260201,104,6086,,,2,3,2,2361,1,1009.24,21.45,714.91,0
12362,20260202,105,6227,,,2,12,2,2362,2,1179.56,4.35,660.29,0
12363,20260203,125,5405,,,1,9,2,2363,6,2736.2,140.71,535.84,0
12364,20260204,106,6003,,,1,2,2,2364,2,2699.57,185.18,3011.48,0
12365,20260205,108,5575,,,2,3,2,2365,1,2320.7,206.5,2351.98,0
12366,20260206,170,5948,,,2,2,2,2366,5,1250.35,36.48,3715.63,0
12367,20260207,138,6024,,,2,7,2,2367,5,1036.59,74.51,4603.73,0
12368,20260208,199,5508,,,2,6,2,2368,1,2545.49,187.18,2828.63,0
12369,20260209,162,6373,,,1,1,2,2369,3,730.19,198.59,1418.51,1
12370,20260210,122,5353,,,2,5,2,2370,4,2509.44,222.77,4648.08,0
12371,20260211,120,5106,,,1,4,2,2371,3,1603.25,51.85,4501.0,0
12372,20260212,180,5129,,,1,12,2,2372,6,1683.22,48.32,2464.94,0
12373,20260213,160,5358,,,1,5,2,2373,6,1402.34,6.88,4294.51,0
12374,20260214,115,6348,,,1,1,2,2374,5,1011.58,202.54,4755.18,0
12375,20260215,102,6182,,,2,6,2,2375,2,2252.19,246.77,1548.33,0
12376,20260216,154,5235,,,2,8,2,2376,4,2381.66,86.22,2905.99,0
12377,20260217,193,6101,,,1,1,2,2377,1,2773.58,88.67,1491.49,0
12378,20260218,160,5009,,,2,3,2,2378,3,931.75,99.58,3523.3,0
12379,20260219,189,6196,,,1,8,2,2379,5,1333.75,283.97,1183.11,0
12380,20260220,109,6052,,,2,2,2,2380,6,963.97,70.93,3215.32,0
12381,20260221,128,6165,,,1,5,2,2381,2,2041.24,155.0,4161.88,0
12382,20260222,192,5545,,,2,4,2,2382,4,1116.15,292.35,1474.32,0
12383,20260223,138,5606,,,1,5,2,2383,3,2766.73,179.53,3354.38,0
12384,20260224,113,6265,,,2,12,2,2384,1,986.69,131.38,3760.12,0
12385,20260225,108,5946,,,1,2,2,2385,1,788.51,184.41,4003.38,0
12386,20260226,178,5515,,,2,1,2,2386,4,1543.02,265.37,4138.88,0
12387,20260227,141,6438,,,1,6,2,2387,4,1427.61,245.01,1596.21,0
12388,20260228,135,5606,,,1,5,2,2388,4,1530.71,165.38,3385.27,0
12389,20260301,120,5383,,,1,6,2,2389,5,2453.98,193.35,2015.73,0
12390,20260302,151,5190,,,2,8,2,2390,4,2218.23,154.37,4200.56,0
12391,20260303,119,5524,,,1,7,2,2391,4,1561.43,63.25,1380.25,0
12392,20260304,126,5030,,,1,4,2,2392,6,1131.04,82.99,1721.57,0
12393,20260305,179,5234,,,1,11,2,2393,3,2398.08,46.21,3531.94,0
12394,20260306,133,5960,,,2,1,2,2394,1,2111.16,4.86,2338.52,0
12395,20260307,152,5220,,,2,7,2,2395,3,2392.66,132.24,4031.75,0
12396,20260308,157,6287,,,1,8,2,2396,5,1632.09,122.36,696.75,0
12397,20260309,148,5327,,,1,4,2,2397,2,1869.07,127.85,1322.44,1
12398,20260310,129,5540,,,1,11,2,2398,5,669.24,78.45,1248.3,0
12399,20260311,127,6100,,,2,12,2,2399,1,1320.24,261.2,3216.72,0
12400,20260312,131,5136,,,1,7,2,2400,6,2240.03,273.55,1738.65,0
12401,20260313,152,6157,,,1,6,2,2401,4,834.28,231.98,2570.97,1
12402,20260314,185,5821,,,2,7,2,2402,5,2394.26,3.62,521.33,0
12403,20260315,179,5539,,,2,9,2,2403,3,2723.74,172.22,945.3,0
12404,20260316,151,6191,,,2,7,2,2404,2,1382.05,3.43,1398.65,0
12405,20260317,125,5441,,,1,8,2,2405,2,1366.29,242.44,1331.54,0
12406,20260318,163,5913,,,2,5,2,2406,4,2139.32,189.56,2885.88,0
12407,20260319,200,6016,,,1,3,2,2407,6,1025.89,171.21,2499.0,0
12408,20260320,144,6137,,,2,3,2,2408,6,1923.53,238.08,2853.48,0
12409,20260321,123,5414,,,2,6,2,2409,4,1580.19,194.24,4370.62,0
12410,20260322,137,5482,,,1,1,2,2410,3,2038.18,114.75,2111.17,0
12411,20260323,196,5526,,,2,2,2,2411,2,2505.87,175.63,4450.36,0
12412,20260324,158,5268,,,2,9,2,2412,2,503.68,263.87,2019.78,0
12413,20260325,173,5988,,,2,6,2,2413,2,1907.02,25.46,899.66,0
12414,20260326,123,6452,,,1,5,2,2414,1,910.13,51.82,3150.54,0
12415,20260327,190,5557,,,2,8,2,2415,1,1193.81,102.21,2250.31,0
12416,20260328,145,6289,,,1,5,2,2416,4,1832.52,73.47,1162.45,0
12417,20260329,180,6078,,,1,9,2,2417,1,961.28,151.18,1523.51,0
12418,20260330,150,5645,,,1,9,2,2418,1,1646.03,145.34,4389.09,0
12419,20260331,138,6322,,,1,2,2,2419,4,830.79,65.47,576.54,0
12420,20260401,122,5960,,,1,12,2,2420,1,2448.44,270.18,995.03,0
12421,20260402,157,5629,,,2,10,2,2421,4,1358.69,46.83,1801.03,0
12422,20260403,119,6500,,,2,5,2,2422,6,1893.49,111.67,2286.2,0
12423,20260404,162,5914,,,2,2,2,2423,6,2384.15,130.85,4516.75,0
12424,20260405,148,5110,,,1,2,2,2424,6,2574.6,212.68,3765.03,0
12425,20260406,175,6007,,,1,5,2,2425,3,2593.54,138.83,1010.78,0
12426,20260407,102,5777,,,1,6,2,2426,1,2256.08,284.1,1126.56,0
12427,20260408,114,5948,,,1,8,2,2427,1,1942.12,272.49,3606.39,0
12428,20260409,113,5787,,,1,5,2,2428,6,1937.45,270.02,1905.62,0
12429,20260410,133,5863,,,1,1,2,2429,5,763.94,297.44,4229.43,0
12430,20260411,101,6071,,,1,1,2,2430,2,1433.85,50.75,2196.39,1
12431,20260412,153,6258,,,1,10,2,2431,3,462.04,237.27,3065.44,0
12432,20260413,169,5298,,,1,1,2,2432,2,1660.25,88.33,834.93,0
12433,20260414,188,5490,,,1,1,2,2433,3,2530.79,194.58,1399.64,1
12434,20260415,194,5361,,,2,4,2,2434,5,951.32,119.17,2330.17,0
12435,20260416,161,5894,,,1,8,2,2435,1,2740.73,119.87,4121.04,0
12436,20260417,195,5277,,,2,7,2,2436,1,798.4,82.02,2732.26,0
12437,20260418,159,5866,,,2,1,2,2437,2,929.69,225.52,1841.18,0
12438,20260419,133,5693,,,2,1,2,2438,2,2505.42,143.56,3507.69,0
12439,20260420,175,5932,,,1,12,2,2439,5,705.07,197.48,564.39,0
12440,20260421,178,5528,,,1,9,2,2440,5,2751.81,140.46,2903.06,0
12441,20260422,156,5463,,,1,12,2,2441,3,2370.56,41.24,3702.64,0
12442,20260423,171,5329,,,1,5,2,2442,6,1868.35,144.67,1415.95,0
12443,20260424,107,5252,,,1,7,2,2443,5,1016.46,229.91,2186.43,0
12444,20260425,186,6455,,,2,2,2,2444,1,1350.82,40.04,1267.99,0
12445,20260426,150,5526,,,1,10,2,2445,6,1752.67,298.16,985.47,0
12446,20260427,108,6106,,,2,9,2,2446,1,2019.0,66.88,4469.21,0
12447,20260428,114,5813,,,1,10,2,2447,4,2149.11,219.29,2163.73,0
12448,20260429,110,5634,,,2,1,2,2448,4,1629.2,124.94,801.45,0
12449,20260430,169,5648,,,2,10,2,2449,4,2116.42,150.27,1305.56,0
12450,20260501,133,5219,,,1,8,2,2450,3,1844.71,106.8,4145.04,0
12451,20260201,116,5560,,,1,1,2,2451,3,2702.79,224.12,4923.2,0
12452,20260202,192,5550,,,2,6,2,2452,6,1387.51,297.7,2698.22,1
12453,20260203,132,6250,,,2,11,2,2453,1,2539.73,223.92,2666.96,0
12454,20260204,102,5465,,,1,3,2,2454,4,739.73,27.92,4287.13,0
12455,20260205,163,6223,,,2,2,2,2455,4,1726.62,36.99,4165.22,0
12456,20260206,146,6070,,,1,2,2,2456,1,526.64,171.06,4385.14,0
12457,20260207,148,5794,,,2,8,2,2457,4,1620.89,225.88,2127.58,0
12458,20260208,131,6137,,,1,2,2,2458,3,1792.94,204.94,3957.84,0
12459,20260209,158,5321,,,1,1,2,2459,1,645.99,128.5,577.4,0
12460,20260210,156,5763,,,1,10,2,2460,5,2467.85,259.26,927.2,0
12461,20260211,120,6371,,,2,10,2,2461,4,1021.83,100.25,1377.59,0
12462,20260212,146,5005,,,2,9,2,2462,5,1106.81,123.66,3685.68,0
12463,20260213,176,5174,,,2,8,2,2463,2,669.56,267.53,1599.66,0
12464,20260214,153,5280,,,2,5,2,2464,6,2645.07,44.54,3279.06,0
12465,20260215,196,5295,,,1,2,2,2465,6,2071.7,83.37,3323.7,0
12466,20260216,155,5543,,,2,11,2,2466,1,710.4,227.92,1858.3,0
12467,20260217,151,6425,,,2,5,2,2467,6,2784.67,165.51,3229.23,0
12468,20260218,116,5276,,,2,8,2,2468,5,1247.61,10.11,1120.7,0
12469,20260219,174,6372,,,1,7,2,2469,3,1016.23,140.15,542.51,0
12470,20260220,114,5001,,,2,7,2,2470,3,2357.38,237.54,4844.24,1
12471,20260221,104,5345,,,1,8,2,2471,5,1170.34,252.16,3291.66,0
12472,20260222,113,5534,,,2,4,2,2472,2,2531.17,259.27,1321.87,0
12473,20260223,178,5253,,,2,6,2,2473,2,540.03,220.6,668.86,0
12474,20260224,196,6233,,,1,8,2,2474,6,2391.56,219.14,2689.12,0
12475,20260225,133,5317,,,2,5,2,2475,4,2466.09,112.45,2788.7,0
12476,20260226,150,5809,,,2,11,2,2476,1,496.95,244.49,3418.47,0
12477,20260227,194,6404,,,2,5,2,2477,2,907.53,84.94,2169.0,0
12478,20260228,150,5318,,,2,5,2,2478,2,786.0,105.57,4595.74,0
12479,20260301,104,5836,,,1,1,2,2479,3,1007.32,277.69,4277.37,0
12480,20260302,160,6333,,,1,9,2,2480,3,1797.03,92.11,1476.03,0
12481,20260303,147,6316,,,1,11,2,2481,3,1377.82,217.92,946.74,0
12482,20260304,130,5772,,,1,12,2,2482,4,2325.08,38.51,4011.52,0
12483,20260305,198,6484,,,2,6,2,2483,1,1989.59,250.9,2434.34,0
12484,20260306,146,6389,,,1,7,2,2484,2,2758.59,152.57,3440.47,0
12485,20260307,175,5287,,,1,11,2,2485,2,2700.69,222.94,3249.72,0
12486,20260308,163,5764,,,1,3,2,2486,5,1905.0,33.52,2269.5,0
12487,20260309,163,5543,,,1,7,2,2487,3,1785.95,138.61,4321.97,0
12488,20260310,127,5169,,,2,10,2,2488,4,1709.39,60.15,1895.21,0
12489,20260311,169,5298,,,1,9,2,2489,1,863.91,96.98,2146.41,0
12490,20260312,199,6167,,,2,8,2,2490,3,2147.82,276.7,4144.11,0
12491,20260313,167,5246,,,1,12,2,2491,1,2521.23,122.8,3104.91,0
12492,20260314,177,6496,,,1,1,2,2492,1,809.08,194.87,2657.31,0
12493,20260315,153,5125,,,1,4,2,2493,3,2592.01,73.59,903.71,0
12494,20260316,159,5695,,,2,6,2,2494,6,562.81,280.6,1724.76,0
12495,20260317,127,5774,,,1,12,2,2495,6,1313.75,145.96,3670.67,0
12496,20260318,116,5424,,,1,4,2,2496,1,1004.97,60.33,2449.15,0
12497,20260319,117,5681,,,2,12,2,2497,2,2201.58,243.94,3836.34,0
12498,20260320,184,5678,,,1,11,2,2498,4,1425.7,106.14,527.97,0
12499,20260321,111,5665,,,1,1,2,2499,2,475.24,0.81,3856.59,0
12500,20260322,153,5906,,,1,1,2,2500,1,439.54,139.31,1137.12,0
12501,20260323,123,5486,,,2,3,2,2501,6,2169.4,299.7,544.36,0
12502,20260324,180,5694,,,1,3,2,2502,3,1509.22,76.24,3484.65,0
12503,20260325,162,5691,,,2,4,2,2503,4,1297.83,82.73,4311.19,0
12504,20260326,152,6208,,,2,6,2,2504,1,2545.97,276.1,1465.14,0
12505,20260327,132,6303,,,2,7,2,2505,5,1725.18,295.87,2064.7,0
12506,20260328,155,5041,,,1,5,2,2506,4,1033.64,12.27,599.26,0
12507,20260329,136,5372,,,1,1,2,2507,2,686.61,154.04,3961.57,0
12508,20260330,153,5682,,,2,5,2,2508,2,1195.67,255.93,1220.59,0
12509,20260331,179,5770,,,2,4,2,2509,5,1452.09,125.85,1831.35,0
12510,20260401,118,6371,,,1,5,2,2510,1,2012.52,147.47,3927.45,0
12511,20260402,173,5940,,,1,2,2,2511,4,2032.25,31.45,3857.99,0
12512,20260403,139,5408,,,1,12,2,2512,5,983.32,19.17,1649.94,0
12513,20260404,186,5444,,,2,4,2,2513,5,2346.35,286.34,1469.11,0
12514,20260405,166,6123,,,2,4,2,2514,3,762.18,57.41,916.21,0
12515,20260406,157,5956,,,2,1,2,2515,5,2158.73,97.31,3033.62,0
12516,20260407,196,5838,,,1,4,2,2516,6,1502.92,63.61,3101.9,0
12517,20260408,101,5966,,,2,9,2,2517,2,1710.65,29.71,3615.46,0
12518,20260409,152,5225,,,1,2,2,2518,2,1430.98,194.17,3077.26,0
12519,20260410,172,5053,,,2,12,2,2519,1,2408.75,234.1,926.18,0
12520,20260411,148,5712,,,1,6,2,2520,4,1132.31,163.61,4380.18,0
12521,20260412,156,5979,,,2,9,2,2521,5,1256.19,75.85,4169.98,0
12522,20260413,126,5141,,,2,1,2,2522,3,2542.13,156.57,2083.24,0
12523,20260414,150,5887,,,2,6,2,2523,4,1475.32,224.05,1552.41,0
12524,20260415,108,5761,,,1,4,2,2524,1,1197.74,297.53,740.42,0
12525,20260416,196,5087,,,1,1,2,2525,6,2354.15,51.22,1425.65,0
12526,20260417,146,6100,,,1,4,2,2526,5,1394.59,58.33,3568.35,0
12527,20260418,113,5962,,,2,7,2,2527,2,979.46,17.7,2568.75,0
12528,20260419,116,6370,,,2,7,2,2528,5,870.41,151.08,2962.47,0
12529,20260420,174,5017,,,1,6,2,2529,3,1085.37,230.72,2967.51,0
12530,20260421,107,5788,,,1,12,2,2530,1,1506.59,197.33,3211.87,0
12531,20260422,122,6411,,,1,4,2,2531,1,1438.93,111.25,2651.15,0
12532,20260423,159,6155,,,1,5,2,2532,1,606.29,15.02,4084.55,0
12533,20260424,196,5452,,,2,9,2,2533,4,1930.34,271.67,2682.47,0
12534,20260425,163,6183,,,1,5,2,2534,3,842.19,253.74,3993.11,0
12535,20260426,186,5509,,,1,10,2,2535,2,2751.23,203.5,3701.68,0
12536,20260427,132,5721,,,1,9,2,2536,5,1967.47,227.83,691.53,0
12537,20260428,115,5939,,,2,5,2,2537,4,2744.3,190.28,4982.61,0
12538,20260429,178,6425,,,2,5,2,2538,1,1212.46,172.36,4092.25,0
12539,20260430,110,5600,,,2,4,2,2539,3,1959.7,268.51,2153.81,0
12540,20260501,117,6396,,,1,3,2,2540,4,1138.72,109.24,4464.41,0
12541,20260201,137,5296,,,1,4,2,2541,2,517.37,176.75,2302.84,0
12542,20260202,155,5011,,,1,9,2,2542,6,1214.49,252.74,593.14,0
12543,20260203,125,6375,,,1,2,2,2543,5,2490.14,276.23,1128.34,0
12544,20260204,121,6387,,,2,2,2,2544,5,2355.37,247.15,1079.79,0
12545,20260205,167,5251,,,1,9,2,2545,5,1476.51,122.85,4721.3,1
12546,20260206,122,5971,,,2,11,2,2546,4,776.0,81.27,4524.46,0
12547,20260207,107,6058,,,1,7,2,2547,5,1153.53,66.49,2633.77,0
12548,20260208,115,5567,,,2,2,2,2548,1,2052.29,152.51,4882.22,0
12549,20260209,173,5669,,,2,6,2,2549,5,976.43,208.82,2163.53,0
12550,20260210,193,6465,,,1,4,2,2550,5,1096.1,77.53,2826.38,0
12551,20260211,180,6369,,,2,4,2,2551,6,917.99,234.09,2904.7,0
12552,20260212,135,5180,,,2,8,2,2552,4,1081.45,284.08,4018.93,0
12553,20260213,157,6093,,,2,5,2,2553,1,1859.7,147.5,2577.67,0
12554,20260214,135,6001,,,1,11,2,2554,6,1132.09,255.39,1075.41,0
12555,20260215,185,5334,,,2,5,2,2555,5,699.31,185.55,1211.88,0
12556,20260216,122,5420,,,1,9,2,2556,1,2474.8,74.27,4289.74,0
12557,20260217,180,5614,,,2,12,2,2557,4,2059.75,101.16,1442.42,0
12558,20260218,187,5740,,,2,1,2,2558,5,1948.14,298.33,2708.67,0
12559,20260219,108,5698,,,1,5,2,2559,1,2130.76,230.09,4928.34,0
12560,20260220,110,5876,,,1,4,2,2560,2,2640.41,182.66,3575.34,0
12561,20260221,150,6226,,,1,8,2,2561,1,1911.31,38.27,3527.05,0
12562,20260222,187,5561,,,2,10,2,2562,5,2796.47,174.86,2495.34,0
12563,20260223,171,6342,,,2,1,2,2563,6,1365.43,60.26,3545.5,0
12564,20260224,171,5783,,,1,9,2,2564,3,2112.08,50.17,1597.59,0
12565,20260225,111,6189,,,1,7,2,2565,3,2652.17,213.23,2456.46,0
12566,20260226,193,6018,,,2,10,2,2566,5,821.65,288.62,1627.85,0
12567,20260227,150,5645,,,2,3,2,2567,1,2581.58,45.09,659.06,0
12568,20260228,168,5645,,,1,4,2,2568,2,1679.99,8.03,4313.63,0
12569,20260301,187,6225,,,1,5,2,2569,6,1127.58,291.02,1214.17,0
12570,20260302,140,6316,,,2,7,2,2570,2,2227.04,173.98,4780.16,0
12571,20260303,167,6130,,,1,2,2,2571,4,2695.55,289.77,3345.95,0
12572,20260304,194,5356,,,2,6,2,2572,5,2135.03,275.65,3652.59,0
12573,20260305,135,6059,,,2,12,2,2573,4,1493.72,237.26,4397.58,1
12574,20260306,188,6299,,,2,4,2,2574,3,679.75,25.52,698.24,0
12575,20260307,182,6223,,,1,10,2,2575,3,1838.37,154.83,4189.22,0
12576,20260308,152,6013,,,1,3,2,2576,4,2079.86,175.56,578.46,0
12577,20260309,171,5860,,,2,1,2,2577,6,521.56,214.76,4655.49,0
12578,20260310,161,5749,,,2,7,2,2578,6,845.3,279.79,2381.13,0
12579,20260311,113,5233,,,1,9,2,2579,4,1809.89,41.83,1210.86,0
12580,20260312,164,5599,,,1,10,2,2580,2,2204.44,145.6,2994.48,0
12581,20260313,170,5373,,,2,7,2,2581,6,1514.99,242.64,2514.75,0
12582,20260314,137,5085,,,2,9,2,2582,1,1586.99,8.79,4003.6,0
12583,20260315,130,6098,,,2,12,2,2583,6,2500.41,267.91,1104.37,0
12584,20260316,140,5641,,,1,5,2,2584,1,2698.65,29.98,4923.41,0
12585,20260317,109,5952,,,2,11,2,2585,6,2012.84,268.19,3155.92,0
12586,20260318,192,5490,,,2,2,2,2586,5,1177.71,210.49,1304.57,0
12587,20260319,102,5191,,,2,2,2,2587,1,1112.61,95.68,3857.97,0
12588,20260320,150,5965,,,1,7,2,2588,6,729.38,106.46,3283.09,0
12589,20260321,115,5871,,,1,6,2,2589,1,830.32,67.59,1459.95,0
12590,20260322,134,5324,,,1,4,2,2590,3,1114.2,11.85,3485.05,0
12591,20260323,109,5551,,,2,1,2,2591,5,2347.89,206.1,1636.64,0
12592,20260324,167,5731,,,1,9,2,2592,1,2207.14,198.76,3290.4,0
12593,20260325,136,5134,,,1,4,2,2593,2,710.91,167.63,1708.27,0
12594,20260326,137,5225,,,1,10,2,2594,2,2477.8,232.9,2916.19,0
12595,20260327,140,6081,,,1,1,2,2595,1,2572.4,160.99,4965.62,0
12596,20260328,154,5702,,,2,6,2,2596,2,2584.61,47.99,1197.55,0
12597,20260329,148,6015,,,1,12,2,2597,2,2178.03,92.34,2216.18,0
12598,20260330,184,6119,,,1,5,2,2598,3,1305.69,163.6,1432.07,0
12599,20260331,195,5273,,,1,2,2,2599,6,907.77,119.89,3822.03,0
12600,20260401,116,5560,,,1,8,2,2600,4,2572.83,57.87,1834.23,0
12601,20260402,113,5013,,,2,4,2,2601,3,849.97,61.13,3702.61,0
12602,20260403,175,5936,,,1,7,2,2602,6,1524.1,60.78,4323.56,0
12603,20260404,154,6126,,,1,5,2,2603,6,2673.57,269.86,3246.39,0
12604,20260405,114,5091,,,1,3,2,2604,2,1870.29,159.56,3959.06,0
12605,20260406,176,5831,,,1,7,2,2605,3,2444.75,255.49,2959.22,0
12606,20260407,132,5456,,,1,12,2,2606,6,846.33,82.02,3189.62,0
12607,20260408,117,6465,,,2,5,2,2607,6,2665.42,86.13,3146.61,0
12608,20260409,173,6064,,,2,7,2,2608,2,2742.9,129.35,1613.62,0
12609,20260410,182,5662,,,2,3,2,2609,4,1960.53,54.1,4193.9,0
12610,20260411,132,5844,,,1,11,2,2610,1,601.7,268.78,2929.19,0
12611,20260412,153,5605,,,1,5,2,2611,3,1525.99,136.65,4770.92,0
12612,20260413,181,5956,,,2,11,2,2612,2,2789.99,42.28,2598.25,0
12613,20260414,149,5402,,,2,10,2,2613,2,2305.0,282.23,1518.27,0
12614,20260415,102,5255,,,1,8,2,2614,4,1709.2,109.49,4728.62,0
12615,20260416,120,5344,,,2,4,2,2615,3,737.79,118.89,1897.34,0
12616,20260417,138,5857,,,1,11,2,2616,6,2152.24,23.22,1624.45,0
12617,20260418,118,5510,,,2,1,2,2617,2,2717.17,64.49,942.15,0
12618,20260419,139,6078,,,2,10,2,2618,5,2151.95,52.4,2554.45,0
12619,20260420,181,5470,,,2,8,2,2619,4,2667.18,241.33,4486.4,0
12620,20260421,182,5842,,,2,3,2,2620,1,1326.25,222.24,1124.01,0
12621,20260422,166,5289,,,2,2,2,2621,1,1185.35,1.55,4803.1,0
12622,20260423,112,5796,,,2,4,2,2622,5,864.14,73.22,3907.63,0
12623,20260424,199,5355,,,1,7,2,2623,6,1817.76,64.68,2804.41,0
12624,20260425,168,6354,,,2,4,2,2624,2,2220.32,152.19,2848.28,0
12625,20260426,147,6023,,,2,8,2,2625,1,1333.32,1.44,2062.8,1
12626,20260427,102,5786,,,2,12,2,2626,2,1476.1,149.25,3536.57,0
12627,20260428,118,5001,,,1,7,2,2627,3,584.99,194.83,2188.0,0
12628,20260429,183,6158,,,2,6,2,2628,3,539.68,106.66,871.85,0
12629,20260430,135,5077,,,2,8,2,2629,5,2550.7,181.05,3459.13,0
12630,20260501,147,6210,,,1,7,2,2630,5,2169.83,84.21,3390.41,0
12631,20260201,131,5591,,,1,2,2,2631,5,424.13,21.39,4009.7,0
12632,20260202,188,5396,,,1,11,2,2632,5,753.98,129.26,4618.75,0
12633,20260203,182,5790,,,1,2,2,2633,4,2011.56,239.36,1658.27,0
12634,20260204,172,6381,,,2,1,2,2634,4,2499.31,12.54,1017.56,0
12635,20260205,156,5475,,,2,10,2,2635,1,657.82,150.57,3047.44,0
12636,20260206,150,5178,,,2,9,2,2636,2,903.36,149.54,1414.63,0
12637,20260207,106,6008,,,1,1,2,2637,1,1449.87,106.73,4161.73,0
12638,20260208,125,5451,,,2,7,2,2638,6,1539.68,47.37,1471.56,0
12639,20260209,169,5424,,,1,5,2,2639,1,2600.34,36.09,944.04,0
12640,20260210,152,5032,,,1,5,2,2640,3,2584.85,62.39,4591.08,0
12641,20260211,175,5823,,,2,5,2,2641,2,625.6,135.84,1550.92,0
12642,20260212,106,5689,,,2,8,2,2642,4,1843.98,111.33,4773.28,0
12643,20260213,193,6338,,,1,12,2,2643,1,1505.59,107.03,4457.66,0
12644,20260214,180,5050,,,1,8,2,2644,3,526.98,34.61,1204.86,0
12645,20260215,155,5787,,,2,5,2,2645,5,770.38,102.16,3904.49,0
12646,20260216,168,5354,,,1,7,2,2646,2,1322.63,23.8,2735.59,0
12647,20260217,165,5918,,,2,7,2,2647,3,812.48,263.64,592.19,0
12648,20260218,128,5870,,,2,9,2,2648,6,726.37,118.85,2528.52,0
12649,20260219,142,5825,,,2,9,2,2649,4,2472.62,271.58,1398.16,0
12650,20260220,157,5089,,,2,3,2,2650,3,682.71,194.56,1349.2,0
12651,20260221,185,5526,,,2,4,2,2651,4,1391.06,141.72,1981.61,1
12652,20260222,155,5305,,,1,10,2,2652,2,901.5,110.08,3419.01,0
12653,20260223,157,5973,,,2,6,2,2653,5,1638.35,2.0,1765.8,0
12654,20260224,140,6236,,,1,12,2,2654,6,957.72,16.11,4143.23,0
12655,20260225,185,5277,,,1,8,2,2655,6,2084.96,96.35,2168.7,0
12656,20260226,168,5918,,,2,12,2,2656,4,1326.77,34.15,2509.43,0
12657,20260227,122,6284,,,1,10,2,2657,5,768.45,170.71,1415.21,0
12658,20260228,179,5894,,,1,2,2,2658,4,1217.52,213.82,4353.59,0
12659,20260301,165,6478,,,1,11,2,2659,6,2325.52,254.71,2114.26,0
12660,20260302,196,5810,,,1,2,2,2660,5,813.04,24.12,4388.43,0
12661,20260303,101,6365,,,2,10,2,2661,4,2697.94,20.57,4199.43,0
12662,20260304,129,6041,,,1,6,2,2662,3,939.44,77.0,2338.03,0
12663,20260305,111,6297,,,2,10,2,2663,3,479.57,101.53,4157.35,0
12664,20260306,102,5359,,,2,3,2,2664,1,2763.44,106.83,3111.79,0
12665,20260307,159,6348,,,2,11,2,2665,5,2346.8,265.24,4724.47,1
12666,20260308,151,5196,,,2,3,2,2666,5,1312.38,148.98,2483.19,0
12667,20260309,170,5528,,,2,11,2,2667,3,1844.49,185.5,3676.74,0
12668,20260310,139,5588,,,2,8,2,2668,4,730.59,71.44,2035.72,0
12669,20260311,133,6060,,,2,5,2,2669,2,953.67,175.31,4307.69,0
12670,20260312,118,6122,,,2,10,2,2670,5,1244.54,124.26,2648.16,0
12671,20260313,132,5887,,,1,10,2,2671,3,720.8,153.42,4105.54,0
12672,20260314,164,5152,,,1,5,2,2672,1,926.82,276.41,4548.27,0
12673,20260315,145,6254,,,2,11,2,2673,6,1710.7,196.94,4752.67,0
12674,20260316,166,5522,,,1,8,2,2674,3,1290.16,32.55,1679.43,0
12675,20260317,179,5772,,,1,1,2,2675,2,2706.17,181.68,1995.29,0
12676,20260318,170,5496,,,2,7,2,2676,5,2395.91,88.05,4070.9,0
12677,20260319,170,5764,,,1,12,2,2677,2,1754.41,13.83,3347.01,0
12678,20260320,185,5381,,,2,12,2,2678,2,1723.74,3.15,2576.09,0
12679,20260321,164,5385,,,1,6,2,2679,3,1427.5,57.8,3039.19,0
12680,20260322,170,6239,,,1,7,2,2680,1,1816.94,223.65,723.39,0
12681,20260323,168,5249,,,1,4,2,2681,2,1565.74,216.66,4964.35,0
12682,20260324,135,5464,,,1,2,2,2682,1,1000.46,31.0,3627.61,0
12683,20260325,178,5129,,,1,1,2,2683,6,419.28,174.69,3811.09,0
12684,20260326,169,6304,,,1,8,2,2684,6,1228.31,261.26,4578.78,0
12685,20260327,104,5357,,,2,4,2,2685,3,1945.32,284.1,3897.73,0
12686,20260328,159,5955,,,2,1,2,2686,1,2282.28,61.93,3104.02,0
12687,20260329,127,6349,,,2,12,2,2687,4,706.8,233.59,1698.88,0
12688,20260330,200,5886,,,2,1,2,2688,6,1454.97,127.05,2386.75,0
12689,20260331,182,5524,,,1,8,2,2689,2,1170.57,279.24,4626.4,0
12690,20260401,133,6300,,,1,11,2,2690,5,2342.43,263.02,901.72,0
12691,20260402,173,6229,,,2,2,2,2691,3,954.66,68.81,3616.01,0
12692,20260403,140,5603,,,2,5,2,2692,1,987.45,216.28,3337.0,0
12693,20260404,133,5184,,,2,11,2,2693,4,1039.46,26.15,3010.59,0
12694,20260405,136,5369,,,2,8,2,2694,2,1698.25,85.0,2500.59,0
12695,20260406,142,5420,,,1,1,2,2695,5,2284.02,15.27,2488.99,0
12696,20260407,179,5945,,,1,11,2,2696,3,1552.28,276.54,2911.64,0
12697,20260408,200,5750,,,1,8,2,2697,4,855.91,178.07,1115.13,0
12698,20260409,141,5098,,,2,3,2,2698,4,2166.57,60.63,729.04,0
12699,20260410,168,5744,,,2,1,2,2699,3,2767.19,75.82,1885.82,0
12700,20260411,134,5731,,,2,4,2,2700,4,860.86,62.06,3337.08,0
12701,20260412,118,6062,,,2,2,2,2701,2,1880.07,223.9,2681.18,0
12702,20260413,153,5765,,,1,6,2,2702,3,1599.09,152.58,1888.48,0
12703,20260414,159,6460,,,1,11,2,2703,5,729.42,206.05,2706.56,0
12704,20260415,154,5260,,,1,11,2,2704,4,1936.96,237.33,896.7,0
12705,20260416,165,5141,,,1,11,2,2705,1,2724.92,55.6,2648.14,0
12706,20260417,109,5050,,,2,1,2,2706,5,2280.23,136.17,4801.91,0
12707,20260418,137,5780,,,1,9,2,2707,1,1988.57,21.51,4182.71,0
12708,20260419,111,6130,,,2,11,2,2708,6,1768.15,240.54,2285.05,0
12709,20260420,192,5215,,,1,1,2,2709,5,2741.93,97.71,788.94,0
12710,20260421,122,6296,,,2,11,2,2710,3,2213.92,182.43,1997.33,0
12711,20260422,191,5715,,,1,9,2,2711,4,2199.62,136.55,3778.39,0
12712,20260423,164,5632,,,2,5,2,2712,3,2496.76,284.03,4400.44,0
12713,20260424,159,5095,,,2,11,2,2713,6,1187.98,173.1,1816.97,0
12714,20260425,179,5635,,,2,12,2,2714,5,763.1,133.88,4597.0,0
12715,20260426,147,5536,,,2,12,2,2715,1,2234.85,65.95,4555.25,0
12716,20260427,177,5470,,,2,6,2,2716,1,2450.35,55.09,2670.82,0
12717,20260428,174,6237,,,2,9,2,2717,3,2179.92,87.37,4838.77,0
12718,20260429,119,6419,,,2,6,2,2718,4,2370.07,197.89,2055.35,0
12719,20260430,142,5730,,,1,5,2,2719,2,450.58,275.11,4052.6,0
12720,20260501,180,6467,,,2,11,2,2720,4,984.52,297.94,2515.84,0
12721,20260201,129,5395,,,2,3,2,2721,1,661.86,101.53,2364.0,0
12722,20260202,178,5192,,,2,4,2,2722,3,1027.42,231.33,1753.57,0
12723,20260203,103,6419,,,1,4,2,2723,6,1588.83,57.91,1958.79,0
12724,20260204,121,5277,,,2,3,2,2724,2,1126.78,298.35,1571.55,0
12725,20260205,104,6345,,,2,7,2,2725,6,2164.93,229.16,4420.38,0
12726,20260206,153,6336,,,1,3,2,2726,5,708.49,15.19,2566.04,0
12727,20260207,151,5956,,,1,1,2,2727,6,532.28,137.42,950.28,0
12728,20260208,187,5241,,,1,11,2,2728,6,466.56,182.78,1870.5,0
12729,20260209,128,5961,,,1,12,2,2729,2,2668.06,288.86,1907.44,0
12730,20260210,115,5264,,,1,11,2,2730,1,2481.06,182.0,3834.38,0
12731,20260211,136,5800,,,2,6,2,2731,5,832.62,124.13,3191.56,0
12732,20260212,136,5927,,,1,4,2,2732,1,959.53,236.9,2985.5,0
12733,20260213,118,6301,,,1,10,2,2733,2,1053.3,176.11,4485.49,0
12734,20260214,143,5235,,,2,4,2,2734,1,1329.95,78.74,3101.23,0
12735,20260215,132,6454,,,2,5,2,2735,1,1124.66,228.12,1387.05,0
12736,20260216,115,6468,,,2,10,2,2736,6,1732.05,280.92,2746.21,0
12737,20260217,132,5598,,,2,6,2,2737,2,1747.07,202.2,4912.4,0
12738,20260218,157,5531,,,1,12,2,2738,2,1149.24,119.86,2719.32,0
12739,20260219,183,5419,,,1,6,2,2739,5,477.4,192.74,4113.53,0
12740,20260220,150,5287,,,2,7,2,2740,2,1440.22,134.35,1173.59,0
12741,20260221,122,5280,,,1,7,2,2741,6,2381.82,184.76,2849.74,0
12742,20260222,150,6064,,,1,1,2,2742,6,2518.77,151.3,3726.5,0
12743,20260223,149,5905,,,1,11,2,2743,1,1790.18,21.31,3177.39,0
12744,20260224,115,5403,,,1,8,2,2744,3,858.2,174.69,1220.69,0
12745,20260225,133,6050,,,1,1,2,2745,2,2153.42,29.74,2869.18,0
12746,20260226,167,5901,,,1,5,2,2746,3,2119.31,189.63,4481.39,0
12747,20260227,180,6441,,,2,11,2,2747,4,2383.6,74.24,1410.13,0
12748,20260228,163,5558,,,2,10,2,2748,5,686.16,280.76,1375.47,1
12749,20260301,200,5439,,,1,6,2,2749,5,1141.87,233.2,2031.21,0
12750,20260302,109,5534,,,1,10,2,2750,2,1727.59,33.67,825.65,0
12751,20260303,177,5362,,,2,8,2,2751,1,2213.42,27.27,3157.13,0
12752,20260304,107,6436,,,2,3,2,2752,5,1215.96,194.08,4950.8,0
12753,20260305,198,5918,,,2,2,2,2753,1,2487.81,144.46,4358.96,0
12754,20260306,177,5970,,,1,4,2,2754,1,2152.33,213.69,3451.05,0
12755,20260307,151,5862,,,2,12,2,2755,5,2215.36,296.92,4977.18,0
12756,20260308,116,5355,,,2,8,2,2756,3,2441.58,179.53,4758.75,0
12757,20260309,120,6388,,,1,10,2,2757,4,2328.15,23.93,2441.48,0
12758,20260310,185,5102,,,2,8,2,2758,4,2772.54,130.94,4708.93,0
12759,20260311,187,6370,,,2,9,2,2759,4,1390.98,182.79,2840.93,0
12760,20260312,109,6056,,,1,6,2,2760,6,1716.77,233.03,1295.42,0
12761,20260313,178,5294,,,2,4,2,2761,5,2588.98,68.14,3151.67,0
12762,20260314,111,5103,,,1,9,2,2762,2,2009.28,142.39,2531.52,0
12763,20260315,142,5909,,,1,11,2,2763,5,2235.95,117.16,4819.52,0
12764,20260316,166,5460,,,1,1,2,2764,6,2126.39,56.84,2115.02,0
12765,20260317,123,6173,,,2,2,2,2765,1,2684.29,170.44,3317.15,0
12766,20260318,185,5962,,,2,11,2,2766,2,897.76,146.68,3643.96,0
12767,20260319,192,6185,,,1,1,2,2767,6,1645.73,147.92,4288.79,0
12768,20260320,193,5129,,,1,8,2,2768,4,1618.98,190.25,3620.29,0
12769,20260321,185,5934,,,2,10,2,2769,2,549.55,261.22,4981.13,0
12770,20260322,143,6296,,,1,1,2,2770,2,1582.68,2.45,1386.41,0
12771,20260323,174,5770,,,1,3,2,2771,3,599.68,74.48,2332.98,0
12772,20260324,104,6111,,,2,2,2,2772,6,1655.71,286.05,2642.91,0
12773,20260325,172,5946,,,2,2,2,2773,5,2585.96,161.95,2931.98,0
12774,20260326,197,5875,,,2,2,2,2774,3,2511.89,296.63,3771.11,0
12775,20260327,147,5726,,,1,6,2,2775,5,2772.88,97.43,3880.4,0
12776,20260328,112,5929,,,2,6,2,2776,4,1622.98,87.19,3217.67,0
12777,20260329,198,6378,,,2,10,2,2777,6,927.13,218.6,2799.47,0
12778,20260330,122,6043,,,2,9,2,2778,6,1608.73,137.51,2220.91,0
12779,20260331,199,5507,,,1,8,2,2779,1,2160.53,170.35,528.8,0
12780,20260401,156,5992,,,2,5,2,2780,4,2770.27,249.73,3974.59,0
12781,20260402,153,5188,,,2,2,2,2781,2,2693.65,230.64,1467.41,0
12782,20260403,179,5560,,,2,8,2,2782,3,1372.76,51.09,1978.04,0
12783,20260404,119,6074,,,2,6,2,2783,2,2019.8,265.35,2838.62,0
12784,20260405,164,6051,,,2,5,2,2784,4,853.71,246.24,1684.34,0
12785,20260406,146,5475,,,2,8,2,2785,1,2338.94,71.57,3586.67,0
12786,20260407,178,5187,,,2,2,2,2786,6,629.78,92.26,1511.18,0
12787,20260408,189,5472,,,1,5,2,2787,6,2592.6,147.79,3559.32,0
12788,20260409,124,6322,,,2,10,2,2788,5,2229.28,24.62,4170.8,0
12789,20260410,108,5006,,,1,4,2,2789,2,1631.27,108.45,844.72,0
12790,20260411,104,5870,,,2,9,2,2790,3,1089.82,243.59,2905.36,0
12791,20260412,116,5909,,,1,8,2,2791,2,481.54,176.86,4910.97,0
12792,20260413,181,6378,,,2,10,2,2792,4,498.62,85.84,4549.27,0
12793,20260414,108,5472,,,2,3,2,2793,1,1461.83,153.73,793.49,0
12794,20260415,154,5569,,,1,4,2,2794,3,1558.77,97.42,3018.97,0
12795,20260416,111,5658,,,2,10,2,2795,2,982.05,35.22,3104.29,0
12796,20260417,161,6495,,,1,10,2,2796,1,1499.06,111.45,3029.09,0
12797,20260418,105,6354,,,1,7,2,2797,6,1118.81,219.45,4450.29,0
12798,20260419,189,6171,,,1,12,2,2798,6,2031.72,242.65,4275.98,0
12799,20260420,189,6399,,,1,3,2,2799,1,833.26,141.65,4374.85,0
12800,20260421,132,5010,,,1,5,2,2800,2,2198.46,188.68,4704.5,0
12801,20260422,162,6444,,,1,5,2,2801,6,1677.97,151.58,1674.39,0
12802,20260423,180,5678,,,2,1,2,2802,5,1627.22,146.99,2039.51,0
12803,20260424,136,5138,,,1,6,2,2803,1,1009.04,132.96,1717.51,0
12804,20260425,199,6322,,,1,1,2,2804,4,2065.89,275.55,3065.61,0
12805,20260426,117,5030,,,2,9,2,2805,4,2552.43,135.62,1175.56,0
12806,20260427,160,6306,,,2,3,2,2806,1,539.18,9.82,779.56,0
12807,20260428,150,5869,,,1,3,2,2807,4,2213.82,191.92,2244.83,0
12808,20260429,138,6175,,,1,9,2,2808,4,1418.91,138.95,2144.7,0
12809,20260430,156,5197,,,1,9,2,2809,3,2537.17,218.86,1556.5,0
12810,20260501,154,5779,,,2,4,2,2810,5,686.28,52.27,1653.59,0
12811,20260201,184,6322,,,2,8,2,2811,4,1285.44,196.93,1765.96,0
12812,20260202,185,5615,,,2,1,2,2812,2,841.61,37.96,1767.95,0
12813,20260203,187,5573,,,2,11,2,2813,4,2471.34,231.01,3544.09,0
12814,20260204,173,6448,,,2,5,2,2814,4,1381.12,165.24,2283.33,0
12815,20260205,154,5622,,,1,5,2,2815,1,2664.35,77.83,2507.92,0
12816,20260206,187,5699,,,1,6,2,2816,5,1811.34,157.36,4928.17,0
12817,20260207,102,6446,,,1,6,2,2817,6,2152.25,278.12,4790.71,0
12818,20260208,108,5575,,,1,8,2,2818,5,2069.18,232.78,1331.03,0
12819,20260209,157,5817,,,1,5,2,2819,5,1496.66,201.27,2315.22,0
12820,20260210,150,5982,,,2,11,2,2820,3,2528.31,109.44,3589.03,0
12821,20260211,150,5510,,,1,9,2,2821,2,2016.56,270.81,1104.67,0
12822,20260212,145,6087,,,1,12,2,2822,3,1191.93,128.27,833.28,0
12823,20260213,133,5415,,,1,10,2,2823,4,802.77,289.98,4546.32,0
12824,20260214,148,5342,,,1,7,2,2824,1,2551.0,186.59,2643.35,0
12825,20260215,183,6417,,,1,6,2,2825,5,2709.33,253.38,2587.59,0
12826,20260216,133,5063,,,1,10,2,2826,3,1241.34,258.77,758.6,0
12827,20260217,113,5448,,,1,9,2,2827,2,430.63,23.15,1364.27,0
12828,20260218,169,6303,,,1,6,2,2828,3,1326.06,101.43,1150.09,0
12829,20260219,155,6217,,,2,8,2,2829,3,1449.98,223.78,2659.19,0
12830,20260220,143,6163,,,2,5,2,2830,5,1157.94,278.87,834.61,0
12831,20260221,169,5688,,,1,12,2,2831,5,2415.09,143.87,2669.04,0
12832,20260222,150,5439,,,2,10,2,2832,4,1171.97,243.29,1415.17,0
12833,20260223,146,5330,,,2,10,2,2833,3,540.49,215.38,4748.14,0
12834,20260224,184,5060,,,1,9,2,2834,2,1305.54,225.7,2708.04,0
12835,20260225,138,5405,,,2,6,2,2835,2,1856.98,262.97,2510.18,0
12836,20260226,180,6476,,,2,9,2,2836,5,997.21,206.1,4584.09,0
12837,20260227,122,5803,,,1,10,2,2837,3,2781.9,176.1,4511.1,0
12838,20260228,161,6130,,,1,5,2,2838,4,2456.72,135.03,689.08,0
12839,20260301,192,6367,,,1,2,2,2839,3,459.71,121.69,960.14,0
12840,20260302,165,5275,,,1,10,2,2840,1,1677.95,37.68,4045.77,0
12841,20260303,159,6011,,,2,9,2,2841,6,598.98,140.5,4083.59,0
12842,20260304,164,5146,,,1,4,2,2842,5,1982.8,173.53,4126.85,0
12843,20260305,101,6065,,,1,5,2,2843,4,2292.35,186.34,4603.07,0
12844,20260306,107,5675,,,1,6,2,2844,2,2336.81,219.05,2270.19,0
12845,20260307,124,5907,,,2,5,2,2845,6,787.56,267.66,2064.46,0
12846,20260308,117,5314,,,2,8,2,2846,2,551.85,119.57,854.93,1
12847,20260309,108,5345,,,1,2,2,2847,5,2012.0,36.97,1943.77,0
12848,20260310,195,6029,,,1,11,2,2848,2,2153.47,246.06,3745.05,0
12849,20260311,107,6403,,,1,10,2,2849,4,1002.86,252.63,3260.74,0
12850,20260312,129,6230,,,2,3,2,2850,4,1540.63,96.91,1412.75,0
12851,20260313,162,5694,,,2,1,2,2851,4,1651.06,84.32,1622.51,0
12852,20260314,148,5630,,,2,7,2,2852,3,2389.23,23.77,2435.24,0
12853,20260315,119,6235,,,2,6,2,2853,5,1226.81,282.87,1408.45,1
12854,20260316,135,5611,,,1,3,2,2854,3,1590.72,185.26,947.85,0
12855,20260317,195,6195,,,1,8,2,2855,6,447.87,201.62,4412.85,0
12856,20260318,184,5119,,,1,12,2,2856,3,1767.96,250.92,4294.41,0
12857,20260319,156,5690,,,1,9,2,2857,3,2644.77,197.29,4199.63,1
12858,20260320,171,6418,,,2,11,2,2858,5,1144.12,168.32,1688.81,0
12859,20260321,142,5262,,,2,4,2,2859,6,573.29,55.31,3571.28,0
12860,20260322,125,6087,,,1,11,2,2860,3,1256.3,77.31,924.24,0
12861,20260323,155,5574,,,2,7,2,2861,5,633.79,205.96,4244.88,0
12862,20260324,123,5795,,,1,4,2,2862,5,2041.43,204.93,2311.54,0
12863,20260325,159,6061,,,2,3,2,2863,3,878.61,34.67,3930.72,0
12864,20260326,101,5195,,,1,2,2,2864,4,693.25,84.82,4561.99,0
12865,20260327,162,5298,,,1,8,2,2865,6,1445.7,158.13,1553.92,0
12866,20260328,162,5652,,,2,5,2,2866,2,798.23,33.81,3881.03,0
12867,20260329,173,6179,,,1,7,2,2867,4,1227.03,200.85,4990.4,0
12868,20260330,191,6467,,,2,4,2,2868,1,1330.93,63.35,3147.08,0
12869,20260331,134,5107,,,1,3,2,2869,4,1612.55,228.55,668.36,0
12870,20260401,140,5821,,,2,11,2,2870,6,1880.12,290.0,2150.01,0
12871,20260402,197,5428,,,1,4,2,2871,3,556.21,19.79,1104.91,0
12872,20260403,149,5527,,,1,1,2,2872,6,1489.39,260.53,1177.09,0
12873,20260404,106,6287,,,2,5,2,2873,5,2220.02,136.99,4556.92,0
12874,20260405,134,5964,,,2,4,2,2874,6,683.09,35.36,4044.23,0
12875,20260406,112,5352,,,2,2,2,2875,6,1655.92,200.28,3180.53,0
12876,20260407,172,6044,,,2,12,2,2876,4,2688.21,181.49,3546.08,0
12877,20260408,176,5221,,,2,3,2,2877,6,2792.09,70.48,1351.19,0
12878,20260409,184,5925,,,1,2,2,2878,4,1536.2,35.63,3661.86,0
12879,20260410,190,5004,,,1,11,2,2879,1,557.81,289.97,4748.91,0
12880,20260411,126,6348,,,1,10,2,2880,3,1955.46,56.12,1402.97,0
12881,20260412,168,6265,,,2,8,2,2881,1,2367.44,42.86,4593.9,0
12882,20260413,143,5628,,,2,1,2,2882,6,2646.58,113.29,2586.72,0
12883,20260414,108,6151,,,2,9,2,2883,1,2759.91,263.37,796.23,0
12884,20260415,200,5045,,,2,4,2,2884,4,2183.56,184.28,1713.76,0
12885,20260416,109,5322,,,2,6,2,2885,6,1889.21,206.97,3308.7,0
12886,20260417,172,5351,,,2,3,2,2886,5,1507.07,177.12,2286.58,0
12887,20260418,131,5272,,,1,10,2,2887,5,425.52,177.92,2879.97,0
12888,20260419,118,5147,,,1,5,2,2888,5,2379.17,218.44,1320.3,0
12889,20260420,120,6265,,,1,2,2,2889,5,1904.9,87.79,1261.29,0
12890,20260421,166,5593,,,2,3,2,2890,1,1417.17,4.71,3476.04,0
12891,20260422,146,5179,,,2,5,2,2891,3,1045.6,209.19,4260.16,0
12892,20260423,155,6065,,,1,5,2,2892,6,1145.06,47.38,2747.08,0
12893,20260424,172,6171,,,2,6,2,2893,2,2059.64,156.66,1542.39,0
12894,20260425,124,5334,,,2,4,2,2894,2,548.17,250.35,1701.59,0
12895,20260426,163,6089,,,1,1,2,2895,3,2142.1,90.33,511.57,0
12896,20260427,128,6356,,,2,8,2,2896,5,1758.87,279.14,1266.4,0
12897,20260428,171,6144,,,2,9,2,2897,6,2307.78,105.38,2750.19,0
12898,20260429,161,5548,,,1,11,2,2898,5,2154.92,6.82,3584.99,0
12899,20260430,171,5200,,,1,8,2,2899,2,1885.22,208.24,3046.5,0
12900,20260501,106,6329,,,2,3,2,2900,1,890.83,152.39,3960.94,0
12901,20260201,105,6370,,,1,2,2,2901,2,1860.11,197.53,4032.32,0
12902,20260202,152,6021,,,1,5,2,2902,2,2507.99,104.81,3370.43,0
12903,20260203,195,5176,,,1,12,2,2903,3,2238.8,210.93,2826.7,0
12904,20260204,134,5254,,,2,11,2,2904,3,2436.45,10.24,3505.22,0
12905,20260205,144,6130,,,1,11,2,2905,5,2462.24,39.28,2286.52,0
12906,20260206,187,6138,,,1,9,2,2906,3,1691.88,0.32,2027.02,0
12907,20260207,149,5048,,,2,9,2,2907,4,1027.48,53.6,1891.15,0
12908,20260208,166,6477,,,1,4,2,2908,2,2287.97,272.65,2833.96,0
12909,20260209,151,5807,,,2,5,2,2909,3,873.24,85.15,4891.79,0
12910,20260210,113,6181,,,2,12,2,2910,5,1840.58,116.19,2698.18,0
12911,20260211,152,6392,,,2,5,2,2911,1,952.58,141.24,3890.63,0
12912,20260212,154,6435,,,1,10,2,2912,2,1937.6,67.88,4032.09,0
12913,20260213,117,5557,,,1,11,2,2913,6,2781.69,288.05,1976.42,0
12914,20260214,189,5717,,,2,12,2,2914,4,716.59,121.55,3092.73,0
12915,20260215,176,5361,,,1,10,2,2915,5,1256.62,53.11,4405.01,0
12916,20260216,176,6045,,,1,8,2,2916,5,1599.12,222.28,1702.75,0
12917,20260217,188,5750,,,1,10,2,2917,2,791.81,60.17,4154.29,0
12918,20260218,149,5500,,,2,1,2,2918,3,638.26,231.33,1807.47,0
12919,20260219,139,6186,,,1,12,2,2919,1,482.39,250.36,1531.62,0
12920,20260220,146,5987,,,1,10,2,2920,2,1935.95,67.02,2429.0,0
12921,20260221,183,5434,,,1,3,2,2921,5,1428.28,164.43,1951.72,0
12922,20260222,143,5457,,,2,10,2,2922,6,1116.92,153.48,1747.45,0
12923,20260223,125,5647,,,1,10,2,2923,4,1406.28,194.86,1774.71,0
12924,20260224,160,5626,,,1,2,2,2924,5,581.28,203.66,2094.07,0
12925,20260225,171,5821,,,1,6,2,2925,6,893.58,298.92,1630.56,0
12926,20260226,189,5253,,,2,4,2,2926,5,1873.08,133.16,1070.39,0
12927,20260227,179,5441,,,2,7,2,2927,4,1439.79,288.23,691.79,0
12928,20260228,196,6371,,,2,2,2,2928,3,598.31,212.49,4878.75,0
12929,20260301,194,6019,,,1,8,2,2929,2,2320.39,78.17,2284.59,0
12930,20260302,129,5406,,,2,1,2,2930,3,541.39,19.8,3626.66,0
12931,20260303,178,6477,,,1,2,2,2931,4,1450.76,250.8,2445.94,0
12932,20260304,142,5895,,,2,12,2,2932,3,2063.95,199.42,1350.79,0
12933,20260305,176,5912,,,1,7,2,2933,2,1291.17,218.67,2355.21,0
12934,20260306,153,6334,,,2,1,2,2934,3,663.24,104.95,2425.5,0
12935,20260307,182,6223,,,1,5,2,2935,5,2560.4,142.39,3478.05,0
12936,20260308,147,5624,,,1,6,2,2936,6,2597.57,239.44,3870.59,0
12937,20260309,177,5899,,,1,5,2,2937,5,1461.04,208.1,2661.89,0
12938,20260310,118,6214,,,2,2,2,2938,2,2645.43,71.65,873.39,0
12939,20260311,199,6164,,,1,1,2,2939,4,1177.96,273.55,1196.17,0
12940,20260312,123,5957,,,2,1,2,2940,2,1098.88,178.06,4612.15,0
12941,20260313,169,5987,,,1,3,2,2941,1,1627.39,158.76,3544.36,0
12942,20260314,117,5906,,,1,5,2,2942,4,1154.62,250.64,2461.72,0
12943,20260315,111,5318,,,1,2,2,2943,4,1243.17,70.09,1408.48,0
12944,20260316,180,5686,,,2,9,2,2944,3,1014.65,297.13,1601.18,0
12945,20260317,167,5965,,,1,4,2,2945,1,2369.37,205.49,4969.4,0
12946,20260318,126,5474,,,1,12,2,2946,2,2738.74,221.2,4251.32,0
12947,20260319,102,5600,,,2,1,2,2947,2,2772.01,193.62,1752.99,0
12948,20260320,186,6275,,,1,1,2,2948,3,1352.75,56.17,2058.47,0
12949,20260321,153,5178,,,1,1,2,2949,5,1526.81,242.98,1285.66,0
12950,20260322,189,5135,,,2,5,2,2950,1,2621.23,123.36,3879.99,0
12951,20260323,157,5701,,,2,2,2,2951,4,2604.23,292.6,4568.45,0
12952,20260324,118,5359,,,2,12,2,2952,1,2070.94,97.57,1895.91,0
12953,20260325,140,5235,,,1,4,2,2953,6,1922.91,41.99,1538.4,0
12954,20260326,119,6243,,,2,10,2,2954,6,2647.23,205.49,3010.65,0
12955,20260327,166,6447,,,1,10,2,2955,1,697.1,93.99,4834.82,0
12956,20260328,119,5708,,,1,10,2,2956,5,2485.72,146.9,2127.85,0
12957,20260329,157,6161,,,2,2,2,2957,4,986.53,182.89,2588.84,0
12958,20260330,148,5962,,,1,2,2,2958,1,520.94,95.91,3832.14,0
12959,20260331,127,6420,,,2,10,2,2959,1,2764.78,150.5,3182.82,0
12960,20260401,141,5845,,,2,4,2,2960,4,768.88,128.88,2651.25,0
12961,20260402,182,6178,,,1,2,2,2961,6,1204.41,225.5,1012.92,0
12962,20260403,181,5806,,,2,1,2,2962,4,1013.74,203.03,4467.43,0
12963,20260404,127,5853,,,2,10,2,2963,6,2027.47,54.82,2683.97,0
12964,20260405,137,5441,,,2,2,2,2964,1,960.09,196.92,4558.81,0
12965,20260406,104,6436,,,2,3,2,2965,3,1143.87,253.64,1743.12,0
12966,20260407,183,5933,,,1,9,2,2966,1,1584.95,154.08,2592.92,0
12967,20260408,157,6293,,,1,5,2,2967,3,1585.26,282.74,4830.4,0
12968,20260409,104,5164,,,2,10,2,2968,2,1740.64,7.48,3123.11,0
12969,20260410,103,6447,,,2,7,2,2969,1,2607.89,245.67,4275.77,0
12970,20260411,188,5031,,,2,2,2,2970,6,863.23,243.64,941.32,0
12971,20260412,146,6273,,,1,3,2,2971,5,454.1,290.16,676.49,0
12972,20260413,175,5699,,,1,6,2,2972,5,1884.79,178.22,4745.25,0
12973,20260414,161,6170,,,2,6,2,2973,1,1384.26,147.84,2942.24,0
12974,20260415,145,6479,,,1,6,2,2974,2,2252.72,116.26,4460.75,0
12975,20260416,121,5160,,,1,7,2,2975,6,2407.05,83.49,2463.62,0
12976,20260417,198,5580,,,2,4,2,2976,3,2496.65,8.45,4510.36,0
12977,20260418,108,5481,,,1,10,2,2977,2,1035.77,41.61,3707.82,0
12978,20260419,128,5756,,,2,11,2,2978,6,622.21,134.28,2990.27,0
12979,20260420,130,6363,,,2,12,2,2979,1,968.81,227.72,4761.93,0
12980,20260421,142,5737,,,1,6,2,2980,3,1959.13,266.9,2504.47,0
12981,20260422,111,5117,,,2,5,2,2981,5,2358.77,135.98,2916.26,0
12982,20260423,143,6157,,,1,3,2,2982,3,2200.58,296.46,2179.83,0
12983,20260424,126,5260,,,1,9,2,2983,6,1768.08,237.1,3431.68,0
12984,20260425,149,5788,,,1,2,2,2984,2,1189.11,21.36,2465.95,0
12985,20260426,142,5733,,,2,6,2,2985,4,1049.64,96.07,2023.91,0
12986,20260427,194,6093,,,2,8,2,2986,5,1512.93,139.27,4293.67,0
12987,20260428,146,6170,,,1,5,2,2987,5,2451.25,53.35,3264.8,0
12988,20260429,166,5293,,,2,10,2,2988,6,538.81,208.61,1797.68,0
12989,20260430,127,5655,,,1,3,2,2989,2,2572.94,3.51,2419.09,0
12990,20260501,112,6080,,,2,4,2,2990,4,1480.4,61.08,4849.67,0
12991,20260201,157,6175,,,1,6,2,2991,3,1706.45,74.69,2700.27,0
12992,20260202,179,5019,,,1,5,2,2992,5,679.27,79.88,1194.77,0
12993,20260203,168,5098,,,2,9,2,2993,6,2178.33,98.78,2607.79,0
12994,20260204,200,5505,,,1,7,2,2994,5,1506.45,250.12,3501.93,0
12995,20260205,122,5506,,,1,8,2,2995,3,767.52,130.74,4731.81,0
12996,20260206,118,6492,,,1,11,2,2996,5,507.21,211.87,4425.42,0
12997,20260207,121,5045,,,2,4,2,2997,2,2789.94,130.22,1177.33,0
12998,20260208,114,5567,,,2,1,2,2998,4,1818.54,247.58,2820.91,0
12999,20260209,129,5709,,,1,1,2,2999,1,2043.07,138.63,4279.93,0
13000,20260210,167,5989,,,1,1,2,3000,2,802.01,246.81,1761.72,0
13001,20260211,132,6378,,,2,11,2,3001,3,2498.15,23.02,3028.23,0
13002,20260212,117,5129,,,2,8,2,3002,2,1372.79,58.31,3496.29,0
13003,20260213,142,5118,,,1,3,2,3003,3,460.73,53.7,4608.41,0
13004,20260214,110,6079,,,1,10,2,3004,5,1014.78,259.11,3424.1,0
13005,20260215,177,6403,,,2,10,2,3005,2,1878.68,229.74,4250.21,0
13006,20260216,192,5089,,,1,6,2,3006,4,723.03,119.92,1524.84,0
13007,20260217,157,5813,,,1,10,2,3007,6,1303.49,96.87,1925.32,0
13008,20260218,111,6020,,,2,12,2,3008,2,2633.89,288.13,1672.15,0
13009,20260219,152,5750,,,2,4,2,3009,6,1135.01,223.78,2705.79,0
13010,20260220,170,5508,,,1,7,2,3010,6,808.12,180.93,785.69,0
13011,20260221,133,5394,,,1,2,2,3011,3,2365.19,166.4,4317.08,0
13012,20260222,129,5819,,,2,8,2,3012,4,1139.31,72.08,3085.73,0
13013,20260223,143,6008,,,2,11,2,3013,6,1074.5,168.95,3362.11,1
13014,20260224,123,5392,,,1,4,2,3014,4,2068.25,221.06,4728.37,0
13015,20260225,176,5078,,,1,8,2,3015,1,993.73,103.49,543.67,0
13016,20260226,186,5083,,,2,2,2,3016,1,823.51,269.41,4972.94,0
13017,20260227,143,5194,,,2,10,2,3017,4,1651.1,29.04,2787.34,0
13018,20260228,137,5956,,,1,1,2,3018,5,584.1,283.55,1110.86,0
13019,20260301,122,5423,,,1,6,2,3019,6,1307.17,254.6,1863.47,0
13020,20260302,126,5284,,,1,3,2,3020,5,854.24,31.29,2763.24,0
13021,20260303,138,5646,,,2,10,2,3021,3,744.35,110.12,2774.28,0
13022,20260304,124,5257,,,2,5,2,3022,5,1522.02,208.06,3662.93,0
13023,20260305,101,6378,,,2,2,2,3023,3,825.66,140.26,1033.4,0
13024,20260306,166,6334,,,1,6,2,3024,2,548.7,229.92,1770.5,0
13025,20260307,189,6136,,,1,9,2,3025,3,1492.61,127.63,985.09,0
13026,20260308,104,5426,,,2,4,2,3026,1,1385.24,52.44,2659.48,0
13027,20260309,129,5432,,,2,6,2,3027,6,1710.76,246.47,3462.99,0
13028,20260310,149,6352,,,2,12,2,3028,2,667.63,9.2,4647.13,0
13029,20260311,116,5521,,,1,8,2,3029,3,1529.21,184.29,3263.52,0
13030,20260312,130,6483,,,2,7,2,3030,6,407.72,213.66,1786.67,0
13031,20260313,128,6417,,,1,9,2,3031,2,2707.1,187.46,764.15,0
13032,20260314,170,5696,,,2,5,2,3032,3,895.8,85.58,896.34,0
13033,20260315,194,5777,,,1,9,2,3033,4,823.84,145.57,2115.75,0
13034,20260316,104,5541,,,2,2,2,3034,6,497.67,80.21,4463.46,0
13035,20260317,123,5622,,,1,8,2,3035,5,1108.8,35.44,1253.01,0
13036,20260318,196,5760,,,2,5,2,3036,3,945.54,77.64,3799.22,0
13037,20260319,179,6177,,,2,3,2,3037,5,734.43,133.08,3149.1,0
13038,20260320,147,5591,,,1,1,2,3038,2,1283.43,170.87,3252.91,0
13039,20260321,146,5956,,,1,4,2,3039,2,2556.87,107.26,501.94,0
13040,20260322,174,5955,,,2,4,2,3040,2,1132.4,293.79,1827.77,0
13041,20260323,194,6282,,,2,12,2,3041,2,2235.91,191.09,3797.23,0
13042,20260324,121,5667,,,2,8,2,3042,6,2175.15,99.9,4384.05,0
13043,20260325,133,5164,,,1,11,2,3043,6,2228.93,220.13,2151.4,0
13044,20260326,172,5823,,,2,7,2,3044,4,1004.22,185.57,3051.74,0
13045,20260327,154,5815,,,1,11,2,3045,4,2382.64,67.26,2799.58,0
13046,20260328,165,6437,,,2,3,2,3046,3,1600.81,39.64,522.47,0
13047,20260329,123,5389,,,2,3,2,3047,3,2406.57,41.11,3666.14,0
13048,20260330,199,6235,,,1,8,2,3048,2,1094.2,86.36,807.35,0
13049,20260331,135,6486,,,2,3,2,3049,6,741.93,40.93,1294.57,0
13050,20260401,139,6179,,,1,11,2,3050,1,1147.0,96.09,3700.22,0
13051,20260402,198,5203,,,1,6,2,3051,1,2237.32,88.45,4741.77,0
13052,20260403,161,6345,,,1,4,2,3052,3,1327.71,196.26,2947.32,0
13053,20260404,162,5293,,,2,9,2,3053,4,816.8,187.13,1912.95,0
13054,20260405,182,6373,,,2,3,2,3054,1,618.02,72.6,2118.84,0
13055,20260406,174,5204,,,1,1,2,3055,4,1258.86,205.16,2919.41,0
13056,20260407,151,5947,,,2,3,2,3056,5,2765.92,297.74,2652.92,0
13057,20260408,166,6266,,,2,6,2,3057,1,437.41,137.08,4298.23,0
13058,20260409,158,5200,,,2,5,2,3058,4,2679.24,3.99,1780.7,0
13059,20260410,109,5585,,,1,12,2,3059,3,1498.82,172.05,3039.65,0
13060,20260411,189,5445,,,2,7,2,3060,1,1783.86,142.81,2697.05,0
13061,20260412,146,6253,,,2,10,2,3061,3,1705.36,66.49,3076.15,0
13062,20260413,179,5198,,,2,4,2,3062,2,628.4,289.08,2012.65,0
13063,20260414,143,5968,,,1,3,2,3063,2,1385.74,150.92,4681.46,0
13064,20260415,137,5533,,,1,5,2,3064,4,437.68,288.89,2475.56,0
13065,20260416,161,5230,,,2,10,2,3065,3,2762.09,129.63,3421.8,1
13066,20260417,154,5112,,,1,8,2,3066,4,1712.38,0.57,4512.08,0
13067,20260418,164,5530,,,1,2,2,3067,3,2550.13,129.65,1600.24,0
13068,20260419,180,6127,,,2,3,2,3068,4,2708.35,161.19,1418.87,0
13069,20260420,189,5105,,,2,5,2,3069,6,1324.53,37.74,1271.44,0
13070,20260421,134,5019,,,2,2,2,3070,3,2519.16,38.71,1663.28,0
13071,20260422,115,5534,,,2,7,2,3071,3,2293.84,241.73,4854.36,0
13072,20260423,171,5298,,,1,12,2,3072,2,2235.53,127.4,2099.97,0
13073,20260424,192,5932,,,2,10,2,3073,4,464.21,214.02,3917.97,0
13074,20260425,181,5731,,,1,3,2,3074,3,1028.04,139.41,628.62,0
13075,20260426,176,6372,,,2,1,2,3075,5,1019.95,224.63,1606.95,0
13076,20260427,162,5649,,,1,11,2,3076,6,2086.46,229.58,1610.65,0
13077,20260428,178,5698,,,1,2,2,3077,5,2592.23,52.69,953.24,0
13078,20260429,105,5860,,,2,3,2,3078,6,1431.08,150.41,3554.03,0
13079,20260430,158,5243,,,2,8,2,3079,5,1698.17,109.77,1465.23,0
13080,20260501,134,5475,,,1,1,2,3080,3,648.57,32.03,3355.79,0
13081,20260201,156,6244,,,2,9,2,3081,1,1358.25,44.64,2519.45,0
13082,20260202,173,6008,,,2,1,2,3082,2,2621.83,247.2,1875.73,0
13083,20260203,193,5772,,,2,12,2,3083,4,712.65,10.36,2623.58,0
13084,20260204,103,5983,,,2,12,2,3084,1,2090.96,235.1,2489.63,0
13085,20260205,136,5173,,,1,3,2,3085,6,1623.79,123.8,715.16,0
13086,20260206,113,5475,,,2,7,2,3086,5,822.18,99.86,4485.61,0
13087,20260207,183,5238,,,2,2,2,3087,4,2082.16,200.04,2239.77,0
13088,20260208,162,5353,,,1,6,2,3088,6,2251.27,58.47,2829.22,0
13089,20260209,117,5067,,,2,7,2,3089,1,1153.39,264.62,2189.56,0
13090,20260210,113,5174,,,2,7,2,3090,3,1014.82,62.54,560.17,0
13091,20260211,139,6025,,,1,9,2,3091,3,1594.78,245.46,809.78,0
13092,20260212,188,6419,,,2,5,2,3092,5,1807.87,191.36,2899.66,0
13093,20260213,182,6136,,,1,6,2,3093,3,1476.22,17.59,771.84,0
13094,20260214,125,5626,,,1,9,2,3094,1,2712.88,275.23,4215.55,0
13095,20260215,156,5763,,,2,5,2,3095,6,452.75,181.46,780.99,0
13096,20260216,122,5382,,,1,5,2,3096,4,2091.12,160.02,4968.88,0
13097,20260217,192,5281,,,2,3,2,3097,4,1537.48,103.41,4090.6,0
13098,20260218,197,5637,,,1,12,2,3098,5,2793.93,118.11,826.71,0
13099,20260219,163,5609,,,1,9,2,3099,4,524.79,298.59,2869.78,0
13100,20260220,175,5926,,,1,10,2,3100,1,1458.96,174.13,3095.92,0
13101,20260221,113,5567,,,1,9,2,3101,3,2566.61,247.78,2253.33,0
13102,20260222,144,5658,,,1,8,2,3102,6,922.23,47.72,4110.37,0
13103,20260223,167,5253,,,2,5,2,3103,1,1497.14,37.26,2578.59,0
13104,20260224,130,6175,,,1,1,2,3104,6,515.48,93.63,1696.38,0
13105,20260225,180,5981,,,1,2,2,3105,1,561.58,28.21,2977.55,0
13106,20260226,140,5338,,,2,7,2,3106,5,512.09,59.97,1431.53,0
13107,20260227,125,5435,,,2,12,2,3107,6,875.01,26.71,710.61,0
13108,20260228,186,6462,,,2,5,2,3108,1,2317.32,58.23,4710.97,0
13109,20260301,183,5266,,,2,3,2,3109,6,2121.44,203.2,2376.64,0
13110,20260302,118,5111,,,1,10,2,3110,3,700.25,114.82,4361.5,0
13111,20260303,104,5825,,,1,8,2,3111,3,973.3,166.62,1440.72,0
13112,20260304,139,5024,,,2,9,2,3112,3,2656.09,79.61,2144.91,0
13113,20260305,193,5054,,,1,6,2,3113,6,2188.0,20.65,3804.94,0
13114,20260306,194,5053,,,1,5,2,3114,4,751.31,90.2,2124.01,0
13115,20260307,190,6203,,,2,10,2,3115,1,2776.56,224.44,3081.0,0
13116,20260308,111,5587,,,1,5,2,3116,5,2341.85,55.74,4900.41,0
13117,20260309,152,6310,,,2,11,2,3117,5,1205.98,12.1,2207.9,0
13118,20260310,146,5562,,,2,3,2,3118,3,2718.02,19.48,796.57,0
13119,20260311,130,5160,,,2,5,2,3119,2,799.31,164.36,4739.53,0
13120,20260312,192,5174,,,1,9,2,3120,1,1305.54,222.34,4329.53,0
13121,20260313,108,5628,,,2,5,2,3121,3,2342.42,208.9,4341.56,0
13122,20260314,167,6045,,,1,9,2,3122,3,1313.26,197.94,3742.27,0
13123,20260315,140,6159,,,2,10,2,3123,5,1010.12,1.52,2270.14,0
13124,20260316,171,5835,,,1,9,2,3124,5,2712.45,124.73,759.33,0
13125,20260317,150,5770,,,2,7,2,3125,6,944.89,49.55,2280.64,0
13126,20260318,141,6210,,,2,7,2,3126,5,2237.25,3.45,2148.62,0
13127,20260319,121,5985,,,2,4,2,3127,5,917.55,231.97,1921.03,0
13128,20260320,174,6264,,,1,7,2,3128,6,1335.23,212.39,3326.52,0
13129,20260321,155,6291,,,1,7,2,3129,6,618.85,264.62,609.45,1
13130,20260322,112,5960,,,1,3,2,3130,3,421.36,113.27,4326.14,0
13131,20260323,163,5268,,,2,6,2,3131,6,2256.99,105.45,1793.17,0
13132,20260324,171,5453,,,1,5,2,3132,3,2575.02,178.3,4816.69,0
13133,20260325,137,6452,,,1,11,2,3133,3,2697.8,223.66,1712.19,0
13134,20260326,143,5801,,,1,2,2,3134,5,516.61,178.79,1796.18,0
13135,20260327,119,6478,,,2,11,2,3135,1,1565.33,75.76,4191.74,0
13136,20260328,134,5267,,,1,8,2,3136,4,2135.83,21.6,1591.65,0
13137,20260329,193,5930,,,2,1,2,3137,6,1818.4,268.32,3436.72,0
13138,20260330,101,6097,,,1,1,2,3138,6,1356.88,4.14,661.66,0
13139,20260331,181,5380,,,2,10,2,3139,3,891.29,26.77,1333.99,0
13140,20260401,144,5692,,,2,1,2,3140,6,1321.3,106.67,709.66,0
13141,20260402,173,5603,,,1,10,2,3141,3,1956.89,182.79,1898.49,0
13142,20260403,178,5354,,,2,5,2,3142,3,1937.75,201.88,3005.24,0
13143,20260404,130,5103,,,1,4,2,3143,4,623.18,194.83,4221.35,0
13144,20260405,123,5717,,,1,10,2,3144,1,1564.17,260.25,1683.52,0
13145,20260406,130,6312,,,1,7,2,3145,2,1868.5,266.21,1294.72,0
13146,20260407,168,6355,,,1,5,2,3146,2,466.03,292.81,4853.96,0
13147,20260408,129,5849,,,1,10,2,3147,2,1081.36,261.47,3070.01,0
13148,20260409,196,5501,,,1,5,2,3148,5,2331.31,48.02,1996.76,0
13149,20260410,193,6101,,,2,12,2,3149,6,2391.19,5.61,1657.36,0
13150,20260411,160,5488,,,2,9,2,3150,6,2797.0,0.94,4760.97,0
13151,20260412,157,5152,,,1,12,2,3151,1,1483.35,80.77,3627.96,0
13152,20260413,110,5632,,,2,10,2,3152,5,1432.26,6.75,836.28,0
13153,20260414,139,5848,,,1,8,2,3153,2,772.24,245.83,3284.32,0
13154,20260415,171,5905,,,2,7,2,3154,6,2046.11,257.52,3114.77,0
13155,20260416,188,5353,,,2,11,2,3155,1,1997.85,76.03,4883.76,0
13156,20260417,183,5705,,,2,10,2,3156,6,1036.18,273.0,573.32,0
13157,20260418,119,6056,,,2,6,2,3157,6,1629.85,0.96,946.53,0
13158,20260419,140,6424,,,2,7,2,3158,2,1909.3,74.21,1007.01,0
13159,20260420,129,5956,,,2,6,2,3159,1,2368.19,246.74,3607.11,0
13160,20260421,108,5178,,,2,9,2,3160,5,1119.19,279.31,4881.91,0
13161,20260422,178,6338,,,1,11,2,3161,3,1803.62,44.4,3010.73,0
13162,20260423,138,5051,,,2,8,2,3162,5,2640.1,248.49,3391.79,0
13163,20260424,128,5913,,,1,11,2,3163,3,2735.31,55.99,1529.5,0
13164,20260425,137,5412,,,1,5,2,3164,4,1903.72,43.11,2170.11,0
13165,20260426,182,5075,,,1,1,2,3165,2,405.68,3.99,2295.32,0
13166,20260427,105,5279,,,2,4,2,3166,3,1577.57,33.0,1699.16,0
13167,20260428,138,5583,,,1,3,2,3167,6,2427.83,107.84,1783.23,0
13168,20260429,107,5843,,,1,9,2,3168,5,545.29,139.92,2598.01,1
13169,20260430,168,5801,,,1,6,2,3169,4,2648.13,213.49,4053.88,0
13170,20260501,133,5315,,,2,12,2,3170,3,459.41,252.75,2450.45,0
13171,20260201,133,5490,,,2,9,2,3171,2,2080.19,47.75,4722.02,0
13172,20260202,114,5917,,,1,8,2,3172,6,787.42,35.02,1354.33,0
13173,20260203,147,6179,,,1,7,2,3173,4,1243.57,289.73,3515.33,0
13174,20260204,191,5289,,,2,11,2,3174,6,2501.42,242.54,4557.76,0
13175,20260205,157,5423,,,2,10,2,3175,6,435.78,213.19,4362.3,0
13176,20260206,103,5569,,,2,8,2,3176,5,1096.68,265.51,781.76,0
13177,20260207,185,6213,,,2,8,2,3177,4,1488.72,36.13,2633.39,0
13178,20260208,159,5519,,,2,7,2,3178,4,2021.07,142.0,4045.91,0
13179,20260209,114,6287,,,2,12,2,3179,2,1344.61,223.25,1588.91,0
13180,20260210,156,5503,,,1,4,2,3180,2,2623.96,23.15,2931.14,0
13181,20260211,124,5049,,,1,5,2,3181,6,1106.21,163.79,3211.37,0
13182,20260212,148,6196,,,2,2,2,3182,1,1620.04,89.21,503.8,0
13183,20260213,117,5907,,,2,5,2,3183,1,2244.3,198.7,2941.18,0
13184,20260214,164,5446,,,1,9,2,3184,3,1287.92,189.56,1653.73,0
13185,20260215,188,5872,,,2,3,2,3185,5,1325.24,31.46,3029.68,0
13186,20260216,116,6168,,,2,6,2,3186,1,2691.46,228.74,2139.98,0
13187,20260217,113,5950,,,1,1,2,3187,1,2296.39,97.26,1563.11,0
13188,20260218,171,5124,,,2,2,2,3188,2,646.44,3.29,3064.02,0
13189,20260219,155,6245,,,1,7,2,3189,5,1966.63,275.88,590.84,0
13190,20260220,117,5022,,,1,9,2,3190,2,1256.87,34.08,3560.21,0
13191,20260221,101,5641,,,2,10,2,3191,5,2757.0,114.27,2527.13,0
13192,20260222,127,5970,,,2,3,2,3192,1,1355.45,214.13,1525.19,0
13193,20260223,146,5171,,,1,11,2,3193,4,1397.75,25.87,2770.8,0
13194,20260224,130,5662,,,1,7,2,3194,6,664.85,230.84,3625.74,0
13195,20260225,146,5722,,,2,9,2,3195,3,2127.88,215.53,1266.3,0
13196,20260226,149,5378,,,1,6,2,3196,3,1269.11,100.16,4484.84,0
13197,20260227,146,5408,,,2,10,2,3197,6,1489.22,48.45,1621.41,0
13198,20260228,190,5796,,,2,2,2,3198,5,2009.76,153.73,1347.98,0
13199,20260301,135,6331,,,2,12,2,3199,1,2672.14,7.99,4949.98,0
13200,20260302,125,6203,,,2,11,2,3200,4,1730.24,217.97,4695.59,0
13201,20260303,148,6338,,,2,1,2,3201,6,1914.67,258.42,4895.19,0
13202,20260304,142,5389,,,2,8,2,3202,2,724.71,52.3,2944.22,0
13203,20260305,196,6305,,,2,1,2,3203,4,546.49,150.84,617.03,0
13204,20260306,149,5522,,,2,11,2,3204,4,634.22,225.62,2494.75,1
13205,20260307,148,6032,,,2,8,2,3205,3,2242.68,196.46,513.08,0
13206,20260308,191,5441,,,2,9,2,3206,3,1961.23,138.53,1477.54,0
13207,20260309,112,6080,,,1,4,2,3207,1,1874.51,265.52,2977.36,0
13208,20260310,195,5722,,,1,5,2,3208,6,2346.0,1.87,4517.53,0
13209,20260311,109,5340,,,2,10,2,3209,2,2236.92,143.85,2255.41,0
13210,20260312,185,5246,,,2,6,2,3210,2,1205.58,14.43,2121.3,0
13211,20260313,183,6372,,,2,11,2,3211,1,1061.49,83.73,3636.05,0
13212,20260314,151,5164,,,2,9,2,3212,6,1641.41,121.55,3554.13,0
13213,20260315,152,5078,,,1,7,2,3213,5,2385.89,118.55,2419.02,0
13214,20260316,194,5831,,,2,3,2,3214,2,1548.96,137.27,4890.16,0
13215,20260317,136,6381,,,1,3,2,3215,4,740.34,149.58,4145.93,0
13216,20260318,147,6273,,,1,3,2,3216,1,2134.45,58.68,2356.7,0
13217,20260319,143,5608,,,1,11,2,3217,6,1263.06,20.19,2038.06,0
13218,20260320,184,6322,,,2,4,2,3218,1,1662.56,98.3,3715.3,0
13219,20260321,160,5135,,,1,12,2,3219,3,1996.2,283.0,1980.65,0
13220,20260322,122,5032,,,2,1,2,3220,2,2652.32,6.87,4800.83,0
13221,20260323,181,5716,,,2,9,2,3221,2,2078.34,216.45,4020.65,0
13222,20260324,107,6415,,,2,3,2,3222,6,851.01,115.23,2112.94,0
13223,20260325,138,5622,,,1,4,2,3223,4,1574.53,18.43,967.43,0
13224,20260326,198,5712,,,1,5,2,3224,1,1710.89,238.66,2850.47,0
13225,20260327,112,5318,,,2,4,2,3225,1,717.48,97.86,2143.11,0
13226,20260328,159,5753,,,2,12,2,3226,4,2066.67,243.53,1584.26,0
13227,20260329,157,6413,,,2,1,2,3227,4,1977.42,129.11,1277.68,0
13228,20260330,171,6473,,,2,10,2,3228,6,1735.07,216.41,3052.92,0
13229,20260331,134,5402,,,1,9,2,3229,3,1015.45,107.19,3619.89,0
13230,20260401,188,6273,,,2,6,2,3230,6,1516.23,127.52,3375.5,0
13231,20260402,197,5145,,,2,10,2,3231,3,2090.11,214.71,4736.74,0
13232,20260403,198,6091,,,1,2,2,3232,1,1033.48,261.09,1876.63,0
13233,20260404,160,6019,,,1,10,2,3233,1,1961.69,66.15,2754.72,0
13234,20260405,109,6365,,,1,5,2,3234,5,1676.31,277.5,4911.82,0
13235,20260406,150,5475,,,1,6,2,3235,1,889.66,229.11,1994.29,0
13236,20260407,200,6124,,,2,8,2,3236,2,2202.75,272.81,1699.58,0
13237,20260408,148,5600,,,1,2,2,3237,1,1274.07,127.03,2467.88,0
13238,20260409,121,5624,,,1,3,2,3238,4,1035.47,250.63,2700.28,0
13239,20260410,189,5371,,,1,9,2,3239,1,1751.56,212.06,1233.14,0
13240,20260411,103,6377,,,2,8,2,3240,5,2231.43,91.88,1268.13,0
13241,20260412,117,5588,,,1,6,2,3241,1,591.45,195.34,1497.81,0
13242,20260413,180,6094,,,2,7,2,3242,6,2077.15,47.51,2939.34,0
13243,20260414,200,5698,,,1,1,2,3243,3,2545.24,72.79,3919.64,0
13244,20260415,183,6107,,,2,8,2,3244,5,2279.07,15.05,3418.39,0
13245,20260416,142,6331,,,1,1,2,3245,3,491.31,92.94,3589.34,0
13246,20260417,162,5901,,,1,6,2,3246,3,2118.09,43.0,4340.17,0
13247,20260418,176,6250,,,1,10,2,3247,2,1642.85,290.02,4126.39,0
13248,20260419,132,5347,,,1,5,2,3248,1,2701.78,289.47,3239.77,0
13249,20260420,103,5282,,,2,5,2,3249,5,1912.25,185.71,2157.32,0
13250,20260421,140,5429,,,2,2,2,3250,4,1871.05,130.24,2897.77,0
13251,20260422,104,5835,,,2,9,2,3251,2,603.37,269.21,3468.18,0
13252,20260423,174,6074,,,2,9,2,3252,4,2392.89,210.69,4276.03,0
13253,20260424,177,5266,,,1,2,2,3253,2,474.42,21.7,4056.15,0
13254,20260425,161,5364,,,1,8,2,3254,6,965.87,183.36,1527.2,0
13255,20260426,138,6290,,,1,2,2,3255,6,796.36,127.9,4778.1,0
13256,20260427,182,5653,,,2,3,2,3256,5,2201.53,31.28,4107.32,0
13257,20260428,124,5261,,,2,2,2,3257,6,548.2,295.92,604.67,0
13258,20260429,141,5692,,,2,5,2,3258,6,2280.4,36.61,995.36,0
13259,20260430,190,5972,,,1,8,2,3259,3,720.7,187.04,992.67,0
13260,20260501,129,6495,,,1,6,2,3260,2,2640.29,18.26,1470.11,0
13261,20260201,179,6185,,,2,7,2,3261,1,2103.78,163.02,2162.6,0
13262,20260202,150,6397,,,1,6,2,3262,3,1436.84,19.7,562.7,0
13263,20260203,114,5663,,,1,10,2,3263,1,1039.23,94.67,3917.36,0
13264,20260204,192,6238,,,1,12,2,3264,4,1610.42,74.37,3543.05,0
13265,20260205,186,6108,,,1,2,2,3265,4,2429.27,51.23,3448.77,0
13266,20260206,137,5542,,,2,5,2,3266,1,2362.01,19.46,3688.5,0
13267,20260207,175,6433,,,2,6,2,3267,2,2186.16,288.1,1410.41,0
13268,20260208,124,5770,,,2,5,2,3268,6,2172.25,63.18,4773.7,0
13269,20260209,154,5899,,,2,1,2,3269,1,911.31,51.71,4078.87,0
13270,20260210,123,6474,,,1,2,2,3270,2,2306.3,125.85,944.03,0
13271,20260211,132,6037,,,2,11,2,3271,4,2666.86,275.47,3258.02,0
13272,20260212,188,6211,,,1,2,2,3272,2,2001.65,76.16,3113.38,0
13273,20260213,123,5543,,,1,6,2,3273,2,2084.7,213.28,3474.46,0
13274,20260214,195,6113,,,2,3,2,3274,6,1876.78,223.22,2692.17,0
13275,20260215,125,6479,,,2,8,2,3275,3,1818.15,49.57,4935.5,0
13276,20260216,101,5852,,,1,7,2,3276,1,2373.95,241.91,4422.89,0
13277,20260217,172,5341,,,1,6,2,3277,2,836.79,130.76,4519.79,0
13278,20260218,188,5922,,,2,7,2,3278,1,1532.91,297.51,3750.64,0
13279,20260219,156,5532,,,2,4,2,3279,2,1126.24,49.68,933.04,0
13280,20260220,129,6044,,,2,2,2,3280,5,1791.58,45.96,2870.87,0
13281,20260221,104,5323,,,2,9,2,3281,4,2304.02,219.2,2121.38,0
13282,20260222,106,6259,,,1,8,2,3282,3,2083.87,191.96,2209.14,0
13283,20260223,138,6310,,,1,5,2,3283,3,498.27,74.51,2542.51,0
13284,20260224,138,5934,,,2,5,2,3284,5,1638.98,236.77,3629.76,0
13285,20260225,150,5231,,,1,12,2,3285,3,2287.16,44.7,745.57,0
13286,20260226,140,5422,,,2,2,2,3286,3,2639.49,86.81,4965.46,0
13287,20260227,140,5871,,,1,8,2,3287,1,2143.26,43.99,3726.52,0
13288,20260228,157,6091,,,2,1,2,3288,4,2245.32,255.29,2545.97,0
13289,20260301,108,6007,,,1,4,2,3289,6,1877.38,15.54,3707.28,0
13290,20260302,120,6444,,,2,5,2,3290,6,1587.17,156.26,4063.58,0
13291,20260303,138,5172,,,1,12,2,3291,1,2691.88,228.6,1218.2,0
13292,20260304,104,6137,,,2,2,2,3292,2,2328.4,157.82,1440.8,0
13293,20260305,174,5665,,,2,11,2,3293,5,2315.08,112.17,1422.66,0
13294,20260306,125,6286,,,1,8,2,3294,2,2514.71,146.44,3770.47,0
13295,20260307,138,5063,,,1,3,2,3295,4,2722.39,164.21,568.89,0
13296,20260308,116,6380,,,1,4,2,3296,4,532.71,12.08,4568.49,0
13297,20260309,174,6295,,,1,10,2,3297,6,2596.19,277.46,3895.31,0
13298,20260310,108,5234,,,2,3,2,3298,3,2480.9,255.63,917.18,0
13299,20260311,129,5541,,,1,9,2,3299,5,2559.84,224.86,3291.94,0
13300,20260312,162,5538,,,2,10,2,3300,6,2549.28,151.54,2606.26,0
13301,20260313,136,6306,,,2,9,2,3301,2,2583.27,26.93,2667.25,0
13302,20260314,135,6478,,,2,2,2,3302,2,884.59,5.09,4472.98,0
13303,20260315,195,5918,,,1,1,2,3303,3,427.14,217.39,4129.07,0
13304,20260316,182,5568,,,1,3,2,3304,2,1417.38,281.54,2194.92,0
13305,20260317,128,5871,,,2,4,2,3305,3,675.84,73.61,3481.79,0
13306,20260318,174,5355,,,1,2,2,3306,1,2258.89,267.51,1234.44,0
13307,20260319,183,5082,,,1,8,2,3307,3,2299.86,154.47,4762.19,0
13308,20260320,136,5604,,,1,12,2,3308,6,419.87,88.83,2814.53,0
13309,20260321,186,5759,,,1,10,2,3309,5,1030.16,40.86,4519.19,0
13310,20260322,135,5290,,,2,6,2,3310,5,673.46,78.74,997.99,0
13311,20260323,162,5160,,,2,10,2,3311,6,1802.27,157.21,2762.61,0
13312,20260324,136,5836,,,2,4,2,3312,4,2503.33,198.89,1280.15,0
13313,20260325,127,6122,,,2,4,2,3313,6,1119.36,289.28,859.79,0
13314,20260326,163,6332,,,1,8,2,3314,4,910.77,98.47,3864.44,0
13315,20260327,132,5913,,,1,8,2,3315,6,2275.71,165.93,891.92,0
13316,20260328,137,5714,,,1,4,2,3316,1,1058.49,72.74,4740.99,0
13317,20260329,112,5733,,,1,9,2,3317,1,1105.21,281.86,1433.19,0
13318,20260330,107,5303,,,2,10,2,3318,4,1605.7,53.18,593.85,0
13319,20260331,105,5806,,,1,1,2,3319,1,2443.47,68.12,3609.43,1
13320,20260401,146,5910,,,2,6,2,3320,1,2048.18,27.39,1797.6,0
13321,20260402,174,5505,,,2,10,2,3321,2,1779.78,218.38,4047.95,0
13322,20260403,151,6119,,,2,11,2,3322,6,806.85,90.97,3533.02,0
13323,20260404,102,6115,,,2,4,2,3323,1,2748.8,39.83,705.02,0
13324,20260405,119,5983,,,1,7,2,3324,5,2320.37,74.19,720.53,0
13325,20260406,120,6274,,,2,2,2,3325,4,1594.42,228.82,3679.17,0
13326,20260407,140,6334,,,2,11,2,3326,6,2157.1,6.59,2158.79,0
13327,20260408,116,5969,,,1,6,2,3327,6,2335.88,187.79,3789.54,0
13328,20260409,133,5003,,,2,9,2,3328,6,795.69,212.41,4886.73,0
13329,20260410,105,5113,,,2,3,2,3329,4,2760.91,293.84,4549.44,0
13330,20260411,150,5110,,,1,4,2,3330,1,1760.99,212.48,1852.31,0
13331,20260412,152,5924,,,2,5,2,3331,2,737.9,50.61,4071.62,0
13332,20260413,145,5455,,,2,9,2,3332,4,1413.82,218.15,3368.41,0
13333,20260414,171,5171,,,1,9,2,3333,4,1245.21,163.97,3336.13,0
13334,20260415,161,5941,,,2,2,2,3334,2,866.9,78.13,4029.32,0
13335,20260416,142,5436,,,2,4,2,3335,2,2083.92,49.03,1240.46,0
13336,20260417,194,5237,,,1,4,2,3336,5,1215.44,106.1,4495.25,0
13337,20260418,110,5139,,,2,11,2,3337,6,498.32,231.77,2349.51,0
13338,20260419,162,5165,,,2,4,2,3338,2,702.41,73.87,4891.03,0
13339,20260420,147,5228,,,2,2,2,3339,4,1105.69,178.82,1137.89,0
13340,20260421,116,5105,,,2,10,2,3340,6,2371.17,34.11,1142.24,0
13341,20260422,108,5553,,,2,8,2,3341,4,2052.8,272.39,2866.71,0
13342,20260423,192,6122,,,1,6,2,3342,5,530.71,252.03,1542.19,0
13343,20260424,197,5624,,,1,8,2,3343,1,450.89,14.25,693.96,0
13344,20260425,169,6242,,,2,2,2,3344,4,562.1,197.98,2360.72,0
13345,20260426,186,5307,,,2,6,2,3345,3,784.42,197.81,830.32,0
13346,20260427,197,5827,,,1,3,2,3346,3,1025.91,238.92,1777.25,0
13347,20260428,181,5788,,,2,2,2,3347,1,1938.46,74.96,4702.94,0
13348,20260429,105,5143,,,2,12,2,3348,1,821.22,65.71,4954.8,0
13349,20260430,153,5926,,,2,10,2,3349,6,2465.51,167.0,1918.9,0
13350,20260501,132,6113,,,1,11,2,3350,1,2729.25,105.36,625.04,0
13351,20260201,138,5379,,,1,12,2,3351,5,570.61,27.54,3012.29,0
13352,20260202,154,5763,,,1,4,2,3352,4,2109.06,112.71,575.77,0
13353,20260203,138,5921,,,2,4,2,3353,6,994.63,161.39,2957.31,0
13354,20260204,190,5526,,,1,8,2,3354,3,1314.43,116.06,4319.57,0
13355,20260205,198,6393,,,1,4,2,3355,4,1646.12,91.28,1331.63,0
13356,20260206,152,5107,,,1,4,2,3356,3,2750.09,170.59,2926.57,0
13357,20260207,111,5534,,,1,10,2,3357,1,1950.17,258.5,2480.91,0
13358,20260208,146,5334,,,2,10,2,3358,4,599.05,191.86,4869.7,0
13359,20260209,147,6442,,,1,3,2,3359,5,2280.96,132.92,1377.67,0
13360,20260210,126,6021,,,1,7,2,3360,2,1386.35,43.63,3763.91,0
13361,20260211,146,6233,,,2,7,2,3361,5,2702.22,130.21,1593.69,0
13362,20260212,113,5534,,,1,10,2,3362,6,2656.29,289.53,3593.68,0
13363,20260213,181,5587,,,1,4,2,3363,4,1943.15,199.99,1748.25,0
13364,20260214,173,5355,,,1,5,2,3364,2,1698.13,126.68,3366.75,0
13365,20260215,187,6176,,,1,12,2,3365,4,1192.68,189.47,1934.16,0
13366,20260216,188,5459,,,2,8,2,3366,4,1382.26,233.11,2933.1,0
13367,20260217,101,6339,,,1,4,2,3367,4,1412.93,94.57,4018.73,0
13368,20260218,136,5561,,,1,11,2,3368,4,1923.55,208.62,3517.1,0
13369,20260219,144,5567,,,1,9,2,3369,3,942.82,92.4,2771.04,0
13370,20260220,165,6002,,,1,2,2,3370,6,1468.95,14.74,1403.71,0
13371,20260221,181,5392,,,1,2,2,3371,5,1232.91,141.38,4515.08,0
13372,20260222,132,5017,,,2,5,2,3372,2,1518.78,51.84,4268.9,0
13373,20260223,198,5356,,,1,10,2,3373,6,1370.65,189.39,3753.11,0
13374,20260224,106,6018,,,2,10,2,3374,2,1649.22,70.25,1065.95,0
13375,20260225,127,5376,,,2,1,2,3375,6,2648.2,166.31,2275.52,0
13376,20260226,169,6328,,,1,8,2,3376,4,447.46,73.23,3266.07,0
13377,20260227,102,5464,,,2,10,2,3377,5,1156.57,38.05,2183.51,1
13378,20260228,125,5893,,,2,8,2,3378,4,2325.83,105.68,1122.21,0
13379,20260301,158,5454,,,1,3,2,3379,2,1022.26,14.11,3302.28,0
13380,20260302,137,5732,,,1,1,2,3380,5,2797.11,106.96,4573.62,0
13381,20260303,167,5727,,,1,6,2,3381,2,2762.41,80.15,4694.6,0
13382,20260304,172,5221,,,2,8,2,3382,5,2533.95,223.32,3103.2,0
13383,20260305,193,5780,,,1,8,2,3383,4,792.57,289.67,4435.14,0
13384,20260306,184,5127,,,2,7,2,3384,3,1871.03,175.67,2716.07,0
13385,20260307,190,5318,,,1,10,2,3385,1,784.34,268.82,534.58,0
13386,20260308,200,6197,,,2,9,2,3386,6,2099.36,249.87,1848.34,0
13387,20260309,192,5733,,,2,2,2,3387,3,1872.64,30.47,2778.16,0
13388,20260310,199,6000,,,2,9,2,3388,6,903.5,75.43,1682.22,0
13389,20260311,179,5722,,,2,9,2,3389,2,2479.48,169.39,1081.21,0
13390,20260312,118,5929,,,1,1,2,3390,2,1837.79,102.68,2958.8,0
13391,20260313,138,6258,,,1,1,2,3391,6,2761.77,82.52,1224.46,0
13392,20260314,109,6492,,,2,6,2,3392,5,867.74,109.22,3329.41,0
13393,20260315,132,6220,,,1,1,2,3393,1,2416.36,200.19,4527.18,0
13394,20260316,111,5216,,,2,8,2,3394,4,1238.87,131.7,3682.92,0
13395,20260317,191,5958,,,2,7,2,3395,6,786.82,245.47,3166.88,0
13396,20260318,117,6155,,,1,2,2,3396,4,1154.91,178.79,1429.35,0
13397,20260319,179,5087,,,1,4,2,3397,5,2340.94,261.86,4079.21,0
13398,20260320,109,5304,,,2,12,2,3398,6,1168.48,222.59,3671.2,0
13399,20260321,160,5501,,,1,7,2,3399,2,1551.07,287.92,1491.78,0
13400,20260322,131,5090,,,1,6,2,3400,3,1064.99,230.1,1653.29,0
13401,20260323,126,6009,,,2,6,2,3401,6,2383.8,232.87,1770.12,0
13402,20260324,126,6009,,,1,7,2,3402,5,2218.61,190.5,1888.63,0
13403,20260325,176,6463,,,2,10,2,3403,4,2157.03,35.62,4084.61,0
13404,20260326,140,6279,,,2,1,2,3404,1,1345.24,15.83,666.08,1
13405,20260327,122,5259,,,2,9,2,3405,3,1322.53,126.72,4368.25,0
13406,20260328,103,5393,,,1,9,2,3406,4,1577.63,95.99,2369.26,0
13407,20260329,137,6370,,,2,3,2,3407,5,2073.55,200.02,3711.6,0
13408,20260330,120,5589,,,2,11,2,3408,2,1110.44,252.97,884.78,0
13409,20260331,151,5643,,,1,9,2,3409,1,1505.28,73.86,1872.99,0
13410,20260401,142,5198,,,1,1,2,3410,2,1183.97,41.77,4829.45,0
13411,20260402,106,6085,,,1,6,2,3411,5,915.39,185.57,1728.7,0
13412,20260403,195,5531,,,1,10,2,3412,4,742.62,176.48,2393.63,0
13413,20260404,171,6414,,,2,10,2,3413,3,991.18,56.33,4603.8,0
13414,20260405,107,5663,,,1,7,2,3414,5,2390.11,118.22,1022.41,0
13415,20260406,131,5716,,,1,3,2,3415,2,1592.17,282.84,2748.04,1
13416,20260407,142,5959,,,2,12,2,3416,2,1327.03,1.94,2836.74,0
13417,20260408,118,6415,,,1,3,2,3417,5,2746.16,239.71,4124.08,0
13418,20260409,114,5481,,,2,8,2,3418,6,1839.5,185.3,1758.31,0
13419,20260410,184,6479,,,1,7,2,3419,2,2363.1,109.34,2535.4,0
13420,20260411,147,5019,,,1,9,2,3420,5,1125.81,222.94,3072.45,0
13421,20260412,174,5242,,,1,7,2,3421,1,2581.56,14.79,2169.53,0
13422,20260413,136,6102,,,2,8,2,3422,3,761.18,41.9,884.27,0
13423,20260414,145,5234,,,2,12,2,3423,1,1817.23,112.42,3355.29,0
13424,20260415,163,5226,,,2,2,2,3424,3,1516.53,237.71,1921.12,0
13425,20260416,139,5468,,,1,3,2,3425,2,438.68,231.96,4869.99,0
13426,20260417,114,5756,,,1,8,2,3426,3,2589.5,35.06,2162.84,0
13427,20260418,118,6341,,,2,7,2,3427,5,648.6,45.21,761.48,0
13428,20260419,142,5257,,,1,6,2,3428,5,2043.11,220.47,3382.83,0
13429,20260420,158,6026,,,2,3,2,3429,5,2539.61,250.73,3444.45,0
13430,20260421,165,6001,,,2,6,2,3430,3,1299.36,88.67,2713.02,0
13431,20260422,131,5511,,,2,2,2,3431,2,1898.31,205.84,4267.27,0
13432,20260423,112,5135,,,2,6,2,3432,4,2622.22,114.09,539.19,0
13433,20260424,144,5952,,,1,4,2,3433,2,1980.29,128.8,4606.06,0
13434,20260425,165,6219,,,1,7,2,3434,4,958.87,188.35,4269.97,0
13435,20260426,189,5777,,,2,10,2,3435,2,831.91,295.94,4199.3,0
13436,20260427,117,6078,,,1,8,2,3436,2,810.84,185.59,3364.1,0
13437,20260428,121,6428,,,2,12,2,3437,6,2516.07,155.33,4764.78,0
13438,20260429,139,5087,,,2,4,2,3438,3,2631.19,203.05,729.44,0
13439,20260430,184,6052,,,2,6,2,3439,4,1564.79,73.89,2126.37,0
13440,20260501,172,5927,,,2,11,2,3440,4,1005.5,297.76,3963.55,0
13441,20260201,125,5389,,,2,4,2,3441,4,1793.3,298.48,3533.28,0
13442,20260202,181,5761,,,2,8,2,3442,6,2172.26,38.25,804.7,0
13443,20260203,129,6298,,,1,9,2,3443,1,1404.5,124.09,656.38,0
13444,20260204,132,5668,,,2,12,2,3444,6,896.75,188.36,2724.68,0
13445,20260205,125,6180,,,1,5,2,3445,4,2588.45,112.11,3723.08,0
13446,20260206,141,5387,,,2,12,2,3446,6,868.31,5.16,1460.67,0
13447,20260207,111,5755,,,1,11,2,3447,5,2220.26,188.87,611.91,0
13448,20260208,114,6254,,,2,4,2,3448,6,1515.7,34.23,3510.64,0
13449,20260209,137,6087,,,1,6,2,3449,6,1883.41,71.31,4700.6,0
13450,20260210,191,5418,,,1,9,2,3450,1,1294.53,45.46,4813.75,0
13451,20260211,157,5305,,,1,4,2,3451,5,1150.79,231.67,4850.84,0
13452,20260212,119,6102,,,2,12,2,3452,2,2329.63,133.2,4066.72,0
13453,20260213,117,6031,,,2,8,2,3453,6,667.34,196.72,2658.03,0
13454,20260214,164,6406,,,1,4,2,3454,2,2227.94,58.99,970.64,0
13455,20260215,149,5990,,,2,8,2,3455,4,1866.9,204.42,737.23,0
13456,20260216,109,6352,,,1,8,2,3456,3,2604.31,95.37,4887.77,0
13457,20260217,138,5505,,,2,12,2,3457,1,2070.59,207.79,1822.18,0
13458,20260218,128,6413,,,2,3,2,3458,5,458.99,178.03,3114.95,0
13459,20260219,122,6399,,,1,11,2,3459,1,1371.1,151.26,4976.78,0
13460,20260220,123,5782,,,1,12,2,3460,6,2281.5,97.42,3534.87,0
13461,20260221,152,5801,,,1,9,2,3461,2,462.56,64.31,2822.09,0
13462,20260222,134,5951,,,2,9,2,3462,3,1907.93,14.04,852.92,0
13463,20260223,169,5264,,,2,3,2,3463,5,2593.56,203.86,1071.05,0
13464,20260224,142,5366,,,1,11,2,3464,1,1187.45,236.26,4230.19,0
13465,20260225,125,6435,,,1,1,2,3465,3,2569.25,237.35,1579.84,0
13466,20260226,172,5723,,,1,2,2,3466,3,1637.37,10.78,1999.36,0
13467,20260227,182,6220,,,1,4,2,3467,6,2450.46,84.82,4216.13,0
13468,20260228,158,5344,,,1,11,2,3468,2,2536.42,160.48,3445.3,0
13469,20260301,168,5952,,,1,2,2,3469,4,2643.52,30.81,4489.53,0
13470,20260302,169,5706,,,2,2,2,3470,3,2778.53,198.08,3068.18,0
13471,20260303,140,6311,,,2,11,2,3471,5,2634.91,42.57,596.63,0
13472,20260304,126,5180,,,1,10,2,3472,5,982.52,111.85,3480.09,0
13473,20260305,167,5680,,,2,3,2,3473,2,2605.7,197.78,4451.3,0
13474,20260306,160,6338,,,1,7,2,3474,1,1928.61,165.15,1142.78,0
13475,20260307,136,5287,,,1,4,2,3475,4,839.01,250.16,1308.62,0
13476,20260308,106,5435,,,1,2,2,3476,6,2714.17,296.05,3143.87,0
13477,20260309,176,5739,,,2,3,2,3477,6,2252.73,124.16,4006.81,0
13478,20260310,146,5664,,,1,9,2,3478,4,2029.84,147.68,3191.12,0
13479,20260311,193,5599,,,1,7,2,3479,5,2381.68,135.51,1416.08,0
13480,20260312,117,5161,,,1,3,2,3480,5,754.84,211.4,2107.68,0
13481,20260313,164,5721,,,2,6,2,3481,6,771.94,226.66,4496.44,0
13482,20260314,175,5928,,,1,9,2,3482,3,1156.29,0.64,2261.37,0
13483,20260315,157,5822,,,2,10,2,3483,4,1881.29,237.08,792.17,1
13484,20260316,127,6222,,,1,10,2,3484,2,1638.59,205.06,2880.71,0
13485,20260317,124,5329,,,1,8,2,3485,6,1055.32,172.69,4443.54,0
13486,20260318,126,5308,,,1,1,2,3486,3,978.13,97.02,1855.55,0
13487,20260319,170,5514,,,1,3,2,3487,5,1800.32,34.9,3101.27,0
13488,20260320,120,6450,,,1,1,2,3488,4,2243.9,299.31,2618.32,0
13489,20260321,165,5425,,,2,8,2,3489,2,1386.66,251.81,2346.87,0
13490,20260322,145,6373,,,2,7,2,3490,5,2615.5,205.2,1073.92,0
13491,20260323,170,5026,,,2,5,2,3491,1,2407.96,195.27,1750.43,0
13492,20260324,191,5847,,,2,12,2,3492,2,1387.23,35.67,4166.97,0
13493,20260325,134,5775,,,2,12,2,3493,3,1702.06,290.71,4117.47,0
13494,20260326,190,5571,,,2,5,2,3494,5,1617.79,70.88,1649.68,0
13495,20260327,157,5110,,,1,3,2,3495,3,1797.1,129.5,1943.19,0
13496,20260328,159,5484,,,1,4,2,3496,6,951.49,88.11,3304.2,0
13497,20260329,118,5900,,,1,6,2,3497,2,976.63,223.32,3638.89,0
13498,20260330,154,5210,,,1,7,2,3498,5,2432.88,21.25,4006.3,1
13499,20260331,135,6313,,,1,3,2,3499,2,1062.84,73.52,3455.67,0
13500,20260401,197,6153,,,2,2,2,3500,6,2468.02,51.84,3830.97,0
13501,20260402,147,5140,,,1,12,2,3501,3,1162.75,213.31,1834.0,0
13502,20260403,184,5054,,,2,9,2,3502,2,705.79,112.73,3628.6,0
13503,20260404,147,5019,,,2,7,2,3503,6,2655.86,263.0,3867.11,0
13504,20260405,170,5562,,,1,8,2,3504,2,734.68,229.03,2646.76,0
13505,20260406,109,5840,,,1,2,2,3505,4,1758.64,207.13,1543.82,0
13506,20260407,187,5870,,,1,9,2,3506,3,2062.37,239.65,1502.2,0
13507,20260408,164,6453,,,1,4,2,3507,3,1321.16,96.06,1104.4,0
13508,20260409,101,5378,,,2,12,2,3508,1,1530.99,51.34,2613.83,0
13509,20260410,160,5206,,,1,12,2,3509,2,2549.98,262.8,3623.81,0
13510,20260411,105,5580,,,1,2,2,3510,6,577.45,246.86,1209.04,0
13511,20260412,199,6197,,,1,12,2,3511,5,1150.45,127.92,2924.81,0
13512,20260413,132,5904,,,2,2,2,3512,3,2169.96,69.06,2485.57,0
13513,20260414,109,6089,,,1,12,2,3513,1,1339.23,81.86,3452.41,0
13514,20260415,192,5574,,,2,11,2,3514,5,2491.45,222.03,3700.29,0
13515,20260416,162,5011,,,1,11,2,3515,2,1430.44,266.05,3714.28,0
13516,20260417,181,5080,,,2,2,2,3516,2,943.52,255.73,3323.51,0
13517,20260418,147,6336,,,2,1,2,3517,4,1251.3,19.12,2364.2,0
13518,20260419,199,5108,,,2,4,2,3518,4,752.08,65.32,4963.68,0
13519,20260420,165,5423,,,1,6,2,3519,4,2759.09,16.94,1390.57,0
13520,20260421,185,5872,,,1,4,2,3520,5,1175.51,177.65,2347.3,0
13521,20260422,120,6167,,,2,8,2,3521,6,1260.78,112.61,3186.75,0
13522,20260423,162,5288,,,1,2,2,3522,1,954.32,78.04,4329.77,0
13523,20260424,191,5092,,,2,12,2,3523,2,1364.85,82.42,3009.81,0
13524,20260425,110,5619,,,1,2,2,3524,1,2428.26,81.64,1513.62,0
13525,20260426,177,5568,,,2,2,2,3525,6,1872.67,21.59,1086.66,0
13526,20260427,193,6260,,,1,11,2,3526,6,2378.39,240.73,2266.66,0
13527,20260428,189,6366,,,1,3,2,3527,1,539.3,239.18,1472.52,0
13528,20260429,173,5464,,,1,1,2,3528,4,509.08,158.84,2639.38,0
13529,20260430,143,5357,,,1,4,2,3529,1,2392.77,13.06,1099.45,0
13530,20260501,107,5158,,,1,5,2,3530,4,1980.41,116.02,1960.73,0
13531,20260201,167,5178,,,2,11,2,3531,3,1784.9,183.67,2842.77,0
13532,20260202,196,6478,,,1,7,2,3532,2,1636.87,275.42,1012.42,0
13533,20260203,143,5217,,,1,3,2,3533,6,2137.99,104.96,662.57,0
13534,20260204,143,5768,,,2,9,2,3534,4,1711.73,67.19,4204.71,0
13535,20260205,121,6076,,,1,5,2,3535,4,1280.93,199.98,2109.42,0
13536,20260206,115,6254,,,2,4,2,3536,5,1042.5,73.75,3110.23,0
13537,20260207,148,5335,,,1,7,2,3537,4,1712.6,224.21,610.17,0
13538,20260208,167,5185,,,2,9,2,3538,5,2755.08,111.4,1396.24,0
13539,20260209,196,5035,,,1,5,2,3539,6,2307.26,271.99,4744.61,0
13540,20260210,152,5767,,,2,9,2,3540,5,1294.56,220.99,1154.19,0
13541,20260211,150,5852,,,1,4,2,3541,5,2148.81,273.46,2435.12,0
13542,20260212,130,6446,,,1,5,2,3542,3,2740.76,279.12,2065.15,0
13543,20260213,140,6378,,,1,9,2,3543,5,993.69,166.15,4905.97,0
13544,20260214,140,6141,,,1,12,2,3544,2,1267.85,251.35,2379.69,0
13545,20260215,144,5630,,,1,5,2,3545,1,509.23,1.7,2751.67,0
13546,20260216,140,6320,,,1,6,2,3546,5,616.44,102.77,4212.43,0
13547,20260217,182,6034,,,1,1,2,3547,4,2170.12,121.8,2529.74,0
13548,20260218,193,5670,,,1,5,2,3548,3,2165.07,284.09,4057.33,0
13549,20260219,163,6403,,,2,12,2,3549,5,1897.49,234.03,959.2,0
13550,20260220,110,5765,,,1,5,2,3550,2,2386.44,99.84,3143.07,0
13551,20260221,155,5378,,,2,5,2,3551,4,738.11,255.57,1136.42,0
13552,20260222,162,6285,,,2,9,2,3552,3,990.9,104.88,3888.92,0
13553,20260223,195,6237,,,1,3,2,3553,4,2664.82,30.62,782.47,0
13554,20260224,112,5032,,,2,9,2,3554,1,2247.58,279.72,2563.29,0
13555,20260225,128,5366,,,1,11,2,3555,2,1334.71,210.51,4198.69,0
13556,20260226,105,5779,,,1,4,2,3556,4,1091.31,67.09,4215.88,0
13557,20260227,153,6435,,,2,9,2,3557,3,2032.3,120.62,1115.05,1
13558,20260228,106,6028,,,1,1,2,3558,5,2439.22,167.3,2073.16,0
13559,20260301,159,6174,,,2,7,2,3559,5,2427.13,202.38,3580.2,0
13560,20260302,101,5522,,,2,7,2,3560,4,847.33,216.72,4878.06,0
13561,20260303,119,5620,,,2,9,2,3561,5,1818.74,107.52,4038.66,0
13562,20260304,138,6052,,,1,1,2,3562,1,1903.8,272.08,2032.7,0
13563,20260305,172,5031,,,1,11,2,3563,2,1358.83,220.48,1912.65,0
13564,20260306,106,5111,,,2,7,2,3564,1,647.56,58.64,1027.08,0
13565,20260307,139,6018,,,2,6,2,3565,2,2580.9,64.65,2004.71,0
13566,20260308,120,6193,,,2,11,2,3566,6,1400.07,226.16,1175.5,0
13567,20260309,195,6239,,,2,1,2,3567,3,1666.8,68.69,1030.94,0
13568,20260310,124,6032,,,2,11,2,3568,6,2681.39,217.04,1956.25,0
13569,20260311,139,5722,,,2,12,2,3569,5,1317.42,112.07,4473.65,0
13570,20260312,189,5266,,,1,2,2,3570,4,966.94,220.14,3544.77,0
13571,20260313,131,5744,,,2,4,2,3571,6,1008.32,99.18,4735.86,0
13572,20260314,189,6308,,,1,3,2,3572,4,1981.33,35.39,3460.38,0
13573,20260315,110,5024,,,2,5,2,3573,3,457.26,10.94,2038.6,0
13574,20260316,194,6416,,,1,10,2,3574,1,1942.91,151.2,4108.55,0
13575,20260317,171,5670,,,2,1,2,3575,3,2221.38,285.0,1240.27,0
13576,20260318,159,5060,,,2,2,2,3576,5,1012.82,10.87,741.68,0
13577,20260319,148,5480,,,1,1,2,3577,1,2183.75,60.67,650.01,0
13578,20260320,140,6283,,,2,3,2,3578,6,2759.91,270.77,3924.86,0
13579,20260321,200,5608,,,2,2,2,3579,6,1146.42,100.79,4634.63,0
13580,20260322,147,5167,,,2,4,2,3580,5,2508.32,110.04,4300.54,0
13581,20260323,128,5853,,,2,7,2,3581,6,2673.27,116.65,4287.13,0
13582,20260324,153,5051,,,1,6,2,3582,5,1133.92,156.64,3228.96,0
13583,20260325,185,5466,,,1,9,2,3583,3,1331.0,14.26,2400.23,0
13584,20260326,155,5582,,,1,10,2,3584,4,589.9,143.63,2217.98,0
13585,20260327,105,5966,,,2,2,2,3585,6,843.42,278.74,519.92,0
13586,20260328,181,6293,,,1,5,2,3586,5,1500.07,133.77,812.73,0
13587,20260329,197,6356,,,1,11,2,3587,1,2656.16,209.38,2581.28,0
13588,20260330,163,6309,,,1,2,2,3588,1,847.09,31.4,3030.27,0
13589,20260331,188,5181,,,2,9,2,3589,6,2715.33,201.51,3111.11,0
13590,20260401,188,6095,,,1,2,2,3590,4,2755.58,222.67,2654.59,0
13591,20260402,163,6434,,,2,5,2,3591,2,2187.31,1.67,1117.57,0
13592,20260403,120,6227,,,1,3,2,3592,4,2608.13,225.79,3821.64,0
13593,20260404,170,5237,,,1,7,2,3593,4,2706.88,254.11,860.8,0
13594,20260405,164,5512,,,1,12,2,3594,1,866.02,260.6,2418.96,0
13595,20260406,116,5740,,,1,11,2,3595,3,2129.65,41.72,4394.01,0
13596,20260407,125,6336,,,2,3,2,3596,3,1165.68,199.49,3836.28,0
13597,20260408,195,5592,,,2,2,2,3597,5,1151.82,75.55,1106.16,0
13598,20260409,198,6082,,,1,7,2,3598,5,743.34,230.19,725.5,0
13599,20260410,129,5997,,,1,3,2,3599,5,2370.72,215.18,899.31,0
13600,20260411,145,5708,,,2,1,2,3600,3,2124.74,52.04,1280.54,0
13601,20260412,183,5493,,,1,10,2,3601,1,1727.83,196.44,4015.82,0
13602,20260413,196,5728,,,1,12,2,3602,2,613.99,10.14,1746.35,0
13603,20260414,165,6075,,,2,12,2,3603,6,2582.9,290.82,2559.32,0
13604,20260415,152,6260,,,2,8,2,3604,2,1783.32,98.89,1135.51,0
13605,20260416,170,5355,,,1,1,2,3605,1,1655.25,113.03,859.53,0
13606,20260417,156,5378,,,2,9,2,3606,3,2506.69,195.33,2127.71,0
13607,20260418,162,5357,,,2,1,2,3607,5,2098.47,246.63,4008.27,0
13608,20260419,195,5648,,,2,2,2,3608,6,2790.45,290.47,4393.44,0
13609,20260420,186,5144,,,2,8,2,3609,1,1555.33,214.03,2869.16,0
13610,20260421,159,5271,,,1,8,2,3610,1,2477.66,35.77,3988.69,0
13611,20260422,108,5122,,,1,3,2,3611,1,2322.79,258.19,3841.46,0
13612,20260423,169,5684,,,2,5,2,3612,4,547.03,62.31,588.73,0
13613,20260424,122,6277,,,2,9,2,3613,5,2748.36,117.42,1095.35,0
13614,20260425,170,5535,,,2,4,2,3614,3,1343.12,153.03,2918.68,0
13615,20260426,178,5915,,,1,4,2,3615,4,872.09,271.88,4200.74,0
13616,20260427,127,5196,,,2,5,2,3616,3,576.97,7.9,3232.47,0
13617,20260428,152,5769,,,2,6,2,3617,6,775.24,124.82,946.58,0
13618,20260429,106,6322,,,1,11,2,3618,1,2344.29,231.96,608.2,0
13619,20260430,124,6384,,,2,6,2,3619,5,1541.18,270.08,3651.4,0
13620,20260501,104,5468,,,1,11,2,3620,3,1104.03,285.09,3385.66,0
13621,20260201,159,5328,,,2,9,2,3621,4,1461.62,15.62,3729.63,0
13622,20260202,149,5310,,,2,6,2,3622,3,1032.51,162.94,3194.83,0
13623,20260203,121,5515,,,2,7,2,3623,5,1127.25,162.89,2765.7,0
13624,20260204,121,6362,,,2,8,2,3624,2,2147.97,69.72,1184.07,0
13625,20260205,118,6160,,,2,10,2,3625,3,1840.34,84.15,1858.92,0
13626,20260206,153,6401,,,1,4,2,3626,4,1520.31,162.23,1365.2,0
13627,20260207,127,5408,,,2,4,2,3627,4,404.09,90.9,1452.64,0
13628,20260208,171,5073,,,1,1,2,3628,3,2548.9,64.66,3131.3,0
13629,20260209,118,5150,,,1,6,2,3629,5,2123.8,180.11,4131.11,0
13630,20260210,171,6191,,,1,10,2,3630,4,1482.43,188.29,2250.1,0
13631,20260211,156,5393,,,2,11,2,3631,6,752.34,204.71,852.47,0
13632,20260212,185,5796,,,2,1,2,3632,6,2134.01,128.69,1281.28,0
13633,20260213,175,5351,,,2,4,2,3633,2,714.54,116.22,3516.59,0
13634,20260214,170,5524,,,1,1,2,3634,6,1450.11,187.07,4167.58,0
13635,20260215,174,5043,,,1,10,2,3635,1,2634.2,170.26,1800.96,0
13636,20260216,127,5519,,,2,7,2,3636,4,1302.9,54.02,3546.7,0
13637,20260217,165,5958,,,1,11,2,3637,5,1027.47,77.12,2650.2,0
13638,20260218,138,5525,,,1,9,2,3638,1,2405.16,149.82,2425.26,0
13639,20260219,122,5274,,,1,2,2,3639,3,1176.3,143.38,3646.57,0
13640,20260220,121,6172,,,2,3,2,3640,1,789.56,6.21,3804.81,0
13641,20260221,101,5447,,,2,1,2,3641,1,2387.42,192.85,2290.76,0
13642,20260222,194,6437,,,2,4,2,3642,2,740.63,76.1,3756.88,0
13643,20260223,121,6331,,,1,2,2,3643,4,2419.7,283.41,1252.12,0
13644,20260224,114,6334,,,1,5,2,3644,1,400.2,44.45,4231.77,0
13645,20260225,194,5166,,,1,11,2,3645,3,1402.69,163.38,779.93,0
13646,20260226,160,6479,,,1,11,2,3646,6,1907.05,256.56,3760.29,0
13647,20260227,144,5427,,,1,11,2,3647,5,2737.95,73.7,1286.87,0
13648,20260228,180,6201,,,2,12,2,3648,6,1432.17,281.3,3327.15,0
13649,20260301,200,5897,,,1,4,2,3649,6,2373.72,234.12,2461.7,0
13650,20260302,174,5318,,,1,12,2,3650,5,1703.68,262.62,1254.23,0
13651,20260303,115,6397,,,1,12,2,3651,4,1115.81,15.6,597.34,0
13652,20260304,122,5110,,,2,3,2,3652,3,2686.19,162.68,4112.99,0
13653,20260305,159,5289,,,1,6,2,3653,4,2537.05,87.81,4571.78,0
13654,20260306,171,5265,,,2,7,2,3654,6,2225.54,127.67,3827.09,0
13655,20260307,197,5629,,,1,4,2,3655,6,2098.23,249.99,2976.76,0
13656,20260308,108,6279,,,1,11,2,3656,4,1443.36,221.75,4235.91,0
13657,20260309,144,6032,,,2,8,2,3657,5,1409.58,141.72,3942.19,0
13658,20260310,138,5662,,,2,2,2,3658,1,2262.86,237.6,3877.76,0
13659,20260311,107,6402,,,2,8,2,3659,1,777.0,159.07,3415.85,0
13660,20260312,174,6483,,,1,9,2,3660,3,416.61,61.67,1636.78,0
13661,20260313,157,6172,,,1,8,2,3661,1,2448.96,34.38,673.89,0
13662,20260314,193,5319,,,1,6,2,3662,4,995.34,200.45,3028.69,0
13663,20260315,144,5107,,,1,9,2,3663,6,835.32,82.51,4252.8,0
13664,20260316,111,5280,,,1,10,2,3664,4,2308.52,87.91,1897.94,0
13665,20260317,189,5307,,,1,12,2,3665,3,1515.91,42.06,2698.13,0
13666,20260318,142,5847,,,1,1,2,3666,1,2475.36,74.66,2804.62,0
13667,20260319,197,5738,,,1,9,2,3667,2,2243.52,229.82,3177.57,0
13668,20260320,199,5880,,,2,11,2,3668,3,1918.75,129.04,4035.82,0
13669,20260321,134,5460,,,2,12,2,3669,4,1051.87,75.23,4233.55,1
13670,20260322,112,6498,,,2,7,2,3670,4,997.04,163.24,1816.55,0
13671,20260323,159,5970,,,1,4,2,3671,2,1259.55,275.13,605.37,0
13672,20260324,159,5377,,,2,9,2,3672,5,1122.37,81.82,3269.39,0
13673,20260325,134,5804,,,1,7,2,3673,6,1001.23,38.29,3321.4,1
13674,20260326,117,6131,,,2,4,2,3674,5,2093.9,17.38,4832.32,0
13675,20260327,120,6448,,,1,5,2,3675,2,1100.0,101.51,940.61,0
13676,20260328,142,5373,,,1,9,2,3676,5,1100.62,228.8,2512.65,0
13677,20260329,132,6262,,,2,8,2,3677,2,1015.01,77.98,2294.62,0
13678,20260330,105,5591,,,1,5,2,3678,3,2580.6,186.6,3182.3,0
13679,20260331,154,5640,,,2,1,2,3679,5,1716.51,252.65,2642.53,0
13680,20260401,105,5483,,,2,5,2,3680,5,421.11,211.05,4164.45,0
13681,20260402,105,6361,,,2,12,2,3681,2,2781.13,261.38,2228.93,0
13682,20260403,116,5150,,,2,6,2,3682,1,2288.23,208.59,1507.72,0
13683,20260404,102,5976,,,1,5,2,3683,2,711.65,233.89,1559.55,0
13684,20260405,133,5288,,,1,8,2,3684,2,1433.93,72.31,4886.56,0
13685,20260406,155,5863,,,2,11,2,3685,5,1046.9,150.18,2362.98,0
13686,20260407,101,5089,,,1,6,2,3686,5,600.73,153.06,2794.19,0
13687,20260408,104,5646,,,2,10,2,3687,4,1756.01,42.64,3728.06,0
13688,20260409,112,5903,,,1,11,2,3688,6,1174.97,29.01,2625.47,0
13689,20260410,139,5479,,,2,6,2,3689,3,2499.84,117.98,3784.07,0
13690,20260411,104,6328,,,1,11,2,3690,1,1447.46,236.88,2912.7,0
13691,20260412,185,5405,,,2,6,2,3691,6,2620.84,205.51,4415.43,0
13692,20260413,131,5235,,,1,6,2,3692,1,2131.52,31.1,4482.53,0
13693,20260414,170,5019,,,2,10,2,3693,1,526.58,238.97,520.81,0
13694,20260415,132,5972,,,2,5,2,3694,3,860.19,131.68,2039.51,0
13695,20260416,121,5871,,,1,2,2,3695,6,1979.89,244.25,3550.83,0
13696,20260417,101,5475,,,1,1,2,3696,6,768.5,29.29,2686.42,0
13697,20260418,163,5645,,,1,12,2,3697,2,1972.46,74.85,678.82,0
13698,20260419,115,6070,,,1,6,2,3698,2,2654.29,113.11,1791.14,0
13699,20260420,135,5229,,,2,8,2,3699,4,2698.27,66.99,4830.04,0
13700,20260421,104,5603,,,1,2,2,3700,3,2068.96,17.56,4444.59,0
13701,20260422,139,5295,,,1,6,2,3701,4,1679.87,163.44,3956.74,0
13702,20260423,106,5343,,,1,3,2,3702,6,2290.24,212.41,2367.17,0
13703,20260424,117,5013,,,1,7,2,3703,5,1322.29,195.19,4189.45,0
13704,20260425,143,5453,,,2,5,2,3704,4,1266.99,32.52,1991.88,0
13705,20260426,191,5172,,,2,3,2,3705,2,1317.94,214.2,3966.46,0
13706,20260427,111,5563,,,2,6,2,3706,6,948.01,172.18,3556.95,0
13707,20260428,188,5480,,,1,9,2,3707,6,850.6,286.5,4664.1,0
13708,20260429,135,5078,,,2,12,2,3708,5,572.72,127.41,1435.52,0
13709,20260430,166,6052,,,1,1,2,3709,1,851.7,255.65,4540.31,0
13710,20260501,184,5931,,,2,10,2,3710,4,1264.2,132.62,1498.39,0
13711,20260201,196,5583,,,2,8,2,3711,6,1718.03,6.86,4889.13,0
13712,20260202,162,5787,,,2,5,2,3712,3,1136.0,107.57,1158.16,0
13713,20260203,114,5141,,,1,1,2,3713,2,2721.22,180.65,3352.65,0
13714,20260204,193,5618,,,1,10,2,3714,1,679.77,153.7,3057.86,0
13715,20260205,105,6122,,,2,5,2,3715,1,2736.25,128.61,4967.04,0
13716,20260206,186,5406,,,2,6,2,3716,4,2494.73,9.61,829.98,0
13717,20260207,159,5196,,,1,8,2,3717,4,412.54,288.53,951.86,0
13718,20260208,194,6442,,,2,1,2,3718,3,1325.82,193.3,4211.34,0
13719,20260209,185,5413,,,1,4,2,3719,6,1613.87,88.85,3156.61,0
13720,20260210,148,6358,,,2,4,2,3720,4,2359.61,242.46,844.06,0
13721,20260211,194,6332,,,1,12,2,3721,1,2333.12,222.67,3327.04,0
13722,20260212,146,5209,,,2,6,2,3722,4,2775.92,237.66,4623.85,0
13723,20260213,199,5746,,,1,1,2,3723,3,2038.55,125.77,1122.3,0
13724,20260214,125,5067,,,2,5,2,3724,2,739.94,148.9,2173.46,1
13725,20260215,139,6037,,,2,4,2,3725,4,1175.75,190.41,3306.01,0
13726,20260216,188,6055,,,2,3,2,3726,6,918.86,99.52,3740.65,0
13727,20260217,190,5951,,,2,10,2,3727,3,633.9,142.48,3226.76,0
13728,20260218,155,6390,,,1,4,2,3728,5,504.76,9.59,2469.19,0
13729,20260219,190,5942,,,2,9,2,3729,1,811.73,35.37,3366.43,0
13730,20260220,172,5453,,,2,6,2,3730,1,437.15,215.96,1134.76,0
13731,20260221,163,5716,,,1,3,2,3731,2,2456.0,219.83,646.2,0
13732,20260222,183,5547,,,2,4,2,3732,1,1061.07,94.62,4599.83,0
13733,20260223,129,5821,,,2,2,2,3733,6,587.41,147.42,2466.8,0
13734,20260224,124,5216,,,2,1,2,3734,4,522.29,270.26,559.73,0
13735,20260225,172,6267,,,2,5,2,3735,2,1829.47,214.35,1849.31,0
13736,20260226,165,5736,,,2,9,2,3736,6,2764.94,142.09,4858.21,0
13737,20260227,151,5635,,,2,2,2,3737,1,1325.04,37.84,1334.28,0
13738,20260228,181,5160,,,2,9,2,3738,3,1150.25,86.59,3222.19,0
13739,20260301,196,6223,,,1,5,2,3739,2,2642.85,36.46,4984.75,0
13740,20260302,161,6352,,,1,3,2,3740,3,1137.52,295.28,1213.44,0
13741,20260303,195,5694,,,1,10,2,3741,3,1889.22,122.03,2403.28,0
13742,20260304,179,6346,,,1,9,2,3742,3,1426.19,19.75,2766.87,0
13743,20260305,135,6424,,,2,12,2,3743,1,434.69,279.14,657.91,0
13744,20260306,118,5830,,,1,1,2,3744,4,1837.62,295.63,2180.98,0
13745,20260307,124,6380,,,2,7,2,3745,5,1087.18,256.95,1440.12,1
13746,20260308,158,5063,,,2,11,2,3746,5,2649.57,145.74,989.5,0
13747,20260309,123,5504,,,2,11,2,3747,1,2194.39,53.03,4620.66,0
13748,20260310,115,6259,,,1,2,2,3748,2,2319.68,167.13,1882.77,0
13749,20260311,152,5927,,,2,4,2,3749,6,2682.58,34.74,784.6,0
13750,20260312,166,5290,,,1,2,2,3750,6,1382.5,71.88,4594.78,0
13751,20260313,186,6308,,,2,8,2,3751,5,422.0,9.82,4372.72,0
13752,20260314,129,5687,,,2,4,2,3752,6,1916.3,144.6,3728.85,0
13753,20260315,105,5724,,,1,10,2,3753,4,1732.9,135.1,4557.47,0
13754,20260316,164,5091,,,1,8,2,3754,6,1779.57,58.19,3716.45,0
13755,20260317,196,5514,,,2,12,2,3755,6,773.95,137.14,2658.19,0
13756,20260318,196,5660,,,2,4,2,3756,6,1460.41,212.61,2848.77,0
13757,20260319,179,5810,,,2,7,2,3757,2,1277.05,276.05,1821.05,0
13758,20260320,189,6500,,,2,10,2,3758,6,2720.28,182.77,1522.76,0
13759,20260321,128,6333,,,1,12,2,3759,5,405.28,84.61,1514.66,0
13760,20260322,174,5822,,,2,6,2,3760,3,439.7,188.65,4564.0,0
13761,20260323,160,5051,,,1,12,2,3761,6,2580.13,237.97,2378.11,0
13762,20260324,151,5776,,,2,9,2,3762,6,1227.95,254.23,2419.78,0
13763,20260325,125,5476,,,1,2,2,3763,5,2663.47,136.76,4127.37,0
13764,20260326,173,6204,,,2,12,2,3764,3,1982.6,241.52,3816.02,0
13765,20260327,161,6408,,,2,3,2,3765,6,2020.72,110.31,3170.58,0
13766,20260328,106,5184,,,1,7,2,3766,2,1543.79,47.41,2473.05,0
13767,20260329,111,6010,,,2,8,2,3767,3,757.11,100.79,3354.49,0
13768,20260330,119,5558,,,1,1,2,3768,2,914.99,68.33,1931.34,0
13769,20260331,150,6083,,,1,9,2,3769,6,1153.03,71.19,4116.15,0
13770,20260401,193,5260,,,2,12,2,3770,6,1078.66,110.55,1017.12,0
13771,20260402,160,6377,,,2,9,2,3771,6,1346.0,221.24,3276.3,0
13772,20260403,155,6355,,,1,4,2,3772,6,1435.73,78.1,773.99,0
13773,20260404,152,6355,,,1,1,2,3773,2,2255.55,244.66,1656.35,0
13774,20260405,194,6295,,,2,2,2,3774,3,1160.51,167.3,2938.13,0
13775,20260406,190,5622,,,2,5,2,3775,3,657.14,118.68,3925.42,0
13776,20260407,197,6106,,,2,9,2,3776,3,1588.93,163.84,2643.88,0
13777,20260408,105,6010,,,2,8,2,3777,5,2622.96,42.73,4129.68,0
13778,20260409,126,5015,,,2,5,2,3778,5,439.81,171.37,2621.99,0
13779,20260410,102,6118,,,2,1,2,3779,5,831.47,207.96,2250.81,0
13780,20260411,130,5896,,,2,11,2,3780,6,909.93,271.07,4876.86,0
13781,20260412,126,5601,,,2,9,2,3781,5,2168.25,273.45,1445.31,0
13782,20260413,173,5455,,,2,5,2,3782,6,1262.85,58.49,4236.64,0
13783,20260414,141,5559,,,2,6,2,3783,6,1792.64,270.96,4985.95,0
13784,20260415,159,6426,,,2,9,2,3784,5,1079.18,198.36,3233.28,0
13785,20260416,125,6058,,,1,11,2,3785,4,2695.09,148.57,2244.05,0
13786,20260417,176,5299,,,2,5,2,3786,2,1765.32,107.14,3947.38,0
13787,20260418,159,5452,,,2,2,2,3787,1,1835.29,119.75,1737.01,0
13788,20260419,118,5621,,,2,4,2,3788,6,529.48,32.99,4593.04,0
13789,20260420,136,6168,,,2,8,2,3789,2,2183.09,122.88,4848.7,0
13790,20260421,112,5966,,,1,4,2,3790,5,2308.5,203.26,3907.34,1
13791,20260422,163,6073,,,2,6,2,3791,3,1309.04,56.45,4434.95,0
13792,20260423,192,5006,,,2,2,2,3792,4,1060.46,19.99,4623.71,0
13793,20260424,114,6314,,,2,9,2,3793,3,2225.48,77.02,4637.16,0
13794,20260425,175,5502,,,1,9,2,3794,5,2632.62,122.67,2935.99,0
13795,20260426,108,6491,,,1,2,2,3795,5,2610.55,276.1,1729.78,0
13796,20260427,189,5689,,,2,7,2,3796,6,1485.85,137.01,3893.32,0
13797,20260428,176,5827,,,1,8,2,3797,1,1221.31,235.32,789.38,0
13798,20260429,172,6090,,,1,3,2,3798,2,2736.45,101.49,2512.42,0
13799,20260430,154,5888,,,2,11,2,3799,3,1219.29,107.2,2629.32,0
13800,20260501,116,5074,,,1,8,2,3800,2,2794.4,295.4,2772.65,0
13801,20260201,108,5598,,,1,12,2,3801,3,682.88,115.52,3398.83,0
13802,20260202,189,6341,,,2,11,2,3802,2,1069.3,134.88,3500.76,0
13803,20260203,157,5561,,,2,4,2,3803,5,1989.53,263.9,2983.37,0
13804,20260204,194,5217,,,1,11,2,3804,1,761.72,244.39,1945.38,0
13805,20260205,158,5545,,,2,6,2,3805,1,907.68,285.13,1214.11,0
13806,20260206,139,6095,,,1,9,2,3806,2,446.56,266.43,3045.45,0
13807,20260207,159,5512,,,2,5,2,3807,1,481.29,281.73,4583.39,0
13808,20260208,133,5386,,,2,3,2,3808,4,2059.83,184.17,1155.25,1
13809,20260209,195,6161,,,2,6,2,3809,1,949.57,82.8,3799.36,0
13810,20260210,163,5728,,,1,7,2,3810,2,2449.65,175.39,4895.15,0
13811,20260211,199,6109,,,1,9,2,3811,4,1615.3,59.11,1108.92,0
13812,20260212,143,6247,,,2,3,2,3812,2,658.07,281.04,4115.49,0
13813,20260213,196,6097,,,1,11,2,3813,5,939.69,158.57,3819.48,0
13814,20260214,123,5586,,,1,10,2,3814,4,763.13,26.2,4136.2,0
13815,20260215,103,5784,,,1,2,2,3815,3,834.21,13.46,4971.83,0
13816,20260216,115,5078,,,2,10,2,3816,2,1648.3,159.65,2543.4,0
13817,20260217,101,5072,,,2,9,2,3817,2,2453.42,187.39,768.07,0
13818,20260218,149,6273,,,2,4,2,3818,5,1757.85,128.71,4848.74,0
13819,20260219,102,6251,,,1,9,2,3819,3,2621.89,110.07,1145.72,0
13820,20260220,109,5173,,,1,5,2,3820,4,672.99,296.96,3727.78,0
13821,20260221,134,5382,,,1,11,2,3821,5,1659.42,86.83,1861.83,0
13822,20260222,135,6444,,,1,4,2,3822,1,1271.99,13.34,973.41,0
13823,20260223,192,6392,,,1,2,2,3823,5,817.17,95.98,4616.52,0
13824,20260224,112,5171,,,1,4,2,3824,3,1863.45,154.23,2162.59,0
13825,20260225,115,6199,,,1,12,2,3825,2,578.58,152.36,803.57,0
13826,20260226,149,5034,,,2,10,2,3826,5,1822.36,292.59,3677.92,0
13827,20260227,151,6040,,,1,4,2,3827,6,783.48,105.22,2255.95,0
13828,20260228,167,6076,,,1,12,2,3828,1,2354.35,276.99,2149.35,0
13829,20260301,139,6289,,,1,4,2,3829,4,1509.9,49.46,3183.15,0
13830,20260302,135,5188,,,1,6,2,3830,4,1297.28,15.53,1483.65,0
13831,20260303,185,6341,,,1,8,2,3831,2,660.74,228.76,2974.65,0
13832,20260304,153,6439,,,1,10,2,3832,1,1084.21,37.8,3447.69,0
13833,20260305,148,5802,,,2,8,2,3833,5,621.03,251.09,2658.33,0
13834,20260306,137,5560,,,2,4,2,3834,2,1394.79,67.15,3317.06,0
13835,20260307,117,5019,,,2,5,2,3835,5,1025.19,173.34,1770.91,0
13836,20260308,183,5277,,,1,7,2,3836,6,2132.87,290.54,3434.23,0
13837,20260309,112,5129,,,1,8,2,3837,4,1852.38,53.3,3172.28,0
13838,20260310,104,5388,,,2,10,2,3838,6,480.62,96.94,970.31,0
13839,20260311,170,6346,,,1,9,2,3839,2,2611.99,116.66,4928.92,0
13840,20260312,170,5046,,,2,9,2,3840,3,2720.74,105.22,3605.21,0
13841,20260313,178,6002,,,1,8,2,3841,4,2532.08,187.53,3190.92,0
13842,20260314,144,5177,,,2,7,2,3842,4,988.96,246.1,3109.55,0
13843,20260315,190,5915,,,2,3,2,3843,4,1801.16,103.91,3994.0,0
13844,20260316,120,6148,,,2,6,2,3844,4,766.71,225.77,1535.1,0
13845,20260317,174,5774,,,1,9,2,3845,2,1277.3,173.25,4686.29,0
13846,20260318,150,6266,,,1,12,2,3846,6,857.61,127.83,1965.28,0
13847,20260319,150,5219,,,2,3,2,3847,1,2328.28,69.92,1575.1,0
13848,20260320,108,6133,,,2,9,2,3848,2,1796.2,203.05,1459.72,0
13849,20260321,177,6477,,,1,6,2,3849,1,2014.13,200.85,4197.18,0
13850,20260322,144,5733,,,1,11,2,3850,1,895.5,202.67,1374.32,1
13851,20260323,182,5304,,,2,4,2,3851,6,1850.03,266.33,3155.77,0
13852,20260324,170,5712,,,2,12,2,3852,4,578.86,206.71,2276.72,0
13853,20260325,134,5452,,,1,12,2,3853,1,2079.79,111.46,1613.71,0
13854,20260326,187,5449,,,2,4,2,3854,1,1139.65,272.3,3226.68,0
13855,20260327,194,5734,,,2,2,2,3855,5,1275.91,242.31,2789.57,0
13856,20260328,126,5532,,,2,3,2,3856,4,741.5,244.64,4313.99,0
13857,20260329,114,5085,,,2,12,2,3857,2,615.38,254.68,1746.26,0
13858,20260330,148,5615,,,2,7,2,3858,2,1353.72,80.74,1891.85,0
13859,20260331,188,5942,,,2,9,2,3859,6,1454.49,86.34,4175.32,0
13860,20260401,149,6012,,,1,12,2,3860,4,1823.89,129.81,4209.82,0
13861,20260402,106,5124,,,2,4,2,3861,2,2308.86,200.86,4686.02,0
13862,20260403,133,6163,,,2,4,2,3862,4,1729.06,92.61,1394.75,0
13863,20260404,196,6152,,,1,4,2,3863,1,2098.69,189.19,4805.26,0
13864,20260405,159,6111,,,2,5,2,3864,3,1426.44,233.87,4245.14,0
13865,20260406,176,5163,,,1,8,2,3865,2,1599.71,218.58,2275.89,0
13866,20260407,195,5875,,,1,5,2,3866,6,1984.2,82.76,2285.35,0
13867,20260408,154,5022,,,2,6,2,3867,3,665.73,293.32,1030.93,0
13868,20260409,147,5585,,,2,2,2,3868,1,919.48,235.75,3575.18,0
13869,20260410,153,6249,,,2,8,2,3869,6,1347.85,40.31,4902.6,0
13870,20260411,174,6484,,,2,11,2,3870,6,2036.81,268.28,1275.34,0
13871,20260412,196,6300,,,1,9,2,3871,4,595.74,148.65,795.57,0
13872,20260413,139,5501,,,2,4,2,3872,5,1229.66,244.11,1703.05,0
13873,20260414,125,5196,,,2,4,2,3873,4,501.72,144.48,4226.98,0
13874,20260415,177,5650,,,1,12,2,3874,3,1947.18,277.84,910.94,0
13875,20260416,142,5715,,,1,5,2,3875,1,1430.18,177.83,4168.78,0
13876,20260417,182,5183,,,1,8,2,3876,4,1952.13,95.59,1737.46,0
13877,20260418,141,5057,,,2,3,2,3877,2,1730.86,272.98,3426.26,0
13878,20260419,146,5898,,,2,5,2,3878,3,949.55,272.05,4446.6,0
13879,20260420,107,5125,,,2,2,2,3879,2,1138.18,257.25,3878.84,1
13880,20260421,128,6088,,,2,3,2,3880,6,2378.26,76.69,4593.33,0
13881,20260422,117,5616,,,1,8,2,3881,1,2459.67,21.54,4970.81,0
13882,20260423,127,5707,,,2,9,2,3882,6,1400.56,254.51,2780.61,0
13883,20260424,112,5526,,,1,10,2,3883,4,1126.19,186.18,4364.98,0
13884,20260425,196,5093,,,2,5,2,3884,2,2086.95,252.72,3198.26,0
13885,20260426,200,5130,,,1,11,2,3885,6,880.72,109.68,4096.74,0
13886,20260427,155,5260,,,2,6,2,3886,2,1808.32,126.2,2305.31,0
13887,20260428,111,5769,,,2,10,2,3887,4,1628.25,101.16,2446.93,0
13888,20260429,183,5413,,,1,7,2,3888,4,1407.11,39.63,660.44,0
13889,20260430,123,5815,,,1,7,2,3889,4,770.74,165.82,1575.56,0
13890,20260501,169,5159,,,2,6,2,3890,1,2306.22,267.62,1576.32,0
13891,20260201,136,5269,,,2,4,2,3891,1,479.73,52.26,4530.13,0
13892,20260202,177,5680,,,1,11,2,3892,2,424.46,141.04,521.27,0
13893,20260203,138,5009,,,2,4,2,3893,6,612.27,29.62,4276.67,0
13894,20260204,150,5438,,,1,12,2,3894,3,2557.08,32.21,2922.65,0
13895,20260205,179,5276,,,2,7,2,3895,1,2578.11,204.97,608.24,0
13896,20260206,194,5115,,,1,3,2,3896,2,1598.02,190.62,2038.23,0
13897,20260207,169,6363,,,1,3,2,3897,6,1658.79,14.78,920.19,0
13898,20260208,171,6246,,,1,3,2,3898,3,1321.18,67.34,2958.34,0
13899,20260209,190,6046,,,2,9,2,3899,4,2016.57,246.56,2470.29,0
13900,20260210,167,5325,,,1,8,2,3900,5,527.99,201.2,1051.99,0
13901,20260211,150,5225,,,1,7,2,3901,2,1914.38,228.41,910.59,0
13902,20260212,143,6291,,,2,8,2,3902,3,2198.2,12.0,1984.7,0
13903,20260213,143,6047,,,1,12,2,3903,1,2658.36,82.52,1483.58,0
13904,20260214,142,5227,,,1,10,2,3904,1,2517.01,116.8,3802.33,0
13905,20260215,161,5212,,,2,1,2,3905,2,2391.8,90.06,4269.52,0
13906,20260216,123,5580,,,2,1,2,3906,2,1365.38,222.42,2388.53,0
13907,20260217,167,5244,,,1,4,2,3907,1,2258.88,77.44,3095.4,0
13908,20260218,173,5775,,,2,6,2,3908,4,1523.46,253.31,705.09,0
13909,20260219,117,5333,,,2,12,2,3909,5,900.14,193.5,2870.19,0
13910,20260220,130,5199,,,2,4,2,3910,5,780.28,146.89,2969.53,0
13911,20260221,102,5673,,,2,9,2,3911,4,2706.58,167.59,921.19,0
13912,20260222,125,6070,,,1,3,2,3912,4,881.75,178.29,1985.16,0
13913,20260223,189,5999,,,1,4,2,3913,2,850.2,22.69,2101.06,0
13914,20260224,126,5531,,,2,8,2,3914,3,1742.27,208.53,2491.76,1
13915,20260225,179,5791,,,1,11,2,3915,3,479.22,264.2,4062.64,0
13916,20260226,195,5307,,,1,9,2,3916,3,1456.4,292.15,1181.67,0
13917,20260227,166,6459,,,1,12,2,3917,6,1104.2,86.87,2971.93,0
13918,20260228,132,5995,,,2,12,2,3918,1,2262.5,251.26,1915.73,0
13919,20260301,155,5968,,,2,11,2,3919,4,1042.32,34.23,2738.95,0
13920,20260302,169,6092,,,2,9,2,3920,4,2303.0,198.86,4883.98,0
13921,20260303,134,5997,,,2,8,2,3921,1,2295.87,39.17,3585.08,1
13922,20260304,125,5547,,,2,6,2,3922,2,603.73,176.2,1445.0,0
13923,20260305,162,6357,,,1,4,2,3923,1,1893.11,122.98,1162.38,0
13924,20260306,102,5920,,,2,9,2,3924,3,1085.3,78.48,783.88,0
13925,20260307,189,5401,,,2,6,2,3925,2,1013.85,295.5,1209.75,0
13926,20260308,174,6242,,,2,4,2,3926,1,2772.59,97.51,3398.78,0
13927,20260309,104,5395,,,2,10,2,3927,4,1385.07,180.21,3398.25,0
13928,20260310,153,5819,,,1,11,2,3928,3,2348.0,13.78,4542.4,0
13929,20260311,200,5526,,,2,6,2,3929,4,2776.05,152.45,2648.46,0
13930,20260312,167,5008,,,2,5,2,3930,5,1160.81,227.17,1176.65,0
13931,20260313,146,5636,,,2,10,2,3931,4,2293.85,215.97,2256.54,0
13932,20260314,193,5627,,,2,11,2,3932,6,854.22,172.81,3780.01,0
13933,20260315,115,6105,,,1,11,2,3933,5,418.7,176.2,2159.98,0
13934,20260316,123,6209,,,1,8,2,3934,2,574.93,261.37,3956.56,0
13935,20260317,152,5670,,,1,4,2,3935,3,421.77,86.4,3056.6,0
13936,20260318,150,6328,,,1,10,2,3936,3,701.33,213.86,2442.7,0
13937,20260319,144,5718,,,1,8,2,3937,2,1556.79,76.8,2410.35,0
13938,20260320,184,5051,,,1,9,2,3938,2,2466.01,9.29,2011.36,0
13939,20260321,194,5890,,,2,4,2,3939,2,611.46,215.59,861.66,0
13940,20260322,176,5336,,,2,4,2,3940,6,733.79,168.03,1094.44,0
13941,20260323,132,5184,,,2,4,2,3941,5,1306.47,30.89,2902.32,0
13942,20260324,179,6170,,,1,5,2,3942,3,564.43,28.01,542.95,0
13943,20260325,190,5551,,,1,7,2,3943,4,2744.92,7.88,3658.41,0
13944,20260326,141,5756,,,2,12,2,3944,1,1521.57,182.9,615.85,0
13945,20260327,148,6237,,,2,4,2,3945,6,1579.23,270.39,1207.63,0
13946,20260328,110,5097,,,1,4,2,3946,6,2534.03,182.3,3897.69,0
13947,20260329,132,5842,,,1,1,2,3947,3,2346.82,68.04,3817.4,1
13948,20260330,110,5788,,,2,8,2,3948,3,2010.2,246.74,4748.24,0
13949,20260331,130,6308,,,1,12,2,3949,2,933.97,215.13,2711.24,0
13950,20260401,113,6127,,,2,7,2,3950,4,787.21,217.42,2716.56,0
13951,20260402,147,5140,,,1,4,2,3951,3,2324.65,116.88,1415.16,0
13952,20260403,127,6096,,,2,1,2,3952,5,2413.31,234.53,3959.6,0
13953,20260404,177,5848,,,2,3,2,3953,5,435.64,195.81,4041.88,0
13954,20260405,115,5788,,,2,3,2,3954,3,2663.39,212.92,1596.22,0
13955,20260406,131,6140,,,1,7,2,3955,5,519.53,288.65,2001.52,0
13956,20260407,141,6459,,,2,12,2,3956,5,530.66,24.67,2647.94,0
13957,20260408,172,5722,,,1,1,2,3957,2,1605.97,83.76,2640.96,0
13958,20260409,143,6024,,,1,1,2,3958,2,1579.69,221.06,3314.57,0
13959,20260410,156,6109,,,1,4,2,3959,6,1755.09,137.41,2751.9,0
13960,20260411,148,6487,,,2,8,2,3960,2,976.83,107.5,3634.56,0
13961,20260412,143,5790,,,2,5,2,3961,4,1440.44,157.49,2359.7,0
13962,20260413,112,5980,,,1,7,2,3962,2,2723.46,221.54,1571.35,0
13963,20260414,104,5597,,,2,2,2,3963,6,683.27,7.06,1132.2,0
13964,20260415,184,5913,,,2,9,2,3964,3,1875.39,261.0,4563.25,0
13965,20260416,177,5747,,,2,11,2,3965,6,2187.31,7.29,934.7,0
13966,20260417,181,5437,,,1,4,2,3966,2,1166.96,48.87,1911.49,0
13967,20260418,111,6357,,,2,11,2,3967,3,2277.75,298.51,529.64,0
13968,20260419,126,6208,,,2,11,2,3968,5,775.01,84.41,2003.47,0
13969,20260420,139,5030,,,1,2,2,3969,3,2594.78,162.84,3827.17,0
13970,20260421,143,6493,,,2,2,2,3970,3,1456.31,190.61,4107.35,0
13971,20260422,111,5247,,,1,2,2,3971,5,1791.79,74.91,2920.39,0
13972,20260423,196,5268,,,2,8,2,3972,2,748.8,218.73,1587.61,0
13973,20260424,116,5501,,,2,8,2,3973,2,2277.05,55.17,4097.9,0
13974,20260425,154,6201,,,2,10,2,3974,3,1575.56,221.84,1441.04,0
13975,20260426,140,6028,,,1,11,2,3975,1,1073.12,194.99,3423.67,0
13976,20260427,137,5828,,,2,1,2,3976,1,412.49,275.15,3847.35,0
13977,20260428,149,5079,,,1,6,2,3977,1,1709.99,53.19,2920.78,0
13978,20260429,147,5128,,,2,4,2,3978,5,673.68,168.09,3361.87,0
13979,20260430,155,6019,,,1,8,2,3979,6,1922.03,18.44,4033.55,0
13980,20260501,122,5290,,,1,10,2,3980,6,1331.81,58.89,1535.62,0
13981,20260201,157,5358,,,2,3,2,3981,3,2622.05,194.79,2364.9,0
13982,20260202,168,5610,,,1,8,2,3982,5,1499.25,92.8,2620.67,0
13983,20260203,145,5731,,,2,7,2,3983,6,2772.31,273.24,1853.24,0
13984,20260204,111,5918,,,1,5,2,3984,5,2330.04,90.15,4272.04,0
13985,20260205,186,5751,,,1,2,2,3985,6,2408.07,108.94,2658.46,0
13986,20260206,115,5852,,,1,8,2,3986,3,2555.81,276.56,527.48,0
13987,20260207,121,6401,,,2,9,2,3987,3,2505.5,44.41,4760.93,0
13988,20260208,138,6201,,,2,7,2,3988,4,1947.13,268.66,2387.47,0
13989,20260209,187,5309,,,2,2,2,3989,5,1771.98,3.19,3657.9,0
13990,20260210,130,5668,,,2,2,2,3990,6,1444.84,292.54,1120.05,0
13991,20260211,125,5229,,,1,5,2,3991,5,1710.28,234.86,1668.43,0
13992,20260212,105,5138,,,2,6,2,3992,2,1776.35,175.59,1854.77,0
13993,20260213,148,6379,,,1,11,2,3993,4,2064.72,162.44,2881.68,0
13994,20260214,157,5796,,,1,1,2,3994,5,2548.02,192.76,3527.34,0
13995,20260215,106,6316,,,2,10,2,3995,5,401.16,76.27,1351.15,0
13996,20260216,136,5691,,,2,10,2,3996,3,1279.72,262.23,2182.5,0
13997,20260217,112,5946,,,1,3,2,3997,3,1506.77,289.81,1623.09,0
13998,20260218,172,6294,,,2,10,2,3998,4,647.53,48.96,1480.67,0
13999,20260219,158,5871,,,1,7,2,3999,4,2688.31,10.17,3547.49,0
14000,20260220,178,5872,,,1,5,2,4000,4,854.97,196.35,1760.18,0
14001,20260221,176,5725,,,1,7,2,4001,4,2200.45,161.36,593.88,0
14002,20260222,155,5831,,,2,10,2,4002,5,1726.34,249.57,2965.78,0
14003,20260223,170,6114,,,2,6,2,4003,1,1262.27,64.41,4771.47,0
14004,20260224,135,5020,,,1,11,2,4004,4,1355.97,193.49,3023.56,0
14005,20260225,128,5584,,,1,4,2,4005,6,1382.8,197.49,4254.45,0
14006,20260226,186,6371,,,1,3,2,4006,1,1753.23,280.4,2361.76,0
14007,20260227,186,5561,,,1,9,2,4007,6,822.86,197.81,1000.14,0
14008,20260228,112,5720,,,2,9,2,4008,1,1868.73,32.05,1316.64,0
14009,20260301,139,5467,,,2,5,2,4009,5,1299.46,226.76,4029.75,0
14010,20260302,155,6125,,,2,4,2,4010,2,543.74,135.13,1278.78,0
14011,20260303,110,6101,,,1,1,2,4011,2,776.03,227.74,4852.66,0
14012,20260304,181,6348,,,2,2,2,4012,3,753.2,162.72,4009.74,0
14013,20260305,138,6057,,,1,7,2,4013,2,529.39,1.89,3500.51,0
14014,20260306,186,5449,,,2,6,2,4014,6,1613.33,107.13,4655.15,0
14015,20260307,118,6352,,,1,1,2,4015,1,1434.67,31.64,4918.99,0
14016,20260308,183,6024,,,2,12,2,4016,3,2591.69,142.34,1568.05,0
14017,20260309,110,6051,,,2,10,2,4017,3,2365.06,130.61,3081.01,0
14018,20260310,189,6388,,,2,8,2,4018,6,1878.14,192.75,4224.81,0
14019,20260311,196,5546,,,1,10,2,4019,2,695.63,283.69,2413.62,0
14020,20260312,133,5397,,,1,5,2,4020,6,1194.16,298.69,4942.27,0
14021,20260313,187,5810,,,2,9,2,4021,1,1184.42,198.5,2097.91,0
14022,20260314,191,5177,,,2,1,2,4022,1,2554.85,222.09,4084.13,0
14023,20260315,126,5338,,,2,11,2,4023,5,755.99,54.31,867.54,0
14024,20260316,146,5177,,,2,3,2,4024,5,879.97,219.34,1577.42,0
14025,20260317,164,6100,,,2,3,2,4025,3,1682.26,238.5,2080.33,0
14026,20260318,184,5204,,,2,12,2,4026,1,1583.9,90.02,2983.95,0
14027,20260319,173,5965,,,1,6,2,4027,2,912.24,231.58,1933.46,0
14028,20260320,126,5795,,,1,7,2,4028,3,1180.71,94.8,3040.82,0
14029,20260321,130,6206,,,1,4,2,4029,4,1205.1,260.44,712.61,0
14030,20260322,181,6077,,,2,6,2,4030,5,2096.41,163.76,3191.27,0
14031,20260323,142,5309,,,1,12,2,4031,3,1318.05,230.83,4991.83,0
14032,20260324,106,6306,,,2,10,2,4032,4,727.9,130.63,2793.9,0
14033,20260325,168,5633,,,1,5,2,4033,4,1089.51,55.68,3117.02,0
14034,20260326,169,6376,,,1,11,2,4034,2,506.51,56.64,759.81,0
14035,20260327,182,6224,,,2,8,2,4035,5,2715.28,187.82,2453.65,0
14036,20260328,108,5357,,,2,6,2,4036,4,761.93,85.8,1238.94,0
14037,20260329,170,6300,,,2,10,2,4037,5,447.6,213.54,3633.01,0
14038,20260330,162,5945,,,1,10,2,4038,5,1100.24,72.91,2041.45,0
14039,20260331,108,6402,,,2,8,2,4039,3,891.07,55.1,605.36,0
14040,20260401,192,6027,,,2,1,2,4040,3,2792.1,124.37,2690.76,0
14041,20260402,184,5953,,,1,8,2,4041,2,2581.74,198.6,4015.84,0
14042,20260403,150,5268,,,1,10,2,4042,6,1156.14,175.06,4034.8,0
14043,20260404,178,6284,,,1,11,2,4043,6,1719.45,82.47,1992.99,0
14044,20260405,183,5785,,,2,4,2,4044,3,2025.21,148.98,4093.43,0
14045,20260406,153,5331,,,2,2,2,4045,3,683.97,198.14,2276.34,0
14046,20260407,185,5864,,,2,2,2,4046,4,1685.71,218.53,2336.23,0
14047,20260408,126,5067,,,1,6,2,4047,3,2412.54,67.4,4818.07,0
14048,20260409,149,5902,,,2,4,2,4048,4,1833.1,32.69,4462.35,0
14049,20260410,153,6306,,,1,11,2,4049,5,504.61,259.75,2546.6,0
14050,20260411,101,5720,,,1,3,2,4050,1,1429.52,275.43,3491.16,0
14051,20260412,175,6397,,,2,12,2,4051,2,2311.1,138.32,4069.98,0
14052,20260413,150,5465,,,2,5,2,4052,4,1357.83,2.72,4921.9,0
14053,20260414,125,5270,,,1,12,2,4053,4,2639.11,231.93,1647.3,0
14054,20260415,147,5932,,,2,10,2,4054,3,1821.26,2.07,3513.83,0
14055,20260416,190,5820,,,1,5,2,4055,3,2026.61,158.63,2135.15,0
14056,20260417,190,6417,,,1,4,2,4056,6,1447.77,215.08,1657.24,0
14057,20260418,117,5174,,,2,5,2,4057,4,2092.01,13.11,1763.91,1
14058,20260419,181,5856,,,1,5,2,4058,6,2480.27,183.51,3579.08,0
14059,20260420,164,6033,,,2,11,2,4059,6,1530.49,216.88,1343.96,0
14060,20260421,116,5353,,,2,3,2,4060,6,1759.53,156.1,4618.19,0
14061,20260422,129,5807,,,1,6,2,4061,4,1506.12,66.45,3919.84,0
14062,20260423,159,6149,,,2,9,2,4062,4,2594.31,239.37,3964.87,0
14063,20260424,103,6268,,,1,9,2,4063,2,1154.19,26.02,2879.68,0
14064,20260425,178,5731,,,2,6,2,4064,1,767.9,213.94,2285.01,0
14065,20260426,176,5123,,,2,8,2,4065,2,1479.49,182.72,4613.46,0
14066,20260427,148,5578,,,2,11,2,4066,4,1879.85,291.86,3479.12,0
14067,20260428,104,6228,,,1,9,2,4067,2,534.84,39.7,3829.63,0
14068,20260429,113,6134,,,1,6,2,4068,2,2521.47,267.41,1764.49,0
14069,20260430,172,6218,,,2,12,2,4069,4,2007.38,267.83,2919.1,0
14070,20260501,126,5876,,,1,9,2,4070,2,2268.32,252.91,2189.65,0
14071,20260201,103,6316,,,2,11,2,4071,2,401.96,20.0,1696.37,0
14072,20260202,199,5806,,,2,4,2,4072,4,2384.47,251.99,944.93,0
14073,20260203,187,5769,,,2,1,2,4073,3,2301.04,255.07,1876.64,0
14074,20260204,152,5249,,,2,9,2,4074,3,610.09,65.64,2644.42,0
14075,20260205,172,6097,,,1,2,2,4075,3,545.96,284.02,1776.3,0
14076,20260206,152,6352,,,2,9,2,4076,2,803.87,48.32,2030.72,0
14077,20260207,127,5926,,,2,9,2,4077,1,687.98,170.07,4863.94,0
14078,20260208,175,5812,,,2,9,2,4078,6,1649.73,218.52,1181.36,0
14079,20260209,117,5061,,,2,11,2,4079,6,1560.86,58.16,4168.18,0
14080,20260210,175,6432,,,1,10,2,4080,1,1163.07,126.2,4058.66,0
14081,20260211,169,5080,,,1,8,2,4081,1,2086.37,126.44,3453.04,0
14082,20260212,166,5949,,,1,7,2,4082,3,1538.46,298.37,3286.13,0
14083,20260213,158,5116,,,2,8,2,4083,3,1200.26,266.08,4437.89,0
14084,20260214,139,6409,,,2,10,2,4084,5,924.43,18.34,631.98,0
14085,20260215,187,5843,,,2,1,2,4085,1,2355.69,55.08,2708.63,0
14086,20260216,117,5910,,,2,12,2,4086,6,2457.26,228.06,725.52,0
14087,20260217,194,6274,,,1,10,2,4087,6,1523.64,114.25,2251.29,0
14088,20260218,141,5618,,,2,4,2,4088,3,1260.37,60.67,1646.72,0
14089,20260219,194,5700,,,2,12,2,4089,5,1416.78,48.18,2247.36,0
14090,20260220,103,5954,,,1,4,2,4090,2,1706.83,263.58,2737.76,0
14091,20260221,147,5923,,,2,10,2,4091,2,2313.16,246.07,2418.9,0
14092,20260222,156,5081,,,2,6,2,4092,1,1877.36,125.48,1706.32,0
14093,20260223,151,5866,,,1,12,2,4093,6,2045.58,271.56,3699.96,0
14094,20260224,167,5805,,,2,2,2,4094,5,1445.61,208.97,2771.36,0
14095,20260225,165,5977,,,1,11,2,4095,1,691.75,154.63,666.34,0
14096,20260226,163,6245,,,2,5,2,4096,2,2466.91,125.96,1190.42,0
14097,20260227,178,6067,,,2,8,2,4097,6,813.11,186.34,1919.48,0
14098,20260228,187,5562,,,2,9,2,4098,4,1722.0,114.67,1155.48,0
14099,20260301,195,5182,,,1,2,2,4099,2,2553.65,14.66,2100.59,0
14100,20260302,139,5715,,,2,6,2,4100,4,603.35,213.29,637.17,0
14101,20260303,168,6355,,,1,7,2,4101,5,2759.43,195.45,4768.21,0
14102,20260304,158,5257,,,1,9,2,4102,5,695.91,120.88,1636.14,0
14103,20260305,132,5663,,,1,3,2,4103,3,2778.09,26.88,1660.73,0
14104,20260306,155,5446,,,2,2,2,4104,5,497.44,197.34,1144.04,0
14105,20260307,186,6084,,,1,9,2,4105,1,1239.59,292.01,3800.82,0
14106,20260308,101,6401,,,2,3,2,4106,3,2034.66,37.56,1708.0,0
14107,20260309,169,6362,,,1,1,2,4107,1,1905.84,71.17,4803.9,0
14108,20260310,121,6121,,,2,6,2,4108,2,652.87,214.63,3759.44,0
14109,20260311,180,5771,,,2,8,2,4109,1,1935.32,106.08,3003.28,0
14110,20260312,110,6160,,,1,6,2,4110,4,2351.23,165.36,3624.58,1
14111,20260313,187,6050,,,1,11,2,4111,1,2226.15,299.98,1995.96,0
14112,20260314,147,5424,,,1,5,2,4112,3,797.03,234.05,1808.67,0
14113,20260315,197,6357,,,1,6,2,4113,4,1838.73,248.97,1103.87,0
14114,20260316,180,6359,,,2,1,2,4114,1,413.56,92.33,1797.2,0
14115,20260317,121,5086,,,1,11,2,4115,6,2306.61,85.0,1477.96,0
14116,20260318,185,5303,,,1,4,2,4116,3,2645.42,287.55,1365.49,0
14117,20260319,151,5954,,,2,9,2,4117,2,2250.0,241.0,1459.04,0
14118,20260320,160,6056,,,1,6,2,4118,4,2497.71,113.62,3800.35,0
14119,20260321,107,5163,,,2,9,2,4119,2,1220.21,26.58,2402.76,0
14120,20260322,177,6394,,,2,11,2,4120,1,960.97,210.64,3331.65,0
14121,20260323,136,6386,,,2,12,2,4121,3,485.52,63.99,2762.48,0
14122,20260324,112,5175,,,1,4,2,4122,6,781.56,269.44,3757.44,0
14123,20260325,116,6315,,,1,10,2,4123,3,1768.47,237.73,3229.93,0
14124,20260326,187,5242,,,2,6,2,4124,3,1777.48,190.59,1095.63,0
14125,20260327,183,5697,,,1,11,2,4125,6,647.61,127.18,3940.64,0
14126,20260328,170,5601,,,1,7,2,4126,2,494.52,129.18,4442.13,0
14127,20260329,192,5721,,,2,2,2,4127,6,1620.29,129.28,1040.3,0
14128,20260330,168,6167,,,1,8,2,4128,5,1081.83,240.4,513.58,0
14129,20260331,175,5221,,,2,12,2,4129,6,1439.73,269.74,1752.06,0
14130,20260401,199,5372,,,1,12,2,4130,5,2340.46,112.76,3648.29,1
14131,20260402,150,6277,,,2,2,2,4131,1,2093.85,18.02,1708.0,0
14132,20260403,101,6026,,,1,5,2,4132,1,883.19,107.82,3758.62,0
14133,20260404,192,5533,,,1,4,2,4133,2,572.15,252.28,931.39,0
14134,20260405,133,6415,,,1,3,2,4134,3,914.25,4.72,2651.13,0
14135,20260406,142,5269,,,2,2,2,4135,3,2216.27,251.89,1389.42,0
14136,20260407,186,5982,,,1,1,2,4136,1,934.26,248.8,2184.76,0
14137,20260408,176,5179,,,1,4,2,4137,5,1401.0,210.38,1289.45,0
14138,20260409,197,5452,,,2,7,2,4138,1,2452.26,192.96,4264.89,0
14139,20260410,103,6498,,,2,7,2,4139,1,2494.54,135.7,4948.5,0
14140,20260411,118,5482,,,1,5,2,4140,4,2501.6,195.26,726.48,0
14141,20260412,113,5765,,,2,5,2,4141,5,2048.48,76.18,2592.85,0
14142,20260413,155,6181,,,1,2,2,4142,4,1278.03,84.58,2521.52,0
14143,20260414,149,5140,,,2,5,2,4143,3,1839.79,63.15,4313.11,0
14144,20260415,125,6185,,,1,4,2,4144,2,2032.5,227.97,2475.07,0
14145,20260416,198,5237,,,2,6,2,4145,2,1078.95,250.8,2569.03,0
14146,20260417,109,6312,,,1,8,2,4146,4,422.8,295.84,3384.63,0
14147,20260418,198,5544,,,1,1,2,4147,4,1235.29,135.78,995.16,0
14148,20260419,121,5309,,,2,1,2,4148,6,1134.89,274.95,4689.5,0
14149,20260420,135,5825,,,1,6,2,4149,3,1114.74,173.89,4382.0,0
14150,20260421,147,6084,,,1,11,2,4150,5,2553.88,98.57,2469.19,0
14151,20260422,123,5855,,,2,3,2,4151,1,2338.0,170.68,2928.37,0
14152,20260423,183,5034,,,1,2,2,4152,2,1870.08,169.52,4385.9,0
14153,20260424,177,5103,,,1,5,2,4153,5,2332.88,135.07,2219.11,0
14154,20260425,119,5016,,,1,5,2,4154,6,2595.25,134.36,2119.23,0
14155,20260426,192,5141,,,2,11,2,4155,2,2378.62,12.66,1561.95,0
14156,20260427,116,6437,,,1,4,2,4156,4,1433.25,263.28,2499.61,0
14157,20260428,116,6271,,,2,7,2,4157,4,1049.41,199.95,2623.31,0
14158,20260429,179,6391,,,1,4,2,4158,5,2211.43,247.65,4359.07,0
14159,20260430,109,5173,,,2,9,2,4159,6,674.07,75.26,1056.3,0
14160,20260501,123,5770,,,1,4,2,4160,4,1653.33,224.7,4636.93,0
14161,20260201,188,5841,,,1,9,2,4161,2,2462.35,28.11,4307.23,0
14162,20260202,131,5332,,,2,8,2,4162,4,709.41,52.73,1763.7,0
14163,20260203,160,6254,,,1,8,2,4163,1,2077.14,13.13,3395.25,0
14164,20260204,133,5703,,,1,12,2,4164,6,2316.59,235.35,567.89,0
14165,20260205,139,5991,,,2,1,2,4165,4,1447.02,291.81,2019.72,0
14166,20260206,131,5484,,,1,1,2,4166,2,2462.31,207.58,2134.12,0
14167,20260207,147,5707,,,1,6,2,4167,3,1463.35,252.23,572.03,0
14168,20260208,132,5817,,,1,7,2,4168,6,1895.26,268.94,543.42,0
14169,20260209,199,6127,,,1,3,2,4169,3,1942.03,19.96,1858.83,0
14170,20260210,191,5480,,,1,9,2,4170,2,569.58,26.78,3127.74,0
14171,20260211,142,6008,,,1,1,2,4171,2,2488.13,10.3,4248.24,0
14172,20260212,108,5253,,,1,8,2,4172,4,1059.84,42.63,665.79,0
14173,20260213,168,6302,,,1,6,2,4173,6,2110.03,197.42,1092.71,0
14174,20260214,169,6124,,,1,10,2,4174,1,2733.92,141.18,2279.71,0
14175,20260215,123,6044,,,2,1,2,4175,3,2582.39,251.81,2101.85,0
14176,20260216,200,6039,,,1,10,2,4176,1,1987.72,150.24,1116.64,0
14177,20260217,129,5274,,,2,7,2,4177,4,1372.2,199.61,2592.65,0
14178,20260218,139,6198,,,2,11,2,4178,6,567.91,106.4,1637.65,0
14179,20260219,200,5723,,,2,3,2,4179,2,1545.22,165.08,1435.19,0
14180,20260220,109,5368,,,1,11,2,4180,5,2408.66,193.85,1397.26,0
14181,20260221,166,6303,,,1,4,2,4181,6,2785.32,56.4,3577.84,0
14182,20260222,178,5385,,,1,8,2,4182,4,1997.85,21.44,2489.75,0
14183,20260223,179,5592,,,1,1,2,4183,6,1361.74,92.21,1233.38,0
14184,20260224,188,5428,,,2,9,2,4184,4,413.86,175.32,4000.87,0
14185,20260225,157,5147,,,2,1,2,4185,1,2531.31,4.03,3779.74,1
14186,20260226,166,5964,,,2,4,2,4186,6,2308.91,34.13,1518.67,0
14187,20260227,103,5821,,,2,3,2,4187,3,1203.02,75.63,4929.0,0
14188,20260228,111,5621,,,1,1,2,4188,1,643.13,52.11,4896.39,0
14189,20260301,170,5211,,,2,11,2,4189,5,487.02,176.28,2754.39,0
14190,20260302,135,5258,,,2,6,2,4190,4,779.49,196.23,4913.21,0
14191,20260303,168,6499,,,1,9,2,4191,6,835.82,116.76,4632.48,0
14192,20260304,130,6400,,,2,1,2,4192,3,1229.31,225.2,1851.3,0
14193,20260305,140,5850,,,1,2,2,4193,2,2009.19,145.01,2772.72,1
14194,20260306,143,5806,,,2,6,2,4194,2,1723.13,246.99,1967.97,0
14195,20260307,173,5234,,,1,3,2,4195,5,530.83,289.98,945.25,0
14196,20260308,156,5025,,,1,4,2,4196,3,1455.65,77.47,4715.0,0
14197,20260309,137,6264,,,1,11,2,4197,5,1947.13,74.55,753.88,0
14198,20260310,175,5902,,,1,9,2,4198,3,1694.15,9.12,3599.34,0
14199,20260311,123,5167,,,2,3,2,4199,1,1276.35,220.56,4465.99,0
14200,20260312,190,6177,,,2,6,2,4200,5,472.07,213.43,631.22,0
14201,20260313,133,5369,,,1,10,2,4201,6,567.14,185.84,3079.88,0
14202,20260314,196,5323,,,2,5,2,4202,6,1655.9,143.37,965.86,0
14203,20260315,186,5535,,,2,7,2,4203,1,2144.58,262.97,4445.97,0
14204,20260316,186,5615,,,2,7,2,4204,4,892.76,255.8,2922.66,0
14205,20260317,178,5168,,,1,7,2,4205,6,2533.22,242.77,532.07,0
14206,20260318,134,5706,,,1,5,2,4206,3,888.09,42.54,1850.61,0
14207,20260319,139,5233,,,1,9,2,4207,6,1354.38,125.47,2511.59,0
14208,20260320,132,5504,,,1,10,2,4208,6,477.64,178.26,971.92,0
14209,20260321,116,5619,,,1,9,2,4209,1,2795.27,117.44,782.14,1
14210,20260322,183,6056,,,2,8,2,4210,1,455.64,14.52,2130.14,0
14211,20260323,187,5362,,,1,12,2,4211,1,919.26,297.6,4765.85,0
14212,20260324,188,5545,,,1,3,2,4212,4,1219.4,232.14,4419.98,0
14213,20260325,160,5217,,,2,12,2,4213,1,1235.83,285.25,960.37,0
14214,20260326,167,6024,,,2,3,2,4214,4,462.85,113.53,1954.69,0
14215,20260327,195,5103,,,2,12,2,4215,3,1097.72,224.55,2065.99,0
14216,20260328,131,6330,,,2,3,2,4216,4,1028.58,256.59,3743.33,0
14217,20260329,112,5810,,,2,2,2,4217,4,2000.94,19.61,4935.68,0
14218,20260330,179,6359,,,1,5,2,4218,4,1099.19,133.32,1131.57,0
14219,20260331,119,5430,,,1,7,2,4219,4,823.91,279.38,4623.13,0
14220,20260401,173,5256,,,1,10,2,4220,1,1861.98,211.0,3353.09,0
14221,20260402,143,5150,,,2,9,2,4221,5,1584.36,45.86,4546.8,0
14222,20260403,167,5272,,,1,9,2,4222,5,956.92,88.53,4656.53,0
14223,20260404,198,5247,,,2,9,2,4223,4,771.34,127.79,2197.65,1
14224,20260405,188,6435,,,1,7,2,4224,5,2584.72,251.48,4062.86,0
14225,20260406,111,5400,,,2,7,2,4225,6,1507.11,35.19,2503.46,0
14226,20260407,176,5398,,,1,5,2,4226,6,2275.51,249.33,2033.72,0
14227,20260408,125,6297,,,2,6,2,4227,3,1482.01,168.47,3321.04,0
14228,20260409,103,5211,,,2,9,2,4228,3,1244.12,53.64,2458.46,0
14229,20260410,114,5263,,,1,4,2,4229,2,2662.18,161.6,4303.97,0
14230,20260411,172,5829,,,1,3,2,4230,1,1435.55,93.39,1421.76,0
14231,20260412,112,5865,,,2,3,2,4231,2,478.91,289.82,2388.42,0
14232,20260413,180,5156,,,2,2,2,4232,1,452.15,61.24,1637.51,0
14233,20260414,197,5005,,,2,10,2,4233,4,943.45,97.98,1605.01,0
14234,20260415,178,6147,,,1,4,2,4234,2,1108.1,199.44,4151.68,0
14235,20260416,148,5036,,,2,4,2,4235,3,2400.29,142.47,1019.17,0
14236,20260417,101,5246,,,2,4,2,4236,1,2505.99,272.86,4136.01,0
14237,20260418,128,5073,,,2,2,2,4237,6,1125.15,181.31,1093.02,0
14238,20260419,178,6244,,,1,5,2,4238,3,2101.71,4.35,2262.09,0
14239,20260420,161,5517,,,1,3,2,4239,2,2382.51,81.14,3733.63,0
14240,20260421,156,5573,,,1,10,2,4240,2,1816.1,39.91,867.59,0
14241,20260422,137,5454,,,1,1,2,4241,3,1525.27,58.19,2066.96,0
14242,20260423,142,5955,,,1,9,2,4242,4,2794.87,39.03,3564.4,0
14243,20260424,162,5737,,,1,1,2,4243,3,1986.09,269.09,3148.71,0
14244,20260425,152,6310,,,2,3,2,4244,6,1932.0,254.56,3187.72,0
14245,20260426,101,5815,,,1,10,2,4245,2,1582.65,113.71,1755.95,0
14246,20260427,147,5828,,,2,2,2,4246,2,598.38,262.89,4725.14,1
14247,20260428,176,6213,,,2,1,2,4247,5,1704.22,266.67,2561.55,1
14248,20260429,125,5603,,,2,9,2,4248,6,2566.44,142.19,4946.49,0
14249,20260430,116,6264,,,2,10,2,4249,3,1885.06,25.69,3794.43,0
14250,20260501,157,6485,,,1,1,2,4250,5,911.1,120.71,4148.05,0
14251,20260201,184,6459,,,2,8,2,4251,5,2096.86,88.24,3590.88,0
14252,20260202,177,5703,,,2,11,2,4252,5,1018.42,153.11,4885.38,0
14253,20260203,115,6077,,,1,1,2,4253,4,402.05,203.67,990.64,0
14254,20260204,115,5375,,,2,1,2,4254,4,883.24,85.99,3802.33,0
14255,20260205,131,5253,,,1,2,2,4255,1,1189.99,263.41,2217.56,0
14256,20260206,167,5871,,,1,9,2,4256,3,1851.2,178.76,854.04,0
14257,20260207,172,5177,,,2,1,2,4257,4,872.86,2.37,2498.05,0
14258,20260208,161,5462,,,2,9,2,4258,2,1978.11,295.58,3325.32,0
14259,20260209,152,6419,,,2,1,2,4259,3,1233.45,190.9,3523.27,0
14260,20260210,134,5094,,,2,9,2,4260,3,2360.99,144.46,3373.3,0
14261,20260211,122,5830,,,1,6,2,4261,2,615.29,115.18,3546.51,0
14262,20260212,104,5902,,,1,11,2,4262,3,1367.81,11.54,3628.48,0
14263,20260213,146,6171,,,2,3,2,4263,5,2538.24,151.8,4394.93,1
14264,20260214,177,5935,,,1,9,2,4264,4,1612.56,77.68,2109.89,0
14265,20260215,136,6081,,,1,8,2,4265,2,555.98,110.79,4728.37,0
14266,20260216,160,5051,,,1,4,2,4266,5,1719.04,12.39,3608.12,0
14267,20260217,186,5316,,,1,6,2,4267,6,872.1,99.72,669.36,0
14268,20260218,147,5542,,,2,11,2,4268,4,1782.44,190.99,1846.25,0
14269,20260219,137,6402,,,1,5,2,4269,2,778.66,162.63,2510.5,0
14270,20260220,117,5274,,,2,6,2,4270,3,466.39,246.26,2926.32,0
14271,20260221,107,6111,,,2,10,2,4271,2,1216.85,93.9,4506.68,0
14272,20260222,171,5036,,,2,3,2,4272,2,2450.56,246.94,1824.25,0
14273,20260223,129,5221,,,1,3,2,4273,1,1394.15,248.73,2790.11,1
14274,20260224,158,5740,,,2,12,2,4274,5,597.04,62.44,948.96,0
14275,20260225,200,5050,,,2,10,2,4275,2,480.27,145.76,3279.77,0
14276,20260226,102,6497,,,2,8,2,4276,1,687.63,200.55,507.86,0
14277,20260227,165,5137,,,2,10,2,4277,4,1021.13,227.29,3884.47,0
14278,20260228,107,6118,,,2,2,2,4278,3,2178.5,271.62,4108.06,0
14279,20260301,103,5189,,,2,11,2,4279,1,2316.69,53.88,2805.31,0
14280,20260302,131,5712,,,2,2,2,4280,1,424.89,134.0,2653.1,0
14281,20260303,120,5322,,,2,3,2,4281,5,1851.8,178.3,3720.89,0
14282,20260304,161,5481,,,2,11,2,4282,1,2456.51,186.26,2613.84,0
14283,20260305,159,5422,,,2,10,2,4283,1,1131.98,40.16,565.53,0
14284,20260306,122,5971,,,1,3,2,4284,2,2182.94,179.88,4881.87,0
14285,20260307,132,6210,,,2,7,2,4285,6,982.06,204.89,4091.18,0
14286,20260308,169,5402,,,2,2,2,4286,3,2185.86,178.15,4812.29,0
14287,20260309,170,6413,,,1,12,2,4287,4,1145.42,154.23,2200.12,0
14288,20260310,135,5737,,,2,4,2,4288,3,977.77,48.31,1424.12,0
14289,20260311,135,5369,,,2,9,2,4289,1,1513.85,295.39,2661.31,0
14290,20260312,139,5748,,,2,4,2,4290,5,2328.8,255.33,3191.75,0
14291,20260313,172,6082,,,2,12,2,4291,6,1531.92,261.1,1015.12,0
14292,20260314,116,5381,,,2,10,2,4292,1,1081.05,39.4,3236.94,0
14293,20260315,163,5586,,,1,12,2,4293,6,2664.54,134.75,2638.3,1
14294,20260316,107,6096,,,2,2,2,4294,3,2537.51,180.58,3271.18,0
14295,20260317,130,6099,,,1,9,2,4295,3,2624.39,176.92,3496.42,0
14296,20260318,104,5111,,,2,2,2,4296,1,2513.69,97.01,2351.07,0
14297,20260319,142,5267,,,1,9,2,4297,2,1213.08,292.9,556.84,0
14298,20260320,168,5996,,,2,11,2,4298,6,521.76,21.53,715.76,0
14299,20260321,106,6176,,,1,10,2,4299,2,718.53,235.43,2288.85,0
14300,20260322,134,5023,,,1,12,2,4300,1,2011.26,11.05,1867.41,0
14301,20260323,127,5864,,,1,12,2,4301,6,733.04,38.02,4712.96,0
14302,20260324,101,6258,,,2,11,2,4302,6,1835.77,162.89,1372.78,0
14303,20260325,126,5588,,,1,8,2,4303,4,1377.67,50.85,736.24,0
14304,20260326,164,5789,,,2,8,2,4304,6,1114.52,298.71,2463.64,1
14305,20260327,134,6068,,,2,2,2,4305,3,2767.72,138.51,1494.14,0
14306,20260328,197,6033,,,2,3,2,4306,2,1061.86,30.4,650.77,0
14307,20260329,127,6419,,,1,4,2,4307,3,1266.12,222.4,2994.44,0
14308,20260330,194,6225,,,1,5,2,4308,6,1461.6,297.58,3322.32,0
14309,20260331,184,5484,,,2,8,2,4309,4,2540.38,79.71,4866.2,0
14310,20260401,155,5939,,,1,8,2,4310,2,2771.44,103.77,753.44,0
14311,20260402,158,5189,,,2,1,2,4311,6,2030.52,94.48,1940.66,0
14312,20260403,180,5062,,,1,5,2,4312,3,1616.49,283.51,3893.69,0
14313,20260404,191,5633,,,2,6,2,4313,6,2379.15,252.71,1034.37,0
14314,20260405,110,6031,,,1,11,2,4314,4,2641.82,100.59,2476.78,0
14315,20260406,119,5518,,,1,8,2,4315,5,1440.72,223.49,3505.02,0
14316,20260407,150,5479,,,1,7,2,4316,3,1296.24,188.18,2248.84,0
14317,20260408,172,6423,,,1,4,2,4317,4,1003.25,41.62,3287.99,0
14318,20260409,197,5496,,,1,7,2,4318,3,941.11,18.54,3034.41,0
14319,20260410,184,5127,,,2,7,2,4319,3,2347.67,212.82,1199.34,1
14320,20260411,154,5632,,,2,7,2,4320,1,2651.41,19.29,3653.85,1
14321,20260412,150,5523,,,2,6,2,4321,1,1091.05,150.03,3090.51,1
14322,20260413,141,5039,,,1,12,2,4322,2,1086.19,264.27,3226.32,0
14323,20260414,141,5218,,,2,1,2,4323,3,1072.91,167.57,2424.05,0
14324,20260415,108,5305,,,1,8,2,4324,6,2366.73,298.84,3754.23,0
14325,20260416,120,5131,,,1,2,2,4325,2,2744.29,77.0,4620.91,0
14326,20260417,129,5204,,,2,1,2,4326,4,1084.57,162.93,3171.59,0
14327,20260418,155,6302,,,2,9,2,4327,4,2391.63,96.16,1650.95,0
14328,20260419,154,5812,,,1,9,2,4328,4,1726.76,235.72,3950.02,0
14329,20260420,101,6120,,,2,5,2,4329,3,995.79,231.85,2884.92,0
14330,20260421,109,6292,,,1,3,2,4330,4,736.0,249.54,2522.75,0
14331,20260422,131,5804,,,1,3,2,4331,5,1875.24,132.21,2267.24,0
14332,20260423,157,6439,,,2,10,2,4332,1,2028.85,45.48,4940.17,0
14333,20260424,154,5108,,,1,3,2,4333,5,1785.97,23.64,3213.82,0
14334,20260425,197,5199,,,1,2,2,4334,6,608.01,205.61,1304.41,0
14335,20260426,182,5235,,,1,2,2,4335,3,1067.76,72.05,4094.5,0
14336,20260427,138,6094,,,1,4,2,4336,6,799.81,183.23,3368.29,0
14337,20260428,129,5150,,,2,2,2,4337,3,1904.3,11.28,1776.9,0
14338,20260429,167,5548,,,1,7,2,4338,1,1088.54,81.06,4327.8,0
14339,20260430,141,6394,,,2,11,2,4339,3,1460.65,131.36,1295.38,0
14340,20260501,119,5033,,,1,2,2,4340,2,1503.98,0.26,1247.86,0
14341,20260201,138,5621,,,1,8,2,4341,4,596.53,127.17,3291.67,0
14342,20260202,157,5516,,,1,6,2,4342,4,1276.59,219.48,3731.1,0
14343,20260203,127,5898,,,2,11,2,4343,2,1604.01,107.24,3256.81,0
14344,20260204,113,6165,,,2,3,2,4344,2,1531.3,81.27,1101.73,0
14345,20260205,152,5198,,,2,12,2,4345,5,2307.61,224.28,2317.08,0
14346,20260206,126,5591,,,2,6,2,4346,4,2668.68,32.61,4098.04,0
14347,20260207,104,5896,,,1,10,2,4347,6,2241.56,7.01,1886.21,0
14348,20260208,166,5771,,,2,1,2,4348,2,1970.05,121.23,3357.36,0
14349,20260209,110,5644,,,2,1,2,4349,5,465.63,207.02,4198.39,0
14350,20260210,107,6081,,,2,6,2,4350,4,1746.55,184.56,1885.52,0
14351,20260211,158,5606,,,1,12,2,4351,4,1580.33,108.42,2209.7,1
14352,20260212,161,6361,,,1,7,2,4352,3,2061.08,289.9,4026.9,0
14353,20260213,143,6179,,,1,5,2,4353,5,1885.9,217.0,1487.51,0
14354,20260214,171,5409,,,1,5,2,4354,5,2626.51,239.18,1456.12,0
14355,20260215,153,6147,,,1,11,2,4355,2,2015.34,114.37,2023.65,0
14356,20260216,190,5793,,,2,8,2,4356,6,2429.33,181.45,4538.21,0
14357,20260217,104,5292,,,2,4,2,4357,2,1196.5,36.91,3393.3,0
14358,20260218,137,5619,,,1,2,2,4358,1,1466.49,80.09,4212.93,0
14359,20260219,141,5147,,,2,8,2,4359,1,1848.72,1.99,842.19,0
14360,20260220,190,6061,,,1,8,2,4360,5,2607.01,101.95,722.11,0
14361,20260221,197,6015,,,2,9,2,4361,2,2313.74,250.66,2661.78,0
14362,20260222,112,5339,,,1,4,2,4362,1,816.23,218.26,3708.71,0
14363,20260223,131,5426,,,2,12,2,4363,5,416.15,131.83,2742.08,0
14364,20260224,165,5991,,,2,2,2,4364,6,2714.25,42.13,509.51,0
14365,20260225,160,6354,,,2,9,2,4365,4,2659.33,138.08,3506.99,0
14366,20260226,179,5445,,,1,10,2,4366,3,2427.54,11.64,2336.98,0
14367,20260227,170,5269,,,1,1,2,4367,3,2770.65,106.33,854.34,0
14368,20260228,119,5544,,,2,9,2,4368,2,1610.98,47.15,2687.07,0
14369,20260301,133,6185,,,1,2,2,4369,3,2381.05,8.85,2235.22,0
14370,20260302,137,6163,,,1,10,2,4370,3,810.22,22.93,4585.11,0
14371,20260303,110,6050,,,1,11,2,4371,6,706.33,188.17,2186.69,0
14372,20260304,155,5290,,,1,8,2,4372,3,483.19,292.66,1863.0,0
14373,20260305,159,6425,,,1,7,2,4373,4,1630.93,12.98,1206.75,0
14374,20260306,123,5545,,,1,9,2,4374,1,978.06,210.0,928.01,0
14375,20260307,193,5942,,,2,1,2,4375,1,670.64,184.68,4078.63,0
14376,20260308,169,5657,,,2,11,2,4376,5,2200.49,137.42,1338.7,0
14377,20260309,151,6007,,,1,8,2,4377,6,426.16,68.48,2728.68,0
14378,20260310,113,5815,,,1,4,2,4378,3,1477.9,71.07,682.53,0
14379,20260311,131,6350,,,1,11,2,4379,3,759.18,50.05,3232.21,0
14380,20260312,166,5861,,,1,3,2,4380,5,1302.45,143.87,2200.92,0
14381,20260313,141,6214,,,1,4,2,4381,4,1648.82,277.36,2822.7,0
14382,20260314,198,6303,,,2,1,2,4382,5,1251.73,27.3,2738.45,0
14383,20260315,170,5374,,,1,6,2,4383,5,1626.56,62.83,2320.59,0
14384,20260316,120,6110,,,2,10,2,4384,5,2717.71,251.84,1405.62,0
14385,20260317,138,5597,,,1,2,2,4385,6,793.29,174.55,568.11,0
14386,20260318,145,5616,,,2,1,2,4386,2,851.02,32.77,4288.91,0
14387,20260319,162,5964,,,1,6,2,4387,3,1183.6,27.13,1605.37,0
14388,20260320,176,5682,,,2,9,2,4388,2,2024.86,32.39,3100.55,0
14389,20260321,153,5484,,,1,8,2,4389,2,2316.95,165.65,4146.37,0
14390,20260322,141,5777,,,1,3,2,4390,6,2363.11,71.57,3715.95,0
14391,20260323,105,5396,,,2,5,2,4391,3,1223.83,38.4,3841.56,0
14392,20260324,103,5830,,,2,2,2,4392,1,1634.66,25.25,1408.68,0
14393,20260325,128,6068,,,1,9,2,4393,2,823.06,60.0,2482.57,0
14394,20260326,197,6291,,,1,4,2,4394,3,980.66,57.74,1260.02,0
14395,20260327,153,5270,,,1,7,2,4395,6,849.21,94.53,4338.29,0
14396,20260328,107,6310,,,1,1,2,4396,2,1509.74,21.34,1753.63,1
14397,20260329,110,5879,,,2,8,2,4397,6,1255.73,25.88,974.76,0
14398,20260330,123,5915,,,2,8,2,4398,2,701.32,91.74,2953.96,0
14399,20260331,147,6180,,,2,6,2,4399,6,2689.47,62.32,2908.57,0
14400,20260401,119,6423,,,1,6,2,4400,6,2791.43,4.33,3644.33,0
14401,20260402,104,5801,,,2,1,2,4401,1,2287.53,206.6,3037.8,0
14402,20260403,102,5433,,,1,1,2,4402,5,1780.93,20.05,543.74,0
14403,20260404,129,6379,,,2,6,2,4403,5,2087.62,76.18,4927.8,0
14404,20260405,191,5347,,,2,9,2,4404,2,860.18,43.8,3886.92,0
14405,20260406,148,5731,,,2,11,2,4405,6,1992.33,47.81,1767.02,0
14406,20260407,104,5899,,,2,9,2,4406,6,1099.81,149.41,4803.1,0
14407,20260408,113,6365,,,1,8,2,4407,1,950.65,42.36,1273.82,0
14408,20260409,136,6331,,,1,2,2,4408,1,1875.47,238.75,776.26,0
14409,20260410,190,5059,,,2,8,2,4409,6,469.26,80.55,4199.55,0
14410,20260411,130,5860,,,2,2,2,4410,3,559.01,177.75,888.69,0
14411,20260412,141,5019,,,2,7,2,4411,5,2580.92,166.75,4528.11,0
14412,20260413,190,6013,,,2,6,2,4412,6,2693.48,273.64,1855.18,0
14413,20260414,157,6285,,,1,7,2,4413,2,2332.79,180.61,865.97,0
14414,20260415,200,5107,,,2,4,2,4414,4,1055.71,284.25,3950.95,0
14415,20260416,129,6082,,,2,9,2,4415,6,2767.92,267.14,840.21,0
14416,20260417,147,5899,,,1,8,2,4416,6,951.64,27.08,4750.78,0
14417,20260418,176,5455,,,2,5,2,4417,5,1507.12,170.95,3758.53,0
14418,20260419,157,5492,,,2,7,2,4418,1,2036.25,156.48,2894.8,0
14419,20260420,113,5255,,,1,8,2,4419,6,2348.7,75.18,4449.12,0
14420,20260421,172,5152,,,2,3,2,4420,3,480.15,201.88,4180.34,0
14421,20260422,183,5433,,,1,10,2,4421,1,2337.44,279.68,2554.62,0
14422,20260423,168,5464,,,1,7,2,4422,4,652.56,241.06,2209.72,0
14423,20260424,114,5776,,,2,12,2,4423,3,2539.49,38.44,1307.25,0
14424,20260425,150,6198,,,1,5,2,4424,3,1251.73,78.33,2371.18,0
14425,20260426,157,5267,,,1,9,2,4425,4,2165.07,215.36,1135.02,0
14426,20260427,147,5579,,,2,11,2,4426,2,2764.16,274.63,3262.51,0
14427,20260428,184,6005,,,1,2,2,4427,2,1742.18,215.44,3421.68,0
14428,20260429,142,6463,,,1,9,2,4428,4,642.25,198.71,1104.42,0
14429,20260430,159,5809,,,1,4,2,4429,2,2013.74,179.01,2065.55,0
14430,20260501,168,6274,,,1,4,2,4430,3,734.95,236.42,2982.51,0
14431,20260201,133,6394,,,1,2,2,4431,5,896.39,139.29,4714.86,0
14432,20260202,138,6493,,,2,7,2,4432,2,2664.63,278.65,3406.63,0
14433,20260203,141,6154,,,1,5,2,4433,1,710.1,62.32,4046.83,0
14434,20260204,155,6458,,,1,8,2,4434,4,2213.61,114.98,3206.13,0
14435,20260205,131,5807,,,2,12,2,4435,5,829.92,290.09,1371.15,0
14436,20260206,182,6391,,,2,5,2,4436,4,953.43,138.17,1646.94,0
14437,20260207,196,6489,,,2,3,2,4437,2,1754.54,134.56,2907.53,0
14438,20260208,179,5211,,,1,3,2,4438,3,554.61,214.49,3071.02,0
14439,20260209,136,5279,,,2,2,2,4439,3,2337.87,25.14,608.62,0
14440,20260210,130,5084,,,1,1,2,4440,3,656.62,145.87,3132.21,0
14441,20260211,181,5645,,,1,1,2,4441,1,2252.12,40.64,3621.27,0
14442,20260212,181,6416,,,2,8,2,4442,5,2591.18,237.32,2799.92,0
14443,20260213,196,5739,,,1,9,2,4443,4,2323.83,244.69,3516.76,0
14444,20260214,124,5091,,,1,6,2,4444,6,2794.96,247.51,571.38,0
14445,20260215,105,5617,,,1,3,2,4445,2,1349.66,134.99,4409.55,0
14446,20260216,163,5920,,,1,1,2,4446,5,612.62,49.58,3277.05,0
14447,20260217,194,5778,,,2,2,2,4447,5,1672.5,219.83,1622.28,0
14448,20260218,161,6209,,,1,8,2,4448,5,1920.63,174.22,2667.25,0
14449,20260219,148,5223,,,1,8,2,4449,5,871.69,231.62,2891.56,0
14450,20260220,154,5301,,,1,10,2,4450,3,1447.4,240.36,3296.72,0
14451,20260221,145,5261,,,2,2,2,4451,2,784.02,64.89,2878.68,0
14452,20260222,131,5905,,,1,5,2,4452,6,1333.6,148.4,2423.48,0
14453,20260223,115,6429,,,1,12,2,4453,6,2193.06,40.49,4336.71,0
14454,20260224,183,5081,,,2,1,2,4454,1,1469.7,163.36,4848.07,0
14455,20260225,166,5829,,,1,6,2,4455,5,1862.86,296.02,2558.55,0
14456,20260226,103,5872,,,2,4,2,4456,2,1828.04,159.22,3966.76,0
14457,20260227,115,5009,,,2,3,2,4457,4,525.04,121.56,4661.59,0
14458,20260228,106,5615,,,2,12,2,4458,2,1403.74,99.51,1682.27,0
14459,20260301,128,5412,,,1,8,2,4459,4,528.63,105.71,3595.22,0
14460,20260302,184,5828,,,2,11,2,4460,2,2768.25,143.77,3822.03,0
14461,20260303,194,5243,,,2,9,2,4461,4,2045.15,86.3,1423.75,0
14462,20260304,180,6180,,,1,5,2,4462,6,2235.71,119.24,4717.41,0
14463,20260305,130,6498,,,1,7,2,4463,6,1422.36,62.77,4370.82,0
14464,20260306,173,5721,,,1,1,2,4464,4,1891.55,179.44,3833.62,0
14465,20260307,192,5236,,,2,5,2,4465,1,2658.68,113.33,3692.65,0
14466,20260308,178,5161,,,2,10,2,4466,5,1739.09,189.84,3065.02,0
14467,20260309,195,6154,,,2,9,2,4467,4,545.66,235.13,555.68,0
14468,20260310,177,5028,,,1,2,2,4468,3,866.2,237.72,725.15,0
14469,20260311,194,5931,,,1,8,2,4469,4,1935.21,141.69,4522.21,0
14470,20260312,198,5761,,,2,12,2,4470,1,698.01,243.47,3212.14,0
14471,20260313,185,5799,,,2,1,2,4471,4,786.09,228.46,4052.16,0
14472,20260314,156,6449,,,1,9,2,4472,4,2653.66,214.02,4370.35,0
14473,20260315,162,5394,,,2,5,2,4473,1,1000.63,274.16,2795.37,0
14474,20260316,155,5609,,,1,2,2,4474,5,2151.15,208.58,4774.52,0
14475,20260317,131,5353,,,1,8,2,4475,6,1107.03,71.62,4132.98,0
14476,20260318,158,6308,,,1,2,2,4476,3,1960.18,287.02,1333.66,0
14477,20260319,199,5319,,,2,5,2,4477,6,404.75,226.17,1205.06,0
14478,20260320,139,6474,,,2,6,2,4478,2,2260.0,22.84,4458.48,0
14479,20260321,147,5092,,,1,10,2,4479,2,732.76,209.94,706.52,0
14480,20260322,135,5441,,,2,12,2,4480,4,1910.15,232.5,3608.58,0
14481,20260323,181,5603,,,2,5,2,4481,2,1977.5,284.54,3524.44,0
14482,20260324,154,6405,,,1,7,2,4482,5,1758.14,112.35,2686.33,0
14483,20260325,110,5650,,,1,10,2,4483,6,1204.51,296.37,3043.69,0
14484,20260326,103,6482,,,1,1,2,4484,6,490.83,246.45,2772.64,0
14485,20260327,135,6249,,,2,5,2,4485,3,2036.39,43.62,3951.44,1
14486,20260328,116,5628,,,1,10,2,4486,3,1025.89,189.93,2013.72,0
14487,20260329,154,5141,,,2,11,2,4487,5,1656.53,233.62,3235.64,0
14488,20260330,113,6378,,,1,4,2,4488,6,997.61,171.19,1055.12,0
14489,20260331,200,6054,,,2,7,2,4489,3,947.47,198.66,826.96,0
14490,20260401,113,6168,,,2,12,2,4490,5,975.06,8.89,3710.19,0
14491,20260402,110,5613,,,1,4,2,4491,4,2061.47,59.62,1214.48,0
14492,20260403,132,5065,,,2,3,2,4492,3,1484.32,263.45,1732.2,0
14493,20260404,147,5109,,,2,12,2,4493,6,636.77,202.42,2623.59,1
14494,20260405,149,5671,,,1,4,2,4494,5,2247.74,11.57,2851.52,0
14495,20260406,190,5358,,,1,2,2,4495,1,979.59,268.83,989.17,0
14496,20260407,132,6322,,,2,10,2,4496,6,2562.08,167.73,1319.23,0
14497,20260408,167,5988,,,1,8,2,4497,5,2305.33,110.33,3399.96,0
14498,20260409,186,5404,,,2,9,2,4498,1,1857.85,31.51,3679.86,0
14499,20260410,139,5324,,,1,1,2,4499,3,458.65,245.88,4111.04,0
14500,20260411,155,5115,,,1,11,2,4500,4,2416.05,39.2,3912.57,0
14501,20260412,149,5765,,,2,1,2,4501,6,840.02,68.15,4791.48,0
14502,20260413,120,6277,,,1,4,2,4502,2,2337.12,92.88,1369.52,0
14503,20260414,165,5737,,,2,1,2,4503,5,1138.58,183.11,1959.18,0
14504,20260415,199,5258,,,2,8,2,4504,4,917.75,278.39,931.94,0
14505,20260416,152,6167,,,2,12,2,4505,6,2367.24,220.56,3635.37,0
14506,20260417,128,5119,,,2,3,2,4506,4,2315.65,142.23,3799.22,0
14507,20260418,147,6249,,,1,9,2,4507,6,2252.29,36.16,1489.75,0
14508,20260419,181,6376,,,2,5,2,4508,2,1248.52,10.72,3164.1,0
14509,20260420,122,5963,,,2,11,2,4509,2,674.19,280.16,2271.62,0
14510,20260421,130,6182,,,2,1,2,4510,5,635.62,95.79,2444.79,0
14511,20260422,186,6085,,,1,3,2,4511,1,1651.26,112.43,986.79,0
14512,20260423,164,5396,,,1,6,2,4512,3,1021.84,293.3,2866.68,0
14513,20260424,113,6091,,,1,10,2,4513,2,2406.22,276.27,2243.9,0
14514,20260425,183,5961,,,2,8,2,4514,5,1303.82,18.91,2870.1,1
14515,20260426,196,5169,,,1,7,2,4515,6,653.39,231.95,1261.49,0
14516,20260427,196,6227,,,2,1,2,4516,3,878.15,251.27,3314.01,0
14517,20260428,168,5812,,,2,8,2,4517,3,1693.1,132.99,4787.2,0
14518,20260429,101,5230,,,1,7,2,4518,3,2522.32,10.51,2190.75,0
14519,20260430,115,5837,,,1,6,2,4519,1,803.85,228.51,1890.21,0
14520,20260501,171,6342,,,2,2,2,4520,1,1811.7,14.15,4899.04,0
14521,20260201,160,5220,,,2,6,2,4521,3,1655.65,265.27,782.89,0
14522,20260202,116,5762,,,1,4,2,4522,6,1604.22,269.72,4409.55,0
14523,20260203,150,6060,,,2,12,2,4523,2,1732.9,32.81,4025.83,0
14524,20260204,199,5002,,,1,6,2,4524,2,2626.07,226.7,4192.8,0
14525,20260205,108,5799,,,2,7,2,4525,6,2078.94,132.82,2053.28,0
14526,20260206,179,6075,,,2,8,2,4526,6,2337.56,175.41,2848.8,0
14527,20260207,146,5494,,,1,10,2,4527,4,2706.05,224.11,3901.96,0
14528,20260208,164,5320,,,1,8,2,4528,1,1618.97,43.38,697.53,0
14529,20260209,121,5808,,,1,5,2,4529,6,1682.32,156.62,2437.11,0
14530,20260210,188,5202,,,1,5,2,4530,6,1841.43,270.57,4615.53,0
14531,20260211,156,5412,,,1,3,2,4531,3,2448.81,163.32,2829.15,0
14532,20260212,200,5458,,,1,12,2,4532,4,1441.14,274.31,2059.98,0
14533,20260213,192,6274,,,1,10,2,4533,6,2049.06,49.66,4560.81,0
14534,20260214,147,6167,,,1,5,2,4534,6,1085.75,46.18,534.8,0
14535,20260215,153,6045,,,2,11,2,4535,6,2319.21,152.53,3143.63,0
14536,20260216,121,5380,,,2,4,2,4536,1,714.76,222.19,927.17,0
14537,20260217,147,5783,,,2,3,2,4537,5,2746.29,81.69,3257.7,0
14538,20260218,111,6444,,,1,7,2,4538,1,2654.51,276.24,3761.56,0
14539,20260219,131,5846,,,1,7,2,4539,3,479.49,97.85,2338.16,0
14540,20260220,112,6307,,,1,3,2,4540,5,2644.83,65.42,2507.3,0
14541,20260221,137,5480,,,2,5,2,4541,5,1475.18,213.29,4332.92,0
14542,20260222,126,6254,,,2,7,2,4542,5,1975.41,27.51,2743.28,0
14543,20260223,107,6499,,,2,1,2,4543,3,1564.37,264.27,4551.86,0
14544,20260224,104,6005,,,1,2,2,4544,1,1379.14,48.85,3022.07,0
14545,20260225,169,6061,,,1,4,2,4545,6,998.55,86.71,3540.67,0
14546,20260226,115,6243,,,1,8,2,4546,5,1302.43,16.83,1144.59,1
14547,20260227,123,5835,,,2,7,2,4547,6,2442.61,23.57,4209.16,0
14548,20260228,157,5616,,,1,7,2,4548,1,1157.33,76.0,3436.42,0
14549,20260301,168,5724,,,2,12,2,4549,4,1285.31,79.77,2240.12,0
14550,20260302,178,5950,,,2,12,2,4550,3,567.67,90.12,2523.78,0
14551,20260303,134,6097,,,1,6,2,4551,2,951.29,292.68,2007.11,0
14552,20260304,108,5639,,,1,4,2,4552,6,1501.53,257.5,2341.34,0
14553,20260305,196,6204,,,2,10,2,4553,5,1807.44,86.34,514.04,0
14554,20260306,104,6226,,,1,1,2,4554,1,729.83,28.42,2525.63,0
14555,20260307,102,5279,,,2,3,2,4555,1,458.23,274.49,3940.15,0
14556,20260308,118,5576,,,1,1,2,4556,1,1062.73,171.0,1930.83,0
14557,20260309,159,5463,,,2,6,2,4557,1,2399.3,209.16,2985.17,0
14558,20260310,171,6173,,,2,9,2,4558,2,2564.73,205.04,3567.75,0
14559,20260311,195,5969,,,1,4,2,4559,5,1144.54,87.71,1586.24,0
14560,20260312,160,5386,,,2,1,2,4560,5,1914.51,127.48,1511.95,0
14561,20260313,164,5638,,,2,11,2,4561,2,1478.49,287.5,1340.97,0
14562,20260314,137,5009,,,2,4,2,4562,2,658.03,85.91,2290.96,0
14563,20260315,144,6281,,,1,7,2,4563,3,2750.02,29.53,1360.9,0
14564,20260316,155,5415,,,2,11,2,4564,2,1774.59,66.74,2218.82,0
14565,20260317,144,5867,,,2,9,2,4565,5,1063.16,265.99,4894.39,0
14566,20260318,140,5870,,,1,1,2,4566,5,1594.42,38.46,3560.68,0
14567,20260319,143,6084,,,1,6,2,4567,1,1073.82,189.15,1640.81,0
14568,20260320,186,5206,,,2,4,2,4568,2,2592.1,298.56,591.29,0
14569,20260321,171,6077,,,1,7,2,4569,1,2135.06,261.35,3611.76,0
14570,20260322,148,6335,,,1,6,2,4570,4,949.45,127.88,3041.93,0
14571,20260323,186,5843,,,2,12,2,4571,2,1557.87,132.48,4640.87,0
14572,20260324,171,5623,,,2,12,2,4572,4,2383.03,26.03,1197.51,0
14573,20260325,174,5979,,,2,4,2,4573,2,2674.78,109.66,2940.87,0
14574,20260326,139,5637,,,1,5,2,4574,5,803.51,17.12,3743.49,0
14575,20260327,128,5598,,,2,9,2,4575,2,1618.01,239.63,876.89,0
14576,20260328,162,5869,,,1,3,2,4576,4,1868.79,170.56,1358.62,0
14577,20260329,147,5214,,,2,5,2,4577,1,2458.72,27.51,4215.86,0
14578,20260330,187,5158,,,1,2,2,4578,5,1194.35,200.47,1937.09,0
14579,20260331,115,5601,,,2,4,2,4579,2,1805.4,83.33,2216.08,0
14580,20260401,183,5830,,,1,2,2,4580,2,427.24,108.84,4141.92,0
14581,20260402,162,6044,,,1,7,2,4581,2,1750.75,283.14,3227.98,0
14582,20260403,159,6163,,,2,2,2,4582,5,2545.39,28.4,1992.46,0
14583,20260404,124,5200,,,2,10,2,4583,4,1203.66,148.15,3117.67,0
14584,20260405,117,5725,,,2,1,2,4584,6,999.05,97.2,1043.5,0
14585,20260406,196,5334,,,1,9,2,4585,6,2619.61,110.41,3041.97,0
14586,20260407,164,5441,,,2,3,2,4586,4,1397.96,86.19,4093.32,0
14587,20260408,193,5531,,,2,10,2,4587,5,2203.66,13.16,2410.64,0
14588,20260409,172,5524,,,2,9,2,4588,3,2080.71,105.61,2950.5,0
14589,20260410,144,6189,,,1,11,2,4589,4,2764.95,39.0,2365.88,0
14590,20260411,174,6075,,,2,9,2,4590,1,987.47,283.62,3941.3,0
14591,20260412,192,6470,,,2,10,2,4591,6,2526.72,53.15,3994.73,0
14592,20260413,106,5879,,,1,9,2,4592,1,1856.44,178.96,1893.57,0
14593,20260414,147,6488,,,2,7,2,4593,6,2072.44,235.19,1268.86,0
14594,20260415,114,6320,,,1,7,2,4594,1,571.88,226.49,4063.68,0
14595,20260416,170,6356,,,1,1,2,4595,6,2750.54,272.12,1053.35,0
14596,20260417,139,6277,,,1,8,2,4596,4,2159.13,113.76,3947.66,0
14597,20260418,174,6265,,,1,4,2,4597,4,2746.61,21.19,2380.84,0
14598,20260419,178,5238,,,2,1,2,4598,5,956.75,52.88,4749.19,1
14599,20260420,137,5421,,,1,12,2,4599,1,1450.81,251.7,3854.62,0
14600,20260421,173,6471,,,2,8,2,4600,6,1910.5,82.18,4512.13,0
14601,20260422,172,5908,,,2,6,2,4601,6,1648.29,154.41,4974.57,0
14602,20260423,193,6246,,,1,4,2,4602,6,1486.46,38.29,1755.09,0
14603,20260424,103,5310,,,1,4,2,4603,5,2791.92,162.56,3204.5,0
14604,20260425,187,5174,,,1,5,2,4604,2,639.61,280.0,3974.05,0
14605,20260426,143,5737,,,1,2,2,4605,4,2473.0,222.6,3968.14,0
14606,20260427,106,5093,,,2,7,2,4606,4,1146.26,197.76,1175.02,1
14607,20260428,137,6339,,,1,2,2,4607,2,2623.62,136.17,4074.58,0
14608,20260429,183,5698,,,1,4,2,4608,6,624.55,51.31,629.1,0
14609,20260430,108,5049,,,1,1,2,4609,4,2799.4,190.51,3852.62,0
14610,20260501,139,5070,,,2,8,2,4610,6,1338.37,39.49,4285.18,0
14611,20260201,152,5764,,,1,8,2,4611,3,1517.47,192.67,1800.01,0
14612,20260202,148,5187,,,2,8,2,4612,2,1231.62,195.32,1189.24,0
14613,20260203,119,6484,,,1,4,2,4613,3,575.82,235.3,1451.41,0
14614,20260204,108,5042,,,2,6,2,4614,1,2132.1,271.26,1045.93,0
14615,20260205,118,5906,,,1,4,2,4615,2,1067.35,161.76,4316.13,0
14616,20260206,127,6351,,,2,10,2,4616,5,791.4,247.56,3134.37,0
14617,20260207,151,5759,,,2,8,2,4617,6,1935.54,23.31,3970.72,0
14618,20260208,196,5887,,,1,6,2,4618,3,1766.5,281.5,4488.71,0
14619,20260209,162,5579,,,2,9,2,4619,6,1092.2,187.57,1227.45,0
14620,20260210,156,5535,,,1,1,2,4620,3,2284.48,105.63,1254.58,0
14621,20260211,145,5126,,,1,2,2,4621,1,1807.41,94.32,826.01,0
14622,20260212,162,5267,,,2,11,2,4622,4,739.77,64.01,2412.54,0
14623,20260213,175,5551,,,2,11,2,4623,4,2576.44,102.24,4236.51,0
14624,20260214,139,6376,,,1,4,2,4624,3,2325.28,145.56,2640.74,0
14625,20260215,169,5473,,,2,9,2,4625,2,1923.09,46.42,515.06,0
14626,20260216,147,5257,,,2,2,2,4626,1,1605.66,227.57,3575.75,0
14627,20260217,199,5074,,,1,1,2,4627,3,1498.72,193.84,4704.7,0
14628,20260218,110,6096,,,2,8,2,4628,6,1868.66,124.83,3993.03,0
14629,20260219,195,5223,,,1,10,2,4629,4,1594.44,69.01,1846.09,0
14630,20260220,198,6135,,,1,6,2,4630,1,2715.13,163.76,1525.29,0
14631,20260221,162,5258,,,1,10,2,4631,1,493.32,47.34,1330.3,0
14632,20260222,138,5048,,,2,2,2,4632,4,1041.57,250.81,4563.04,0
14633,20260223,159,6379,,,2,5,2,4633,2,2043.28,16.31,2612.85,0
14634,20260224,122,5730,,,2,1,2,4634,4,1763.96,94.47,2736.04,0
14635,20260225,115,5906,,,2,7,2,4635,5,1475.57,191.65,4033.98,0
14636,20260226,163,6175,,,1,4,2,4636,5,1074.3,35.16,1966.6,0
14637,20260227,170,6339,,,1,5,2,4637,2,2637.39,31.53,1196.35,0
14638,20260228,161,5660,,,1,6,2,4638,5,1822.32,62.72,806.36,0
14639,20260301,147,5459,,,2,10,2,4639,6,803.41,213.41,1903.06,0
14640,20260302,167,5405,,,1,4,2,4640,4,1960.37,78.03,4584.94,0
14641,20260303,186,5740,,,2,2,2,4641,3,2506.77,22.33,2225.49,0
14642,20260304,129,6003,,,1,2,2,4642,2,1049.11,104.56,4468.39,0
14643,20260305,135,6082,,,1,8,2,4643,2,482.6,271.72,1789.01,0
14644,20260306,158,5821,,,2,8,2,4644,1,1175.62,246.32,4055.56,0
14645,20260307,197,5810,,,1,12,2,4645,2,2679.87,40.52,4445.81,0
14646,20260308,110,6043,,,2,2,2,4646,4,1292.93,265.41,3010.53,0
14647,20260309,130,5908,,,2,5,2,4647,1,411.37,83.31,1497.94,0
14648,20260310,199,5432,,,1,4,2,4648,4,2433.03,33.29,3282.75,0
14649,20260311,116,5714,,,2,9,2,4649,1,828.61,147.23,3240.48,0
14650,20260312,167,5915,,,2,10,2,4650,4,445.98,101.09,2243.72,0
14651,20260313,161,5688,,,1,12,2,4651,3,1712.73,34.36,4103.99,0
14652,20260314,147,5273,,,1,4,2,4652,1,630.23,285.89,4867.39,0
14653,20260315,101,6250,,,1,10,2,4653,1,1345.07,37.81,3464.93,0
14654,20260316,168,6491,,,2,12,2,4654,1,1940.54,204.86,563.66,0
14655,20260317,137,6352,,,2,6,2,4655,3,1392.24,152.82,4676.06,0
14656,20260318,164,5701,,,1,12,2,4656,1,1890.79,274.61,2066.78,0
14657,20260319,146,5015,,,2,10,2,4657,1,2113.05,156.89,2253.52,0
14658,20260320,118,5547,,,1,7,2,4658,4,2172.8,246.33,4018.96,0
14659,20260321,143,6479,,,1,10,2,4659,4,2348.02,1.48,2435.24,0
14660,20260322,196,5159,,,2,4,2,4660,4,844.41,61.84,4461.65,0
14661,20260323,127,5743,,,1,10,2,4661,1,2122.53,41.53,2419.04,0
14662,20260324,169,5394,,,2,11,2,4662,4,2586.29,38.77,3737.54,0
14663,20260325,136,6327,,,2,8,2,4663,1,2004.39,194.44,3494.89,0
14664,20260326,174,6178,,,2,8,2,4664,6,1407.13,292.63,1108.92,0
14665,20260327,184,5778,,,1,6,2,4665,4,1481.54,218.91,1231.26,0
14666,20260328,147,6322,,,1,2,2,4666,6,1402.51,212.61,2562.04,0
14667,20260329,107,5067,,,1,5,2,4667,3,1230.77,294.53,4237.42,0
14668,20260330,180,5187,,,2,4,2,4668,1,2282.27,137.42,3094.53,0
14669,20260331,150,5043,,,1,10,2,4669,3,2639.73,215.21,1870.11,0
14670,20260401,142,5813,,,2,1,2,4670,2,2409.33,239.58,1524.76,0
14671,20260402,183,6328,,,2,1,2,4671,4,1180.91,297.38,4972.79,0
14672,20260403,198,6281,,,2,2,2,4672,3,421.72,122.55,2125.77,0
14673,20260404,152,5703,,,1,9,2,4673,5,2436.73,4.15,1971.82,0
14674,20260405,171,6034,,,1,10,2,4674,5,582.19,118.11,2401.48,0
14675,20260406,133,5018,,,1,10,2,4675,6,1280.24,144.32,3607.62,0
14676,20260407,135,5593,,,1,5,2,4676,4,2096.18,272.42,3302.48,0
14677,20260408,160,5267,,,1,8,2,4677,6,1018.14,18.05,1280.43,0
14678,20260409,154,6247,,,1,5,2,4678,4,403.5,261.47,1376.69,0
14679,20260410,133,5865,,,2,8,2,4679,3,590.6,247.54,4421.37,0
14680,20260411,180,5233,,,1,6,2,4680,1,974.12,161.91,677.62,0
14681,20260412,107,6155,,,2,10,2,4681,1,1487.33,9.6,528.06,0
14682,20260413,183,5255,,,2,9,2,4682,5,2614.85,140.79,602.94,0
14683,20260414,187,6219,,,1,4,2,4683,6,677.24,193.98,2359.82,0
14684,20260415,114,5717,,,2,1,2,4684,6,1826.45,8.25,4693.74,0
14685,20260416,193,5888,,,2,6,2,4685,6,1565.35,229.32,3074.81,0
14686,20260417,174,5238,,,2,3,2,4686,6,1889.3,192.24,3459.36,0
14687,20260418,189,6395,,,1,11,2,4687,4,992.67,207.41,2546.99,0
14688,20260419,186,6184,,,1,3,2,4688,4,1435.8,265.25,4099.74,0
14689,20260420,105,6075,,,2,6,2,4689,3,1247.42,238.02,3761.31,0
14690,20260421,135,5391,,,1,12,2,4690,1,2188.17,101.11,1831.06,0
14691,20260422,185,5787,,,2,1,2,4691,2,2740.58,135.31,4621.07,0
14692,20260423,170,6055,,,1,10,2,4692,5,2570.17,220.12,3323.3,0
14693,20260424,150,5557,,,2,1,2,4693,2,627.93,96.26,1432.79,0
14694,20260425,175,5806,,,2,1,2,4694,5,2466.33,268.12,3359.43,0
14695,20260426,127,5243,,,2,11,2,4695,3,2694.2,97.06,3884.35,0
14696,20260427,158,5194,,,1,10,2,4696,6,2794.91,203.26,2220.6,0
14697,20260428,156,6311,,,2,4,2,4697,2,2701.44,26.26,1819.23,0
14698,20260429,187,6178,,,1,2,2,4698,1,2246.02,181.16,1303.44,0
14699,20260430,163,5860,,,1,1,2,4699,5,1507.55,8.44,2634.15,0
14700,20260501,192,6161,,,1,12,2,4700,5,1835.57,245.15,3193.33,0
14701,20260201,121,5368,,,2,11,2,4701,1,435.47,141.68,782.8,0
14702,20260202,122,5815,,,1,10,2,4702,3,428.34,169.53,3129.24,0
14703,20260203,182,6450,,,2,12,2,4703,2,1272.27,169.36,3073.77,0
14704,20260204,141,6458,,,2,4,2,4704,4,1089.08,117.44,3679.46,0
14705,20260205,171,5868,,,1,12,2,4705,1,790.5,296.15,3346.09,0
14706,20260206,188,5544,,,2,7,2,4706,5,1590.33,83.39,1622.13,0
14707,20260207,179,6419,,,1,4,2,4707,4,2183.64,83.9,4754.9,0
14708,20260208,111,5212,,,2,2,2,4708,1,977.9,125.98,1923.64,0
14709,20260209,115,5292,,,1,9,2,4709,5,2241.36,57.47,3392.29,0
14710,20260210,176,5948,,,1,3,2,4710,3,2279.18,248.96,4338.46,0
14711,20260211,114,5444,,,2,4,2,4711,3,2097.39,112.01,1297.22,0
14712,20260212,135,6261,,,2,6,2,4712,5,926.31,8.71,4782.47,0
14713,20260213,152,5505,,,1,3,2,4713,5,724.47,196.96,4720.29,0
14714,20260214,154,5140,,,1,1,2,4714,2,2627.66,8.23,4208.45,0
14715,20260215,178,5988,,,2,10,2,4715,3,2164.63,263.73,4687.28,0
14716,20260216,149,6422,,,2,4,2,4716,4,645.92,167.0,1750.82,0
14717,20260217,185,6386,,,1,5,2,4717,3,973.15,95.11,4803.27,0
14718,20260218,143,6431,,,2,8,2,4718,1,1360.85,82.54,1146.12,0
14719,20260219,165,6033,,,1,12,2,4719,1,524.91,280.42,1974.38,0
14720,20260220,125,6186,,,1,12,2,4720,1,2137.42,115.31,1059.88,0
14721,20260221,110,5129,,,1,1,2,4721,2,2798.98,40.26,2150.65,0
14722,20260222,165,5876,,,2,1,2,4722,4,2654.29,267.36,720.22,0
14723,20260223,199,5483,,,1,6,2,4723,6,2387.6,31.31,1043.77,0
14724,20260224,191,6339,,,1,8,2,4724,3,1654.28,115.59,2356.4,0
14725,20260225,174,5932,,,1,3,2,4725,3,1263.64,160.83,2020.69,0
14726,20260226,166,5761,,,2,7,2,4726,6,1944.9,220.65,4819.4,0
14727,20260227,183,5311,,,2,2,2,4727,5,2617.78,76.2,757.09,0
14728,20260228,115,6161,,,1,8,2,4728,1,2310.39,27.46,1888.93,0
14729,20260301,171,5530,,,1,5,2,4729,1,1486.68,28.66,3523.07,0
14730,20260302,163,5390,,,2,3,2,4730,5,821.95,292.0,3548.11,0
14731,20260303,185,5704,,,2,2,2,4731,1,1799.15,93.52,4662.81,0
14732,20260304,187,5303,,,1,10,2,4732,2,945.65,287.31,1737.1,0
14733,20260305,101,5785,,,1,3,2,4733,3,2519.4,162.28,928.56,0
14734,20260306,106,5798,,,2,11,2,4734,5,1828.72,26.4,4919.92,0
14735,20260307,193,5122,,,1,7,2,4735,2,2499.06,49.55,4402.63,0
14736,20260308,198,5243,,,2,8,2,4736,2,2251.67,92.67,3861.59,0
14737,20260309,104,6062,,,1,7,2,4737,6,1781.46,161.75,3231.19,0
14738,20260310,171,5436,,,2,3,2,4738,5,739.56,272.03,1044.87,0
14739,20260311,128,5449,,,2,10,2,4739,5,2671.09,254.64,2738.12,0
14740,20260312,198,5640,,,1,12,2,4740,6,2620.27,104.7,899.02,0
14741,20260313,114,6208,,,1,5,2,4741,6,1554.45,170.25,1289.21,0
14742,20260314,193,6104,,,1,9,2,4742,1,1913.46,91.74,680.61,0
14743,20260315,132,5261,,,2,5,2,4743,2,568.58,209.86,1377.07,0
14744,20260316,154,6311,,,1,10,2,4744,3,687.88,274.21,2019.63,0
14745,20260317,189,5790,,,1,11,2,4745,1,744.97,37.91,1588.45,0
14746,20260318,134,5921,,,1,11,2,4746,4,776.31,129.32,3279.74,0
14747,20260319,146,5212,,,2,2,2,4747,6,2282.28,290.56,883.43,0
14748,20260320,190,6117,,,1,7,2,4748,2,1673.82,262.64,2944.09,0
14749,20260321,172,5178,,,1,7,2,4749,4,489.1,292.96,3891.19,0
14750,20260322,162,6239,,,2,9,2,4750,3,572.02,62.77,3043.4,0
14751,20260323,138,5593,,,2,1,2,4751,4,543.73,82.41,2450.71,0
14752,20260324,101,6257,,,1,11,2,4752,3,1258.89,25.23,2403.31,0
14753,20260325,178,6092,,,1,9,2,4753,5,2772.79,1.19,3813.59,0
14754,20260326,182,5043,,,2,6,2,4754,2,1019.76,152.18,1451.81,0
14755,20260327,180,5956,,,2,6,2,4755,1,2266.9,174.76,2148.39,0
14756,20260328,151,6141,,,2,9,2,4756,1,2545.95,207.55,3810.95,1
14757,20260329,178,6012,,,1,7,2,4757,3,2139.34,40.99,4196.18,0
14758,20260330,128,6266,,,1,11,2,4758,3,2286.69,92.54,3263.66,0
14759,20260331,128,5250,,,2,6,2,4759,1,1619.85,288.53,1136.46,0
14760,20260401,156,5344,,,1,1,2,4760,5,1469.37,14.97,3041.53,0
14761,20260402,133,5359,,,2,10,2,4761,1,1787.95,199.65,4941.79,0
14762,20260403,114,5750,,,2,11,2,4762,5,2755.88,53.26,2865.12,0
14763,20260404,114,5656,,,2,6,2,4763,4,2513.21,39.65,4389.74,0
14764,20260405,181,5373,,,1,8,2,4764,2,1618.93,42.66,1910.95,0
14765,20260406,133,6017,,,1,9,2,4765,3,573.11,46.05,3983.9,0
14766,20260407,192,6407,,,2,1,2,4766,1,2228.2,277.05,1801.92,0
14767,20260408,157,5161,,,2,5,2,4767,6,949.57,255.78,1974.05,0
14768,20260409,153,5080,,,1,11,2,4768,3,2234.57,173.43,4972.29,0
14769,20260410,179,5938,,,1,10,2,4769,6,993.75,72.25,3369.14,0
14770,20260411,182,5990,,,1,11,2,4770,1,2003.77,7.72,2765.4,0
14771,20260412,179,5518,,,1,2,2,4771,5,1026.32,157.37,3932.83,0
14772,20260413,199,5720,,,1,7,2,4772,3,2648.4,154.39,4559.04,0
14773,20260414,164,5790,,,1,3,2,4773,1,1164.54,191.37,2362.66,0
14774,20260415,143,6464,,,1,7,2,4774,4,1770.76,71.16,4704.37,0
14775,20260416,180,6253,,,2,7,2,4775,3,1784.62,146.54,2432.66,1
14776,20260417,113,5246,,,2,6,2,4776,1,1270.78,49.98,2914.47,0
14777,20260418,118,5328,,,1,5,2,4777,1,1161.12,197.15,4517.71,0
14778,20260419,184,6360,,,2,7,2,4778,1,1888.3,158.83,1774.55,0
14779,20260420,155,5894,,,1,2,2,4779,2,1743.99,7.07,2257.98,0
14780,20260421,120,5543,,,1,9,2,4780,2,827.83,171.03,2269.73,0
14781,20260422,182,6114,,,1,6,2,4781,2,2525.19,289.73,3413.37,0
14782,20260423,155,5837,,,2,5,2,4782,5,2415.38,235.89,3658.77,0
14783,20260424,135,5519,,,2,11,2,4783,5,852.42,94.47,1863.0,0
14784,20260425,144,5616,,,1,8,2,4784,1,2068.18,38.6,3055.72,0
14785,20260426,109,5139,,,2,7,2,4785,2,868.03,18.1,4062.18,0
14786,20260427,166,6403,,,2,9,2,4786,1,1586.61,276.67,2801.71,0
14787,20260428,109,5738,,,2,11,2,4787,5,2374.94,216.4,2633.39,0
14788,20260429,194,5113,,,2,3,2,4788,1,2435.07,84.99,866.69,0
14789,20260430,186,6004,,,2,7,2,4789,5,1176.7,235.29,4951.17,0
14790,20260501,122,6368,,,2,6,2,4790,6,602.87,173.46,1013.54,0
14791,20260201,115,6034,,,2,2,2,4791,6,2361.47,163.06,1395.55,0
14792,20260202,189,5897,,,1,7,2,4792,4,2156.23,299.88,2035.21,0
14793,20260203,101,5270,,,1,2,2,4793,5,916.23,161.3,1865.73,0
14794,20260204,147,5619,,,2,1,2,4794,5,2054.36,48.95,3913.09,0
14795,20260205,172,5901,,,2,8,2,4795,3,1658.06,26.52,2990.41,0
14796,20260206,109,5451,,,2,5,2,4796,2,2036.27,248.57,2603.56,0
14797,20260207,158,5192,,,2,5,2,4797,1,2253.84,19.39,632.09,0
14798,20260208,179,5316,,,2,8,2,4798,6,1541.43,46.99,4634.49,0
14799,20260209,111,6394,,,1,7,2,4799,2,2043.92,219.81,2376.01,0
14800,20260210,199,5357,,,1,6,2,4800,2,1509.04,141.15,3640.72,0
14801,20260211,116,5318,,,1,10,2,4801,6,2789.85,168.34,4836.62,0
14802,20260212,189,6218,,,2,7,2,4802,1,2606.08,16.72,3235.14,0
14803,20260213,157,5667,,,2,10,2,4803,6,1059.24,281.48,1322.14,0
14804,20260214,153,6294,,,2,8,2,4804,1,2130.21,253.46,2696.78,0
14805,20260215,164,5522,,,2,9,2,4805,6,2772.23,142.8,1217.28,0
14806,20260216,145,5572,,,2,3,2,4806,3,612.56,186.76,2223.26,0
14807,20260217,165,6429,,,2,2,2,4807,5,644.93,298.18,1464.81,0
14808,20260218,200,5514,,,1,4,2,4808,6,1781.86,262.26,4521.18,0
14809,20260219,127,5303,,,2,3,2,4809,5,2765.77,22.15,4814.2,0
14810,20260220,149,5045,,,2,3,2,4810,5,1656.7,106.7,812.05,0
14811,20260221,175,6365,,,1,2,2,4811,6,508.39,243.93,2465.84,0
14812,20260222,195,5149,,,2,1,2,4812,6,2576.67,119.61,4418.34,0
14813,20260223,186,5607,,,1,12,2,4813,2,1488.51,197.33,1861.79,1
14814,20260224,117,5141,,,2,10,2,4814,3,2061.24,44.62,1327.74,0
14815,20260225,122,5138,,,1,9,2,4815,2,444.68,57.9,2222.54,0
14816,20260226,190,6362,,,1,9,2,4816,5,1578.27,178.19,901.94,0
14817,20260227,131,6322,,,2,4,2,4817,4,1276.91,17.95,2651.55,0
14818,20260228,176,5208,,,2,12,2,4818,6,2351.56,153.16,4459.58,0
14819,20260301,123,5399,,,2,7,2,4819,1,983.47,193.12,2063.02,0
14820,20260302,116,5574,,,1,1,2,4820,5,1857.85,28.16,3732.48,0
14821,20260303,121,6388,,,1,10,2,4821,4,578.62,183.71,3339.5,0
14822,20260304,166,5510,,,1,10,2,4822,5,744.65,81.09,1524.28,0
14823,20260305,125,6487,,,1,11,2,4823,1,1517.71,0.42,4444.97,0
14824,20260306,124,5090,,,2,12,2,4824,4,1481.46,47.91,2463.48,0
14825,20260307,179,5502,,,1,1,2,4825,2,2765.79,107.76,4856.26,0
14826,20260308,188,6073,,,2,12,2,4826,3,944.4,290.27,3687.45,0
14827,20260309,173,5007,,,1,7,2,4827,2,2483.13,149.71,4474.76,0
14828,20260310,129,5223,,,1,3,2,4828,6,1740.48,216.41,2238.51,0
14829,20260311,185,5459,,,1,8,2,4829,5,2382.26,97.61,1908.06,0
14830,20260312,157,6177,,,1,12,2,4830,3,2792.46,142.67,3653.26,0
14831,20260313,161,5626,,,1,6,2,4831,5,1948.7,252.02,4179.11,0
14832,20260314,175,5018,,,2,12,2,4832,2,447.1,14.25,545.15,0
14833,20260315,153,6289,,,2,11,2,4833,5,2642.71,97.64,2231.57,0
14834,20260316,181,5394,,,2,4,2,4834,6,1365.37,23.04,2515.41,0
14835,20260317,182,6361,,,1,9,2,4835,2,2410.01,131.66,797.8,0
14836,20260318,154,5013,,,2,1,2,4836,2,1013.18,183.46,2887.98,0
14837,20260319,153,5716,,,2,5,2,4837,3,1099.62,294.58,3069.81,0
14838,20260320,200,6083,,,1,5,2,4838,1,1275.25,178.8,4574.84,0
14839,20260321,160,6184,,,1,3,2,4839,1,1838.96,43.64,1404.49,0
14840,20260322,193,5847,,,2,3,2,4840,4,804.18,8.96,3463.62,0
14841,20260323,197,5658,,,2,1,2,4841,1,2757.26,22.12,3841.36,0
14842,20260324,196,5227,,,2,6,2,4842,6,2414.94,78.89,3801.79,1
14843,20260325,181,5943,,,2,6,2,4843,4,973.97,278.19,3625.33,0
14844,20260326,111,5886,,,1,8,2,4844,6,1388.42,65.11,4936.58,0
14845,20260327,145,5785,,,2,2,2,4845,5,1608.94,75.79,2715.91,0
14846,20260328,178,6108,,,1,3,2,4846,6,433.28,130.73,2032.53,0
14847,20260329,180,5628,,,2,7,2,4847,2,2389.84,131.86,3462.02,0
14848,20260330,115,6273,,,2,10,2,4848,2,1565.83,212.19,3370.22,0
14849,20260331,151,5881,,,2,12,2,4849,6,2428.35,19.79,2707.93,0
14850,20260401,134,5770,,,2,11,2,4850,6,694.28,295.2,3698.0,0
14851,20260402,193,5974,,,2,8,2,4851,5,2761.7,124.38,4550.69,0
14852,20260403,157,6098,,,1,5,2,4852,1,874.46,265.36,2685.0,0
14853,20260404,183,5413,,,2,3,2,4853,3,2391.82,136.72,3885.63,0
14854,20260405,163,5115,,,2,3,2,4854,3,1572.64,165.9,2534.52,0
14855,20260406,126,6059,,,1,9,2,4855,1,502.72,138.63,3963.18,0
14856,20260407,200,5226,,,1,5,2,4856,5,1314.09,1.1,2249.11,0
14857,20260408,155,6328,,,1,10,2,4857,2,2785.72,171.11,760.68,0
14858,20260409,107,6386,,,1,5,2,4858,4,1788.52,134.97,1475.31,0
14859,20260410,163,6337,,,2,7,2,4859,2,2274.0,66.06,3414.49,0
14860,20260411,151,5131,,,2,2,2,4860,5,440.02,125.15,1051.29,0
14861,20260412,106,5265,,,1,12,2,4861,5,1293.75,61.01,3902.75,0
14862,20260413,124,5680,,,1,8,2,4862,2,576.68,237.8,2390.33,0
14863,20260414,196,5079,,,2,6,2,4863,1,1845.23,102.13,675.88,0
14864,20260415,166,6265,,,1,10,2,4864,4,2723.84,127.88,4814.96,0
14865,20260416,177,5195,,,2,2,2,4865,6,734.29,30.21,4224.43,1
14866,20260417,186,5055,,,2,3,2,4866,6,544.76,17.76,1129.91,0
14867,20260418,180,6022,,,1,4,2,4867,1,2499.78,113.99,3092.84,0
14868,20260419,135,5777,,,1,11,2,4868,6,1244.11,30.03,4951.39,0
14869,20260420,134,6195,,,2,9,2,4869,5,1081.8,161.78,1541.35,0
14870,20260421,191,5723,,,1,7,2,4870,5,440.38,68.64,3509.04,0
14871,20260422,141,5766,,,2,12,2,4871,3,630.74,113.75,1582.38,0
14872,20260423,107,5941,,,1,7,2,4872,6,1198.63,177.85,503.14,0
14873,20260424,111,6029,,,2,4,2,4873,6,1102.98,247.64,3217.78,0
14874,20260425,200,6283,,,1,2,2,4874,3,955.03,273.88,1607.96,0
14875,20260426,169,5652,,,1,3,2,4875,4,2045.89,110.39,2877.29,0
14876,20260427,148,5662,,,1,9,2,4876,6,2260.3,158.84,2688.11,0
14877,20260428,135,5452,,,2,1,2,4877,1,1908.0,24.38,1435.33,0
14878,20260429,170,6218,,,2,5,2,4878,6,1962.08,296.94,4437.85,0
14879,20260430,195,6113,,,1,7,2,4879,3,1064.16,102.66,2391.08,0
14880,20260501,174,5989,,,2,8,2,4880,4,1393.49,228.01,2504.87,0
14881,20260201,193,5527,,,1,10,2,4881,3,2151.54,126.36,3297.54,0
14882,20260202,174,5899,,,1,5,2,4882,1,478.06,69.63,3818.68,0
14883,20260203,150,5955,,,1,12,2,4883,2,2081.92,94.84,4027.82,0
14884,20260204,127,5600,,,2,7,2,4884,1,1134.12,149.45,4357.22,0
14885,20260205,165,5139,,,2,8,2,4885,1,1470.44,98.59,3936.0,0
14886,20260206,179,5592,,,1,3,2,4886,2,1800.1,169.96,4725.05,0
14887,20260207,146,5911,,,1,6,2,4887,4,2341.58,215.14,2757.61,0
14888,20260208,120,5292,,,1,2,2,4888,5,1947.14,202.87,4997.2,1
14889,20260209,191,5307,,,1,9,2,4889,2,673.24,43.56,4672.04,0
14890,20260210,136,5300,,,1,2,2,4890,6,1216.39,162.49,4239.21,0
14891,20260211,114,5685,,,1,10,2,4891,2,2349.49,93.24,2318.35,0
14892,20260212,185,6103,,,1,2,2,4892,5,2593.5,141.7,2663.73,0
14893,20260213,162,6039,,,2,2,2,4893,2,2625.87,20.49,4929.87,0
14894,20260214,199,6186,,,2,1,2,4894,3,2085.99,294.1,4906.71,0
14895,20260215,110,6162,,,2,11,2,4895,4,645.94,165.51,750.3,0
14896,20260216,154,6379,,,2,3,2,4896,1,735.92,23.7,1626.45,0
14897,20260217,105,5752,,,2,1,2,4897,4,505.54,192.8,2198.46,0
14898,20260218,154,6331,,,1,3,2,4898,4,522.71,109.96,3681.88,0
14899,20260219,200,5587,,,1,6,2,4899,6,2516.59,100.81,4888.99,0
14900,20260220,172,6438,,,1,10,2,4900,5,2029.05,53.41,4733.85,0
14901,20260221,152,6209,,,2,1,2,4901,3,465.08,122.93,4661.8,0
14902,20260222,138,5620,,,1,6,2,4902,6,2030.19,61.64,3326.13,0
14903,20260223,150,5854,,,1,7,2,4903,5,1774.69,115.02,2690.3,0
14904,20260224,167,5279,,,1,4,2,4904,1,2682.14,95.88,1843.31,0
14905,20260225,127,5807,,,1,6,2,4905,6,1735.97,240.57,1926.48,0
14906,20260226,200,5295,,,2,7,2,4906,4,2522.23,220.22,545.25,0
14907,20260227,116,5660,,,1,12,2,4907,6,572.89,94.78,560.21,0
14908,20260228,131,5261,,,2,12,2,4908,6,1791.54,253.73,1883.99,0
14909,20260301,107,5586,,,2,3,2,4909,6,2360.44,113.72,2806.42,0
14910,20260302,107,5372,,,1,4,2,4910,2,2344.72,39.64,2315.96,0
14911,20260303,169,6377,,,2,8,2,4911,3,1740.87,186.79,4494.13,0
14912,20260304,135,5634,,,2,1,2,4912,6,2590.29,254.18,3964.6,0
14913,20260305,124,6272,,,2,9,2,4913,5,2094.74,236.34,1703.91,0
14914,20260306,195,5687,,,2,1,2,4914,5,1282.72,56.31,669.73,0
14915,20260307,169,5330,,,2,11,2,4915,6,2050.19,95.42,2343.85,0
14916,20260308,174,6275,,,2,10,2,4916,5,1006.25,146.11,4524.84,0
14917,20260309,127,5077,,,1,10,2,4917,6,1725.63,292.77,3770.31,0
14918,20260310,196,5844,,,2,10,2,4918,1,542.73,142.93,1746.87,0
14919,20260311,103,5790,,,2,1,2,4919,2,996.2,60.13,2054.21,0
14920,20260312,109,5581,,,2,4,2,4920,6,1963.83,27.42,4289.31,0
14921,20260313,132,5981,,,1,5,2,4921,3,848.85,117.63,1634.95,0
14922,20260314,120,5950,,,2,9,2,4922,1,750.0,116.82,4363.5,0
14923,20260315,133,6155,,,1,7,2,4923,4,440.83,283.88,3641.76,0
14924,20260316,144,5283,,,1,11,2,4924,6,1081.13,140.66,4049.35,0
14925,20260317,189,5492,,,1,8,2,4925,5,744.64,74.41,1065.28,0
14926,20260318,142,5167,,,1,9,2,4926,3,2763.19,76.4,2169.51,0
14927,20260319,178,6367,,,2,3,2,4927,1,1653.24,266.36,4225.83,0
14928,20260320,191,5951,,,1,2,2,4928,6,543.61,37.98,925.5,0
14929,20260321,179,6255,,,2,10,2,4929,3,2747.26,175.76,2439.68,0
14930,20260322,181,5002,,,1,1,2,4930,1,1984.81,53.64,3616.86,0
14931,20260323,192,6250,,,1,12,2,4931,6,1797.95,212.11,4750.77,0
14932,20260324,177,5541,,,1,1,2,4932,1,1586.01,181.29,3858.4,0
14933,20260325,102,6166,,,1,5,2,4933,3,987.07,73.23,1373.15,0
14934,20260326,131,5599,,,2,12,2,4934,5,651.27,142.4,2986.73,0
14935,20260327,112,5435,,,1,9,2,4935,1,1205.15,234.74,2932.8,0
14936,20260328,115,5115,,,2,12,2,4936,2,1087.77,200.37,4435.12,0
14937,20260329,147,5188,,,2,11,2,4937,1,849.81,279.1,3202.13,0
14938,20260330,172,6333,,,2,4,2,4938,2,2453.96,137.03,3076.18,0
14939,20260331,190,5450,,,1,8,2,4939,5,1218.09,57.81,681.24,0
14940,20260401,150,6128,,,1,7,2,4940,3,1749.97,84.74,1031.39,0
14941,20260402,131,5132,,,2,9,2,4941,3,2794.12,38.45,1238.58,0
14942,20260403,172,5984,,,2,12,2,4942,5,854.15,175.18,4904.81,0
14943,20260404,107,5297,,,1,3,2,4943,1,2296.16,280.07,3397.87,0
14944,20260405,161,6278,,,2,1,2,4944,6,1106.53,148.44,4669.51,0
14945,20260406,180,6419,,,1,1,2,4945,5,1290.64,290.75,2102.87,0
14946,20260407,155,5982,,,1,3,2,4946,2,2041.36,106.81,4811.32,0
14947,20260408,145,5627,,,2,3,2,4947,1,2198.23,54.79,1796.17,0
14948,20260409,169,5481,,,2,10,2,4948,1,2157.49,206.16,709.18,0
14949,20260410,136,5638,,,2,9,2,4949,6,525.82,63.24,4234.32,0
14950,20260411,129,6232,,,2,10,2,4950,6,1056.67,59.76,731.9,0
14951,20260412,144,6322,,,2,9,2,4951,4,1525.26,278.42,865.23,0
14952,20260413,193,5613,,,2,2,2,4952,4,2226.02,22.16,1377.6,0
14953,20260414,189,6431,,,1,6,2,4953,6,2684.54,269.46,2115.62,0
14954,20260415,131,5106,,,2,7,2,4954,5,548.79,17.56,641.59,0
14955,20260416,107,5549,,,1,5,2,4955,5,2074.86,247.18,1190.0,0
14956,20260417,197,5042,,,2,11,2,4956,5,1370.82,95.69,4775.92,0
14957,20260418,139,5611,,,2,4,2,4957,4,2480.2,105.52,868.39,1
14958,20260419,153,5836,,,2,6,2,4958,4,751.71,29.22,2080.85,0
14959,20260420,186,5913,,,2,8,2,4959,4,777.18,257.42,2793.81,0
14960,20260421,188,5538,,,1,6,2,4960,5,2160.96,77.65,2989.75,0
14961,20260422,176,6464,,,1,5,2,4961,2,1901.09,268.57,2413.47,0
14962,20260423,189,5649,,,1,2,2,4962,6,1733.46,204.05,2585.19,0
14963,20260424,117,5713,,,1,11,2,4963,6,2066.35,91.1,2035.08,0
14964,20260425,175,6111,,,2,11,2,4964,6,992.83,247.31,804.81,0
14965,20260426,112,5543,,,2,1,2,4965,1,2721.7,57.94,1310.64,0
14966,20260427,116,5404,,,1,9,2,4966,6,930.72,216.6,2625.5,0
14967,20260428,194,6416,,,1,5,2,4967,1,2018.84,203.69,1301.7,0
14968,20260429,111,5347,,,2,6,2,4968,1,1862.49,101.0,1818.78,0
14969,20260430,149,5023,,,2,1,2,4969,5,609.3,48.14,4496.92,0
14970,20260501,163,5221,,,2,3,2,4970,3,847.25,223.91,4233.93,0
14971,20260201,175,5319,,,2,8,2,4971,5,1013.82,4.15,4849.81,0
14972,20260202,171,6180,,,1,4,2,4972,1,1703.86,139.75,1778.56,0
14973,20260203,196,5396,,,1,8,2,4973,5,2356.6,109.89,977.85,0
14974,20260204,181,5948,,,1,1,2,4974,6,1852.87,187.92,3320.9,0
14975,20260205,129,6045,,,2,5,2,4975,3,1591.0,217.89,4676.11,0
14976,20260206,160,5528,,,2,11,2,4976,3,2565.67,221.82,2469.54,0
14977,20260207,162,6169,,,2,8,2,4977,4,1429.26,45.78,1506.61,0
14978,20260208,150,5778,,,1,3,2,4978,1,2243.46,50.79,4805.35,0
14979,20260209,163,5491,,,2,8,2,4979,3,1691.79,271.85,1253.79,0
14980,20260210,154,5378,,,1,8,2,4980,4,613.56,194.85,700.89,0
14981,20260211,141,6349,,,2,8,2,4981,3,1718.1,80.01,609.23,0
14982,20260212,157,5129,,,1,6,2,4982,4,2407.35,164.23,4076.41,0
14983,20260213,159,5527,,,1,2,2,4983,1,730.01,121.56,579.49,0
14984,20260214,192,6114,,,2,9,2,4984,4,715.99,181.01,2700.42,0
14985,20260215,152,5185,,,2,8,2,4985,3,1989.23,260.75,4181.22,0
14986,20260216,154,5273,,,2,2,2,4986,6,1864.1,199.35,558.22,0
14987,20260217,145,5340,,,1,1,2,4987,6,2318.59,240.87,2040.87,0
14988,20260218,108,5809,,,2,12,2,4988,6,2718.17,100.36,4192.74,0
14989,20260219,117,5943,,,2,3,2,4989,5,1067.38,274.69,2127.35,0
14990,20260220,162,5366,,,1,8,2,4990,3,2413.36,223.64,1249.47,0
14991,20260221,101,5303,,,2,2,2,4991,1,2760.81,236.39,2296.49,0
14992,20260222,199,5672,,,1,5,2,4992,3,1624.57,217.67,4124.17,0
14993,20260223,182,5989,,,1,8,2,4993,1,400.25,268.34,4130.02,0
14994,20260224,200,5304,,,1,8,2,4994,3,1511.63,35.56,2736.62,0
14995,20260225,192,5868,,,2,2,2,4995,4,435.12,282.16,4011.91,0
14996,20260226,184,6380,,,2,6,2,4996,3,2118.16,135.55,1762.39,0
14997,20260227,141,6459,,,1,9,2,4997,3,1914.01,59.8,4670.39,0
14998,20260228,151,6210,,,1,11,2,4998,3,2035.07,153.4,2638.43,0
14999,20260301,101,5844,,,2,4,2,4999,3,1794.44,81.68,2056.22,0
15000,20260302,156,5435,,,1,5,2,5000,1,1477.16,198.39,3347.36,0
