SaleID,DateKey,ProductKey,CustomerKey,EmployeeKey,StoreKey,BranchKey,PromotionKey,ChannelKey,OrderKey,Quantity,UnitPrice,Discount,TotalAmount,IsReturn
12001,20260201,151,5829,,,2,2,2,2001,3,2762.59,179.86,2263.12,0
12002,20260202,178,5904,,,2,9,2,2002,3,1194.62,85.32,3055.14,0
12003,20260203,116,5272,,,2,2,2,2003,6,1503.19,2.88,2673.06,0
12004,20260204,111,6011,,,2,4,2,2004,3,2786.79,117.33,4454.25,0
12005,20260205,102,6236,,,1,1,2,2005,2,2239.72,115.59,3907.86,0
12006,20260206,105,5191,,,1,10,2,2006,6,1757.19,97.07,1920.62,0
12007,20260207,187,6229,,,2,10,2,2007,6,1402.19,65.8,3436.46,0
12008,20260208,146,5386,,,2,11,2,2008,2,628.61,136.35,4551.53,0
12009,20260209,103,5063,,,1,9,2,2009,6,1379.81,64.37,553.45,0
12010,20260210,101,5420,,,2,11,2,2010,4,1008.92,80.85,2786.7,0
12011,20260211,110,5284,,,1,8,2,2011,6,1814.47,139.18,4293.56,0
12012,20260212,199,6442,,,1,1,2,2012,1,1563.0,12.55,4697.97,0
12013,20260213,177,6322,,,1,5,2,2013,3,2139.89,82.41,4202.96,0
12014,20260214,141,5345,,,1,3,2,2014,1,1693.69,10.35,3556.2,0
12015,20260215,156,5245,,,1,4,2,2015,2,970.37,115.07,4055.11,0
12016,20260216,156,5160,,,1,5,2,2016,1,2601.57,224.56,2927.88,0
12017,20260217,114,5704,,,1,4,2,2017,5,2081.68,59.45,851.01,0
12018,20260218,155,6109,,,2,12,2,2018,4,1053.05,261.99,1331.1,0
12019,20260219,142,6188,,,1,6,2,2019,4,2300.64,87.89,2447.07,0
12020,20260220,185,5646,,,1,6,2,2020,4,558.37,89.55,4342.86,0
12021,20260221,134,6056,,,1,3,2,2021,2,1915.52,98.95,4085.79,0
12022,20260222,130,6046,,,1,1,2,2022,4,1882.7,123.11,2326.2,0
12023,20260223,186,5028,,,2,1,2,2023,3,2301.03,136.19,3901.48,0
12024,20260224,168,5865,,,2,9,2,2024,5,2618.42,270.25,3339.6,0
12025,20260225,145,6047,,,2,2,2,2025,4,2179.4,237.24,3921.92,0
12026,20260226,142,5274,,,1,3,2,2026,2,1325.16,30.56,951.79,0
12027,20260227,123,5296,,,2,7,2,2027,5,2424.55,161.05,4084.92,0
12028,20260228,134,5397,,,1,11,2,2028,2,2517.05,145.56,1077.15,0
12029,20260301,161,6371,,,1,3,2,2029,4,975.45,116.73,2591.65,0
12030,20260302,121,5308,,,1,6,2,2030,2,2459.57,224.27,3216.38,0
12031,20260303,183,6392,,,1,9,2,2031,6,1680.16,86.42,1945.72,0
12032,20260304,125,6117,,,2,7,2,2032,1,2384.64,42.04,4400.24,0
12033,20260305,175,5221,,,2,9,2,2033,5,515.97,230.81,4889.23,0
12034,20260306,120,6386,,,1,12,2,2034,5,2423.04,55.41,3130.71,0
12035,20260307,150,6176,,,2,12,2,2035,3,1661.15,210.38,1417.59,0
12036,20260308,135,5465,,,1,12,2,2036,4,2451.77,147.7,2290.37,0
12037,20260309,162,5436,,,1,11,2,2037,2,808.12,68.66,884.98,0
12038,20260310,169,6450,,,2,12,2,2038,6,594.44,259.18,2937.38,0
12039,20260311,124,5811,,,1,5,2,2039,6,1671.49,227.2,3669.1,0
12040,20260312,188,5456,,,1,4,2,2040,1,910.79,268.82,4375.26,0
12041,20260313,177,6230,,,2,6,2,2041,3,1841.17,135.9,3888.64,0
12042,20260314,177,5254,,,1,7,2,2042,2,2327.33,73.8,2366.05,0
12043,20260315,152,5068,,,1,10,2,2043,6,1710.56,143.23,4507.58,0
12044,20260316,188,5731,,,2,5,2,2044,3,1742.68,192.84,2517.54,0
12045,20260317,181,6116,,,2,9,2,2045,6,1651.18,16.87,3077.04,0
12046,20260318,181,5910,,,1,7,2,2046,6,2255.81,292.01,4548.55,0
12047,20260319,148,6337,,,2,7,2,2047,4,2534.72,239.34,2442.88,0
12048,20260320,133,6084,,,2,8,2,2048,3,2210.25,292.97,2187.29,0
12049,20260321,154,6490,,,1,12,2,2049,6,540.11,147.99,3648.75,0
12050,20260322,191,6024,,,2,11,2,2050,2,1505.06,73.98,3130.42,0
12051,20260323,146,6397,,,1,12,2,2051,6,2439.54,235.96,2983.24,0
12052,20260324,185,5540,,,1,1,2,2052,4,899.19,149.11,2937.84,0
12053,20260325,130,6490,,,2,10,2,2053,1,444.95,102.7,2545.35,0
12054,20260326,156,5604,,,1,5,2,2054,6,1140.65,34.82,1741.86,0
12055,20260327,197,5465,,,1,8,2,2055,4,1396.6,230.32,3708.88,0
12056,20260328,175,5178,,,2,8,2,2056,2,2462.3,83.23,3268.55,0
12057,20260329,153,5332,,,1,10,2,2057,4,1737.75,275.17,4547.49,0
12058,20260330,110,5236,,,2,1,2,2058,2,981.27,285.7,2811.54,0
12059,20260331,138,6434,,,2,8,2,2059,3,974.43,75.49,649.83,0
12060,20260401,136,5116,,,1,2,2,2060,2,2013.96,97.93,2699.72,0
12061,20260402,173,6295,,,2,10,2,2061,1,1044.81,124.23,4339.89,0
12062,20260403,137,6353,,,1,11,2,2062,5,2043.3,113.06,2680.48,0
12063,20260404,191,6138,,,1,5,2,2063,1,2750.69,273.34,1415.96,0
12064,20260405,192,6132,,,1,2,2,2064,3,856.72,108.4,2003.69,0
12065,20260406,176,6358,,,2,5,2,2065,3,1213.19,170.93,2008.89,0
12066,20260407,184,5657,,,2,5,2,2066,6,2784.79,210.13,1096.09,0
12067,20260408,134,6227,,,1,11,2,2067,5,714.1,291.11,3947.65,0
12068,20260409,175,5448,,,2,5,2,2068,4,2459.08,78.21,3759.18,0
12069,20260410,189,5910,,,2,12,2,2069,1,873.52,55.27,3065.89,0
12070,20260411,115,5533,,,1,6,2,2070,4,1237.48,232.33,3124.64,0
12071,20260412,191,5643,,,2,6,2,2071,1,856.0,51.63,2882.88,0
12072,20260413,113,6469,,,2,12,2,2072,1,630.33,63.14,2137.57,0
12073,20260414,125,5808,,,1,4,2,2073,5,1110.6,237.66,2629.23,0
12074,20260415,184,5922,,,2,11,2,2074,1,1788.48,52.74,2217.24,0
12075,20260416,146,6253,,,2,2,2,2075,3,584.75,151.32,4596.01,0
12076,20260417,119,6443,,,1,3,2,2076,6,1771.99,181.28,2729.59,0
12077,20260418,108,5346,,,1,8,2,2077,1,1850.16,147.35,1977.79,0
12078,20260419,154,6319,,,1,10,2,2078,2,867.67,134.43,4717.33,0
12079,20260420,165,5839,,,2,8,2,2079,5,1916.91,112.7,3959.84,0
12080,20260421,195,6326,,,2,2,2,2080,2,1609.94,6.02,3907.96,0
12081,20260422,144,5541,,,1,4,2,2081,2,2146.94,141.16,4646.2,0
12082,20260423,161,5022,,,1,8,2,2082,5,2581.47,81.18,1008.74,0
12083,20260424,185,5471,,,1,12,2,2083,4,2311.98,21.49,4596.92,0
12084,20260425,146,5410,,,2,5,2,2084,4,2629.38,33.08,1990.54,0
12085,20260426,179,6190,,,1,6,2,2085,3,2515.43,55.9,1766.25,0
12086,20260427,119,5942,,,1,9,2,2086,4,1032.85,33.01,4555.64,0
12087,20260428,147,5510,,,2,4,2,2087,2,1449.3,112.98,1210.22,0
12088,20260429,189,5517,,,1,12,2,2088,2,1241.74,71.16,4850.73,0
12089,20260430,160,6425,,,2,5,2,2089,5,1631.7,140.09,3288.93,0
12090,20260501,114,6261,,,2,2,2,2090,1,474.65,223.57,3883.22,0
12091,20260201,141,5030,,,2,2,2,2091,4,2341.29,269.21,3441.94,0
12092,20260202,143,5089,,,2,3,2,2092,6,1766.99,267.44,2389.41,0
12093,20260203,183,5849,,,1,5,2,2093,3,1856.57,209.9,1110.62,0
12094,20260204,102,5315,,,2,8,2,2094,3,1004.92,218.6,4178.6,0
12095,20260205,175,6183,,,1,6,2,2095,5,1268.63,39.4,1760.81,0
12096,20260206,116,5829,,,2,8,2,2096,1,2677.4,219.55,4403.37,0
12097,20260207,123,5166,,,1,12,2,2097,5,562.31,202.56,3534.43,0
12098,20260208,143,6023,,,1,7,2,2098,2,2432.91,12.72,587.81,0
12099,20260209,106,5435,,,1,11,2,2099,5,2736.57,196.82,3159.68,0
12100,20260210,101,5449,,,2,2,2,2100,3,1277.71,184.81,2026.64,0
12101,20260211,189,5827,,,2,12,2,2101,2,2472.11,218.98,3554.77,0
12102,20260212,179,5136,,,1,12,2,2102,3,1333.85,286.9,3108.32,0
12103,20260213,158,5173,,,2,1,2,2103,5,2633.78,77.4,2507.21,0
12104,20260214,154,6266,,,2,10,2,2104,6,2321.7,276.63,4851.46,0
12105,20260215,162,6088,,,1,8,2,2105,3,1349.28,237.7,4738.12,0
12106,20260216,165,6495,,,1,4,2,2106,4,2787.3,139.4,1145.24,0
12107,20260217,108,5082,,,2,10,2,2107,1,1208.85,75.37,4637.03,0
12108,20260218,102,5841,,,1,2,2,2108,3,1085.98,203.49,2805.33,0
12109,20260219,121,5921,,,1,3,2,2109,1,439.6,205.58,2607.9,0
12110,20260220,165,5993,,,2,9,2,2110,5,1922.46,291.63,3195.69,0
12111,20260221,198,5118,,,2,5,2,2111,4,1552.14,54.27,673.01,0
12112,20260222,141,5582,,,1,1,2,2112,1,2088.26,51.76,3115.3,0
12113,20260223,153,6167,,,2,8,2,2113,6,1806.64,210.51,4941.38,0
12114,20260224,170,6396,,,1,5,2,2114,1,951.89,35.26,4705.03,0
12115,20260225,179,5232,,,2,1,2,2115,3,2783.81,83.15,2441.88,0
12116,20260226,113,5328,,,2,10,2,2116,6,1032.59,36.74,2943.56,0
12117,20260227,185,6387,,,1,6,2,2117,2,1628.46,217.83,1143.93,0
12118,20260228,176,5993,,,1,4,2,2118,4,596.45,275.72,4973.13,0
12119,20260301,159,6382,,,2,8,2,2119,5,2545.22,28.15,4977.99,0
12120,20260302,138,5179,,,2,11,2,2120,5,2026.27,165.33,1689.48,0
12121,20260303,128,6348,,,1,2,2,2121,6,2252.9,90.29,4251.19,0
12122,20260304,115,6178,,,1,3,2,2122,3,2139.83,3.68,3571.54,0
12123,20260305,198,6478,,,2,5,2,2123,3,839.05,238.25,1889.7,0
12124,20260306,154,6134,,,2,1,2,2124,2,1605.01,22.03,4167.45,0
12125,20260307,143,6291,,,1,3,2,2125,2,436.64,178.64,3800.58,0
12126,20260308,123,5527,,,2,1,2,2126,4,2394.26,54.48,2421.46,0
12127,20260309,120,5921,,,2,10,2,2127,2,2171.47,113.04,1257.98,0
12128,20260310,142,5482,,,1,4,2,2128,1,642.48,51.97,681.85,0
12129,20260311,117,5086,,,2,9,2,2129,1,468.01,297.89,2497.34,0
12130,20260312,177,5480,,,1,11,2,2130,2,1315.88,193.57,3211.3,0
12131,20260313,180,5867,,,1,7,2,2131,1,1667.07,140.43,1196.04,0
12132,20260314,164,5311,,,2,12,2,2132,3,2001.19,164.45,866.17,0
12133,20260315,178,5079,,,1,6,2,2133,3,1640.84,235.72,712.69,0
12134,20260316,104,5426,,,1,1,2,2134,5,779.14,223.48,1602.9,0
12135,20260317,150,5587,,,1,10,2,2135,4,1187.06,247.11,2190.14,0
12136,20260318,139,5045,,,1,1,2,2136,2,1079.92,271.08,1695.35,1
12137,20260319,165,5617,,,2,12,2,2137,5,1820.66,227.6,3371.16,0
12138,20260320,129,5165,,,2,9,2,2138,5,2384.04,166.11,1951.87,0
12139,20260321,126,6156,,,2,7,2,2139,5,842.84,134.39,834.61,0
12140,20260322,191,5983,,,2,12,2,2140,4,1342.49,194.23,2128.74,0
12141,20260323,186,5310,,,1,2,2,2141,3,2156.84,216.07,1465.79,0
12142,20260324,197,5296,,,2,5,2,2142,6,1419.03,117.32,3222.26,0
12143,20260325,171,6182,,,2,10,2,2143,6,1167.02,45.44,2554.53,0
12144,20260326,109,5538,,,1,5,2,2144,2,1635.89,129.76,2380.25,0
12145,20260327,109,6252,,,1,12,2,2145,6,671.72,235.7,4122.97,0
12146,20260328,194,6195,,,2,8,2,2146,2,753.96,57.63,1990.62,0
12147,20260329,126,6446,,,2,11,2,2147,1,1964.68,100.39,2284.25,0
12148,20260330,178,6446,,,2,8,2,2148,1,2753.09,264.77,1596.46,0
12149,20260331,184,5277,,,1,9,2,2149,3,2629.99,95.67,1873.88,0
12150,20260401,109,6128,,,1,5,2,2150,4,2590.15,170.58,3531.46,0
12151,20260402,117,5247,,,2,1,2,2151,6,2273.92,169.83,3714.54,0
12152,20260403,107,5115,,,1,8,2,2152,4,993.83,6.77,2497.42,0
12153,20260404,111,5558,,,1,3,2,2153,3,1967.97,243.2,3881.54,0
12154,20260405,127,6191,,,2,5,2,2154,4,2149.46,109.58,2448.24,1
12155,20260406,132,6014,,,2,6,2,2155,5,2554.32,41.02,672.82,0
12156,20260407,125,5627,,,1,7,2,2156,3,1720.58,5.47,1181.43,0
12157,20260408,132,6248,,,1,10,2,2157,6,922.45,110.62,3416.03,0
12158,20260409,119,6432,,,2,4,2,2158,3,1470.11,239.94,2754.25,0
12159,20260410,104,5360,,,1,5,2,2159,6,2583.83,254.82,1810.89,0
12160,20260411,130,5997,,,1,8,2,2160,6,2313.68,148.88,1704.32,0
12161,20260412,186,5062,,,2,5,2,2161,3,1045.22,198.04,4899.94,0
12162,20260413,111,5116,,,1,8,2,2162,5,2590.82,101.89,4584.04,0
12163,20260414,111,6352,,,1,9,2,2163,2,559.41,258.78,3916.04,0
12164,20260415,125,5539,,,2,9,2,2164,1,563.26,115.48,3883.74,0
12165,20260416,143,5931,,,1,8,2,2165,1,1675.75,9.26,1862.9,0
12166,20260417,130,6163,,,2,10,2,2166,3,648.91,214.71,2345.99,0
12167,20260418,189,5339,,,1,8,2,2167,3,533.73,10.02,2307.9,0
12168,20260419,183,5627,,,2,8,2,2168,3,1927.76,21.87,4328.43,0
12169,20260420,183,6090,,,2,8,2,2169,1,2308.96,228.77,3587.51,0
12170,20260421,149,6196,,,1,6,2,2170,1,1504.11,221.42,1306.82,0
12171,20260422,170,5503,,,1,9,2,2171,6,2742.39,243.98,1575.71,0
12172,20260423,177,6153,,,2,2,2,2172,2,2108.76,207.08,3976.3,0
12173,20260424,199,5418,,,1,9,2,2173,3,1218.91,131.32,2138.61,0
12174,20260425,198,5680,,,2,8,2,2174,2,1608.46,196.38,1064.94,0
12175,20260426,198,6149,,,2,4,2,2175,3,1661.59,10.35,1149.67,0
12176,20260427,130,5161,,,2,6,2,2176,1,1008.3,12.7,3519.96,0
12177,20260428,187,6327,,,1,9,2,2177,1,1882.72,144.74,4663.54,0
12178,20260429,129,6393,,,2,3,2,2178,1,1239.33,194.12,2531.55,0
12179,20260430,141,5365,,,2,4,2,2179,4,977.65,42.94,1996.66,0
12180,20260501,125,5389,,,2,3,2,2180,2,596.75,149.96,4958.2,0
12181,20260201,124,6222,,,2,2,2,2181,3,2254.09,171.15,3852.86,0
12182,20260202,153,5195,,,1,4,2,2182,2,1573.52,173.99,1145.54,0
12183,20260203,114,5895,,,1,2,2,2183,3,2225.17,89.16,1517.06,0
12184,20260204,134,5521,,,2,11,2,2184,4,1304.29,269.59,1106.23,0
12185,20260205,193,6428,,,1,4,2,2185,2,1331.22,222.61,3223.86,0
12186,20260206,157,5490,,,1,1,2,2186,5,513.16,85.16,2165.23,0
12187,20260207,117,5767,,,2,9,2,2187,2,2299.84,265.42,4357.35,0
12188,20260208,161,6325,,,2,7,2,2188,6,614.46,96.08,3388.81,0
12189,20260209,130,5908,,,2,2,2,2189,1,953.19,36.11,3409.25,1
12190,20260210,191,5198,,,1,6,2,2190,6,1803.98,221.05,1176.46,0
12191,20260211,119,5960,,,1,6,2,2191,5,1225.8,211.9,3234.36,0
12192,20260212,126,5677,,,2,11,2,2192,6,418.73,120.99,1832.96,0
12193,20260213,169,6248,,,2,12,2,2193,2,950.49,56.16,2557.5,0
12194,20260214,200,5179,,,2,4,2,2194,1,479.06,152.54,4062.39,0
12195,20260215,120,5566,,,2,1,2,2195,2,2116.73,258.76,4109.01,0
12196,20260216,112,5376,,,2,12,2,2196,2,1674.13,88.11,857.76,0
12197,20260217,177,5507,,,1,9,2,2197,5,2669.36,295.78,893.11,0
12198,20260218,193,6232,,,2,2,2,2198,6,2294.92,52.95,1670.79,0
12199,20260219,130,5458,,,1,9,2,2199,3,1076.66,164.18,3464.78,0
12200,20260220,124,5950,,,1,6,2,2200,5,1744.85,239.23,3222.9,0
12201,20260221,153,5235,,,1,9,2,2201,3,457.77,33.25,4376.66,0
12202,20260222,108,6433,,,1,1,2,2202,3,2688.58,75.33,2078.6,0
12203,20260223,173,5586,,,1,7,2,2203,3,2610.45,36.94,1967.62,0
12204,20260224,114,6283,,,2,5,2,2204,3,1022.09,53.38,4806.48,0
12205,20260225,137,5041,,,2,1,2,2205,1,555.86,65.39,4526.52,0
12206,20260226,178,6249,,,2,7,2,2206,2,2529.55,77.15,4392.06,0
12207,20260227,149,6131,,,2,9,2,2207,6,2466.83,208.02,939.48,0
12208,20260228,189,5051,,,2,5,2,2208,1,2751.66,84.38,2755.24,0
12209,20260301,140,6286,,,1,10,2,2209,2,1602.3,258.3,3241.24,0
12210,20260302,165,5674,,,1,9,2,2210,4,2506.6,243.84,4964.27,0
12211,20260303,128,6016,,,2,1,2,2211,6,2465.48,144.35,1239.19,0
12212,20260304,175,6187,,,1,9,2,2212,5,1985.49,4.23,977.64,0
12213,20260305,157,5830,,,1,11,2,2213,4,1941.24,216.52,4616.19,0
12214,20260306,180,5376,,,1,1,2,2214,1,2021.53,252.3,913.3,0
12215,20260307,175,5632,,,1,10,2,2215,2,2239.24,220.05,2359.31,0
12216,20260308,165,5670,,,1,4,2,2216,3,1851.28,48.84,1403.42,0
12217,20260309,177,5270,,,2,5,2,2217,4,2319.88,79.36,1431.07,0
12218,20260310,176,6218,,,2,5,2,2218,5,2124.39,180.98,3484.6,0
12219,20260311,168,5070,,,2,9,2,2219,1,2439.83,180.69,724.54,0
12220,20260312,145,5869,,,2,5,2,2220,4,956.96,77.23,4406.79,0
12221,20260313,180,5837,,,2,11,2,2221,3,2558.88,109.22,1741.22,0
12222,20260314,129,5859,,,2,2,2,2222,1,2540.77,143.94,1054.94,0
12223,20260315,158,5121,,,1,9,2,2223,1,2146.85,67.68,3586.63,0
12224,20260316,187,5854,,,2,6,2,2224,5,1786.11,53.85,3406.82,0
12225,20260317,161,5169,,,2,3,2,2225,4,1353.54,182.78,2299.45,0
12226,20260318,198,6066,,,2,2,2,2226,6,767.53,74.9,4834.7,0
12227,20260319,144,5769,,,1,2,2,2227,5,2777.29,206.43,1485.73,0
12228,20260320,169,5628,,,2,4,2,2228,4,535.46,201.89,1722.96,0
12229,20260321,134,6441,,,2,5,2,2229,6,628.62,173.48,4365.38,0
12230,20260322,185,6428,,,1,9,2,2230,1,2505.64,287.29,2224.02,0
12231,20260323,140,5485,,,1,2,2,2231,1,1809.24,30.47,1498.42,0
12232,20260324,179,5225,,,1,7,2,2232,4,2665.3,76.89,2754.3,0
12233,20260325,107,5416,,,1,8,2,2233,6,2583.5,122.53,4157.08,0
12234,20260326,112,5450,,,1,11,2,2234,6,1134.28,274.58,2343.79,0
12235,20260327,154,6000,,,2,10,2,2235,1,1461.78,207.84,2132.53,0
12236,20260328,137,5845,,,1,6,2,2236,5,2316.06,295.76,4444.34,0
12237,20260329,180,5843,,,1,6,2,2237,5,1304.39,204.03,1370.66,0
12238,20260330,105,5516,,,2,11,2,2238,4,2134.18,159.47,4617.31,0
12239,20260331,108,5467,,,1,1,2,2239,3,915.05,14.41,4593.7,0
12240,20260401,173,5065,,,2,9,2,2240,6,2164.46,172.02,4539.71,0
12241,20260402,197,5611,,,1,1,2,2241,5,916.83,43.68,3370.08,0
12242,20260403,171,6418,,,2,7,2,2242,3,2422.09,27.97,1537.03,0
12243,20260404,174,6059,,,1,4,2,2243,2,2648.05,127.96,1052.87,0
12244,20260405,157,6206,,,1,1,2,2244,4,2675.69,188.11,786.69,0
12245,20260406,111,5982,,,2,12,2,2245,3,2383.48,7.98,1219.18,0
12246,20260407,193,5215,,,1,5,2,2246,2,1993.55,170.78,4224.45,0
12247,20260408,169,5025,,,2,10,2,2247,3,2309.0,60.34,4665.33,0
12248,20260409,189,5229,,,1,8,2,2248,4,1841.85,66.9,4418.12,0
12249,20260410,105,5464,,,1,11,2,2249,1,445.29,264.43,2635.12,0
12250,20260411,173,5412,,,2,12,2,2250,4,475.16,200.62,2514.05,0
12251,20260412,190,5428,,,1,11,2,2251,5,1538.61,123.59,1387.84,0
12252,20260413,151,6360,,,1,12,2,2252,4,447.86,149.73,4172.47,0
12253,20260414,139,5334,,,1,12,2,2253,4,711.72,160.26,1642.87,0
12254,20260415,142,5191,,,1,6,2,2254,5,1308.2,38.43,1698.58,0
12255,20260416,139,6186,,,1,9,2,2255,6,1558.39,13.36,1927.28,0
12256,20260417,166,5538,,,1,2,2,2256,3,527.08,7.51,3162.95,0
12257,20260418,109,5281,,,2,1,2,2257,2,1517.6,89.15,750.17,0
12258,20260419,171,5092,,,1,2,2,2258,3,1286.99,93.94,3361.53,0
12259,20260420,133,6265,,,1,11,2,2259,2,1012.35,272.08,3044.44,0
12260,20260421,138,5974,,,2,7,2,2260,3,2750.24,66.3,2657.72,0
12261,20260422,119,5280,,,2,5,2,2261,3,2256.76,236.83,3432.72,0
12262,20260423,160,5928,,,2,4,2,2262,1,2725.43,181.75,788.54,0
12263,20260424,144,5399,,,1,2,2,2263,3,650.45,194.23,4545.64,0
12264,20260425,115,5965,,,1,9,2,2264,6,921.12,187.9,4352.43,0
12265,20260426,117,6288,,,2,6,2,2265,1,1160.45,196.31,751.31,0
12266,20260427,155,5394,,,1,12,2,2266,4,1591.17,258.27,2973.14,0
12267,20260428,174,5404,,,1,12,2,2267,2,1684.82,263.34,1505.26,0
12268,20260429,188,5622,,,1,4,2,2268,5,909.58,229.19,1878.3,0
12269,20260430,146,6351,,,1,2,2,2269,4,1905.42,296.64,551.73,0
12270,20260501,195,6075,,,2,6,2,2270,4,1507.31,252.17,2721.0,0
12271,20260201,160,5613,,,2,7,2,2271,2,1958.87,115.41,3410.44,0
12272,20260202,106,5165,,,1,1,2,2272,5,1816.98,106.32,3951.95,0
12273,20260203,101,6177,,,1,12,2,2273,1,1181.7,200.03,1180.41,0
12274,20260204,119,5982,,,2,11,2,2274,6,1966.64,62.59,2966.92,0
12275,20260205,158,6088,,,1,1,2,2275,3,1503.6,201.19,1656.22,0
12276,20260206,148,5983,,,1,3,2,2276,6,1355.25,140.16,2876.9,0
12277,20260207,157,6499,,,1,1,2,2277,1,2382.11,16.11,2063.03,0
12278,20260208,136,5887,,,2,12,2,2278,5,487.63,226.77,2540.54,0
12279,20260209,170,5537,,,1,11,2,2279,3,1157.53,244.19,3608.47,0
12280,20260210,112,5172,,,2,9,2,2280,3,2419.87,132.2,3666.35,0
12281,20260211,106,5635,,,1,6,2,2281,4,835.15,85.75,3992.96,0
12282,20260212,144,6072,,,2,5,2,2282,6,2391.45,28.69,2289.73,0
12283,20260213,135,5682,,,1,8,2,2283,3,1571.22,180.78,4643.74,0
12284,20260214,118,5775,,,2,2,2,2284,1,2720.29,182.1,2127.75,0
12285,20260215,169,5452,,,1,1,2,2285,3,2029.29,176.67,897.27,0
12286,20260216,190,6185,,,1,8,2,2286,1,1549.91,186.88,3092.03,0
12287,20260217,120,6390,,,2,2,2,2287,6,580.18,90.48,3989.42,0
12288,20260218,199,6207,,,1,5,2,2288,3,777.64,294.48,2265.57,0
12289,20260219,153,5737,,,2,3,2,2289,2,2435.24,72.49,796.3,0
12290,20260220,187,5919,,,2,11,2,2290,1,1002.25,177.9,1734.61,0
12291,20260221,156,5885,,,2,5,2,2291,3,2762.06,293.77,2555.62,0
12292,20260222,184,5995,,,2,3,2,2292,2,666.53,105.36,3084.53,0
12293,20260223,197,5380,,,1,7,2,2293,3,1321.26,8.11,1230.87,0
12294,20260224,132,6020,,,2,2,2,2294,3,1851.44,292.74,3414.45,0
12295,20260225,121,6159,,,1,8,2,2295,5,2744.64,177.01,2964.15,0
12296,20260226,106,6385,,,1,11,2,2296,6,1864.73,297.26,3598.44,0
12297,20260227,191,6301,,,2,8,2,2297,2,1587.4,275.63,4786.4,0
12298,20260228,110,6198,,,2,11,2,2298,6,624.34,229.74,792.54,0
12299,20260301,117,5094,,,1,5,2,2299,6,1167.71,272.17,4469.69,0
12300,20260302,102,5746,,,1,12,2,2300,3,2431.27,181.4,1270.31,0
12301,20260303,189,6100,,,1,2,2,2301,3,602.0,105.86,1856.78,0
12302,20260304,185,5237,,,2,4,2,2302,1,2021.34,81.91,2675.46,0
12303,20260305,102,6369,,,2,10,2,2303,6,2581.2,6.99,3656.71,0
12304,20260306,153,5633,,,1,8,2,2304,3,2622.48,86.02,2440.49,0
12305,20260307,169,5561,,,2,6,2,2305,1,1133.05,39.25,546.67,0
12306,20260308,113,5361,,,1,8,2,2306,6,1165.31,126.18,2330.83,0
12307,20260309,153,5738,,,2,8,2,2307,1,771.61,253.13,3199.51,0
12308,20260310,106,5961,,,1,1,2,2308,2,2356.0,156.21,2063.15,0
12309,20260311,144,6306,,,1,4,2,2309,2,946.73,101.73,1058.15,0
12310,20260312,152,5114,,,1,10,2,2310,1,991.23,71.39,3661.96,0
12311,20260313,112,5912,,,2,7,2,2311,4,1070.03,25.97,2428.64,0
12312,20260314,139,5285,,,1,1,2,2312,6,1842.54,156.66,4798.96,0
12313,20260315,175,5533,,,2,5,2,2313,6,1051.44,162.19,2933.2,0
12314,20260316,188,5985,,,1,12,2,2314,4,559.01,283.77,2391.87,0
12315,20260317,114,5366,,,2,4,2,2315,5,1668.57,59.25,763.73,0
12316,20260318,192,6234,,,1,7,2,2316,4,1469.05,128.42,4967.03,0
12317,20260319,178,6102,,,2,8,2,2317,2,1447.68,122.62,2185.54,0
12318,20260320,109,5559,,,1,9,2,2318,5,759.34,90.59,3337.45,0
12319,20260321,109,5181,,,2,12,2,2319,2,1759.5,213.33,1250.51,0
12320,20260322,186,5637,,,1,6,2,2320,1,1650.24,145.26,1548.81,0
12321,20260323,158,6320,,,1,10,2,2321,6,2766.28,34.29,1578.28,0
12322,20260324,129,6026,,,1,9,2,2322,1,1596.98,278.88,1754.14,0
12323,20260325,116,6280,,,2,2,2,2323,1,2123.75,46.5,3416.57,0
12324,20260326,199,6415,,,2,2,2,2324,5,2688.9,32.86,1538.05,0
12325,20260327,177,5495,,,1,7,2,2325,5,1501.13,210.23,1680.56,0
12326,20260328,154,6458,,,1,8,2,2326,6,1769.43,277.04,2514.85,0
12327,20260329,186,6256,,,1,10,2,2327,1,2092.45,217.99,4695.77,0
12328,20260330,199,5598,,,1,7,2,2328,4,1336.07,100.68,1568.91,0
12329,20260331,152,5459,,,1,1,2,2329,1,1770.87,283.19,3280.34,0
12330,20260401,147,5900,,,1,5,2,2330,4,2191.45,139.35,3474.06,0
12331,20260402,149,6086,,,2,1,2,2331,6,638.2,130.15,3435.57,0
12332,20260403,109,6388,,,2,9,2,2332,1,1151.44,211.97,1622.38,0
12333,20260404,167,5104,,,1,3,2,2333,3,2484.24,21.21,2105.83,0
12334,20260405,107,6258,,,2,3,2,2334,2,596.68,297.15,513.91,0
12335,20260406,194,6018,,,2,5,2,2335,3,1187.88,205.01,3290.97,0
12336,20260407,149,5202,,,1,9,2,2336,5,492.31,223.18,1121.63,0
12337,20260408,199,5566,,,1,6,2,2337,4,1501.14,243.05,2675.8,1
12338,20260409,186,6272,,,1,6,2,2338,3,1149.33,119.74,4143.79,0
12339,20260410,141,5645,,,1,8,2,2339,1,1253.31,288.0,3006.27,0
12340,20260411,163,5538,,,1,4,2,2340,2,1273.57,124.65,3557.96,0
12341,20260412,147,6177,,,2,11,2,2341,5,1692.69,145.69,1992.96,0
12342,20260413,196,5529,,,1,4,2,2342,6,2030.55,253.46,4184.18,0
12343,20260414,138,6226,,,2,4,2,2343,3,769.16,44.51,761.58,0
12344,20260415,141,5830,,,1,12,2,2344,6,2726.99,248.5,4548.42,0
12345,20260416,123,6000,,,1,8,2,2345,4,905.48,51.96,515.68,0
12346,20260417,191,5820,,,2,1,2,2346,4,2644.19,264.55,4333.61,0
12347,20260418,194,5705,,,1,4,2,2347,5,2735.91,158.32,3652.34,0
12348,20260419,189,5901,,,1,11,2,2348,1,2562.69,4.62,4443.2,0
12349,20260420,127,5587,,,1,5,2,2349,2,753.59,103.76,4904.04,0
12350,20260421,148,5723,,,2,6,2,2350,3,659.81,87.26,1131.34,0
12351,20260422,103,5466,,,1,9,2,2351,2,945.41,179.37,2793.87,0
12352,20260423,135,5777,,,1,10,2,2352,6,2528.2,70.43,2366.02,0
12353,20260424,191,5905,,,2,12,2,2353,5,2029.97,85.44,1941.36,0
12354,20260425,189,6010,,,2,10,2,2354,3,594.95,244.66,2964.37,0
12355,20260426,160,6345,,,2,6,2,2355,1,642.51,25.02,2689.2,0
12356,20260427,114,6124,,,1,3,2,2356,5,1617.25,149.55,2214.29,0
12357,20260428,136,5738,,,2,6,2,2357,6,1066.47,29.15,4283.42,0
12358,20260429,190,5591,,,2,4,2,2358,2,788.05,261.23,3492.2,0
12359,20260430,189,5045,,,2,8,2,2359,6,1225.81,120.65,3633.95,0
12360,20260501,175,5769,,,1,5,2,2360,4,816.34,252.22,2000.48,0
12361,20260201,104,6086,,,2,3,2,2361,1,1009.24,21.45,714.91,0
12362,20260202,105,6227,,,2,12,2,2362,2,1179.56,4.35,660.29,0
12363,20260203,125,5405,,,1,9,2,2363,6,2736.2,140.71,535.84,0
12364,20260204,106,6003,,,1,2,2,2364,2,2699.57,185.18,3011.48,0
12365,20260205,108,5575,,,2,3,2,2365,1,2320.7,206.5,2351.98,0
12366,20260206,170,5948,,,2,2,2,2366,5,1250.35,36.48,3715.63,0
12367,20260207,138,6024,,,2,7,2,2367,5,1036.59,74.51,4603.73,0
12368,20260208,199,5508,,,2,6,2,2368,1,2545.49,187.18,2828.63,0
12369,20260209,162,6373,,,1,1,2,2369,3,730.19,198.59,1418.51,1
12370,20260210,122,5353,,,2,5,2,2370,4,2509.44,222.77,4648.08,0
12371,20260211,120,5106,,,1,4,2,2371,3,1603.25,51.85,4501.0,0
12372,20260212,180,5129,,,1,12,2,2372,6,1683.22,48.32,2464.94,0
12373,20260213,160,5358,,,1,5,2,2373,6,1402.34,6.88,4294.51,0
12374,20260214,115,6348,,,1,1,2,2374,5,1011.58,202.54,4755.18,0
12375,20260215,102,6182,,,2,6,2,2375,2,2252.19,246.77,1548.33,0
12376,20260216,154,5235,,,2,8,2,2376,4,2381.66,86.22,2905.99,0
12377,20260217,193,6101,,,1,1,2,2377,1,2773.58,88.67,1491.49,0
12378,20260218,160,5009,,,2,3,2,2378,3,931.75,99.58,3523.3,0
12379,20260219,189,6196,,,1,8,2,2379,5,1333.75,283.97,1183.11,0
12380,20260220,109,6052,,,2,2,2,2380,6,963.97,70.93,3215.32,0
12381,20260221,128,6165,,,1,5,2,2381,2,2041.24,155.0,4161.88,0
12382,20260222,192,5545,,,2,4,2,2382,4,1116.15,292.35,1474.32,0
12383,20260223,138,5606,,,1,5,2,2383,3,2766.73,179.53,3354.38,0
12384,20260224,113,6265,,,2,12,2,2384,1,986.69,131.38,3760.12,0
12385,20260225,108,5946,,,1,2,2,2385,1,788.51,184.41,4003.38,0
12386,20260226,178,5515,,,2,1,2,2386,4,1543.02,265.37,4138.88,0
12387,20260227,141,6438,,,1,6,2,2387,4,1427.61,245.01,1596.21,0
12388,20260228,135,5606,,,1,5,2,2388,4,1530.71,165.38,3385.27,0
12389,20260301,120,5383,,,1,6,2,2389,5,2453.98,193.35,2015.73,0
12390,20260302,151,5190,,,2,8,2,2390,4,2218.23,154.37,4200.56,0
12391,20260303,119,5524,,,1,7,2,2391,4,1561.43,63.25,1380.25,0
12392,20260304,126,5030,,,1,4,2,2392,6,1131.04,82.99,1721.57,0
12393,20260305,179,5234,,,1,11,2,2393,3,2398.08,46.21,3531.94,0
12394,20260306,133,5960,,,2,1,2,2394,1,2111.16,4.86,2338.52,0
12395,20260307,152,5220,,,2,7,2,2395,3,2392.66,132.24,4031.75,0
12396,20260308,157,6287,,,1,8,2,2396,5,1632.09,122.36,696.75,0
12397,20260309,148,5327,,,1,4,2,2397,2,1869.07,127.85,1322.44,1
12398,20260310,129,5540,,,1,11,2,2398,5,669.24,78.45,1248.3,0
12399,20260311,127,6100,,,2,12,2,2399,1,1320.24,261.2,3216.72,0
12400,20260312,131,5136,,,1,7,2,2400,6,2240.03,273.55,1738.65,0
12401,20260313,152,6157,,,1,6,2,2401,4,834.28,231.98,2570.97,1
12402,20260314,185,5821,,,2,7,2,2402,5,2394.26,3.62,521.33,0
12403,20260315,179,5539,,,2,9,2,2403,3,2723.74,172.22,945.3,0
12404,20260316,151,6191,,,2,7,2,2404,2,1382.05,3.43,1398.65,0
12405,20260317,125,5441,,,1,8,2,2405,2,1366.29,242.44,1331.54,0
12406,20260318,163,5913,,,2,5,2,2406,4,2139.32,189.56,2885.88,0
12407,20260319,200,6016,,,1,3,2,2407,6,1025.89,171.21,2499.0,0
12408,20260320,144,6137,,,2,3,2,2408,6,1923.53,238.08,2853.48,0
12409,20260321,123,5414,,,2,6,2,2409,4,1580.19,194.24,4370.62,0
12410,20260322,137,5482,,,1,1,2,2410,3,2038.18,114.75,2111.17,0
12411,20260323,196,5526,,,2,2,2,2411,2,2505.87,175.63,4450.36,0
12412,20260324,158,5268,,,2,9,2,2412,2,503.68,263.87,2019.78,0
12413,20260325,173,5988,,,2,6,2,2413,2,1907.02,25.46,899.66,0
12414,20260326,123,6452,,,1,5,2,2414,1,910.13,51.82,3150.54,0
12415,20260327,190,5557,,,2,8,2,2415,1,1193.81,102.21,2250.31,0
12416,20260328,145,6289,,,1,5,2,2416,4,1832.52,73.47,1162.45,0
12417,20260329,180,6078,,,1,9,2,2417,1,961.28,151.18,1523.51,0
12418,20260330,150,5645,,,1,9,2,2418,1,1646.03,145.34,4389.09,0
12419,20260331,138,6322,,,1,2,2,2419,4,830.79,65.47,576.54,0
12420,20260401,122,5960,,,1,12,2,2420,1,2448.44,270.18,995.03,0
12421,20260402,157,5629,,,2,10,2,2421,4,1358.69,46.83,1801.03,0
12422,20260403,119,6500,,,2,5,2,2422,6,1893.49,111.67,2286.2,0
12423,20260404,162,5914,,,2,2,2,2423,6,2384.15,130.85,4516.75,0
12424,20260405,148,5110,,,1,2,2,2424,6,2574.6,212.68,3765.03,0
12425,20260406,175,6007,,,1,5,2,2425,3,2593.54,138.83,1010.78,0
12426,20260407,102,5777,,,1,6,2,2426,1,2256.08,284.1,1126.56,0
12427,20260408,114,5948,,,1,8,2,2427,1,1942.12,272.49,3606.39,0
12428,20260409,113,5787,,,1,5,2,2428,6,1937.45,270.02,1905.62,0
12429,20260410,133,5863,,,1,1,2,2429,5,763.94,297.44,4229.43,0
12430,20260411,101,6071,,,1,1,2,2430,2,1433.85,50.75,2196.39,1
12431,20260412,153,6258,,,1,10,2,2431,3,462.04,237.27,3065.44,0
12432,20260413,169,5298,,,1,1,2,2432,2,1660.25,88.33,834.93,0
12433,20260414,188,5490,,,1,1,2,2433,3,2530.79,194.58,1399.64,1
12434,20260415,194,5361,,,2,4,2,2434,5,951.32,119.17,2330.17,0
12435,20260416,161,5894,,,1,8,2,2435,1,2740.73,119.87,4121.04,0
12436,20260417,195,5277,,,2,7,2,2436,1,798.4,82.02,2732.26,0
12437,20260418,159,5866,,,2,1,2,2437,2,929.69,225.52,1841.18,0
12438,20260419,133,5693,,,2,1,2,2438,2,2505.42,143.56,3507.69,0
12439,20260420,175,5932,,,1,12,2,2439,5,705.07,197.48,564.39,0
12440,20260421,178,5528,,,1,9,2,2440,5,2751.81,140.46,2903.06,0
12441,20260422,156,5463,,,1,12,2,2441,3,2370.56,41.24,3702.64,0
12442,20260423,171,5329,,,1,5,2,2442,6,1868.35,144.67,1415.95,0
12443,20260424,107,5252,,,1,7,2,2443,5,1016.46,229.91,2186.43,0
12444,20260425,186,6455,,,2,2,2,2444,1,1350.82,40.04,1267.99,0
12445,20260426,150,5526,,,1,10,2,2445,6,1752.67,298.16,985.47,0
12446,20260427,108,6106,,,2,9,2,2446,1,2019.0,66.88,4469.21,0
12447,20260428,114,5813,,,1,10,2,2447,4,2149.11,219.29,2163.73,0
12448,20260429,110,5634,,,2,1,2,2448,4,1629.2,124.94,801.45,0
12449,20260430,169,5648,,,2,10,2,2449,4,2116.42,150.27,1305.56,0
12450,20260501,133,5219,,,1,8,2,2450,3,1844.71,106.8,4145.04,0
12451,20260201,116,5560,,,1,1,2,2451,3,2702.79,224.12,4923.2,0
12452,20260202,192,5550,,,2,6,2,2452,6,1387.51,297.7,2698.22,1
12453,20260203,132,6250,,,2,11,2,2453,1,2539.73,223.92,2666.96,0
12454,20260204,102,5465,,,1,3,2,2454,4,739.73,27.92,4287.13,0
12455,20260205,163,6223,,,2,2,2,2455,4,1726.62,36.99,4165.22,0
12456,20260206,146,6070,,,1,2,2,2456,1,526.64,171.06,4385.14,0
12457,20260207,148,5794,,,2,8,2,2457,4,1620.89,225.88,2127.58,0
12458,20260208,131,6137,,,1,2,2,2458,3,1792.94,204.94,3957.84,0
12459,20260209,158,5321,,,1,1,2,2459,1,645.99,128.5,577.4,0
12460,20260210,156,5763,,,1,10,2,2460,5,2467.85,259.26,927.2,0
12461,20260211,120,6371,,,2,10,2,2461,4,1021.83,100.25,1377.59,0
12462,20260212,146,5005,,,2,9,2,2462,5,1106.81,123.66,3685.68,0
12463,20260213,176,5174,,,2,8,2,2463,2,669.56,267.53,1599.66,0
12464,20260214,153,5280,,,2,5,2,2464,6,2645.07,44.54,3279.06,0
12465,20260215,196,5295,,,1,2,2,2465,6,2071.7,83.37,3323.7,0
12466,20260216,155,5543,,,2,11,2,2466,1,710.4,227.92,1858.3,0
12467,20260217,151,6425,,,2,5,2,2467,6,2784.67,165.51,3229.23,0
12468,20260218,116,5276,,,2,8,2,2468,5,1247.61,10.11,1120.7,0
12469,20260219,174,6372,,,1,7,2,2469,3,1016.23,140.15,542.51,0
12470,20260220,114,5001,,,2,7,2,2470,3,2357.38,237.54,4844.24,1
12471,20260221,104,5345,,,1,8,2,2471,5,1170.34,252.16,3291.66,0
12472,20260222,113,5534,,,2,4,2,2472,2,2531.17,259.27,1321.87,0
12473,20260223,178,5253,,,2,6,2,2473,2,540.03,220.6,668.86,0
12474,20260224,196,6233,,,1,8,2,2474,6,2391.56,219.14,2689.12,0
12475,20260225,133,5317,,,2,5,2,2475,4,2466.09,112.45,2788.7,0
12476,20260226,150,5809,,,2,11,2,2476,1,496.95,244.49,3418.47,0
12477,20260227,194,6404,,,2,5,2,2477,2,907.53,84.94,2169.0,0
12478,20260228,150,5318,,,2,5,2,2478,2,786.0,105.57,4595.74,0
12479,20260301,104,5836,,,1,1,2,2479,3,1007.32,277.69,4277.37,0
12480,20260302,160,6333,,,1,9,2,2480,3,1797.03,92.11,1476.03,0
12481,20260303,147,6316,,,1,11,2,2481,3,1377.82,217.92,946.74,0
12482,20260304,130,5772,,,1,12,2,2482,4,2325.08,38.51,4011.52,0
12483,20260305,198,6484,,,2,6,2,2483,1,1989.59,250.9,2434.34,0
12484,20260306,146,6389,,,1,7,2,2484,2,2758.59,152.57,3440.47,0
12485,20260307,175,5287,,,1,11,2,2485,2,2700.69,222.94,3249.72,0
12486,20260308,163,5764,,,1,3,2,2486,5,1905.0,33.52,2269.5,0
12487,20260309,163,5543,,,1,7,2,2487,3,1785.95,138.61,4321.97,0
12488,20260310,127,5169,,,2,10,2,2488,4,1709.39,60.15,1895.21,0
12489,20260311,169,5298,,,1,9,2,2489,1,863.91,96.98,2146.41,0
12490,20260312,199,6167,,,2,8,2,2490,3,2147.82,276.7,4144.11,0
12491,20260313,167,5246,,,1,12,2,2491,1,2521.23,122.8,3104.91,0
12492,20260314,177,6496,,,1,1,2,2492,1,809.08,194.87,2657.31,0
12493,20260315,153,5125,,,1,4,2,2493,3,2592.01,73.59,903.71,0
12494,20260316,159,5695,,,2,6,2,2494,6,562.81,280.6,1724.76,0
12495,20260317,127,5774,,,1,12,2,2495,6,1313.75,145.96,3670.67,0
12496,20260318,116,5424,,,1,4,2,2496,1,1004.97,60.33,2449.15,0
12497,20260319,117,5681,,,2,12,2,2497,2,2201.58,243.94,3836.34,0
12498,20260320,184,5678,,,1,11,2,2498,4,1425.7,106.14,527.97,0
12499,20260321,111,5665,,,1,1,2,2499,2,475.24,0.81,3856.59,0
12500,20260322,153,5906,,,1,1,2,2500,1,439.54,139.31,1137.12,0
12501,20260323,123,5486,,,2,3,2,2501,6,2169.4,299.7,544.36,0
12502,20260324,180,5694,,,1,3,2,2502,3,1509.22,76.24,3484.65,0
12503,20260325,162,5691,,,2,4,2,2503,4,1297.83,82.73,4311.19,0
12504,20260326,152,6208,,,2,6,2,2504,1,2545.97,276.1,1465.14,0
12505,20260327,132,6303,,,2,7,2,2505,5,1725.18,295.87,2064.7,0
12506,20260328,155,5041,,,1,5,2,2506,4,1033.64,12.27,599.26,0
12507,20260329,136,5372,,,1,1,2,2507,2,686.61,154.04,3961.57,0
12508,20260330,153,5682,,,2,5,2,2508,2,1195.67,255.93,1220.59,0
12509,20260331,179,5770,,,2,4,2,2509,5,1452.09,125.85,1831.35,0
12510,20260401,118,6371,,,1,5,2,2510,1,2012.52,147.47,3927.45,0
12511,20260402,173,5940,,,1,2,2,2511,4,2032.25,31.45,3857.99,0
12512,20260403,139,5408,,,1,12,2,2512,5,983.32,19.17,1649.94,0
12513,20260404,186,5444,,,2,4,2,2513,5,2346.35,286.34,1469.11,0
12514,20260405,166,6123,,,2,4,2,2514,3,762.18,57.41,916.21,0
12515,20260406,157,5956,,,2,1,2,2515,5,2158.73,97.31,3033.62,0
12516,20260407,196,5838,,,1,4,2,2516,6,1502.92,63.61,3101.9,0
12517,20260408,101,5966,,,2,9,2,2517,2,1710.65,29.71,3615.46,0
12518,20260409,152,5225,,,1,2,2,2518,2,1430.98,194.17,3077.26,0
12519,20260410,172,5053,,,2,12,2,2519,1,2408.75,234.1,926.18,0
12520,20260411,148,5712,,,1,6,2,2520,4,1132.31,163.61,4380.18,0
12521,20260412,156,5979,,,2,9,2,2521,5,1256.19,75.85,4169.98,0
12522,20260413,126,5141,,,2,1,2,2522,3,2542.13,156.57,2083.24,0
12523,20260414,150,5887,,,2,6,2,2523,4,1475.32,224.05,1552.41,0
12524,20260415,108,5761,,,1,4,2,2524,1,1197.74,297.53,740.42,0
12525,20260416,196,5087,,,1,1,2,2525,6,2354.15,51.22,1425.65,0
12526,20260417,146,6100,,,1,4,2,2526,5,1394.59,58.33,3568.35,0
12527,20260418,113,5962,,,2,7,2,2527,2,979.46,17.7,2568.75,0
12528,20260419,116,6370,,,2,7,2,2528,5,870.41,151.08,2962.47,0
12529,20260420,174,5017,,,1,6,2,2529,3,1085.37,230.72,2967.51,0
12530,20260421,107,5788,,,1,12,2,2530,1,1506.59,197.33,3211.87,0
12531,20260422,122,6411,,,1,4,2,2531,1,1438.93,111.25,2651.15,0
12532,20260423,159,6155,,,1,5,2,2532,1,606.29,15.02,4084.55,0
12533,20260424,196,5452,,,2,9,2,2533,4,1930.34,271.67,2682.47,0
12534,20260425,163,6183,,,1,5,2,2534,3,842.19,253.74,3993.11,0
12535,20260426,186,5509,,,1,10,2,2535,2,2751.23,203.5,3701.68,0
12536,20260427,132,5721,,,1,9,2,2536,5,1967.47,227.83,691.53,0
12537,20260428,115,5939,,,2,5,2,2537,4,2744.3,190.28,4982.61,0
12538,20260429,178,6425,,,2,5,2,2538,1,1212.46,172.36,4092.25,0
12539,20260430,110,5600,,,2,4,2,2539,3,1959.7,268.51,2153.81,0
12540,20260501,117,6396,,,1,3,2,2540,4,1138.72,109.24,4464.41,0
12541,20260201,137,5296,,,1,4,2,2541,2,517.37,176.75,2302.84,0
12542,20260202,155,5011,,,1,9,2,2542,6,1214.49,252.74,593.14,0
12543,20260203,125,6375,,,1,2,2,2543,5,2490.14,276.23,1128.34,0
12544,20260204,121,6387,,,2,2,2,2544,5,2355.37,247.15,1079.79,0
12545,20260205,167,5251,,,1,9,2,2545,5,1476.51,122.85,4721.3,1
12546,20260206,122,5971,,,2,11,2,2546,4,776.0,81.27,4524.46,0
12547,20260207,107,6058,,,1,7,2,2547,5,1153.53,66.49,2633.77,0
12548,20260208,115,5567,,,2,2,2,2548,1,2052.29,152.51,4882.22,0
12549,20260209,173,5669,,,2,6,2,2549,5,976.43,208.82,2163.53,0
12550,20260210,193,6465,,,1,4,2,2550,5,1096.1,77.53,2826.38,0
12551,20260211,180,6369,,,2,4,2,2551,6,917.99,234.09,2904.7,0
12552,20260212,135,5180,,,2,8,2,2552,4,1081.45,284.08,4018.93,0
12553,20260213,157,6093,,,2,5,2,2553,1,1859.7,147.5,2577.67,0
12554,20260214,135,6001,,,1,11,2,2554,6,1132.09,255.39,1075.41,0
12555,20260215,185,5334,,,2,5,2,2555,5,699.31,185.55,1211.88,0
12556,20260216,122,5420,,,1,9,2,2556,1,2474.8,74.27,4289.74,0
12557,20260217,180,5614,,,2,12,2,2557,4,2059.75,101.16,1442.42,0
12558,20260218,187,5740,,,2,1,2,2558,5,1948.14,298.33,2708.67,0
12559,20260219,108,5698,,,1,5,2,2559,1,2130.76,230.09,4928.34,0
12560,20260220,110,5876,,,1,4,2,2560,2,2640.41,182.66,3575.34,0
12561,20260221,150,6226,,,1,8,2,2561,1,1911.31,38.27,3527.05,0
12562,20260222,187,5561,,,2,10,2,2562,5,2796.47,174.86,2495.34,0
12563,20260223,171,6342,,,2,1,2,2563,6,1365.43,60.26,3545.5,0
12564,20260224,171,5783,,,1,9,2,2564,3,2112.08,50.17,1597.59,0
12565,20260225,111,6189,,,1,7,2,2565,3,2652.17,213.23,2456.46,0
12566,20260226,193,6018,,,2,10,2,2566,5,821.65,288.62,1627.85,0
12567,20260227,150,5645,,,2,3,2,2567,1,2581.58,45.09,659.06,0
12568,20260228,168,5645,,,1,4,2,2568,2,1679.99,8.03,4313.63,0
12569,20260301,187,6225,,,1,5,2,2569,6,1127.58,291.02,1214.17,0
12570,20260302,140,6316,,,2,7,2,2570,2,2227.04,173.98,4780.16,0
12571,20260303,167,6130,,,1,2,2,2571,4,2695.55,289.77,3345.95,0
12572,20260304,194,5356,,,2,6,2,2572,5,2135.03,275.65,3652.59,0
12573,20260305,135,6059,,,2,12,2,2573,4,1493.72,237.26,4397.58,1
12574,20260306,188,6299,,,2,4,2,2574,3,679.75,25.52,698.24,0
12575,20260307,182,6223,,,1,10,2,2575,3,1838.37,154.83,4189.22,0
12576,20260308,152,6013,,,1,3,2,2576,4,2079.86,175.56,578.46,0
12577,20260309,171,5860,,,2,1,2,2577,6,521.56,214.76,4655.49,0
12578,20260310,161,5749,,,2,7,2,2578,6,845.3,279.79,2381.13,0
12579,20260311,113,5233,,,1,9,2,2579,4,1809.89,41.83,1210.86,0
12580,20260312,164,5599,,,1,10,2,2580,2,2204.44,145.6,2994.48,0
12581,20260313,170,5373,,,2,7,2,2581,6,1514.99,242.64,2514.75,0
12582,20260314,137,5085,,,2,9,2,2582,1,1586.99,8.79,4003.6,0
12583,20260315,130,6098,,,2,12,2,2583,6,2500.41,267.91,1104.37,0
12584,20260316,140,5641,,,1,5,2,2584,1,2698.65,29.98,4923.41,0
12585,20260317,109,5952,,,2,11,2,2585,6,2012.84,268.19,3155.92,0
12586,20260318,192,5490,,,2,2,2,2586,5,1177.71,210.49,1304.57,0
12587,20260319,102,5191,,,2,2,2,2587,1,1112.61,95.68,3857.97,0
12588,20260320,150,5965,,,1,7,2,2588,6,729.38,106.46,3283.09,0
12589,20260321,115,5871,,,1,6,2,2589,1,830.32,67.59,1459.95,0
12590,20260322,134,5324,,,1,4,2,2590,3,1114.2,11.85,3485.05,0
12591,20260323,109,5551,,,2,1,2,2591,5,2347.89,206.1,1636.64,0
12592,20260324,167,5731,,,1,9,2,2592,1,2207.14,198.76,3290.4,0
12593,20260325,136,5134,,,1,4,2,2593,2,710.91,167.63,1708.27,0
12594,20260326,137,5225,,,1,10,2,2594,2,2477.8,232.9,2916.19,0
12595,20260327,140,6081,,,1,1,2,2595,1,2572.4,160.99,4965.62,0
12596,20260328,154,5702,,,2,6,2,2596,2,2584.61,47.99,1197.55,0
12597,20260329,148,6015,,,1,12,2,2597,2,2178.03,92.34,2216.18,0
12598,20260330,184,6119,,,1,5,2,2598,3,1305.69,163.6,1432.07,0
12599,20260331,195,5273,,,1,2,2,2599,6,907.77,119.89,3822.03,0
12600,20260401,116,5560,,,1,8,2,2600,4,2572.83,57.87,1834.23,0
12601,20260402,113,5013,,,2,4,2,2601,3,849.97,61.13,3702.61,0
12602,20260403,175,5936,,,1,7,2,2602,6,1524.1,60.78,4323.56,0
12603,20260404,154,6126,,,1,5,2,2603,6,2673.57,269.86,3246.39,0
12604,20260405,114,5091,,,1,3,2,2604,2,1870.29,159.56,3959.06,0
12605,20260406,176,5831,,,1,7,2,2605,3,2444.75,255.49,2959.22,0
12606,20260407,132,5456,,,1,12,2,2606,6,846.33,82.02,3189.62,0
12607,20260408,117,6465,,,2,5,2,2607,6,2665.42,86.13,3146.61,0
12608,20260409,173,6064,,,2,7,2,2608,2,2742.9,129.35,1613.62,0
12609,20260410,182,5662,,,2,3,2,2609,4,1960.53,54.1,4193.9,0
12610,20260411,132,5844,,,1,11,2,2610,1,601.7,268.78,2929.19,0
12611,20260412,153,5605,,,1,5,2,2611,3,1525.99,136.65,4770.92,0
12612,20260413,181,5956,,,2,11,2,2612,2,2789.99,42.28,2598.25,0
12613,20260414,149,5402,,,2,10,2,2613,2,2305.0,282.23,1518.27,0
12614,20260415,102,5255,,,1,8,2,2614,4,1709.2,109.49,4728.62,0
12615,20260416,120,5344,,,2,4,2,2615,3,737.79,118.89,1897.34,0
12616,20260417,138,5857,,,1,11,2,2616,6,2152.24,23.22,1624.45,0
12617,20260418,118,5510,,,2,1,2,2617,2,2717.17,64.49,942.15,0
12618,20260419,139,6078,,,2,10,2,2618,5,2151.95,52.4,2554.45,0
12619,20260420,181,5470,,,2,8,2,2619,4,2667.18,241.33,4486.4,0
12620,20260421,182,5842,,,2,3,2,2620,1,1326.25,222.24,1124.01,0
12621,20260422,166,5289,,,2,2,2,2621,1,1185.35,1.55,4803.1,0
12622,20260423,112,5796,,,2,4,2,2622,5,864.14,73.22,3907.63,0
12623,20260424,199,5355,,,1,7,2,2623,6,1817.76,64.68,2804.41,0
12624,20260425,168,6354,,,2,4,2,2624,2,2220.32,152.19,2848.28,0
12625,20260426,147,6023,,,2,8,2,2625,1,1333.32,1.44,2062.8,1
12626,20260427,102,5786,,,2,12,2,2626,2,1476.1,149.25,3536.57,0
12627,20260428,118,5001,,,1,7,2,2627,3,584.99,194.83,2188.0,0
12628,20260429,183,6158,,,2,6,2,2628,3,539.68,106.66,871.85,0
12629,20260430,135,5077,,,2,8,2,2629,5,2550.7,181.05,3459.13,0
12630,20260501,147,6210,,,1,7,2,2630,5,2169.83,84.21,3390.41,0
12631,20260201,131,5591,,,1,2,2,2631,5,424.13,21.39,4009.7,0
12632,20260202,188,5396,,,1,11,2,2632,5,753.98,129.26,4618.75,0
12633,20260203,182,5790,,,1,2,2,2633,4,2011.56,239.36,1658.27,0
12634,20260204,172,6381,,,2,1,2,2634,4,2499.31,12.54,1017.56,0
12635,20260205,156,5475,,,2,10,2,2635,1,657.82,150.57,3047.44,0
12636,20260206,150,5178,,,2,9,2,2636,2,903.36,149.54,1414.63,0
12637,20260207,106,6008,,,1,1,2,2637,1,1449.87,106.73,4161.73,0
12638,20260208,125,5451,,,2,7,2,2638,6,1539.68,47.37,1471.56,0
12639,20260209,169,5424,,,1,5,2,2639,1,2600.34,36.09,944.04,0
12640,20260210,152,5032,,,1,5,2,2640,3,2584.85,62.39,4591.08,0
12641,20260211,175,5823,,,2,5,2,2641,2,625.6,135.84,1550.92,0
12642,20260212,106,5689,,,2,8,2,2642,4,1843.98,111.33,4773.28,0
12643,20260213,193,6338,,,1,12,2,2643,1,1505.59,107.03,4457.66,0
12644,20260214,180,5050,,,1,8,2,2644,3,526.98,34.61,1204.86,0
12645,20260215,155,5787,,,2,5,2,2645,5,770.38,102.16,3904.49,0
12646,20260216,168,5354,,,1,7,2,2646,2,1322.63,23.8,2735.59,0
12647,20260217,165,5918,,,2,7,2,2647,3,812.48,263.64,592.19,0
12648,20260218,128,5870,,,2,9,2,2648,6,726.37,118.85,2528.52,0
12649,20260219,142,5825,,,2,9,2,2649,4,2472.62,271.58,1398.16,0
12650,20260220,157,5089,,,2,3,2,2650,3,682.71,194.56,1349.2,0
12651,20260221,185,5526,,,2,4,2,2651,4,1391.06,141.72,1981.61,1
12652,20260222,155,5305,,,1,10,2,2652,2,901.5,110.08,3419.01,0
12653,20260223,157,5973,,,2,6,2,2653,5,1638.35,2.0,1765.8,0
12654,20260224,140,6236,,,1,12,2,2654,6,957.72,16.11,4143.23,0
12655,20260225,185,5277,,,1,8,2,2655,6,2084.96,96.35,2168.7,0
12656,20260226,168,5918,,,2,12,2,2656,4,1326.77,34.15,2509.43,0
12657,20260227,122,6284,,,1,10,2,2657,5,768.45,170.71,1415.21,0
12658,20260228,179,5894,,,1,2,2,2658,4,1217.52,213.82,4353.59,0
12659,20260301,165,6478,,,1,11,2,2659,6,2325.52,254.71,2114.26,0
12660,20260302,196,5810,,,1,2,2,2660,5,813.04,24.12,4388.43,0
12661,20260303,101,6365,,,2,10,2,2661,4,2697.94,20.57,4199.43,0
12662,20260304,129,6041,,,1,6,2,2662,3,939.44,77.0,2338.03,0
12663,20260305,111,6297,,,2,10,2,2663,3,479.57,101.53,4157.35,0
12664,20260306,102,5359,,,2,3,2,2664,1,2763.44,106.83,3111.79,0
12665,20260307,159,6348,,,2,11,2,2665,5,2346.8,265.24,4724.47,1
12666,20260308,151,5196,,,2,3,2,2666,5,1312.38,148.98,2483.19,0
12667,20260309,170,5528,,,2,11,2,2667,3,1844.49,185.5,3676.74,0
12668,20260310,139,5588,,,2,8,2,2668,4,730.59,71.44,2035.72,0
12669,20260311,133,6060,,,2,5,2,2669,2,953.67,175.31,4307.69,0
12670,20260312,118,6122,,,2,10,2,2670,5,1244.54,124.26,2648.16,0
12671,20260313,132,5887,,,1,10,2,2671,3,720.8,153.42,4105.54,0
12672,20260314,164,5152,,,1,5,2,2672,1,926.82,276.41,4548.27,0
12673,20260315,145,6254,,,2,11,2,2673,6,1710.7,196.94,4752.67,0
12674,20260316,166,5522,,,1,8,2,2674,3,1290.16,32.55,1679.43,0
12675,20260317,179,5772,,,1,1,2,2675,2,2706.17,181.68,1995.29,0
12676,20260318,170,5496,,,2,7,2,2676,5,2395.91,88.05,4070.9,0
12677,20260319,170,5764,,,1,12,2,2677,2,1754.41,13.83,3347.01,0
12678,20260320,185,5381,,,2,12,2,2678,2,1723.74,3.15,2576.09,0
12679,20260321,164,5385,,,1,6,2,2679,3,1427.5,57.8,3039.19,0
12680,20260322,170,6239,,,1,7,2,2680,1,1816.94,223.65,723.39,0
12681,20260323,168,5249,,,1,4,2,2681,2,1565.74,216.66,4964.35,0
12682,20260324,135,5464,,,1,2,2,2682,1,1000.46,31.0,3627.61,0
12683,20260325,178,5129,,,1,1,2,2683,6,419.28,174.69,3811.09,0
12684,20260326,169,6304,,,1,8,2,2684,6,1228.31,261.26,4578.78,0
12685,20260327,104,5357,,,2,4,2,2685,3,1945.32,284.1,3897.73,0
12686,20260328,159,5955,,,2,1,2,2686,1,2282.28,61.93,3104.02,0
12687,20260329,127,6349,,,2,12,2,2687,4,706.8,233.59,1698.88,0
12688,20260330,200,5886,,,2,1,2,2688,6,1454.97,127.05,2386.75,0
12689,20260331,182,5524,,,1,8,2,2689,2,1170.57,279.24,4626.4,0
12690,20260401,133,6300,,,1,11,2,2690,5,2342.43,263.02,901.72,0
12691,20260402,173,6229,,,2,2,2,2691,3,954.66,68.81,3616.01,0
12692,20260403,140,5603,,,2,5,2,2692,1,987.45,216.28,3337.0,0
12693,20260404,133,5184,,,2,11,2,2693,4,1039.46,26.15,3010.59,0
12694,20260405,136,5369,,,2,8,2,2694,2,1698.25,85.0,2500.59,0
12695,20260406,142,5420,,,1,1,2,2695,5,2284.02,15.27,2488.99,0
12696,20260407,179,5945,,,1,11,2,2696,3,1552.28,276.54,2911.64,0
12697,20260408,200,5750,,,1,8,2,2697,4,855.91,178.07,1115.13,0
12698,20260409,141,5098,,,2,3,2,2698,4,2166.57,60.63,729.04,0
12699,20260410,168,5744,,,2,1,2,2699,3,2767.19,75.82,1885.82,0
12700,20260411,134,5731,,,2,4,2,2700,4,860.86,62.06,3337.08,0
12701,20260412,118,6062,,,2,2,2,2701,2,1880.07,223.9,2681.18,0
12702,20260413,153,5765,,,1,6,2,2702,3,1599.09,152.58,1888.48,0
12703,20260414,159,6460,,,1,11,2,2703,5,729.42,206.05,2706.56,0
12704,20260415,154,5260,,,1,11,2,2704,4,1936.96,237.33,896.7,0
12705,20260416,165,5141,,,1,11,2,2705,1,2724.92,55.6,2648.14,0
12706,20260417,109,5050,,,2,1,2,2706,5,2280.23,136.17,4801.91,0
12707,20260418,137,5780,,,1,9,2,2707,1,1988.57,21.51,4182.71,0
12708,20260419,111,6130,,,2,11,2,2708,6,1768.15,240.54,2285.05,0
12709,20260420,192,5215,,,1,1,2,2709,5,2741.93,97.71,788.94,0
12710,20260421,122,6296,,,2,11,2,2710,3,2213.92,182.43,1997.33,0
12711,20260422,191,5715,,,1,9,2,2711,4,2199.62,136.55,3778.39,0
12712,20260423,164,5632,,,2,5,2,2712,3,2496.76,284.03,4400.44,0
12713,20260424,159,5095,,,2,11,2,2713,6,1187.98,173.1,1816.97,0
12714,20260425,179,5635,,,2,12,2,2714,5,763.1,133.88,4597.0,0
12715,20260426,147,5536,,,2,12,2,2715,1,2234.85,65.95,4555.25,0
12716,20260427,177,5470,,,2,6,2,2716,1,2450.35,55.09,2670.82,0
12717,20260428,174,6237,,,2,9,2,2717,3,2179.92,87.37,4838.77,0
12718,20260429,119,6419,,,2,6,2,2718,4,2370.07,197.89,2055.35,0
12719,20260430,142,5730,,,1,5,2,2719,2,450.58,275.11,4052.6,0
12720,20260501,180,6467,,,2,11,2,2720,4,984.52,297.94,2515.84,0
12721,20260201,129,5395,,,2,3,2,2721,1,661.86,101.53,2364.0,0
12722,20260202,178,5192,,,2,4,2,2722,3,1027.42,231.33,1753.57,0
12723,20260203,103,6419,,,1,4,2,2723,6,1588.83,57.91,1958.79,0
12724,20260204,121,5277,,,2,3,2,2724,2,1126.78,298.35,1571.55,0
12725,20260205,104,6345,,,2,7,2,2725,6,2164.93,229.16,4420.38,0
12726,20260206,153,6336,,,1,3,2,2726,5,708.49,15.19,2566.04,0
12727,20260207,151,5956,,,1,1,2,2727,6,532.28,137.42,950.28,0
12728,20260208,187,5241,,,1,11,2,2728,6,466.56,182.78,1870.5,0
12729,20260209,128,5961,,,1,12,2,2729,2,2668.06,288.86,1907.44,0
12730,20260210,115,5264,,,1,11,2,2730,1,2481.06,182.0,3834.38,0
12731,20260211,136,5800,,,2,6,2,2731,5,832.62,124.13,3191.56,0
12732,20260212,136,5927,,,1,4,2,2732,1,959.53,236.9,2985.5,0
12733,20260213,118,6301,,,1,10,2,2733,2,1053.3,176.11,4485.49,0
12734,20260214,143,5235,,,2,4,2,2734,1,1329.95,78.74,3101.23,0
12735,20260215,132,6454,,,2,5,2,2735,1,1124.66,228.12,1387.05,0
12736,20260216,115,6468,,,2,10,2,2736,6,1732.05,280.92,2746.21,0
12737,20260217,132,5598,,,2,6,2,2737,2,1747.07,202.2,4912.4,0
12738,20260218,157,5531,,,1,12,2,2738,2,1149.24,119.86,2719.32,0
12739,20260219,183,5419,,,1,6,2,2739,5,477.4,192.74,4113.53,0
12740,20260220,150,5287,,,2,7,2,2740,2,1440.22,134.35,1173.59,0
12741,20260221,122,5280,,,1,7,2,2741,6,2381.82,184.76,2849.74,0
12742,20260222,150,6064,,,1,1,2,2742,6,2518.77,151.3,3726.5,0
12743,20260223,149,5905,,,1,11,2,2743,1,1790.18,21.31,3177.39,0
12744,20260224,115,5403,,,1,8,2,2744,3,858.2,174.69,1220.69,0
12745,20260225,133,6050,,,1,1,2,2745,2,2153.42,29.74,2869.18,0
12746,20260226,167,5901,,,1,5,2,2746,3,2119.31,189.63,4481.39,0
12747,20260227,180,6441,,,2,11,2,2747,4,2383.6,74.24,1410.13,0
12748,20260228,163,5558,,,2,10,2,2748,5,686.16,280.76,1375.47,1
12749,20260301,200,5439,,,1,6,2,2749,5,1141.87,233.2,2031.21,0
12750,20260302,109,5534,,,1,10,2,2750,2,1727.59,33.67,825.65,0
12751,20260303,177,5362,,,2,8,2,2751,1,2213.42,27.27,3157.13,0
12752,20260304,107,6436,,,2,3,2,2752,5,1215.96,194.08,4950.8,0
12753,20260305,198,5918,,,2,2,2,2753,1,2487.81,144.46,4358.96,0
12754,20260306,177,5970,,,1,4,2,2754,1,2152.33,213.69,3451.05,0
12755,20260307,151,5862,,,2,12,2,2755,5,2215.36,296.92,4977.18,0
12756,20260308,116,5355,,,2,8,2,2756,3,2441.58,179.53,4758.75,0
12757,20260309,120,6388,,,1,10,2,2757,4,2328.15,23.93,2441.48,0
12758,20260310,185,5102,,,2,8,2,2758,4,2772.54,130.94,4708.93,0
12759,20260311,187,6370,,,2,9,2,2759,4,1390.98,182.79,2840.93,0
12760,20260312,109,6056,,,1,6,2,2760,6,1716.77,233.03,1295.42,0
12761,20260313,178,5294,,,2,4,2,2761,5,2588.98,68.14,3151.67,0
12762,20260314,111,5103,,,1,9,2,2762,2,2009.28,142.39,2531.52,0
12763,20260315,142,5909,,,1,11,2,2763,5,2235.95,117.16,4819.52,0
12764,20260316,166,5460,,,1,1,2,2764,6,2126.39,56.84,2115.02,0
12765,20260317,123,6173,,,2,2,2,2765,1,2684.29,170.44,3317.15,0
12766,20260318,185,5962,,,2,11,2,2766,2,897.76,146.68,3643.96,0
12767,20260319,192,6185,,,1,1,2,2767,6,1645.73,147.92,4288.79,0
12768,20260320,193,5129,,,1,8,2,2768,4,1618.98,190.25,3620.29,0
12769,20260321,185,5934,,,2,10,2,2769,2,549.55,261.22,4981.13,0
12770,20260322,143,6296,,,1,1,2,2770,2,1582.68,2.45,1386.41,0
12771,20260323,174,5770,,,1,3,2,2771,3,599.68,74.48,2332.98,0
12772,20260324,104,6111,,,2,2,2,2772,6,1655.71,286.05,2642.91,0
12773,20260325,172,5946,,,2,2,2,2773,5,2585.96,161.95,2931.98,0
12774,20260326,197,5875,,,2,2,2,2774,3,2511.89,296.63,3771.11,0
12775,20260327,147,5726,,,1,6,2,2775,5,2772.88,97.43,3880.4,0
12776,20260328,112,5929,,,2,6,2,2776,4,1622.98,87.19,3217.67,0
12777,20260329,198,6378,,,2,10,2,2777,6,927.13,218.6,2799.47,0
12778,20260330,122,6043,,,2,9,2,2778,6,1608.73,137.51,2220.91,0
12779,20260331,199,5507,,,1,8,2,2779,1,2160.53,170.35,528.8,0
12780,20260401,156,5992,,,2,5,2,2780,4,2770.27,249.73,3974.59,0
12781,20260402,153,5188,,,2,2,2,2781,2,2693.65,230.64,1467.41,0
12782,20260403,179,5560,,,2,8,2,2782,3,1372.76,51.09,1978.04,0
12783,20260404,119,6074,,,2,6,2,2783,2,2019.8,265.35,2838.62,0
12784,20260405,164,6051,,,2,5,2,2784,4,853.71,246.24,1684.34,0
12785,20260406,146,5475,,,2,8,2,2785,1,2338.94,71.57,3586.67,0
12786,20260407,178,5187,,,2,2,2,2786,6,629.78,92.26,1511.18,0
12787,20260408,189,5472,,,1,5,2,2787,6,2592.6,147.79,3559.32,0
12788,20260409,124,6322,,,2,10,2,2788,5,2229.28,24.62,4170.8,0
12789,20260410,108,5006,,,1,4,2,2789,2,1631.27,108.45,844.72,0
12790,20260411,104,5870,,,2,9,2,2790,3,1089.82,243.59,2905.36,0
12791,20260412,116,5909,,,1,8,2,2791,2,481.54,176.86,4910.97,0
12792,20260413,181,6378,,,2,10,2,2792,4,498.62,85.84,4549.27,0
12793,20260414,108,5472,,,2,3,2,2793,1,1461.83,153.73,793.49,0
12794,20260415,154,5569,,,1,4,2,2794,3,1558.77,97.42,3018.97,0
12795,20260416,111,5658,,,2,10,2,2795,2,982.05,35.22,3104.29,0
12796,20260417,161,6495,,,1,10,2,2796,1,1499.06,111.45,3029.09,0
12797,20260418,105,6354,,,1,7,2,2797,6,1118.81,219.45,4450.29,0
12798,20260419,189,6171,,,1,12,2,2798,6,2031.72,242.65,4275.98,0
12799,20260420,189,6399,,,1,3,2,2799,1,833.26,141.65,4374.85,0
12800,20260421,132,5010,,,1,5,2,2800,2,2198.46,188.68,4704.5,0
12801,20260422,162,6444,,,1,5,2,2801,6,1677.97,151.58,1674.39,0
12802,20260423,180,5678,,,2,1,2,2802,5,1627.22,146.99,2039.51,0
12803,20260424,136,5138,,,1,6,2,2803,1,1009.04,132.96,1717.51,0
12804,20260425,199,6322,,,1,1,2,2804,4,2065.89,275.55,3065.61,0
12805,20260426,117,5030,,,2,9,2,2805,4,2552.43,135.62,1175.56,0
12806,20260427,160,6306,,,2,3,2,2806,1,539.18,9.82,779.56,0
12807,20260428,150,5869,,,1,3,2,2807,4,2213.82,191.92,2244.83,0
12808,20260429,138,6175,,,1,9,2,2808,4,1418.91,138.95,2144.7,0
12809,20260430,156,5197,,,1,9,2,2809,3,2537.17,218.86,1556.5,0
12810,20260501,154,5779,,,2,4,2,2810,5,686.28,52.27,1653.59,0
12811,20260201,184,6322,,,2,8,2,2811,4,1285.44,196.93,1765.96,0
12812,20260202,185,5615,,,2,1,2,2812,2,841.61,37.96,1767.95,0
12813,20260203,187,5573,,,2,11,2,2813,4,2471.34,231.01,3544.09,0
12814,20260204,173,6448,,,2,5,2,2814,4,1381.12,165.24,2283.33,0
12815,20260205,154,5622,,,1,5,2,2815,1,2664.35,77.83,2507.92,0
12816,20260206,187,5699,,,1,6,2,2816,5,1811.34,157.36,4928.17,0
12817,20260207,102,6446,,,1,6,2,2817,6,2152.25,278.12,4790.71,0
12818,20260208,108,5575,,,1,8,2,2818,5,2069.18,232.78,1331.03,0
12819,20260209,157,5817,,,1,5,2,2819,5,1496.66,201.27,2315.22,0
12820,20260210,150,5982,,,2,11,2,2820,3,2528.31,109.44,3589.03,0
12821,20260211,150,5510,,,1,9,2,2821,2,2016.56,270.81,1104.67,0
12822,20260212,145,6087,,,1,12,2,2822,3,1191.93,128.27,833.28,0
12823,20260213,133,5415,,,1,10,2,2823,4,802.77,289.98,4546.32,0
12824,20260214,148,5342,,,1,7,2,2824,1,2551.0,186.59,2643.35,0
12825,20260215,183,6417,,,1,6,2,2825,5,2709.33,253.38,2587.59,0
12826,20260216,133,5063,,,1,10,2,2826,3,1241.34,258.77,758.6,0
12827,20260217,113,5448,,,1,9,2,2827,2,430.63,23.15,1364.27,0
12828,20260218,169,6303,,,1,6,2,2828,3,1326.06,101.43,1150.09,0
12829,20260219,155,6217,,,2,8,2,2829,3,1449.98,223.78,2659.19,0
12830,20260220,143,6163,,,2,5,2,2830,5,1157.94,278.87,834.61,0
12831,20260221,169,5688,,,1,12,2,2831,5,2415.09,143.87,2669.04,0
12832,20260222,150,5439,,,2,10,2,2832,4,1171.97,243.29,1415.17,0
12833,20260223,146,5330,,,2,10,2,2833,3,540.49,215.38,4748.14,0
12834,20260224,184,5060,,,1,9,2,2834,2,1305.54,225.7,2708.04,0
12835,20260225,138,5405,,,2,6,2,2835,2,1856.98,262.97,2510.18,0
12836,20260226,180,6476,,,2,9,2,2836,5,997.21,206.1,4584.09,0
12837,20260227,122,5803,,,1,10,2,2837,3,2781.9,176.1,4511.1,0
12838,20260228,161,6130,,,1,5,2,2838,4,2456.72,135.03,689.08,0
12839,20260301,192,6367,,,1,2,2,2839,3,459.71,121.69,960.14,0
12840,20260302,165,5275,,,1,10,2,2840,1,1677.95,37.68,4045.77,0
12841,20260303,159,6011,,,2,9,2,2841,6,598.98,140.5,4083.59,0
12842,20260304,164,5146,,,1,4,2,2842,5,1982.8,173.53,4126.85,0
12843,20260305,101,6065,,,1,5,2,2843,4,2292.35,186.34,4603.07,0
12844,20260306,107,5675,,,1,6,2,2844,2,2336.81,219.05,2270.19,0
12845,20260307,124,5907,,,2,5,2,2845,6,787.56,267.66,2064.46,0
12846,20260308,117,5314,,,2,8,2,2846,2,551.85,119.57,854.93,1
12847,20260309,108,5345,,,1,2,2,2847,5,2012.0,36.97,1943.77,0
12848,20260310,195,6029,,,1,11,2,2848,2,2153.47,246.06,3745.05,0
12849,20260311,107,6403,,,1,10,2,2849,4,1002.86,252.63,3260.74,0
12850,20260312,129,6230,,,2,3,2,2850,4,1540.63,96.91,1412.75,0
12851,20260313,162,5694,,,2,1,2,2851,4,1651.06,84.32,1622.51,0
12852,20260314,148,5630,,,2,7,2,2852,3,2389.23,23.77,2435.24,0
12853,20260315,119,6235,,,2,6,2,2853,5,1226.81,282.87,1408.45,1
12854,20260316,135,5611,,,1,3,2,2854,3,1590.72,185.26,947.85,0
12855,20260317,195,6195,,,1,8,2,2855,6,447.87,201.62,4412.85,0
12856,20260318,184,5119,,,1,12,2,2856,3,1767.96,250.92,4294.41,0
12857,20260319,156,5690,,,1,9,2,2857,3,2644.77,197.29,4199.63,1
12858,20260320,171,6418,,,2,11,2,2858,5,1144.12,168.32,1688.81,0
12859,20260321,142,5262,,,2,4,2,2859,6,573.29,55.31,3571.28,0
12860,20260322,125,6087,,,1,11,2,2860,3,1256.3,77.31,924.24,0
12861,20260323,155,5574,,,2,7,2,2861,5,633.79,205.96,4244.88,0
12862,20260324,123,5795,,,1,4,2,2862,5,2041.43,204.93,2311.54,0
12863,20260325,159,6061,,,2,3,2,2863,3,878.61,34.67,3930.72,0
12864,20260326,101,5195,,,1,2,2,2864,4,693.25,84.82,4561.99,0
12865,20260327,162,5298,,,1,8,2,2865,6,1445.7,158.13,1553.92,0
12866,20260328,162,5652,,,2,5,2,2866,2,798.23,33.81,3881.03,0
12867,20260329,173,6179,,,1,7,2,2867,4,1227.03,200.85,4990.4,0
12868,20260330,191,6467,,,2,4,2,2868,1,1330.93,63.35,3147.08,0
12869,20260331,134,5107,,,1,3,2,2869,4,1612.55,228.55,668.36,0
12870,20260401,140,5821,,,2,11,2,2870,6,1880.12,290.0,2150.01,0
12871,20260402,197,5428,,,1,4,2,2871,3,556.21,19.79,1104.91,0
12872,20260403,149,5527,,,1,1,2,2872,6,1489.39,260.53,1177.09,0
12873,20260404,106,6287,,,2,5,2,2873,5,2220.02,136.99,4556.92,0
12874,20260405,134,5964,,,2,4,2,2874,6,683.09,35.36,4044.23,0
12875,20260406,112,5352,,,2,2,2,2875,6,1655.92,200.28,3180.53,0
12876,20260407,172,6044,,,2,12,2,2876,4,2688.21,181.49,3546.08,0
12877,20260408,176,5221,,,2,3,2,2877,6,2792.09,70.48,1351.19,0
12878,20260409,184,5925,,,1,2,2,2878,4,1536.2,35.63,3661.86,0
12879,20260410,190,5004,,,1,11,2,2879,1,557.81,289.97,4748.91,0
12880,20260411,126,6348,,,1,10,2,2880,3,1955.46,56.12,1402.97,0
12881,20260412,168,6265,,,2,8,2,2881,1,2367.44,42.86,4593.9,0
12882,20260413,143,5628,,,2,1,2,2882,6,2646.58,113.29,2586.72,0
12883,20260414,108,6151,,,2,9,2,2883,1,2759.91,263.37,796.23,0
12884,20260415,200,5045,,,2,4,2,2884,4,2183.56,184.28,1713.76,0
12885,20260416,109,5322,,,2,6,2,2885,6,1889.21,206.97,3308.7,0
12886,20260417,172,5351,,,2,3,2,2886,5,1507.07,177.12,2286.58,0
12887,20260418,131,5272,,,1,10,2,2887,5,425.52,177.92,2879.97,0
12888,20260419,118,5147,,,1,5,2,2888,5,2379.17,218.44,1320.3,0
12889,20260420,120,6265,,,1,2,2,2889,5,1904.9,87.79,1261.29,0
12890,20260421,166,5593,,,2,3,2,2890,1,1417.17,4.71,3476.04,0
12891,20260422,146,5179,,,2,5,2,2891,3,1045.6,209.19,4260.16,0
12892,20260423,155,6065,,,1,5,2,2892,6,1145.06,47.38,2747.08,0
12893,20260424,172,6171,,,2,6,2,2893,2,2059.64,156.66,1542.39,0
12894,20260425,124,5334,,,2,4,2,2894,2,548.17,250.35,1701.59,0
12895,20260426,163,6089,,,1,1,2,2895,3,2142.1,90.33,511.57,0
12896,20260427,128,6356,,,2,8,2,2896,5,1758.87,279.14,1266.4,0
12897,20260428,171,6144,,,2,9,2,2897,6,2307.78,105.38,2750.19,0
12898,20260429,161,5548,,,1,11,2,2898,5,2154.92,6.82,3584.99,0
12899,20260430,171,5200,,,1,8,2,2899,2,1885.22,208.24,3046.5,0
12900,20260501,106,6329,,,2,3,2,2900,1,890.83,152.39,3960.94,0
12901,20260201,105,6370,,,1,2,2,2901,2,1860.11,197.53,4032.32,0
12902,20260202,152,6021,,,1,5,2,2902,2,2507.99,104.81,3370.43,0
12903,20260203,195,5176,,,1,12,2,2903,3,2238.8,210.93,2826.7,0
12904,20260204,134,5254,,,2,11,2,2904,3,2436.45,10.24,3505.22,0
12905,20260205,144,6130,,,1,11,2,2905,5,2462.24,39.28,2286.52,0
12906,20260206,187,6138,,,1,9,2,2906,3,1691.88,0.32,2027.02,0
12907,20260207,149,5048,,,2,9,2,2907,4,1027.48,53.6,1891.15,0
12908,20260208,166,6477,,,1,4,2,2908,2,2287.97,272.65,2833.96,0
12909,20260209,151,5807,,,2,5,2,2909,3,873.24,85.15,4891.79,0
12910,20260210,113,6181,,,2,12,2,2910,5,1840.58,116.19,2698.18,0
12911,20260211,152,6392,,,2,5,2,2911,1,952.58,141.24,3890.63,0
12912,20260212,154,6435,,,1,10,2,2912,2,1937.6,67.88,4032.09,0
12913,20260213,117,5557,,,1,11,2,2913,6,2781.69,288.05,1976.42,0
12914,20260214,189,5717,,,2,12,2,2914,4,716.59,121.55,3092.73,0
12915,20260215,176,5361,,,1,10,2,2915,5,1256.62,53.11,4405.01,0
12916,20260216,176,6045,,,1,8,2,2916,5,1599.12,222.28,1702.75,0
12917,20260217,188,5750,,,1,10,2,2917,2,791.81,60.17,4154.29,0
12918,20260218,149,5500,,,2,1,2,2918,3,638.26,231.33,1807.47,0
12919,20260219,139,6186,,,1,12,2,2919,1,482.39,250.36,1531.62,0
12920,20260220,146,5987,,,1,10,2,2920,2,1935.95,67.02,2429.0,0
12921,20260221,183,5434,,,1,3,2,2921,5,1428.28,164.43,1951.72,0
12922,20260222,143,5457,,,2,10,2,2922,6,1116.92,153.48,1747.45,0
12923,20260223,125,5647,,,1,10,2,2923,4,1406.28,194.86,1774.71,0
12924,20260224,160,5626,,,1,2,2,2924,5,581.28,203.66,2094.07,0
12925,20260225,171,5821,,,1,6,2,2925,6,893.58,298.92,1630.56,0
12926,20260226,189,5253,,,2,4,2,2926,5,1873.08,133.16,1070.39,0
12927,20260227,179,5441,,,2,7,2,2927,4,1439.79,288.23,691.79,0
12928,20260228,196,6371,,,2,2,2,2928,3,598.31,212.49,4878.75,0
12929,20260301,194,6019,,,1,8,2,2929,2,2320.39,78.17,2284.59,0
12930,20260302,129,5406,,,2,1,2,2930,3,541.39,19.8,3626.66,0
12931,20260303,178,6477,,,1,2,2,2931,4,1450.76,250.8,2445.94,0
12932,20260304,142,5895,,,2,12,2,2932,3,2063.95,199.42,1350.79,0
12933,20260305,176,5912,,,1,7,2,2933,2,1291.17,218.67,2355.21,0
12934,20260306,153,6334,,,2,1,2,2934,3,663.24,104.95,2425.5,0
12935,20260307,182,6223,,,1,5,2,2935,5,2560.4,142.39,3478.05,0
12936,20260308,147,5624,,,1,6,2,2936,6,2597.57,239.44,3870.59,0
12937,20260309,177,5899,,,1,5,2,2937,5,1461.04,208.1,2661.89,0
12938,20260310,118,6214,,,2,2,2,2938,2,2645.43,71.65,873.39,0
12939,20260311,199,6164,,,1,1,2,2939,4,1177.96,273.55,1196.17,0
12940,20260312,123,5957,,,2,1,2,2940,2,1098.88,178.06,4612.15,0
12941,20260313,169,5987,,,1,3,2,2941,1,1627.39,158.76,3544.36,0
12942,20260314,117,5906,,,1,5,2,2942,4,1154.62,250.64,2461.72,0
12943,20260315,111,5318,,,1,2,2,2943,4,1243.17,70.09,1408.48,0
12944,20260316,180,5686,,,2,9,2,2944,3,1014.65,297.13,1601.18,0
12945,20260317,167,5965,,,1,4,2,2945,1,2369.37,205.49,4969.4,0
12946,20260318,126,5474,,,1,12,2,2946,2,2738.74,221.2,4251.32,0
12947,20260319,102,5600,,,2,1,2,2947,2,2772.01,193.62,1752.99,0
12948,20260320,186,6275,,,1,1,2,2948,3,1352.75,56.17,2058.47,0
12949,20260321,153,5178,,,1,1,2,2949,5,1526.81,242.98,1285.66,0
12950,20260322,189,5135,,,2,5,2,2950,1,2621.23,123.36,3879.99,0
12951,20260323,157,5701,,,2,2,2,2951,4,2604.23,292.6,4568.45,0
12952,20260324,118,5359,,,2,12,2,2952,1,2070.94,97.57,1895.91,0
12953,20260325,140,5235,,,1,4,2,2953,6,1922.91,41.99,1538.4,0
12954,20260326,119,6243,,,2,10,2,2954,6,2647.23,205.49,3010.65,0
12955,20260327,166,6447,,,1,10,2,2955,1,697.1,93.99,4834.82,0
12956,20260328,119,5708,,,1,10,2,2956,5,2485.72,146.9,2127.85,0
12957,20260329,157,6161,,,2,2,2,2957,4,986.53,182.89,2588.84,0
12958,20260330,148,5962,,,1,2,2,2958,1,520.94,95.91,3832.14,0
12959,20260331,127,6420,,,2,10,2,2959,1,2764.78,150.5,3182.82,0
12960,20260401,141,5845,,,2,4,2,2960,4,768.88,128.88,2651.25,0
12961,20260402,182,6178,,,1,2,2,2961,6,1204.41,225.5,1012.92,0
12962,20260403,181,5806,,,2,1,2,2962,4,1013.74,203.03,4467.43,0
12963,20260404,127,5853,,,2,10,2,2963,6,2027.47,54.82,2683.97,0
12964,20260405,137,5441,,,2,2,2,2964,1,960.09,196.92,4558.81,0
12965,20260406,104,6436,,,2,3,2,2965,3,1143.87,253.64,1743.12,0
12966,20260407,183,5933,,,1,9,2,2966,1,1584.95,154.08,2592.92,0
12967,20260408,157,6293,,,1,5,2,2967,3,1585.26,282.74,4830.4,0
12968,20260409,104,5164,,,2,10,2,2968,2,1740.64,7.48,3123.11,0
12969,20260410,103,6447,,,2,7,2,2969,1,2607.89,245.67,4275.77,0
12970,20260411,188,5031,,,2,2,2,2970,6,863.23,243.64,941.32,0
12971,20260412,146,6273,,,1,3,2,2971,5,454.1,290.16,676.49,0
12972,20260413,175,5699,,,1,6,2,2972,5,1884.79,178.22,4745.25,0
12973,20260414,161,6170,,,2,6,2,2973,1,1384.26,147.84,2942.24,0
12974,20260415,145,6479,,,1,6,2,2974,2,2252.72,116.26,4460.75,0
12975,20260416,121,5160,,,1,7,2,2975,6,2407.05,83.49,2463.62,0
12976,20260417,198,5580,,,2,4,2,2976,3,2496.65,8.45,4510.36,0
12977,20260418,108,5481,,,1,10,2,2977,2,1035.77,41.61,3707.82,0
12978,20260419,128,5756,,,2,11,2,2978,6,622.21,134.28,2990.27,0
12979,20260420,130,6363,,,2,12,2,2979,1,968.81,227.72,4761.93,0
12980,20260421,142,5737,,,1,6,2,2980,3,1959.13,266.9,2504.47,0
12981,20260422,111,5117,,,2,5,2,2981,5,2358.77,135.98,2916.26,0
12982,20260423,143,6157,,,1,3,2,2982,3,2200.58,296.46,2179.83,0
12983,20260424,126,5260,,,1,9,2,2983,6,1768.08,237.1,3431.68,0
12984,20260425,149,5788,,,1,2,2,2984,2,1189.11,21.36,2465.95,0
12985,20260426,142,5733,,,2,6,2,2985,4,1049.64,96.07,2023.91,0
12986,20260427,194,6093,,,2,8,2,2986,5,1512.93,139.27,4293.67,0
12987,20260428,146,6170,,,1,5,2,2987,5,2451.25,53.35,3264.8,0
12988,20260429,166,5293,,,2,10,2,2988,6,538.81,208.61,1797.68,0
12989,20260430,127,5655,,,1,3,2,2989,2,2572.94,3.51,2419.09,0
12990,20260501,112,6080,,,2,4,2,2990,4,1480.4,61.08,4849.67,0
12991,20260201,157,6175,,,1,6,2,2991,3,1706.45,74.69,2700.27,0
12992,20260202,179,5019,,,1,5,2,2992,5,679.27,79.88,1194.77,0
12993,20260203,168,5098,,,2,9,2,2993,6,2178.33,98.78,2607.79,0
12994,20260204,200,5505,,,1,7,2,2994,5,1506.45,250.12,3501.93,0
12995,20260205,122,5506,,,1,8,2,2995,3,767.52,130.74,4731.81,0
12996,20260206,118,6492,,,1,11,2,2996,5,507.21,211.87,4425.42,0
12997,20260207,121,5045,,,2,4,2,2997,2,2789.94,130.22,1177.33,0
12998,20260208,114,5567,,,2,1,2,2998,4,1818.54,247.58,2820.91,0
12999,20260209,129,5709,,,1,1,2,2999,1,2043.07,138.63,4279.93,0
13000,20260210,167,5989,,,1,1,2,3000,2,802.01,246.81,1761.72,0
13001,20260211,132,6378,,,2,11,2,3001,3,2498.15,23.02,3028.23,0
13002,20260212,117,5129,,,2,8,2,3002,2,1372.79,58.31,3496.29,0
13003,20260213,142,5118,,,1,3,2,3003,3,460.73,53.7,4608.41,0
13004,20260214,110,6079,,,1,10,2,3004,5,1014.78,259.11,3424.1,0
13005,20260215,177,6403,,,2,10,2,3005,2,1878.68,229.74,4250.21,0
13006,20260216,192,5089,,,1,6,2,3006,4,723.03,119.92,1524.84,0
13007,20260217,157,5813,,,1,10,2,3007,6,1303.49,96.87,1925.32,0
13008,20260218,111,6020,,,2,12,2,3008,2,2633.89,288.13,1672.15,0
13009,20260219,152,5750,,,2,4,2,3009,6,1135.01,223.78,2705.79,0
13010,20260220,170,5508,,,1,7,2,3010,6,808.12,180.93,785.69,0
13011,20260221,133,5394,,,1,2,2,3011,3,2365.19,166.4,4317.08,0
13012,20260222,129,5819,,,2,8,2,3012,4,1139.31,72.08,3085.73,0
13013,20260223,143,6008,,,2,11,2,3013,6,1074.5,168.95,3362.11,1
13014,20260224,123,5392,,,1,4,2,3014,4,2068.25,221.06,4728.37,0
13015,20260225,176,5078,,,1,8,2,3015,1,993.73,103.49,543.67,0
13016,20260226,186,5083,,,2,2,2,3016,1,823.51,269.41,4972.94,0
13017,20260227,143,5194,,,2,10,2,3017,4,1651.1,29.04,2787.34,0
13018,20260228,137,5956,,,1,1,2,3018,5,584.1,283.55,1110.86,0
13019,20260301,122,5423,,,1,6,2,3019,6,1307.17,254.6,1863.47,0
13020,20260302,126,5284,,,1,3,2,3020,5,854.24,31.29,2763.24,0
13021,20260303,138,5646,,,2,10,2,3021,3,744.35,110.12,2774.28,0
13022,20260304,124,5257,,,2,5,2,3022,5,1522.02,208.06,3662.93,0
13023,20260305,101,6378,,,2,2,2,3023,3,825.66,140.26,1033.4,0
13024,20260306,166,6334,,,1,6,2,3024,2,548.7,229.92,1770.5,0
13025,20260307,189,6136,,,1,9,2,3025,3,1492.61,127.63,985.09,0
13026,20260308,104,5426,,,2,4,2,3026,1,1385.24,52.44,2659.48,0
13027,20260309,129,5432,,,2,6,2,3027,6,1710.76,246.47,3462.99,0
13028,20260310,149,6352,,,2,12,2,3028,2,667.63,9.2,4647.13,0
13029,20260311,116,5521,,,1,8,2,3029,3,1529.21,184.29,3263.52,0
13030,20260312,130,6483,,,2,7,2,3030,6,407.72,213.66,1786.67,0
13031,20260313,128,6417,,,1,9,2,3031,2,2707.1,187.46,764.15,0
13032,20260314,170,5696,,,2,5,2,3032,3,895.8,85.58,896.34,0
13033,20260315,194,5777,,,1,9,2,3033,4,823.84,145.57,2115.75,0
13034,20260316,104,5541,,,2,2,2,3034,6,497.67,80.21,4463.46,0
13035,20260317,123,5622,,,1,8,2,3035,5,1108.8,35.44,1253.01,0
13036,20260318,196,5760,,,2,5,2,3036,3,945.54,77.64,3799.22,0
13037,20260319,179,6177,,,2,3,2,3037,5,734.43,133.08,3149.1,0
13038,20260320,147,5591,,,1,1,2,3038,2,1283.43,170.87,3252.91,0
13039,20260321,146,5956,,,1,4,2,3039,2,2556.87,107.26,501.94,0
13040,20260322,174,5955,,,2,4,2,3040,2,1132.4,293.79,1827.77,0
13041,20260323,194,6282,,,2,12,2,3041,2,2235.91,191.09,3797.23,0
13042,20260324,121,5667,,,2,8,2,3042,6,2175.15,99.9,4384.05,0
13043,20260325,133,5164,,,1,11,2,3043,6,2228.93,220.13,2151.4,0
13044,20260326,172,5823,,,2,7,2,3044,4,1004.22,185.57,3051.74,0
13045,20260327,154,5815,,,1,11,2,3045,4,2382.64,67.26,2799.58,0
13046,20260328,165,6437,,,2,3,2,3046,3,1600.81,39.64,522.47,0
13047,20260329,123,5389,,,2,3,2,3047,3,2406.57,41.11,3666.14,0
13048,20260330,199,6235,,,1,8,2,3048,2,1094.2,86.36,807.35,0
13049,20260331,135,6486,,,2,3,2,3049,6,741.93,40.93,1294.57,0
13050,20260401,139,6179,,,1,11,2,3050,1,1147.0,96.09,3700.22,0
13051,20260402,198,5203,,,1,6,2,3051,1,2237.32,88.45,4741.77,0
13052,20260403,161,6345,,,1,4,2,3052,3,1327.71,196.26,2947.32,0
13053,20260404,162,5293,,,2,9,2,3053,4,816.8,187.13,1912.95,0
13054,20260405,182,6373,,,2,3,2,3054,1,618.02,72.6,2118.84,0
13055,20260406,174,5204,,,1,1,2,3055,4,1258.86,205.16,2919.41,0
13056,20260407,151,5947,,,2,3,2,3056,5,2765.92,297.74,2652.92,0
13057,20260408,166,6266,,,2,6,2,3057,1,437.41,137.08,4298.23,0
13058,20260409,158,5200,,,2,5,2,3058,4,2679.24,3.99,1780.7,0
13059,20260410,109,5585,,,1,12,2,3059,3,1498.82,172.05,3039.65,0
13060,20260411,189,5445,,,2,7,2,3060,1,1783.86,142.81,2697.05,0
13061,20260412,146,6253,,,2,10,2,3061,3,1705.36,66.49,3076.15,0
13062,20260413,179,5198,,,2,4,2,3062,2,628.4,289.08,2012.65,0
13063,20260414,143,5968,,,1,3,2,3063,2,1385.74,150.92,4681.46,0
13064,20260415,137,5533,,,1,5,2,3064,4,437.68,288.89,2475.56,0
13065,20260416,161,5230,,,2,10,2,3065,3,2762.09,129.63,3421.8,1
13066,20260417,154,5112,,,1,8,2,3066,4,1712.38,0.57,4512.08,0
13067,20260418,164,5530,,,1,2,2,3067,3,2550.13,129.65,1600.24,0
13068,20260419,180,6127,,,2,3,2,3068,4,2708.35,161.19,1418.87,0
13069,20260420,189,5105,,,2,5,2,3069,6,1324.53,37.74,1271.44,0
13070,20260421,134,5019,,,2,2,2,3070,3,2519.16,38.71,1663.28,0
13071,20260422,115,5534,,,2,7,2,3071,3,2293.84,241.73,4854.36,0
13072,20260423,171,5298,,,1,12,2,3072,2,2235.53,127.4,2099.97,0
13073,20260424,192,5932,,,2,10,2,3073,4,464.21,214.02,3917.97,0
13074,20260425,181,5731,,,1,3,2,3074,3,1028.04,139.41,628.62,0
13075,20260426,176,6372,,,2,1,2,3075,5,1019.95,224.63,1606.95,0
13076,20260427,162,5649,,,1,11,2,3076,6,2086.46,229.58,1610.65,0
13077,20260428,178,5698,,,1,2,2,3077,5,2592.23,52.69,953.24,0
13078,20260429,105,5860,,,2,3,2,3078,6,1431.08,150.41,3554.03,0
13079,20260430,158,5243,,,2,8,2,3079,5,1698.17,109.77,1465.23,0
13080,20260501,134,5475,,,1,1,2,3080,3,648.57,32.03,3355.79,0
13081,20260201,156,6244,,,2,9,2,3081,1,1358.25,44.64,2519.45,0
13082,20260202,173,6008,,,2,1,2,3082,2,2621.83,247.2,1875.73,0
13083,20260203,193,5772,,,2,12,2,3083,4,712.65,10.36,2623.58,0
13084,20260204,103,5983,,,2,12,2,3084,1,2090.96,235.1,2489.63,0
13085,20260205,136,5173,,,1,3,2,3085,6,1623.79,123.8,715.16,0
13086,20260206,113,5475,,,2,7,2,3086,5,822.18,99.86,4485.61,0
13087,20260207,183,5238,,,2,2,2,3087,4,2082.16,200.04,2239.77,0
13088,20260208,162,5353,,,1,6,2,3088,6,2251.27,58.47,2829.22,0
13089,20260209,117,5067,,,2,7,2,3089,1,1153.39,264.62,2189.56,0
13090,20260210,113,5174,,,2,7,2,3090,3,1014.82,62.54,560.17,0
13091,20260211,139,6025,,,1,9,2,3091,3,1594.78,245.46,809.78,0
13092,20260212,188,6419,,,2,5,2,3092,5,1807.87,191.36,2899.66,0
13093,20260213,182,6136,,,1,6,2,3093,3,1476.22,17.59,771.84,0
13094,20260214,125,5626,,,1,9,2,3094,1,2712.88,275.23,4215.55,0
13095,20260215,156,5763,,,2,5,2,3095,6,452.75,181.46,780.99,0
13096,20260216,122,5382,,,1,5,2,3096,4,2091.12,160.02,4968.88,0
13097,20260217,192,5281,,,2,3,2,3097,4,1537.48,103.41,4090.6,0
13098,20260218,197,5637,,,1,12,2,3098,5,2793.93,118.11,826.71,0
13099,20260219,163,5609,,,1,9,2,3099,4,524.79,298.59,2869.78,0
13100,20260220,175,5926,,,1,10,2,3100,1,1458.96,174.13,3095.92,0
13101,20260221,113,5567,,,1,9,2,3101,3,2566.61,247.78,2253.33,0
13102,20260222,144,5658,,,1,8,2,3102,6,922.23,47.72,4110.37,0
13103,20260223,167,5253,,,2,5,2,3103,1,1497.14,37.26,2578.59,0
13104,20260224,130,6175,,,1,1,2,3104,6,515.48,93.63,1696.38,0
13105,20260225,180,5981,,,1,2,2,3105,1,561.58,28.21,2977.55,0
13106,20260226,140,5338,,,2,7,2,3106,5,512.09,59.97,1431.53,0
13107,20260227,125,5435,,,2,12,2,3107,6,875.01,26.71,710.61,0
13108,20260228,186,6462,,,2,5,2,3108,1,2317.32,58.23,4710.97,0
13109,20260301,183,5266,,,2,3,2,3109,6,2121.44,203.2,2376.64,0
13110,20260302,118,5111,,,1,10,2,3110,3,700.25,114.82,4361.5,0
13111,20260303,104,5825,,,1,8,2,3111,3,973.3,166.62,1440.72,0
13112,20260304,139,5024,,,2,9,2,3112,3,2656.09,79.61,2144.91,0
13113,20260305,193,5054,,,1,6,2,3113,6,2188.0,20.65,3804.94,0
13114,20260306,194,5053,,,1,5,2,3114,4,751.31,90.2,2124.01,0
13115,20260307,190,6203,,,2,10,2,3115,1,2776.56,224.44,3081.0,0
13116,20260308,111,5587,,,1,5,2,3116,5,2341.85,55.74,4900.41,0
13117,20260309,152,6310,,,2,11,2,3117,5,1205.98,12.1,2207.9,0
13118,20260310,146,5562,,,2,3,2,3118,3,2718.02,19.48,796.57,0
13119,20260311,130,5160,,,2,5,2,3119,2,799.31,164.36,4739.53,0
13120,20260312,192,5174,,,1,9,2,3120,1,1305.54,222.34,4329.53,0
13121,20260313,108,5628,,,2,5,2,3121,3,2342.42,208.9,4341.56,0
13122,20260314,167,6045,,,1,9,2,3122,3,1313.26,197.94,3742.27,0
13123,20260315,140,6159,,,2,10,2,3123,5,1010.12,1.52,2270.14,0
13124,20260316,171,5835,,,1,9,2,3124,5,2712.45,124.73,759.33,0
13125,20260317,150,5770,,,2,7,2,3125,6,944.89,49.55,2280.64,0
13126,20260318,141,6210,,,2,7,2,3126,5,2237.25,3.45,2148.62,0
13127,20260319,121,5985,,,2,4,2,3127,5,917.55,231.97,1921.03,0
13128,20260320,174,6264,,,1,7,2,3128,6,1335.23,212.39,3326.52,0
13129,20260321,155,6291,,,1,7,2,3129,6,618.85,264.62,609.45,1
13130,20260322,112,5960,,,1,3,2,3130,3,421.36,113.27,4326.14,0
13131,20260323,163,5268,,,2,6,2,3131,6,2256.99,105.45,1793.17,0
13132,20260324,171,5453,,,1,5,2,3132,3,2575.02,178.3,4816.69,0
13133,20260325,137,6452,,,1,11,2,3133,3,2697.8,223.66,1712.19,0
13134,20260326,143,5801,,,1,2,2,3134,5,516.61,178.79,1796.18,0
13135,20260327,119,6478,,,2,11,2,3135,1,1565.33,75.76,4191.74,0
13136,20260328,134,5267,,,1,8,2,3136,4,2135.83,21.6,1591.65,0
13137,20260329,193,5930,,,2,1,2,3137,6,1818.4,268.32,3436.72,0
13138,20260330,101,6097,,,1,1,2,3138,6,1356.88,4.14,661.66,0
13139,20260331,181,5380,,,2,10,2,3139,3,891.29,26.77,1333.99,0
13140,20260401,144,5692,,,2,1,2,3140,6,1321.3,106.67,709.66,0
13141,20260402,173,5603,,,1,10,2,3141,3,1956.89,182.79,1898.49,0
13142,20260403,178,5354,,,2,5,2,3142,3,1937.75,201.88,3005.24,0
13143,20260404,130,5103,,,1,4,2,3143,4,623.18,194.83,4221.35,0
13144,20260405,123,5717,,,1,10,2,3144,1,1564.17,260.25,1683.52,0
13145,20260406,130,6312,,,1,7,2,3145,2,1868.5,266.21,1294.72,0
13146,20260407,168,6355,,,1,5,2,3146,2,466.03,292.81,4853.96,0
13147,20260408,129,5849,,,1,10,2,3147,2,1081.36,261.47,3070.01,0
13148,20260409,196,5501,,,1,5,2,3148,5,2331.31,48.02,1996.76,0
13149,20260410,193,6101,,,2,12,2,3149,6,2391.19,5.61,1657.36,0
13150,20260411,160,5488,,,2,9,2,3150,6,2797.0,0.94,4760.97,0
13151,20260412,157,5152,,,1,12,2,3151,1,1483.35,80.77,3627.96,0
13152,20260413,110,5632,,,2,10,2,3152,5,1432.26,6.75,836.28,0
13153,20260414,139,5848,,,1,8,2,3153,2,772.24,245.83,3284.32,0
13154,20260415,171,5905,,,2,7,2,3154,6,2046.11,257.52,3114.77,0
13155,20260416,188,5353,,,2,11,2,3155,1,1997.85,76.03,4883.76,0
13156,20260417,183,5705,,,2,10,2,3156,6,1036.18,273.0,573.32,0
13157,20260418,119,6056,,,2,6,2,3157,6,1629.85,0.96,946.53,0
13158,20260419,140,6424,,,2,7,2,3158,2,1909.3,74.21,1007.01,0
13159,20260420,129,5956,,,2,6,2,3159,1,2368.19,246.74,3607.11,0
13160,20260421,108,5178,,,2,9,2,3160,5,1119.19,279.31,4881.91,0
13161,20260422,178,6338,,,1,11,2,3161,3,1803.62,44.4,3010.73,0
13162,20260423,138,5051,,,2,8,2,3162,5,2640.1,248.49,3391.79,0
13163,20260424,128,5913,,,1,11,2,3163,3,2735.31,55.99,1529.5,0
13164,20260425,137,5412,,,1,5,2,3164,4,1903.72,43.11,2170.11,0
13165,20260426,182,5075,,,1,1,2,3165,2,405.68,3.99,2295.32,0
13166,20260427,105,5279,,,2,4,2,3166,3,1577.57,33.0,1699.16,0
13167,20260428,138,5583,,,1,3,2,3167,6,2427.83,107.84,1783.23,0
13168,20260429,107,5843,,,1,9,2,3168,5,545.29,139.92,2598.01,1
13169,20260430,168,5801,,,1,6,2,3169,4,2648.13,213.49,4053.88,0
13170,20260501,133,5315,,,2,12,2,3170,3,459.41,252.75,2450.45,0
13171,20260201,133,5490,,,2,9,2,3171,2,2080.19,47.75,4722.02,0
13172,20260202,114,5917,,,1,8,2,3172,6,787.42,35.02,1354.33,0
13173,20260203,147,6179,,,1,7,2,3173,4,1243.57,289.73,3515.33,0
13174,20260204,191,5289,,,2,11,2,3174,6,2501.42,242.54,4557.76,0
13175,20260205,157,5423,,,2,10,2,3175,6,435.78,213.19,4362.3,0
13176,20260206,103,5569,,,2,8,2,3176,5,1096.68,265.51,781.76,0
13177,20260207,185,6213,,,2,8,2,3177,4,1488.72,36.13,2633.39,0
13178,20260208,159,5519,,,2,7,2,3178,4,2021.07,142.0,4045.91,0
13179,20260209,114,6287,,,2,12,2,3179,2,1344.61,223.25,1588.91,0
13180,20260210,156,5503,,,1,4,2,3180,2,2623.96,23.15,2931.14,0
13181,20260211,124,5049,,,1,5,2,3181,6,1106.21,163.79,3211.37,0
13182,20260212,148,6196,,,2,2,2,3182,1,1620.04,89.21,503.8,0
13183,20260213,117,5907,,,2,5,2,3183,1,2244.3,198.7,2941.18,0
13184,20260214,164,5446,,,1,9,2,3184,3,1287.92,189.56,1653.73,0
13185,20260215,188,5872,,,2,3,2,3185,5,1325.24,31.46,3029.68,0
13186,20260216,116,6168,,,2,6,2,3186,1,2691.46,228.74,2139.98,0
13187,20260217,113,5950,,,1,1,2,3187,1,2296.39,97.26,1563.11,0
13188,20260218,171,5124,,,2,2,2,3188,2,646.44,3.29,3064.02,0
13189,20260219,155,6245,,,1,7,2,3189,5,1966.63,275.88,590.84,0
13190,20260220,117,5022,,,1,9,2,3190,2,1256.87,34.08,3560.21,0
13191,20260221,101,5641,,,2,10,2,3191,5,2757.0,114.27,2527.13,0
13192,20260222,127,5970,,,2,3,2,3192,1,1355.45,214.13,1525.19,0
13193,20260223,146,5171,,,1,11,2,3193,4,1397.75,25.87,2770.8,0
13194,20260224,130,5662,,,1,7,2,3194,6,664.85,230.84,3625.74,0
13195,20260225,146,5722,,,2,9,2,3195,3,2127.88,215.53,1266.3,0
13196,20260226,149,5378,,,1,6,2,3196,3,1269.11,100.16,4484.84,0
13197,20260227,146,5408,,,2,10,2,3197,6,1489.22,48.45,1621.41,0
13198,20260228,190,5796,,,2,2,2,3198,5,2009.76,153.73,1347.98,0
13199,20260301,135,6331,,,2,12,2,3199,1,2672.14,7.99,4949.98,0
13200,20260302,125,6203,,,2,11,2,3200,4,1730.24,217.97,4695.59,0
13201,20260303,148,6338,,,2,1,2,3201,6,1914.67,258.42,4895.19,0
13202,20260304,142,5389,,,2,8,2,3202,2,724.71,52.3,2944.22,0
13203,20260305,196,6305,,,2,1,2,3203,4,546.49,150.84,617.03,0
13204,20260306,149,5522,,,2,11,2,3204,4,634.22,225.62,2494.75,1
13205,20260307,148,6032,,,2,8,2,3205,3,2242.68,196.46,513.08,0
13206,20260308,191,5441,,,2,9,2,3206,3,1961.23,138.53,1477.54,0
13207,20260309,112,6080,,,1,4,2,3207,1,1874.51,265.52,2977.36,0
13208,20260310,195,5722,,,1,5,2,3208,6,2346.0,1.87,4517.53,0
13209,20260311,109,5340,,,2,10,2,3209,2,2236.92,143.85,2255.41,0
13210,20260312,185,5246,,,2,6,2,3210,2,1205.58,14.43,2121.3,0
13211,20260313,183,6372,,,2,11,2,3211,1,1061.49,83.73,3636.05,0
13212,20260314,151,5164,,,2,9,2,3212,6,1641.41,121.55,3554.13,0
13213,20260315,152,5078,,,1,7,2,3213,5,2385.89,118.55,2419.02,0
13214,20260316,194,5831,,,2,3,2,3214,2,1548.96,137.27,4890.16,0
13215,20260317,136,6381,,,1,3,2,3215,4,740.34,149.58,4145.93,0
13216,20260318,147,6273,,,1,3,2,3216,1,2134.45,58.68,2356.7,0
13217,20260319,143,5608,,,1,11,2,3217,6,1263.06,20.19,2038.06,0
13218,20260320,184,6322,,,2,4,2,3218,1,1662.56,98.3,3715.3,0
13219,20260321,160,5135,,,1,12,2,3219,3,1996.2,283.0,1980.65,0
13220,20260322,122,5032,,,2,1,2,3220,2,2652.32,6.87,4800.83,0
13221,20260323,181,5716,,,2,9,2,3221,2,2078.34,216.45,4020.65,0
13222,20260324,107,6415,,,2,3,2,3222,6,851.01,115.23,2112.94,0
13223,20260325,138,5622,,,1,4,2,3223,4,1574.53,18.43,967.43,0
13224,20260326,198,5712,,,1,5,2,3224,1,1710.89,238.66,2850.47,0
13225,20260327,112,5318,,,2,4,2,3225,1,717.48,97.86,2143.11,0
13226,20260328,159,5753,,,2,12,2,3226,4,2066.67,243.53,1584.26,0
13227,20260329,157,6413,,,2,1,2,3227,4,1977.42,129.11,1277.68,0
13228,20260330,171,6473,,,2,10,2,3228,6,1735.07,216.41,3052.92,0
13229,20260331,134,5402,,,1,9,2,3229,3,1015.45,107.19,3619.89,0
13230,20260401,188,6273,,,2,6,2,3230,6,1516.23,127.52,3375.5,0
13231,20260402,197,5145,,,2,10,2,3231,3,2090.11,214.71,4736.74,0
13232,20260403,198,6091,,,1,2,2,3232,1,1033.48,261.09,1876.63,0
13233,20260404,160,6019,,,1,10,2,3233,1,1961.69,66.15,2754.72,0
13234,20260405,109,6365,,,1,5,2,3234,5,1676.31,277.5,4911.82,0
13235,20260406,150,5475,,,1,6,2,3235,1,889.66,229.11,1994.29,0
13236,20260407,200,6124,,,2,8,2,3236,2,2202.75,272.81,1699.58,0
13237,20260408,148,5600,,,1,2,2,3237,1,1274.07,127.03,2467.88,0
13238,20260409,121,5624,,,1,3,2,3238,4,1035.47,250.63,2700.28,0
13239,20260410,189,5371,,,1,9,2,3239,1,1751.56,212.06,1233.14,0
13240,20260411,103,6377,,,2,8,2,3240,5,2231.43,91.88,1268.13,0
13241,20260412,117,5588,,,1,6,2,3241,1,591.45,195.34,1497.81,0
13242,20260413,180,6094,,,2,7,2,3242,6,2077.15,47.51,2939.34,0
13243,20260414,200,5698,,,1,1,2,3243,3,2545.24,72.79,3919.64,0
13244,20260415,183,6107,,,2,8,2,3244,5,2279.07,15.05,3418.39,0
13245,20260416,142,6331,,,1,1,2,3245,3,491.31,92.94,3589.34,0
13246,20260417,162,5901,,,1,6,2,3246,3,2118.09,43.0,4340.17,0
13247,20260418,176,6250,,,1,10,2,3247,2,1642.85,290.02,4126.39,0
13248,20260419,132,5347,,,1,5,2,3248,1,2701.78,289.47,3239.77,0
13249,20260420,103,5282,,,2,5,2,3249,5,1912.25,185.71,2157.32,0
13250,20260421,140,5429,,,2,2,2,3250,4,1871.05,130.24,2897.77,0
13251,20260422,104,5835,,,2,9,2,3251,2,603.37,269.21,3468.18,0
13252,20260423,174,6074,,,2,9,2,3252,4,2392.89,210.69,4276.03,0
13253,20260424,177,5266,,,1,2,2,3253,2,474.42,21.7,4056.15,0
13254,20260425,161,5364,,,1,8,2,3254,6,965.87,183.36,1527.2,0
13255,20260426,138,6290,,,1,2,2,3255,6,796.36,127.9,4778.1,0
13256,20260427,182,5653,,,2,3,2,3256,5,2201.53,31.28,4107.32,0
13257,20260428,124,5261,,,2,2,2,3257,6,548.2,295.92,604.67,0
13258,20260429,141,5692,,,2,5,2,3258,6,2280.4,36.61,995.36,0
13259,20260430,190,5972,,,1,8,2,3259,3,720.7,187.04,992.67,0
13260,20260501,129,6495,,,1,6,2,3260,2,2640.29,18.26,1470.11,0
13261,20260201,179,6185,,,2,7,2,3261,1,2103.78,163.02,2162.6,0
13262,20260202,150,6397,,,1,6,2,3262,3,1436.84,19.7,562.7,0
13263,20260203,114,5663,,,1,10,2,3263,1,1039.23,94.67,3917.36,0
13264,20260204,192,6238,,,1,12,2,3264,4,1610.42,74.37,3543.05,0
13265,20260205,186,6108,,,1,2,2,3265,4,2429.27,51.23,3448.77,0
13266,20260206,137,5542,,,2,5,2,3266,1,2362.01,19.46,3688.5,0
13267,20260207,175,6433,,,2,6,2,3267,2,2186.16,288.1,1410.41,0
13268,20260208,124,5770,,,2,5,2,3268,6,2172.25,63.18,4773.7,0
13269,20260209,154,5899,,,2,1,2,3269,1,911.31,51.71,4078.87,0
13270,20260210,123,6474,,,1,2,2,3270,2,2306.3,125.85,944.03,0
13271,20260211,132,6037,,,2,11,2,3271,4,2666.86,275.47,3258.02,0
13272,20260212,188,6211,,,1,2,2,3272,2,2001.65,76.16,3113.38,0
13273,20260213,123,5543,,,1,6,2,3273,2,2084.7,213.28,3474.46,0
13274,20260214,195,6113,,,2,3,2,3274,6,1876.78,223.22,2692.17,0
13275,20260215,125,6479,,,2,8,2,3275,3,1818.15,49.57,4935.5,0
13276,20260216,101,5852,,,1,7,2,3276,1,2373.95,241.91,4422.89,0
13277,20260217,172,5341,,,1,6,2,3277,2,836.79,130.76,4519.79,0
13278,20260218,188,5922,,,2,7,2,3278,1,1532.91,297.51,3750.64,0
13279,20260219,156,5532,,,2,4,2,3279,2,1126.24,49.68,933.04,0
13280,20260220,129,6044,,,2,2,2,3280,5,1791.58,45.96,2870.87,0
13281,20260221,104,5323,,,2,9,2,3281,4,2304.02,219.2,2121.38,0
13282,20260222,106,6259,,,1,8,2,3282,3,2083.87,191.96,2209.14,0
13283,20260223,138,6310,,,1,5,2,3283,3,498.27,74.51,2542.51,0
13284,20260224,138,5934,,,2,5,2,3284,5,1638.98,236.77,3629.76,0
13285,20260225,150,5231,,,1,12,2,3285,3,2287.16,44.7,745.57,0
13286,20260226,140,5422,,,2,2,2,3286,3,2639.49,86.81,4965.46,0
13287,20260227,140,5871,,,1,8,2,3287,1,2143.26,43.99,3726.52,0
13288,20260228,157,6091,,,2,1,2,3288,4,2245.32,255.29,2545.97,0
13289,20260301,108,6007,,,1,4,2,3289,6,1877.38,15.54,3707.28,0
13290,20260302,120,6444,,,2,5,2,3290,6,1587.17,156.26,4063.58,0
13291,20260303,138,5172,,,1,12,2,3291,1,2691.88,228.6,1218.2,0
13292,20260304,104,6137,,,2,2,2,3292,2,2328.4,157.82,1440.8,0
13293,20260305,174,5665,,,2,11,2,3293,5,2315.08,112.17,1422.66,0
13294,20260306,125,6286,,,1,8,2,3294,2,2514.71,146.44,3770.47,0
13295,20260307,138,5063,,,1,3,2,3295,4,2722.39,164.21,568.89,0
13296,20260308,116,6380,,,1,4,2,3296,4,532.71,12.08,4568.49,0
13297,20260309,174,6295,,,1,10,2,3297,6,2596.19,277.46,3895.31,0
13298,20260310,108,5234,,,2,3,2,3298,3,2480.9,255.63,917.18,0
13299,20260311,129,5541,,,1,9,2,3299,5,2559.84,224.86,3291.94,0
13300,20260312,162,5538,,,2,10,2,3300,6,2549.28,151.54,2606.26,0
13301,20260313,136,6306,,,2,9,2,3301,2,2583.27,26.93,2667.25,0
13302,20260314,135,6478,,,2,2,2,3302,2,884.59,5.09,4472.98,0
13303,20260315,195,5918,,,1,1,2,3303,3,427.14,217.39,4129.07,0
13304,20260316,182,5568,,,1,3,2,3304,2,1417.38,281.54,2194.92,0
13305,20260317,128,5871,,,2,4,2,3305,3,675.84,73.61,3481.79,0
13306,20260318,174,5355,,,1,2,2,3306,1,2258.89,267.51,1234.44,0
13307,20260319,183,5082,,,1,8,2,3307,3,2299.86,154.47,4762.19,0
13308,20260320,136,5604,,,1,12,2,3308,6,419.87,88.83,2814.53,0
13309,20260321,186,5759,,,1,10,2,3309,5,1030.16,40.86,4519.19,0
13310,20260322,135,5290,,,2,6,2,3310,5,673.46,78.74,997.99,0
13311,20260323,162,5160,,,2,10,2,3311,6,1802.27,157.21,2762.61,0
13312,20260324,136,5836,,,2,4,2,3312,4,2503.33,198.89,1280.15,0
13313,20260325,127,6122,,,2,4,2,3313,6,1119.36,289.28,859.79,0
13314,20260326,163,6332,,,1,8,2,3314,4,910.77,98.47,3864.44,0
13315,20260327,132,5913,,,1,8,2,3315,6,2275.71,165.93,891.92,0
13316,20260328,137,5714,,,1,4,2,3316,1,1058.49,72.74,4740.99,0
13317,20260329,112,5733,,,1,9,2,3317,1,1105.21,281.86,1433.19,0
13318,20260330,107,5303,,,2,10,2,3318,4,1605.7,53.18,593.85,0
13319,20260331,105,5806,,,1,1,2,3319,1,2443.47,68.12,3609.43,1
13320,20260401,146,5910,,,2,6,2,3320,1,2048.18,27.39,1797.6,0
13321,20260402,174,5505,,,2,10,2,3321,2,1779.78,218.38,4047.95,0
13322,20260403,151,6119,,,2,11,2,3322,6,806.85,90.97,3533.02,0
13323,20260404,102,6115,,,2,4,2,3323,1,2748.8,39.83,705.02,0
13324,20260405,119,5983,,,1,7,2,3324,5,2320.37,74.19,720.53,0
13325,20260406,120,6274,,,2,2,2,3325,4,1594.42,228.82,3679.17,0
13326,20260407,140,6334,,,2,11,2,3326,6,2157.1,6.59,2158.79,0
13327,20260408,116,5969,,,1,6,2,3327,6,2335.88,187.79,3789.54,0
13328,20260409,133,5003,,,2,9,2,3328,6,795.69,212.41,4886.73,0
13329,20260410,105,5113,,,2,3,2,3329,4,2760.91,293.84,4549.44,0
13330,20260411,150,5110,,,1,4,2,3330,1,1760.99,212.48,1852.31,0
13331,20260412,152,5924,,,2,5,2,3331,2,737.9,50.61,4071.62,0
13332,20260413,145,5455,,,2,9,2,3332,4,1413.82,218.15,3368.41,0
13333,20260414,171,5171,,,1,9,2,3333,4,1245.21,163.97,3336.13,0
13334,20260415,161,5941,,,2,2,2,3334,2,866.9,78.13,4029.32,0
13335,20260416,142,5436,,,2,4,2,3335,2,2083.92,49.03,1240.46,0
13336,20260417,194,5237,,,1,4,2,3336,5,1215.44,106.1,4495.25,0
13337,20260418,110,5139,,,2,11,2,3337,6,498.32,231.77,2349.51,0
13338,20260419,162,5165,,,2,4,2,3338,2,702.41,73.87,4891.03,0
13339,20260420,147,5228,,,2,2,2,3339,4,1105.69,178.82,1137.89,0
13340,20260421,116,5105,,,2,10,2,3340,6,2371.17,34.11,1142.24,0
13341,20260422,108,5553,,,2,8,2,3341,4,2052.8,272.39,2866.71,0
13342,20260423,192,6122,,,1,6,2,3342,5,530.71,252.03,1542.19,0
13343,20260424,197,5624,,,1,8,2,3343,1,450.89,14.25,693.96,0
13344,20260425,169,6242,,,2,2,2,3344,4,562.1,197.98,2360.72,0
13345,20260426,186,5307,,,2,6,2,3345,3,784.42,197.81,830.32,0
13346,20260427,197,5827,,,1,3,2,3346,3,1025.91,238.92,1777.25,0
13347,20260428,181,5788,,,2,2,2,3347,1,1938.46,74.96,4702.94,0
13348,20260429,105,5143,,,2,12,2,3348,1,821.22,65.71,4954.8,0
13349,20260430,153,5926,,,2,10,2,3349,6,2465.51,167.0,1918.9,0
13350,20260501,132,6113,,,1,11,2,3350,1,2729.25,105.36,625.04,0
13351,20260201,138,5379,,,1,12,2,3351,5,570.61,27.54,3012.29,0
13352,20260202,154,5763,,,1,4,2,3352,4,2109.06,112.71,575.77,0
13353,20260203,138,5921,,,2,4,2,3353,6,994.63,161.39,2957.31,0
13354,20260204,190,5526,,,1,8,2,3354,3,1314.43,116.06,4319.57,0
13355,20260205,198,6393,,,1,4,2,3355,4,1646.12,91.28,1331.63,0
13356,20260206,152,5107,,,1,4,2,3356,3,2750.09,170.59,2926.57,0
13357,20260207,111,5534,,,1,10,2,3357,1,1950.17,258.5,2480.91,0
13358,20260208,146,5334,,,2,10,2,3358,4,599.05,191.86,4869.7,0
13359,20260209,147,6442,,,1,3,2,3359,5,2280.96,132.92,1377.67,0
13360,20260210,126,6021,,,1,7,2,3360,2,1386.35,43.63,3763.91,0
13361,20260211,146,6233,,,2,7,2,3361,5,2702.22,130.21,1593.69,0
13362,20260212,113,5534,,,1,10,2,3362,6,2656.29,289.53,3593.68,0
13363,20260213,181,5587,,,1,4,2,3363,4,1943.15,199.99,1748.25,0
13364,20260214,173,5355,,,1,5,2,3364,2,1698.13,126.68,3366.75,0
13365,20260215,187,6176,,,1,12,2,3365,4,1192.68,189.47,1934.16,0
13366,20260216,188,5459,,,2,8,2,3366,4,1382.26,233.11,2933.1,0
13367,20260217,101,6339,,,1,4,2,3367,4,1412.93,94.57,4018.73,0
13368,20260218,136,5561,,,1,11,2,3368,4,1923.55,208.62,3517.1,0
13369,20260219,144,5567,,,1,9,2,3369,3,942.82,92.4,2771.04,0
13370,20260220,165,6002,,,1,2,2,3370,6,1468.95,14.74,1403.71,0
13371,20260221,181,5392,,,1,2,2,3371,5,1232.91,141.38,4515.08,0
13372,20260222,132,5017,,,2,5,2,3372,2,1518.78,51.84,4268.9,0
13373,20260223,198,5356,,,1,10,2,3373,6,1370.65,189.39,3753.11,0
13374,20260224,106,6018,,,2,10,2,3374,2,1649.22,70.25,1065.95,0
13375,20260225,127,5376,,,2,1,2,3375,6,2648.2,166.31,2275.52,0
13376,20260226,169,6328,,,1,8,2,3376,4,447.46,73.23,3266.07,0
13377,20260227,102,5464,,,2,10,2,3377,5,1156.57,38.05,2183.51,1
13378,20260228,125,5893,,,2,8,2,3378,4,2325.83,105.68,1122.21,0
13379,20260301,158,5454,,,1,3,2,3379,2,1022.26,14.11,3302.28,0
13380,20260302,137,5732,,,1,1,2,3380,5,2797.11,106.96,4573.62,0
13381,20260303,167,5727,,,1,6,2,3381,2,2762.41,80.15,4694.6,0
13382,20260304,172,5221,,,2,8,2,3382,5,2533.95,223.32,3103.2,0
13383,20260305,193,5780,,,1,8,2,3383,4,792.57,289.67,4435.14,0
13384,20260306,184,5127,,,2,7,2,3384,3,1871.03,175.67,2716.07,0
13385,20260307,190,5318,,,1,10,2,3385,1,784.34,268.82,534.58,0
13386,20260308,200,6197,,,2,9,2,3386,6,2099.36,249.87,1848.34,0
13387,20260309,192,5733,,,2,2,2,3387,3,1872.64,30.47,2778.16,0
13388,20260310,199,6000,,,2,9,2,3388,6,903.5,75.43,1682.22,0
13389,20260311,179,5722,,,2,9,2,3389,2,2479.48,169.39,1081.21,0
13390,20260312,118,5929,,,1,1,2,3390,2,1837.79,102.68,2958.8,0
13391,20260313,138,6258,,,1,1,2,3391,6,2761.77,82.52,1224.46,0
13392,20260314,109,6492,,,2,6,2,3392,5,867.74,109.22,3329.41,0
13393,20260315,132,6220,,,1,1,2,3393,1,2416.36,200.19,4527.18,0
13394,20260316,111,5216,,,2,8,2,3394,4,1238.87,131.7,3682.92,0
13395,20260317,191,5958,,,2,7,2,3395,6,786.82,245.47,3166.88,0
13396,20260318,117,6155,,,1,2,2,3396,4,1154.91,178.79,1429.35,0
13397,20260319,179,5087,,,1,4,2,3397,5,2340.94,261.86,4079.21,0
13398,20260320,109,5304,,,2,12,2,3398,6,1168.48,222.59,3671.2,0
13399,20260321,160,5501,,,1,7,2,3399,2,1551.07,287.92,1491.78,0
13400,20260322,131,5090,,,1,6,2,3400,3,1064.99,230.1,1653.29,0
13401,20260323,126,6009,,,2,6,2,3401,6,2383.8,232.87,1770.12,0
13402,20260324,126,6009,,,1,7,2,3402,5,2218.61,190.5,1888.63,0
13403,20260325,176,6463,,,2,10,2,3403,4,2157.03,35.62,4084.61,0
13404,20260326,140,6279,,,2,1,2,3404,1,1345.24,15.83,666.08,1
13405,20260327,122,5259,,,2,9,2,3405,3,1322.53,126.72,4368.25,0
13406,20260328,103,5393,,,1,9,2,3406,4,1577.63,95.99,2369.26,0
13407,20260329,137,6370,,,2,3,2,3407,5,2073.55,200.02,3711.6,0
13408,20260330,120,5589,,,2,11,2,3408,2,1110.44,252.97,884.78,0
13409,20260331,151,5643,,,1,9,2,3409,1,1505.28,73.86,1872.99,0
13410,20260401,142,5198,,,1,1,2,3410,2,1183.97,41.77,4829.45,0
13411,20260402,106,6085,,,1,6,2,3411,5,915.39,185.57,1728.7,0
13412,20260403,195,5531,,,1,10,2,3412,4,742.62,176.48,2393.63,0
13413,20260404,171,6414,,,2,10,2,3413,3,991.18,56.33,4603.8,0
13414,20260405,107,5663,,,1,7,2,3414,5,2390.11,118.22,1022.41,0
13415,20260406,131,5716,,,1,3,2,3415,2,1592.17,282.84,2748.04,1
13416,20260407,142,5959,,,2,12,2,3416,2,1327.03,1.94,2836.74,0
13417,20260408,118,6415,,,1,3,2,3417,5,2746.16,239.71,4124.08,0
13418,20260409,114,5481,,,2,8,2,3418,6,1839.5,185.3,1758.31,0
13419,20260410,184,6479,,,1,7,2,3419,2,2363.1,109.34,2535.4,0
13420,20260411,147,5019,,,1,9,2,3420,5,1125.81,222.94,3072.45,0
13421,20260412,174,5242,,,1,7,2,3421,1,2581.56,14.79,2169.53,0
13422,20260413,136,6102,,,2,8,2,3422,3,761.18,41.9,884.27,0
13423,20260414,145,5234,,,2,12,2,3423,1,1817.23,112.42,3355.29,0
13424,20260415,163,5226,,,2,2,2,3424,3,1516.53,237.71,1921.12,0
13425,20260416,139,5468,,,1,3,2,3425,2,438.68,231.96,4869.99,0
13426,20260417,114,5756,,,1,8,2,3426,3,2589.5,35.06,2162.84,0
13427,20260418,118,6341,,,2,7,2,3427,5,648.6,45.21,761.48,0
13428,20260419,142,5257,,,1,6,2,3428,5,2043.11,220.47,3382.83,0
13429,20260420,158,6026,,,2,3,2,3429,5,2539.61,250.73,3444.45,0
13430,20260421,165,6001,,,2,6,2,3430,3,1299.36,88.67,2713.02,0
13431,20260422,131,5511,,,2,2,2,3431,2,1898.31,205.84,4267.27,0
13432,20260423,112,5135,,,2,6,2,3432,4,2622.22,114.09,539.19,0
13433,20260424,144,5952,,,1,4,2,3433,2,1980.29,128.8,4606.06,0
13434,20260425,165,6219,,,1,7,2,3434,4,958.87,188.35,4269.97,0
13435,20260426,189,5777,,,2,10,2,3435,2,831.91,295.94,4199.3,0
13436,20260427,117,6078,,,1,8,2,3436,2,810.84,185.59,3364.1,0
13437,20260428,121,6428,,,2,12,2,3437,6,2516.07,155.33,4764.78,0
13438,20260429,139,5087,,,2,4,2,3438,3,2631.19,203.05,729.44,0
13439,20260430,184,6052,,,2,6,2,3439,4,1564.79,73.89,2126.37,0
13440,20260501,172,5927,,,2,11,2,3440,4,1005.5,297.76,3963.55,0
13441,20260201,125,5389,,,2,4,2,3441,4,1793.3,298.48,3533.28,0
13442,20260202,181,5761,,,2,8,2,3442,6,2172.26,38.25,804.7,0
13443,20260203,129,6298,,,1,9,2,3443,1,1404.5,124.09,656.38,0
13444,20260204,132,5668,,,2,12,2,3444,6,896.75,188.36,2724.68,0
13445,20260205,125,6180,,,1,5,2,3445,4,2588.45,112.11,3723.08,0
13446,20260206,141,5387,,,2,12,2,3446,6,868.31,5.16,1460.67,0
13447,20260207,111,5755,,,1,11,2,3447,5,2220.26,188.87,611.91,0
13448,20260208,114,6254,,,2,4,2,3448,6,1515.7,34.23,3510.64,0
13449,20260209,137,6087,,,1,6,2,3449,6,1883.41,71.31,4700.6,0
13450,20260210,191,5418,,,1,9,2,3450,1,1294.53,45.46,4813.75,0
13451,20260211,157,5305,,,1,4,2,3451,5,1150.79,231.67,4850.84,0
13452,20260212,119,6102,,,2,12,2,3452,2,2329.63,133.2,4066.72,0
13453,20260213,117,6031,,,2,8,2,3453,6,667.34,196.72,2658.03,0
13454,20260214,164,6406,,,1,4,2,3454,2,2227.94,58.99,970.64,0
13455,20260215,149,5990,,,2,8,2,3455,4,1866.9,204.42,737.23,0
13456,20260216,109,6352,,,1,8,2,3456,3,2604.31,95.37,4887.77,0
13457,20260217,138,5505,,,2,12,2,3457,1,2070.59,207.79,1822.18,0
13458,20260218,128,6413,,,2,3,2,3458,5,458.99,178.03,3114.95,0
13459,20260219,122,6399,,,1,11,2,3459,1,1371.1,151.26,4976.78,0
13460,20260220,123,5782,,,1,12,2,3460,6,2281.5,97.42,3534.87,0
13461,20260221,152,5801,,,1,9,2,3461,2,462.56,64.31,2822.09,0
13462,20260222,134,5951,,,2,9,2,3462,3,1907.93,14.04,852.92,0
13463,20260223,169,5264,,,2,3,2,3463,5,2593.56,203.86,1071.05,0
13464,20260224,142,5366,,,1,11,2,3464,1,1187.45,236.26,4230.19,0
13465,20260225,125,6435,,,1,1,2,3465,3,2569.25,237.35,1579.84,0
13466,20260226,172,5723,,,1,2,2,3466,3,1637.37,10.78,1999.36,0
13467,20260227,182,6220,,,1,4,2,3467,6,2450.46,84.82,4216.13,0
13468,20260228,158,5344,,,1,11,2,3468,2,2536.42,160.48,3445.3,0
13469,20260301,168,5952,,,1,2,2,3469,4,2643.52,30.81,4489.53,0
13470,20260302,169,5706,,,2,2,2,3470,3,2778.53,198.08,3068.18,0
13471,20260303,140,6311,,,2,11,2,3471,5,2634.91,42.57,596.63,0
13472,20260304,126,5180,,,1,10,2,3472,5,982.52,111.85,3480.09,0
13473,20260305,167,5680,,,2,3,2,3473,2,2605.7,197.78,4451.3,0
13474,20260306,160,6338,,,1,7,2,3474,1,1928.61,165.15,1142.78,0
13475,20260307,136,5287,,,1,4,2,3475,4,839.01,250.16,1308.62,0
13476,20260308,106,5435,,,1,2,2,3476,6,2714.17,296.05,3143.87,0
13477,20260309,176,5739,,,2,3,2,3477,6,2252.73,124.16,4006.81,0
13478,20260310,146,5664,,,1,9,2,3478,4,2029.84,147.68,3191.12,0
13479,20260311,193,5599,,,1,7,2,3479,5,2381.68,135.51,1416.08,0
13480,20260312,117,5161,,,1,3,2,3480,5,754.84,211.4,2107.68,0
13481,20260313,164,5721,,,2,6,2,3481,6,771.94,226.66,4496.44,0
13482,20260314,175,5928,,,1,9,2,3482,3,1156.29,0.64,2261.37,0
13483,20260315,157,5822,,,2,10,2,3483,4,1881.29,237.08,792.17,1
13484,20260316,127,6222,,,1,10,2,3484,2,1638.59,205.06,2880.71,0
13485,20260317,124,5329,,,1,8,2,3485,6,1055.32,172.69,4443.54,0
13486,20260318,126,5308,,,1,1,2,3486,3,978.13,97.02,1855.55,0
13487,20260319,170,5514,,,1,3,2,3487,5,1800.32,34.9,3101.27,0
13488,20260320,120,6450,,,1,1,2,3488,4,2243.9,299.31,2618.32,0
13489,20260321,165,5425,,,2,8,2,3489,2,1386.66,251.81,2346.87,0
13490,20260322,145,6373,,,2,7,2,3490,5,2615.5,205.2,1073.92,0
13491,20260323,170,5026,,,2,5,2,3491,1,2407.96,195.27,1750.43,0
13492,20260324,191,5847,,,2,12,2,3492,2,1387.23,35.67,4166.97,0
13493,20260325,134,5775,,,2,12,2,3493,3,1702.06,290.71,4117.47,0
13494,20260326,190,5571,,,2,5,2,3494,5,1617.79,70.88,1649.68,0
13495,20260327,157,5110,,,1,3,2,3495,3,1797.1,129.5,1943.19,0
13496,20260328,159,5484,,,1,4,2,3496,6,951.49,88.11,3304.2,0
13497,20260329,118,5900,,,1,6,2,3497,2,976.63,223.32,3638.89,0
13498,20260330,154,5210,,,1,7,2,3498,5,2432.88,21.25,4006.3,1
13499,20260331,135,6313,,,1,3,2,3499,2,1062.84,73.52,3455.67,0
13500,20260401,197,6153,,,2,2,2,3500,6,2468.02,51.84,3830.97,0
13501,20260402,147,5140,,,1,12,2,3501,3,1162.75,213.31,1834.0,0
13502,20260403,184,5054,,,2,9,2,3502,2,705.79,112.73,3628.6,0
13503,20260404,147,5019,,,2,7,2,3503,6,2655.86,263.0,3867.11,0
13504,20260405,170,5562,,,1,8,2,3504,2,734.68,229.03,2646.76,0
13505,20260406,109,5840,,,1,2,2,3505,4,1758.64,207.13,1543.82,0
13506,20260407,187,5870,,,1,9,2,3506,3,2062.37,239.65,1502.2,0
13507,20260408,164,6453,,,1,4,2,3507,3,1321.16,96.06,1104.4,0
13508,20260409,101,5378,,,2,12,2,3508,1,1530.99,51.34,2613.83,0
13509,20260410,160,5206,,,1,12,2,3509,2,2549.98,262.8,3623.81,0
13510,20260411,105,5580,,,1,2,2,3510,6,577.45,246.86,1209.04,0
13511,20260412,199,6197,,,1,12,2,3511,5,1150.45,127.92,2924.81,0
13512,20260413,132,5904,,,2,2,2,3512,3,2169.96,69.06,2485.57,0
13513,20260414,109,6089,,,1,12,2,3513,1,1339.23,81.86,3452.41,0
13514,20260415,192,5574,,,2,11,2,3514,5,2491.45,222.03,3700.29,0
13515,20260416,162,5011,,,1,11,2,3515,2,1430.44,266.05,3714.28,0
13516,20260417,181,5080,,,2,2,2,3516,2,943.52,255.73,3323.51,0
13517,20260418,147,6336,,,2,1,2,3517,4,1251.3,19.12,2364.2,0
13518,20260419,199,5108,,,2,4,2,3518,4,752.08,65.32,4963.68,0
13519,20260420,165,5423,,,1,6,2,3519,4,2759.09,16.94,1390.57,0
13520,20260421,185,5872,,,1,4,2,3520,5,1175.51,177.65,2347.3,0
13521,20260422,120,6167,,,2,8,2,3521,6,1260.78,112.61,3186.75,0
13522,20260423,162,5288,,,1,2,2,3522,1,954.32,78.04,4329.77,0
13523,20260424,191,5092,,,2,12,2,3523,2,1364.85,82.42,3009.81,0
13524,20260425,110,5619,,,1,2,2,3524,1,2428.26,81.64,1513.62,0
13525,20260426,177,5568,,,2,2,2,3525,6,1872.67,21.59,1086.66,0
13526,20260427,193,6260,,,1,11,2,3526,6,2378.39,240.73,2266.66,0
13527,20260428,189,6366,,,1,3,2,3527,1,539.3,239.18,1472.52,0
13528,20260429,173,5464,,,1,1,2,3528,4,509.08,158.84,2639.38,0
13529,20260430,143,5357,,,1,4,2,3529,1,2392.77,13.06,1099.45,0
13530,20260501,107,5158,,,1,5,2,3530,4,1980.41,116.02,1960.73,0
13531,20260201,167,5178,,,2,11,2,3531,3,1784.9,183.67,2842.77,0
13532,20260202,196,6478,,,1,7,2,3532,2,1636.87,275.42,1012.42,0
13533,20260203,143,5217,,,1,3,2,3533,6,2137.99,104.96,662.57,0
13534,20260204,143,5768,,,2,9,2,3534,4,1711.73,67.19,4204.71,0
13535,20260205,121,6076,,,1,5,2,3535,4,1280.93,199.98,2109.42,0
13536,20260206,115,6254,,,2,4,2,3536,5,1042.5,73.75,3110.23,0
13537,20260207,148,5335,,,1,7,2,3537,4,1712.6,224.21,610.17,0
13538,20260208,167,5185,,,2,9,2,3538,5,2755.08,111.4,1396.24,0
13539,20260209,196,5035,,,1,5,2,3539,6,2307.26,271.99,4744.61,0
13540,20260210,152,5767,,,2,9,2,3540,5,1294.56,220.99,1154.19,0
13541,20260211,150,5852,,,1,4,2,3541,5,2148.81,273.46,2435.12,0
13542,20260212,130,6446,,,1,5,2,3542,3,2740.76,279.12,2065.15,0
13543,20260213,140,6378,,,1,9,2,3543,5,993.69,166.15,4905.97,0
13544,20260214,140,6141,,,1,12,2,3544,2,1267.85,251.35,2379.69,0
13545,20260215,144,5630,,,1,5,2,3545,1,509.23,1.7,2751.67,0
13546,20260216,140,6320,,,1,6,2,3546,5,616.44,102.77,4212.43,0
13547,20260217,182,6034,,,1,1,2,3547,4,2170.12,121.8,2529.74,0
13548,20260218,193,5670,,,1,5,2,3548,3,2165.07,284.09,4057.33,0
13549,20260219,163,6403,,,2,12,2,3549,5,1897.49,234.03,959.2,0
13550,20260220,110,5765,,,1,5,2,3550,2,2386.44,99.84,3143.07,0
13551,20260221,155,5378,,,2,5,2,3551,4,738.11,255.57,1136.42,0
13552,20260222,162,6285,,,2,9,2,3552,3,990.9,104.88,3888.92,0
13553,20260223,195,6237,,,1,3,2,3553,4,2664.82,30.62,782.47,0
13554,20260224,112,5032,,,2,9,2,3554,1,2247.58,279.72,2563.29,0
13555,20260225,128,5366,,,1,11,2,3555,2,1334.71,210.51,4198.69,0
13556,20260226,105,5779,,,1,4,2,3556,4,1091.31,67.09,4215.88,0
13557,20260227,153,6435,,,2,9,2,3557,3,2032.3,120.62,1115.05,1
13558,20260228,106,6028,,,1,1,2,3558,5,2439.22,167.3,2073.16,0
13559,20260301,159,6174,,,2,7,2,3559,5,2427.13,202.38,3580.2,0
13560,20260302,101,5522,,,2,7,2,3560,4,847.33,216.72,4878.06,0
13561,20260303,119,5620,,,2,9,2,3561,5,1818.74,107.52,4038.66,0
13562,20260304,138,6052,,,1,1,2,3562,1,1903.8,272.08,2032.7,0
13563,20260305,172,5031,,,1,11,2,3563,2,1358.83,220.48,1912.65,0
13564,20260306,106,5111,,,2,7,2,3564,1,647.56,58.64,1027.08,0
13565,20260307,139,6018,,,2,6,2,3565,2,2580.9,64.65,2004.71,0
13566,20260308,120,6193,,,2,11,2,3566,6,1400.07,226.16,1175.5,0
13567,20260309,195,6239,,,2,1,2,3567,3,1666.8,68.69,1030.94,0
13568,20260310,124,6032,,,2,11,2,3568,6,2681.39,217.04,1956.25,0
13569,20260311,139,5722,,,2,12,2,3569,5,1317.42,112.07,4473.65,0
13570,20260312,189,5266,,,1,2,2,3570,4,966.94,220.14,3544.77,0
13571,20260313,131,5744,,,2,4,2,3571,6,1008.32,99.18,4735.86,0
13572,20260314,189,6308,,,1,3,2,3572,4,1981.33,35.39,3460.38,0
13573,20260315,110,5024,,,2,5,2,3573,3,457.26,10.94,2038.6,0
13574,20260316,194,6416,,,1,10,2,3574,1,1942.91,151.2,4108.55,0
13575,20260317,171,5670,,,2,1,2,3575,3,2221.38,285.0,1240.27,0
13576,20260318,159,5060,,,2,2,2,3576,5,1012.82,10.87,741.68,0
13577,20260319,148,5480,,,1,1,2,3577,1,2183.75,60.67,650.01,0
13578,20260320,140,6283,,,2,3,2,3578,6,2759.91,270.77,3924.86,0
13579,20260321,200,5608,,,2,2,2,3579,6,1146.42,100.79,4634.63,0
13580,20260322,147,5167,,,2,4,2,3580,5,2508.32,110.04,4300.54,0
13581,20260323,128,5853,,,2,7,2,3581,6,2673.27,116.65,4287.13,0
13582,20260324,153,5051,,,1,6,2,3582,5,1133.92,156.64,3228.96,0
13583,20260325,185,5466,,,1,9,2,3583,3,1331.0,14.26,2400.23,0
13584,20260326,155,5582,,,1,10,2,3584,4,589.9,143.63,2217.98,0
13585,20260327,105,5966,,,2,2,2,3585,6,843.42,278.74,519.92,0
13586,20260328,181,6293,,,1,5,2,3586,5,1500.07,133.77,812.73,0
13587,20260329,197,6356,,,1,11,2,3587,1,2656.16,209.38,2581.28,0
13588,20260330,163,6309,,,1,2,2,3588,1,847.09,31.4,3030.27,0
13589,20260331,188,5181,,,2,9,2,3589,6,2715.33,201.51,3111.11,0
13590,20260401,188,6095,,,1,2,2,3590,4,2755.58,222.67,2654.59,0
13591,20260402,163,6434,,,2,5,2,3591,2,2187.31,1.67,1117.57,0
13592,20260403,120,6227,,,1,3,2,3592,4,2608.13,225.79,3821.64,0
13593,20260404,170,5237,,,1,7,2,3593,4,2706.88,254.11,860.8,0
13594,20260405,164,5512,,,1,12,2,3594,1,866.02,260.6,2418.96,0
13595,20260406,116,5740,,,1,11,2,3595,3,2129.65,41.72,4394.01,0
13596,20260407,125,6336,,,2,3,2,3596,3,1165.68,199.49,3836.28,0
13597,20260408,195,5592,,,2,2,2,3597,5,1151.82,75.55,1106.16,0
13598,20260409,198,6082,,,1,7,2,3598,5,743.34,230.19,725.5,0
13599,20260410,129,5997,,,1,3,2,3599,5,2370.72,215.18,899.31,0
13600,20260411,145,5708,,,2,1,2,3600,3,2124.74,52.04,1280.54,0
13601,20260412,183,5493,,,1,10,2,3601,1,1727.83,196.44,4015.82,0
13602,20260413,196,5728,,,1,12,2,3602,2,613.99,10.14,1746.35,0
13603,20260414,165,6075,,,2,12,2,3603,6,2582.9,290.82,2559.32,0
13604,20260415,152,6260,,,2,8,2,3604,2,1783.32,98.89,1135.51,0
13605,20260416,170,5355,,,1,1,2,3605,1,1655.25,113.03,859.53,0
13606,20260417,156,5378,,,2,9,2,3606,3,2506.69,195.33,2127.71,0
13607,20260418,162,5357,,,2,1,2,3607,5,2098.47,246.63,4008.27,0
13608,20260419,195,5648,,,2,2,2,3608,6,2790.45,290.47,4393.44,0
13609,20260420,186,5144,,,2,8,2,3609,1,1555.33,214.03,2869.16,0
13610,20260421,159,5271,,,1,8,2,3610,1,2477.66,35.77,3988.69,0
13611,20260422,108,5122,,,1,3,2,3611,1,2322.79,258.19,3841.46,0
13612,20260423,169,5684,,,2,5,2,3612,4,547.03,62.31,588.73,0
13613,20260424,122,6277,,,2,9,2,3613,5,2748.36,117.42,1095.35,0
13614,20260425,170,5535,,,2,4,2,3614,3,1343.12,153.03,2918.68,0
13615,20260426,178,5915,,,1,4,2,3615,4,872.09,271.88,4200.74,0
13616,20260427,127,5196,,,2,5,2,3616,3,576.97,7.9,3232.47,0
13617,20260428,152,5769,,,2,6,2,3617,6,775.24,124.82,946.58,0
13618,20260429,106,6322,,,1,11,2,3618,1,2344.29,231.96,608.2,0
13619,20260430,124,6384,,,2,6,2,3619,5,1541.18,270.08,3651.4,0
13620,20260501,104,5468,,,1,11,2,3620,3,1104.03,285.09,3385.66,0
13621,20260201,159,5328,,,2,9,2,3621,4,1461.62,15.62,3729.63,0
13622,20260202,149,5310,,,2,6,2,3622,3,1032.51,162.94,3194.83,0
13623,20260203,121,5515,,,2,7,2,3623,5,1127.25,162.89,2765.7,0
13624,20260204,121,6362,,,2,8,2,3624,2,2147.97,69.72,1184.07,0
13625,20260205,118,6160,,,2,10,2,3625,3,1840.34,84.15,1858.92,0
13626,20260206,153,6401,,,1,4,2,3626,4,1520.31,162.23,1365.2,0
13627,20260207,127,5408,,,2,4,2,3627,4,404.09,90.9,1452.64,0
13628,20260208,171,5073,,,1,1,2,3628,3,2548.9,64.66,3131.3,0
13629,20260209,118,5150,,,1,6,2,3629,5,2123.8,180.11,4131.11,0
13630,20260210,171,6191,,,1,10,2,3630,4,1482.43,188.29,2250.1,0
13631,20260211,156,5393,,,2,11,2,3631,6,752.34,204.71,852.47,0
13632,20260212,185,5796,,,2,1,2,3632,6,2134.01,128.69,1281.28,0
13633,20260213,175,5351,,,2,4,2,3633,2,714.54,116.22,3516.59,0
13634,20260214,170,5524,,,1,1,2,3634,6,1450.11,187.07,4167.58,0
13635,20260215,174,5043,,,1,10,2,3635,1,2634.2,170.26,1800.96,0
13636,20260216,127,5519,,,2,7,2,3636,4,1302.9,54.02,3546.7,0
13637,20260217,165,5958,,,1,11,2,3637,5,1027.47,77.12,2650.2,0
13638,20260218,138,5525,,,1,9,2,3638,1,2405.16,149.82,2425.26,0
13639,20260219,122,5274,,,1,2,2,3639,3,1176.3,143.38,3646.57,0
13640,20260220,121,6172,,,2,3,2,3640,1,789.56,6.21,3804.81,0
13641,20260221,101,5447,,,2,1,2,3641,1,2387.42,192.85,2290.76,0
13642,20260222,194,6437,,,2,4,2,3642,2,740.63,76.1,3756.88,0
13643,20260223,121,6331,,,1,2,2,3643,4,2419.7,283.41,1252.12,0
13644,20260224,114,6334,,,1,5,2,3644,1,400.2,44.45,4231.77,0
13645,20260225,194,5166,,,1,11,2,3645,3,1402.69,163.38,779.93,0
13646,20260226,160,6479,,,1,11,2,3646,6,1907.05,256.56,3760.29,0
13647,20260227,144,5427,,,1,11,2,3647,5,2737.95,73.7,1286.87,0
13648,20260228,180,6201,,,2,12,2,3648,6,1432.17,281.3,3327.15,0
13649,20260301,200,5897,,,1,4,2,3649,6,2373.72,234.12,2461.7,0
13650,20260302,174,5318,,,1,12,2,3650,5,1703.68,262.62,1254.23,0
13651,20260303,115,6397,,,1,12,2,3651,4,1115.81,15.6,597.34,0
13652,20260304,122,5110,,,2,3,2,3652,3,2686.19,162.68,4112.99,0
13653,20260305,159,5289,,,1,6,2,3653,4,2537.05,87.81,4571.78,0
13654,20260306,171,5265,,,2,7,2,3654,6,2225.54,127.67,3827.09,0
13655,20260307,197,5629,,,1,4,2,3655,6,2098.23,249.99,2976.76,0
13656,20260308,108,6279,,,1,11,2,3656,4,1443.36,221.75,4235.91,0
13657,20260309,144,6032,,,2,8,2,3657,5,1409.58,141.72,3942.19,0
13658,20260310,138,5662,,,2,2,2,3658,1,2262.86,237.6,3877.76,0
13659,20260311,107,6402,,,2,8,2,3659,1,777.0,159.07,3415.85,0
13660,20260312,174,6483,,,1,9,2,3660,3,416.61,61.67,1636.78,0
13661,20260313,157,6172,,,1,8,2,3661,1,2448.96,34.38,673.89,0
13662,20260314,193,5319,,,1,6,2,3662,4,995.34,200.45,3028.69,0
13663,20260315,144,5107,,,1,9,2,3663,6,835.32,82.51,4252.8,0
13664,20260316,111,5280,,,1,10,2,3664,4,2308.52,87.91,1897.94,0
13665,20260317,189,5307,,,1,12,2,3665,3,1515.91,42.06,2698.13,0
13666,20260318,142,5847,,,1,1,2,3666,1,2475.36,74.66,2804.62,0
13667,20260319,197,5738,,,1,9,2,3667,2,2243.52,229.82,3177.57,0
13668,20260320,199,5880,,,2,11,2,3668,3,1918.75,129.04,4035.82,0
13669,20260321,134,5460,,,2,12,2,3669,4,1051.87,75.23,4233.55,1
13670,20260322,112,6498,,,2,7,2,3670,4,997.04,163.24,1816.55,0
13671,20260323,159,5970,,,1,4,2,3671,2,1259.55,275.13,605.37,0
13672,20260324,159,5377,,,2,9,2,3672,5,1122.37,81.82,3269.39,0
13673,20260325,134,5804,,,1,7,2,3673,6,1001.23,38.29,3321.4,1
13674,20260326,117,6131,,,2,4,2,3674,5,2093.9,17.38,4832.32,0
13675,20260327,120,6448,,,1,5,2,3675,2,1100.0,101.51,940.61,0
13676,20260328,142,5373,,,1,9,2,3676,5,1100.62,228.8,2512.65,0
13677,20260329,132,6262,,,2,8,2,3677,2,1015.01,77.98,2294.62,0
13678,20260330,105,5591,,,1,5,2,3678,3,2580.6,186.6,3182.3,0
13679,20260331,154,5640,,,2,1,2,3679,5,1716.51,252.65,2642.53,0
13680,20260401,105,5483,,,2,5,2,3680,5,421.11,211.05,4164.45,0
13681,20260402,105,6361,,,2,12,2,3681,2,2781.13,261.38,2228.93,0
13682,20260403,116,5150,,,2,6,2,3682,1,2288.23,208.59,1507.72,0
13683,20260404,102,5976,,,1,5,2,3683,2,711.65,233.89,1559.55,0
13684,20260405,133,5288,,,1,8,2,3684,2,1433.93,72.31,4886.56,0
13685,20260406,155,5863,,,2,11,2,3685,5,1046.9,150.18,2362.98,0
13686,20260407,101,5089,,,1,6,2,3686,5,600.73,153.06,2794.19,0
13687,20260408,104,5646,,,2,10,2,3687,4,1756.01,42.64,3728.06,0
13688,20260409,112,5903,,,1,11,2,3688,6,1174.97,29.01,2625.47,0
13689,20260410,139,5479,,,2,6,2,3689,3,2499.84,117.98,3784.07,0
13690,20260411,104,6328,,,1,11,2,3690,1,1447.46,236.88,2912.7,0
13691,20260412,185,5405,,,2,6,2,3691,6,2620.84,205.51,4415.43,0
13692,20260413,131,5235,,,1,6,2,3692,1,2131.52,31.1,4482.53,0
13693,20260414,170,5019,,,2,10,2,3693,1,526.58,238.97,520.81,0
13694,20260415,132,5972,,,2,5,2,3694,3,860.19,131.68,2039.51,0
13695,20260416,121,5871,,,1,2,2,3695,6,1979.89,244.25,3550.83,0
13696,20260417,101,5475,,,1,1,2,3696,6,768.5,29.29,2686.42,0
13697,20260418,163,5645,,,1,12,2,3697,2,1972.46,74.85,678.82,0
13698,20260419,115,6070,,,1,6,2,3698,2,2654.29,113.11,1791.14,0
13699,20260420,135,5229,,,2,8,2,3699,4,2698.27,66.99,4830.04,0
13700,20260421,104,5603,,,1,2,2,3700,3,2068.96,17.56,4444.59,0
13701,20260422,139,5295,,,1,6,2,3701,4,1679.87,163.44,3956.74,0
13702,20260423,106,5343,,,1,3,2,3702,6,2290.24,212.41,2367.17,0
13703,20260424,117,5013,,,1,7,2,3703,5,1322.29,195.19,4189.45,0
13704,20260425,143,5453,,,2,5,2,3704,4,1266.99,32.52,1991.88,0
13705,20260426,191,5172,,,2,3,2,3705,2,1317.94,214.2,3966.46,0
13706,20260427,111,5563,,,2,6,2,3706,6,948.01,172.18,3556.95,0
13707,20260428,188,5480,,,1,9,2,3707,6,850.6,286.5,4664.1,0
13708,20260429,135,5078,,,2,12,2,3708,5,572.72,127.41,1435.52,0
13709,20260430,166,6052,,,1,1,2,3709,1,851.7,255.65,4540.31,0
13710,20260501,184,5931,,,2,10,2,3710,4,1264.2,132.62,1498.39,0
13711,20260201,196,5583,,,2,8,2,3711,6,1718.03,6.86,4889.13,0
13712,20260202,162,5787,,,2,5,2,3712,3,1136.0,107.57,1158.16,0
13713,20260203,114,5141,,,1,1,2,3713,2,2721.22,180.65,3352.65,0
13714,20260204,193,5618,,,1,10,2,3714,1,679.77,153.7,3057.86,0
13715,20260205,105,6122,,,2,5,2,3715,1,2736.25,128.61,4967.04,0
13716,20260206,186,5406,,,2,6,2,3716,4,2494.73,9.61,829.98,0
13717,20260207,159,5196,,,1,8,2,3717,4,412.54,288.53,951.86,0
13718,20260208,194,6442,,,2,1,2,3718,3,1325.82,193.3,4211.34,0
13719,20260209,185,5413,,,1,4,2,3719,6,1613.87,88.85,3156.61,0
13720,20260210,148,6358,,,2,4,2,3720,4,2359.61,242.46,844.06,0
13721,20260211,194,6332,,,1,12,2,3721,1,2333.12,222.67,3327.04,0
13722,20260212,146,5209,,,2,6,2,3722,4,2775.92,237.66,4623.85,0
13723,20260213,199,5746,,,1,1,2,3723,3,2038.55,125.77,1122.3,0
13724,20260214,125,5067,,,2,5,2,3724,2,739.94,148.9,2173.46,1
13725,20260215,139,6037,,,2,4,2,3725,4,1175.75,190.41,3306.01,0
13726,20260216,188,6055,,,2,3,2,3726,6,918.86,99.52,3740.65,0
13727,20260217,190,5951,,,2,10,2,3727,3,633.9,142.48,3226.76,0
13728,20260218,155,6390,,,1,4,2,3728,5,504.76,9.59,2469.19,0
13729,20260219,190,5942,,,2,9,2,3729,1,811.73,35.37,3366.43,0
13730,20260220,172,5453,,,2,6,2,3730,1,437.15,215.96,1134.76,0
13731,20260221,163,5716,,,1,3,2,3731,2,2456.0,219.83,646.2,0
13732,20260222,183,5547,,,2,4,2,3732,1,1061.07,94.62,4599.83,0
13733,20260223,129,5821,,,2,2,2,3733,6,587.41,147.42,2466.8,0
13734,20260224,124,5216,,,2,1,2,3734,4,522.29,270.26,559.73,0
13735,20260225,172,6267,,,2,5,2,3735,2,1829.47,214.35,1849.31,0
13736,20260226,165,5736,,,2,9,2,3736,6,2764.94,142.09,4858.21,0
13737,20260227,151,5635,,,2,2,2,3737,1,1325.04,37.84,1334.28,0
13738,20260228,181,5160,,,2,9,2,3738,3,1150.25,86.59,3222.19,0
13739,20260301,196,6223,,,1,5,2,3739,2,2642.85,36.46,4984.75,0
13740,20260302,161,6352,,,1,3,2,3740,3,1137.52,295.28,1213.44,0
13741,20260303,195,5694,,,1,10,2,3741,3,1889.22,122.03,2403.28,0
13742,20260304,179,6346,,,1,9,2,3742,3,1426.19,19.75,2766.87,0
13743,20260305,135,6424,,,2,12,2,3743,1,434.69,279.14,657.91,0
13744,20260306,118,5830,,,1,1,2,3744,4,1837.62,295.63,2180.98,0
13745,20260307,124,6380,,,2,7,2,3745,5,1087.18,256.95,1440.12,1
13746,20260308,158,5063,,,2,11,2,3746,5,2649.57,145.74,989.5,0
13747,20260309,123,5504,,,2,11,2,3747,1,2194.39,53.03,4620.66,0
13748,20260310,115,6259,,,1,2,2,3748,2,2319.68,167.13,1882.77,0
13749,20260311,152,5927,,,2,4,2,3749,6,2682.58,34.74,784.6,0
13750,20260312,166,5290,,,1,2,2,3750,6,1382.5,71.88,4594.78,0
13751,20260313,186,6308,,,2,8,2,3751,5,422.0,9.82,4372.72,0
13752,20260314,129,5687,,,2,4,2,3752,6,1916.3,144.6,3728.85,0
13753,20260315,105,5724,,,1,10,2,3753,4,1732.9,135.1,4557.47,0
13754,20260316,164,5091,,,1,8,2,3754,6,1779.57,58.19,3716.45,0
13755,20260317,196,5514,,,2,12,2,3755,6,773.95,137.14,2658.19,0
13756,20260318,196,5660,,,2,4,2,3756,6,1460.41,212.61,2848.77,0
13757,20260319,179,5810,,,2,7,2,3757,2,1277.05,276.05,1821.05,0
13758,20260320,189,6500,,,2,10,2,3758,6,2720.28,182.77,1522.76,0
13759,20260321,128,6333,,,1,12,2,3759,5,405.28,84.61,1514.66,0
13760,20260322,174,5822,,,2,6,2,3760,3,439.7,188.65,4564.0,0
13761,20260323,160,5051,,,1,12,2,3761,6,2580.13,237.97,2378.11,0
13762,20260324,151,5776,,,2,9,2,3762,6,1227.95,254.23,2419.78,0
13763,20260325,125,5476,,,1,2,2,3763,5,2663.47,136.76,4127.37,0
13764,20260326,173,6204,,,2,12,2,3764,3,1982.6,241.52,3816.02,0
13765,20260327,161,6408,,,2,3,2,3765,6,2020.72,110.31,3170.58,0
13766,20260328,106,5184,,,1,7,2,3766,2,1543.79,47.41,2473.05,0
13767,20260329,111,6010,,,2,8,2,3767,3,757.11,100.79,3354.49,0
13768,20260330,119,5558,,,1,1,2,3768,2,914.99,68.33,1931.34,0
13769,20260331,150,6083,,,1,9,2,3769,6,1153.03,71.19,4116.15,0
13770,20260401,193,5260,,,2,12,2,3770,6,1078.66,110.55,1017.12,0
13771,20260402,160,6377,,,2,9,2,3771,6,1346.0,221.24,3276.3,0
13772,20260403,155,6355,,,1,4,2,3772,6,1435.73,78.1,773.99,0
13773,20260404,152,6355,,,1,1,2,3773,2,2255.55,244.66,1656.35,0
13774,20260405,194,6295,,,2,2,2,3774,3,1160.51,167.3,2938.13,0
13775,20260406,190,5622,,,2,5,2,3775,3,657.14,118.68,3925.42,0
13776,20260407,197,6106,,,2,9,2,3776,3,1588.93,163.84,2643.88,0
13777,20260408,105,6010,,,2,8,2,3777,5,2622.96,42.73,4129.68,0
13778,20260409,126,5015,,,2,5,2,3778,5,439.81,171.37,2621.99,0
13779,20260410,102,6118,,,2,1,2,3779,5,831.47,207.96,2250.81,0
13780,20260411,130,5896,,,2,11,2,3780,6,909.93,271.07,4876.86,0
13781,20260412,126,5601,,,2,9,2,3781,5,2168.25,273.45,1445.31,0
13782,20260413,173,5455,,,2,5,2,3782,6,1262.85,58.49,4236.64,0
13783,20260414,141,5559,,,2,6,2,3783,6,1792.64,270.96,4985.95,0
13784,20260415,159,6426,,,2,9,2,3784,5,1079.18,198.36,3233.28,0
13785,20260416,125,6058,,,1,11,2,3785,4,2695.09,148.57,2244.05,0
13786,20260417,176,5299,,,2,5,2,3786,2,1765.32,107.14,3947.38,0
13787,20260418,159,5452,,,2,2,2,3787,1,1835.29,119.75,1737.01,0
13788,20260419,118,5621,,,2,4,2,3788,6,529.48,32.99,4593.04,0
13789,20260420,136,6168,,,2,8,2,3789,2,2183.09,122.88,4848.7,0
13790,20260421,112,5966,,,1,4,2,3790,5,2308.5,203.26,3907.34,1
13791,20260422,163,6073,,,2,6,2,3791,3,1309.04,56.45,4434.95,0
13792,20260423,192,5006,,,2,2,2,3792,4,1060.46,19.99,4623.71,0
13793,20260424,114,6314,,,2,9,2,3793,3,2225.48,77.02,4637.16,0
13794,20260425,175,5502,,,1,9,2,3794,5,2632.62,122.67,2935.99,0
13795,20260426,108,6491,,,1,2,2,3795,5,2610.55,276.1,1729.78,0
13796,20260427,189,5689,,,2,7,2,3796,6,1485.85,137.01,3893.32,0
13797,20260428,176,5827,,,1,8,2,3797,1,1221.31,235.32,789.38,0
13798,20260429,172,6090,,,1,3,2,3798,2,2736.45,101.49,2512.42,0
13799,20260430,154,5888,,,2,11,2,3799,3,1219.29,107.2,2629.32,0
13800,20260501,116,5074,,,1,8,2,3800,2,2794.4,295.4,2772.65,0
13801,20260201,108,5598,,,1,12,2,3801,3,682.88,115.52,3398.83,0
13802,20260202,189,6341,,,2,11,2,3802,2,1069.3,134.88,3500.76,0
13803,20260203,157,5561,,,2,4,2,3803,5,1989.53,263.9,2983.37,0
13804,20260204,194,5217,,,1,11,2,3804,1,761.72,244.39,1945.38,0
13805,20260205,158,5545,,,2,6,2,3805,1,907.68,285.13,1214.11,0
13806,20260206,139,6095,,,1,9,2,3806,2,446.56,266.43,3045.45,0
13807,20260207,159,5512,,,2,5,2,3807,1,481.29,281.73,4583.39,0
13808,20260208,133,5386,,,2,3,2,3808,4,2059.83,184.17,1155.25,1
13809,20260209,195,6161,,,2,6,2,3809,1,949.57,82.8,3799.36,0
13810,20260210,163,5728,,,1,7,2,3810,2,2449.65,175.39,4895.15,0
13811,20260211,199,6109,,,1,9,2,3811,4,1615.3,59.11,1108.92,0
13812,20260212,143,6247,,,2,3,2,3812,2,658.07,281.04,4115.49,0
13813,20260213,196,6097,,,1,11,2,3813,5,939.69,158.57,3819.48,0
13814,20260214,123,5586,,,1,10,2,3814,4,763.13,26.2,4136.2,0
13815,20260215,103,5784,,,1,2,2,3815,3,834.21,13.46,4971.83,0
13816,20260216,115,5078,,,2,10,2,3816,2,1648.3,159.65,2543.4,0
13817,20260217,101,5072,,,2,9,2,3817,2,2453.42,187.39,768.07,0
13818,20260218,149,6273,,,2,4,2,3818,5,1757.85,128.71,4848.74,0
13819,20260219,102,6251,,,1,9,2,3819,3,2621.89,110.07,1145.72,0
13820,20260220,109,5173,,,1,5,2,3820,4,672.99,296.96,3727.78,0
13821,20260221,134,5382,,,1,11,2,3821,5,1659.42,86.83,1861.83,0
13822,20260222,135,6444,,,1,4,2,3822,1,1271.99,13.34,973.41,0
13823,20260223,192,6392,,,1,2,2,3823,5,817.17,95.98,4616.52,0
13824,20260224,112,5171,,,1,4,2,3824,3,1863.45,154.23,2162.59,0
13825,20260225,115,6199,,,1,12,2,3825,2,578.58,152.36,803.57,0
13826,20260226,149,5034,,,2,10,2,3826,5,1822.36,292.59,3677.92,0
13827,20260227,151,6040,,,1,4,2,3827,6,783.48,105.22,2255.95,0
13828,20260228,167,6076,,,1,12,2,3828,1,2354.35,276.99,2149.35,0
13829,20260301,139,6289,,,1,4,2,3829,4,1509.9,49.46,3183.15,0
13830,20260302,135,5188,,,1,6,2,3830,4,1297.28,15.53,1483.65,0
13831,20260303,185,6341,,,1,8,2,3831,2,660.74,228.76,2974.65,0
13832,20260304,153,6439,,,1,10,2,3832,1,1084.21,37.8,3447.69,0
13833,20260305,148,5802,,,2,8,2,3833,5,621.03,251.09,2658.33,0
13834,20260306,137,5560,,,2,4,2,3834,2,1394.79,67.15,3317.06,0
13835,20260307,117,5019,,,2,5,2,3835,5,1025.19,173.34,1770.91,0
13836,20260308,183,5277,,,1,7,2,3836,6,2132.87,290.54,3434.23,0
13837,20260309,112,5129,,,1,8,2,3837,4,1852.38,53.3,3172.28,0
13838,20260310,104,5388,,,2,10,2,3838,6,480.62,96.94,970.31,0
13839,20260311,170,6346,,,1,9,2,3839,2,2611.99,116.66,4928.92,0
13840,20260312,170,5046,,,2,9,2,3840,3,2720.74,105.22,3605.21,0
13841,20260313,178,6002,,,1,8,2,3841,4,2532.08,187.53,3190.92,0
13842,20260314,144,5177,,,2,7,2,3842,4,988.96,246.1,3109.55,0
13843,20260315,190,5915,,,2,3,2,3843,4,1801.16,103.91,3994.0,0
13844,20260316,120,6148,,,2,6,2,3844,4,766.71,225.77,1535.1,0
13845,20260317,174,5774,,,1,9,2,3845,2,1277.3,173.25,4686.29,0
13846,20260318,150,6266,,,1,12,2,3846,6,857.61,127.83,1965.28,0
13847,20260319,150,5219,,,2,3,2,3847,1,2328.28,69.92,1575.1,0
13848,20260320,108,6133,,,2,9,2,3848,2,1796.2,203.05,1459.72,0
13849,20260321,177,6477,,,1,6,2,3849,1,2014.13,200.85,4197.18,0
13850,20260322,144,5733,,,1,11,2,3850,1,895.5,202.67,1374.32,1
13851,20260323,182,5304,,,2,4,2,3851,6,1850.03,266.33,3155.77,0
13852,20260324,170,5712,,,2,12,2,3852,4,578.86,206.71,2276.72,0
13853,20260325,134,5452,,,1,12,2,3853,1,2079.79,111.46,1613.71,0
13854,20260326,187,5449,,,2,4,2,3854,1,1139.65,272.3,3226.68,0
13855,20260327,194,5734,,,2,2,2,3855,5,1275.91,242.31,2789.57,0
13856,20260328,126,5532,,,2,3,2,3856,4,741.5,244.64,4313.99,0
13857,20260329,114,5085,,,2,12,2,3857,2,615.38,254.68,1746.26,0
13858,20260330,148,5615,,,2,7,2,3858,2,1353.72,80.74,1891.85,0
13859,20260331,188,5942,,,2,9,2,3859,6,1454.49,86.34,4175.32,0
13860,20260401,149,6012,,,1,12,2,3860,4,1823.89,129.81,4209.82,0
13861,20260402,106,5124,,,2,4,2,3861,2,2308.86,200.86,4686.02,0
13862,20260403,133,6163,,,2,4,2,3862,4,1729.06,92.61,1394.75,0
13863,20260404,196,6152,,,1,4,2,3863,1,2098.69,189.19,4805.26,0
13864,20260405,159,6111,,,2,5,2,3864,3,1426.44,233.87,4245.14,0
13865,20260406,176,5163,,,1,8,2,3865,2,1599.71,218.58,2275.89,0
13866,20260407,195,5875,,,1,5,2,3866,6,1984.2,82.76,2285.35,0
13867,20260408,154,5022,,,2,6,2,3867,3,665.73,293.32,1030.93,0
13868,20260409,147,5585,,,2,2,2,3868,1,919.48,235.75,3575.18,0
13869,20260410,153,6249,,,2,8,2,3869,6,1347.85,40.31,4902.6,0
13870,20260411,174,6484,,,2,11,2,3870,6,2036.81,268.28,1275.34,0
13871,20260412,196,6300,,,1,9,2,3871,4,595.74,148.65,795.57,0
13872,20260413,139,5501,,,2,4,2,3872,5,1229.66,244.11,1703.05,0
13873,20260414,125,5196,,,2,4,2,3873,4,501.72,144.48,4226.98,0
13874,20260415,177,5650,,,1,12,2,3874,3,1947.18,277.84,910.94,0
13875,20260416,142,5715,,,1,5,2,3875,1,1430.18,177.83,4168.78,0
13876,20260417,182,5183,,,1,8,2,3876,4,1952.13,95.59,1737.46,0
13877,20260418,141,5057,,,2,3,2,3877,2,1730.86,272.98,3426.26,0
13878,20260419,146,5898,,,2,5,2,3878,3,949.55,272.05,4446.6,0
13879,20260420,107,5125,,,2,2,2,3879,2,1138.18,257.25,3878.84,1
13880,20260421,128,6088,,,2,3,2,3880,6,2378.26,76.69,4593.33,0
13881,20260422,117,5616,,,1,8,2,3881,1,2459.67,21.54,4970.81,0
13882,20260423,127,5707,,,2,9,2,3882,6,1400.56,254.51,2780.61,0
13883,20260424,112,5526,,,1,10,2,3883,4,1126.19,186.18,4364.98,0
13884,20260425,196,5093,,,2,5,2,3884,2,2086.95,252.72,3198.26,0
13885,20260426,200,5130,,,1,11,2,3885,6,880.72,109.68,4096.74,0
13886,20260427,155,5260,,,2,6,2,3886,2,1808.32,126.2,2305.31,0
13887,20260428,111,5769,,,2,10,2,3887,4,1628.25,101.16,2446.93,0
13888,20260429,183,5413,,,1,7,2,3888,4,1407.11,39.63,660.44,0
13889,20260430,123,5815,,,1,7,2,3889,4,770.74,165.82,1575.56,0
13890,20260501,169,5159,,,2,6,2,3890,1,2306.22,267.62,1576.32,0
13891,20260201,136,5269,,,2,4,2,3891,1,479.73,52.26,4530.13,0
13892,20260202,177,5680,,,1,11,2,3892,2,424.46,141.04,521.27,0
13893,20260203,138,5009,,,2,4,2,3893,6,612.27,29.62,4276.67,0
13894,20260204,150,5438,,,1,12,2,3894,3,2557.08,32.21,2922.65,0
13895,20260205,179,5276,,,2,7,2,3895,1,2578.11,204.97,608.24,0
13896,20260206,194,5115,,,1,3,2,3896,2,1598.02,190.62,2038.23,0
13897,20260207,169,6363,,,1,3,2,3897,6,1658.79,14.78,920.19,0
13898,20260208,171,6246,,,1,3,2,3898,3,1321.18,67.34,2958.34,0
13899,20260209,190,6046,,,2,9,2,3899,4,2016.57,246.56,2470.29,0
13900,20260210,167,5325,,,1,8,2,3900,5,527.99,201.2,1051.99,0
13901,20260211,150,5225,,,1,7,2,3901,2,1914.38,228.41,910.59,0
13902,20260212,143,6291,,,2,8,2,3902,3,2198.2,12.0,1984.7,0
13903,20260213,143,6047,,,1,12,2,3903,1,2658.36,82.52,1483.58,0
13904,20260214,142,5227,,,1,10,2,3904,1,2517.01,116.8,3802.33,0
13905,20260215,161,5212,,,2,1,2,3905,2,2391.8,90.06,4269.52,0
13906,20260216,123,5580,,,2,1,2,3906,2,1365.38,222.42,2388.53,0
13907,20260217,167,5244,,,1,4,2,3907,1,2258.88,77.44,3095.4,0
13908,20260218,173,5775,,,2,6,2,3908,4,1523.46,253.31,705.09,0
13909,20260219,117,5333,,,2,12,2,3909,5,900.14,193.5,2870.19,0
13910,20260220,130,5199,,,2,4,2,3910,5,780.28,146.89,2969.53,0
13911,20260221,102,5673,,,2,9,2,3911,4,2706.58,167.59,921.19,0
13912,20260222,125,6070,,,1,3,2,3912,4,881.75,178.29,1985.16,0
13913,20260223,189,5999,,,1,4,2,3913,2,850.2,22.69,2101.06,0
13914,20260224,126,5531,,,2,8,2,3914,3,1742.27,208.53,2491.76,1
13915,20260225,179,5791,,,1,11,2,3915,3,479.22,264.2,4062.64,0
13916,20260226,195,5307,,,1,9,2,3916,3,1456.4,292.15,1181.67,0
13917,20260227,166,6459,,,1,12,2,3917,6,1104.2,86.87,2971.93,0
13918,20260228,132,5995,,,2,12,2,3918,1,2262.5,251.26,1915.73,0
13919,20260301,155,5968,,,2,11,2,3919,4,1042.32,34.23,2738.95,0
13920,20260302,169,6092,,,2,9,2,3920,4,2303.0,198.86,4883.98,0
13921,20260303,134,5997,,,2,8,2,3921,1,2295.87,39.17,3585.08,1
13922,20260304,125,5547,,,2,6,2,3922,2,603.73,176.2,1445.0,0
13923,20260305,162,6357,,,1,4,2,3923,1,1893.11,122.98,1162.38,0
13924,20260306,102,5920,,,2,9,2,3924,3,1085.3,78.48,783.88,0
13925,20260307,189,5401,,,2,6,2,3925,2,1013.85,295.5,1209.75,0
13926,20260308,174,6242,,,2,4,2,3926,1,2772.59,97.51,3398.78,0
13927,20260309,104,5395,,,2,10,2,3927,4,1385.07,180.21,3398.25,0
13928,20260310,153,5819,,,1,11,2,3928,3,2348.0,13.78,4542.4,0
13929,20260311,200,5526,,,2,6,2,3929,4,2776.05,152.45,2648.46,0
13930,20260312,167,5008,,,2,5,2,3930,5,1160.81,227.17,1176.65,0
13931,20260313,146,5636,,,2,10,2,3931,4,2293.85,215.97,2256.54,0
13932,20260314,193,5627,,,2,11,2,3932,6,854.22,172.81,3780.01,0
13933,20260315,115,6105,,,1,11,2,3933,5,418.7,176.2,2159.98,0
13934,20260316,123,6209,,,1,8,2,3934,2,574.93,261.37,3956.56,0
13935,20260317,152,5670,,,1,4,2,3935,3,421.77,86.4,3056.6,0
13936,20260318,150,6328,,,1,10,2,3936,3,701.33,213.86,2442.7,0
13937,20260319,144,5718,,,1,8,2,3937,2,1556.79,76.8,2410.35,0
13938,20260320,184,5051,,,1,9,2,3938,2,2466.01,9.29,2011.36,0
13939,20260321,194,5890,,,2,4,2,3939,2,611.46,215.59,861.66,0
13940,20260322,176,5336,,,2,4,2,3940,6,733.79,168.03,1094.44,0
13941,20260323,132,5184,,,2,4,2,3941,5,1306.47,30.89,2902.32,0
13942,20260324,179,6170,,,1,5,2,3942,3,564.43,28.01,542.95,0
13943,20260325,190,5551,,,1,7,2,3943,4,2744.92,7.88,3658.41,0
13944,20260326,141,5756,,,2,12,2,3944,1,1521.57,182.9,615.85,0
13945,20260327,148,6237,,,2,4,2,3945,6,1579.23,270.39,1207.63,0
13946,20260328,110,5097,,,1,4,2,3946,6,2534.03,182.3,3897.69,0
13947,20260329,132,5842,,,1,1,2,3947,3,2346.82,68.04,3817.4,1
13948,20260330,110,5788,,,2,8,2,3948,3,2010.2,246.74,4748.24,0
13949,20260331,130,6308,,,1,12,2,3949,2,933.97,215.13,2711.24,0
13950,20260401,113,6127,,,2,7,2,3950,4,787.21,217.42,2716.56,0
13951,20260402,147,5140,,,1,4,2,3951,3,2324.65,116.88,1415.16,0
13952,20260403,127,6096,,,2,1,2,3952,5,2413.31,234.53,3959.6,0
13953,20260404,177,5848,,,2,3,2,3953,5,435.64,195.81,4041.88,0
13954,20260405,115,5788,,,2,3,2,3954,3,2663.39,212.92,1596.22,0
13955,20260406,131,6140,,,1,7,2,3955,5,519.53,288.65,2001.52,0
13956,20260407,141,6459,,,2,12,2,3956,5,530.66,24.67,2647.94,0
13957,20260408,172,5722,,,1,1,2,3957,2,1605.97,83.76,2640.96,0
13958,20260409,143,6024,,,1,1,2,3958,2,1579.69,221.06,3314.57,0
13959,20260410,156,6109,,,1,4,2,3959,6,1755.09,137.41,2751.9,0
13960,20260411,148,6487,,,2,8,2,3960,2,976.83,107.5,3634.56,0
13961,20260412,143,5790,,,2,5,2,3961,4,1440.44,157.49,2359.7,0
13962,20260413,112,5980,,,1,7,2,3962,2,2723.46,221.54,1571.35,0
13963,20260414,104,5597,,,2,2,2,3963,6,683.27,7.06,1132.2,0
13964,20260415,184,5913,,,2,9,2,3964,3,1875.39,261.0,4563.25,0
13965,20260416,177,5747,,,2,11,2,3965,6,2187.31,7.29,934.7,0
13966,20260417,181,5437,,,1,4,2,3966,2,1166.96,48.87,1911.49,0
13967,20260418,111,6357,,,2,11,2,3967,3,2277.75,298.51,529.64,0
13968,20260419,126,6208,,,2,11,2,3968,5,775.01,84.41,2003.47,0
13969,20260420,139,5030,,,1,2,2,3969,3,2594.78,162.84,3827.17,0
13970,20260421,143,6493,,,2,2,2,3970,3,1456.31,190.61,4107.35,0
13971,20260422,111,5247,,,1,2,2,3971,5,1791.79,74.91,2920.39,0
13972,20260423,196,5268,,,2,8,2,3972,2,748.8,218.73,1587.61,0
13973,20260424,116,5501,,,2,8,2,3973,2,2277.05,55.17,4097.9,0
13974,20260425,154,6201,,,2,10,2,3974,3,1575.56,221.84,1441.04,0
13975,20260426,140,6028,,,1,11,2,3975,1,1073.12,194.99,3423.67,0
13976,20260427,137,5828,,,2,1,2,3976,1,412.49,275.15,3847.35,0
13977,20260428,149,5079,,,1,6,2,3977,1,1709.99,53.19,2920.78,0
13978,20260429,147,5128,,,2,4,2,3978,5,673.68,168.09,3361.87,0
13979,20260430,155,6019,,,1,8,2,3979,6,1922.03,18.44,4033.55,0
13980,20260501,122,5290,,,1,10,2,3980,6,1331.81,58.89,1535.62,0
13981,20260201,157,5358,,,2,3,2,3981,3,2622.05,194.79,2364.9,0
13982,20260202,168,5610,,,1,8,2,3982,5,1499.25,92.8,2620.67,0
13983,20260203,145,5731,,,2,7,2,3983,6,2772.31,273.24,1853.24,0
13984,20260204,111,5918,,,1,5,2,3984,5,2330.04,90.15,4272.04,0
13985,20260205,186,5751,,,1,2,2,3985,6,2408.07,108.94,2658.46,0
13986,20260206,115,5852,,,1,8,2,3986,3,2555.81,276.56,527.48,0
13987,20260207,121,6401,,,2,9,2,3987,3,2505.5,44.41,4760.93,0
13988,20260208,138,6201,,,2,7,2,3988,4,1947.13,268.66,2387.47,0
13989,20260209,187,5309,,,2,2,2,3989,5,1771.98,3.19,3657.9,0
13990,20260210,130,5668,,,2,2,2,3990,6,1444.84,292.54,1120.05,0
13991,20260211,125,5229,,,1,5,2,3991,5,1710.28,234.86,1668.43,0
13992,20260212,105,5138,,,2,6,2,3992,2,1776.35,175.59,1854.77,0
13993,20260213,148,6379,,,1,11,2,3993,4,2064.72,162.44,2881.68,0
13994,20260214,157,5796,,,1,1,2,3994,5,2548.02,192.76,3527.34,0
13995,20260215,106,6316,,,2,10,2,3995,5,401.16,76.27,1351.15,0
13996,20260216,136,5691,,,2,10,2,3996,3,1279.72,262.23,2182.5,0
13997,20260217,112,5946,,,1,3,2,3997,3,1506.77,289.81,1623.09,0
13998,20260218,172,6294,,,2,10,2,3998,4,647.53,48.96,1480.67,0
13999,20260219,158,5871,,,1,7,2,3999,4,2688.31,10.17,3547.49,0
14000,20260220,178,5872,,,1,5,2,4000,4,854.97,196.35,1760.18,0
14001,20260221,176,5725,,,1,7,2,4001,4,2200.45,161.36,593.88,0
14002,20260222,155,5831,,,2,10,2,4002,5,1726.34,249.57,2965.78,0
14003,20260223,170,6114,,,2,6,2,4003,1,1262.27,64.41,4771.47,0
14004,20260224,135,5020,,,1,11,2,4004,4,1355.97,193.49,3023.56,0
14005,20260225,128,5584,,,1,4,2,4005,6,1382.8,197.49,4254.45,0
14006,20260226,186,6371,,,1,3,2,4006,1,1753.23,280.4,2361.76,0
14007,20260227,186,5561,,,1,9,2,4007,6,822.86,197.81,1000.14,0
14008,20260228,112,5720,,,2,9,2,4008,1,1868.73,32.05,1316.64,0
14009,20260301,139,5467,,,2,5,2,4009,5,1299.46,226.76,4029.75,0
14010,20260302,155,6125,,,2,4,2,4010,2,543.74,135.13,1278.78,0
14011,20260303,110,6101,,,1,1,2,4011,2,776.03,227.74,4852.66,0
14012,20260304,181,6348,,,2,2,2,4012,3,753.2,162.72,4009.74,0
14013,20260305,138,6057,,,1,7,2,4013,2,529.39,1.89,3500.51,0
14014,20260306,186,5449,,,2,6,2,4014,6,1613.33,107.13,4655.15,0
14015,20260307,118,6352,,,1,1,2,4015,1,1434.67,31.64,4918.99,0
14016,20260308,183,6024,,,2,12,2,4016,3,2591.69,142.34,1568.05,0
14017,20260309,110,6051,,,2,10,2,4017,3,2365.06,130.61,3081.01,0
14018,20260310,189,6388,,,2,8,2,4018,6,1878.14,192.75,4224.81,0
14019,20260311,196,5546,,,1,10,2,4019,2,695.63,283.69,2413.62,0
14020,20260312,133,5397,,,1,5,2,4020,6,1194.16,298.69,4942.27,0
14021,20260313,187,5810,,,2,9,2,4021,1,1184.42,198.5,2097.91,0
14022,20260314,191,5177,,,2,1,2,4022,1,2554.85,222.09,4084.13,0
14023,20260315,126,5338,,,2,11,2,4023,5,755.99,54.31,867.54,0
14024,20260316,146,5177,,,2,3,2,4024,5,879.97,219.34,1577.42,0
14025,20260317,164,6100,,,2,3,2,4025,3,1682.26,238.5,2080.33,0
14026,20260318,184,5204,,,2,12,2,4026,1,1583.9,90.02,2983.95,0
14027,20260319,173,5965,,,1,6,2,4027,2,912.24,231.58,1933.46,0
14028,20260320,126,5795,,,1,7,2,4028,3,1180.71,94.8,3040.82,0
14029,20260321,130,6206,,,1,4,2,4029,4,1205.1,260.44,712.61,0
14030,20260322,181,6077,,,2,6,2,4030,5,2096.41,163.76,3191.27,0
14031,20260323,142,5309,,,1,12,2,4031,3,1318.05,230.83,4991.83,0
14032,20260324,106,6306,,,2,10,2,4032,4,727.9,130.63,2793.9,0
14033,20260325,168,5633,,,1,5,2,4033,4,1089.51,55.68,3117.02,0
14034,20260326,169,6376,,,1,11,2,4034,2,506.51,56.64,759.81,0
14035,20260327,182,6224,,,2,8,2,4035,5,2715.28,187.82,2453.65,0
14036,20260328,108,5357,,,2,6,2,4036,4,761.93,85.8,1238.94,0
14037,20260329,170,6300,,,2,10,2,4037,5,447.6,213.54,3633.01,0
14038,20260330,162,5945,,,1,10,2,4038,5,1100.24,72.91,2041.45,0
14039,20260331,108,6402,,,2,8,2,4039,3,891.07,55.1,605.36,0
14040,20260401,192,6027,,,2,1,2,4040,3,2792.1,124.37,2690.76,0
14041,20260402,184,5953,,,1,8,2,4041,2,2581.74,198.6,4015.84,0
14042,20260403,150,5268,,,1,10,2,4042,6,1156.14,175.06,4034.8,0
14043,20260404,178,6284,,,1,11,2,4043,6,1719.45,82.47,1992.99,0
14044,20260405,183,5785,,,2,4,2,4044,3,2025.21,148.98,4093.43,0
14045,20260406,153,5331,,,2,2,2,4045,3,683.97,198.14,2276.34,0
14046,20260407,185,5864,,,2,2,2,4046,4,1685.71,218.53,2336.23,0
14047,20260408,126,5067,,,1,6,2,4047,3,2412.54,67.4,4818.07,0
14048,20260409,149,5902,,,2,4,2,4048,4,1833.1,32.69,4462.35,0
14049,20260410,153,6306,,,1,11,2,4049,5,504.61,259.75,2546.6,0
14050,20260411,101,5720,,,1,3,2,4050,1,1429.52,275.43,3491.16,0
14051,20260412,175,6397,,,2,12,2,4051,2,2311.1,138.32,4069.98,0
14052,20260413,150,5465,,,2,5,2,4052,4,1357.83,2.72,4921.9,0
14053,20260414,125,5270,,,1,12,2,4053,4,2639.11,231.93,1647.3,0
14054,20260415,147,5932,,,2,10,2,4054,3,1821.26,2.07,3513.83,0
14055,20260416,190,5820,,,1,5,2,4055,3,2026.61,158.63,2135.15,0
14056,20260417,190,6417,,,1,4,2,4056,6,1447.77,215.08,1657.24,0
14057,20260418,117,5174,,,2,5,2,4057,4,2092.01,13.11,1763.91,1
14058,20260419,181,5856,,,1,5,2,4058,6,2480.27,183.51,3579.08,0
14059,20260420,164,6033,,,2,11,2,4059,6,1530.49,216.88,1343.96,0
14060,20260421,116,5353,,,2,3,2,4060,6,1759.53,156.1,4618.19,0
14061,20260422,129,5807,,,1,6,2,4061,4,1506.12,66.45,3919.84,0
14062,20260423,159,6149,,,2,9,2,4062,4,2594.31,239.37,3964.87,0
14063,20260424,103,6268,,,1,9,2,4063,2,1154.19,26.02,2879.68,0
14064,20260425,178,5731,,,2,6,2,4064,1,767.9,213.94,2285.01,0
14065,20260426,176,5123,,,2,8,2,4065,2,1479.49,182.72,4613.46,0
14066,20260427,148,5578,,,2,11,2,4066,4,1879.85,291.86,3479.12,0
14067,20260428,104,6228,,,1,9,2,4067,2,534.84,39.7,3829.63,0
14068,20260429,113,6134,,,1,6,2,4068,2,2521.47,267.41,1764.49,0
14069,20260430,172,6218,,,2,12,2,4069,4,2007.38,267.83,2919.1,0
14070,20260501,126,5876,,,1,9,2,4070,2,2268.32,252.91,2189.65,0
14071,20260201,103,6316,,,2,11,2,4071,2,401.96,20.0,1696.37,0
14072,20260202,199,5806,,,2,4,2,4072,4,2384.47,251.99,944.93,0
14073,20260203,187,5769,,,2,1,2,4073,3,2301.04,255.07,1876.64,0
14074,20260204,152,5249,,,2,9,2,4074,3,610.09,65.64,2644.42,0
14075,20260205,172,6097,,,1,2,2,4075,3,545.96,284.02,1776.3,0
14076,20260206,152,6352,,,2,9,2,4076,2,803.87,48.32,2030.72,0
14077,20260207,127,5926,,,2,9,2,4077,1,687.98,170.07,4863.94,0
14078,20260208,175,5812,,,2,9,2,4078,6,1649.73,218.52,1181.36,0
14079,20260209,117,5061,,,2,11,2,4079,6,1560.86,58.16,4168.18,0
14080,20260210,175,6432,,,1,10,2,4080,1,1163.07,126.2,4058.66,0
14081,20260211,169,5080,,,1,8,2,4081,1,2086.37,126.44,3453.04,0
14082,20260212,166,5949,,,1,7,2,4082,3,1538.46,298.37,3286.13,0
14083,20260213,158,5116,,,2,8,2,4083,3,1200.26,266.08,4437.89,0
14084,20260214,139,6409,,,2,10,2,4084,5,924.43,18.34,631.98,0
14085,20260215,187,5843,,,2,1,2,4085,1,2355.69,55.08,2708.63,0
14086,20260216,117,5910,,,2,12,2,4086,6,2457.26,228.06,725.52,0
14087,20260217,194,6274,,,1,10,2,4087,6,1523.64,114.25,2251.29,0
14088,20260218,141,5618,,,2,4,2,4088,3,1260.37,60.67,1646.72,0
14089,20260219,194,5700,,,2,12,2,4089,5,1416.78,48.18,2247.36,0
14090,20260220,103,5954,,,1,4,2,4090,2,1706.83,263.58,2737.76,0
14091,20260221,147,5923,,,2,10,2,4091,2,2313.16,246.07,2418.9,0
14092,20260222,156,5081,,,2,6,2,4092,1,1877.36,125.48,1706.32,0
14093,20260223,151,5866,,,1,12,2,4093,6,2045.58,271.56,3699.96,0
14094,20260224,167,5805,,,2,2,2,4094,5,1445.61,208.97,2771.36,0
14095,20260225,165,5977,,,1,11,2,4095,1,691.75,154.63,666.34,0
14096,20260226,163,6245,,,2,5,2,4096,2,2466.91,125.96,1190.42,0
14097,20260227,178,6067,,,2,8,2,4097,6,813.11,186.34,1919.48,0
14098,20260228,187,5562,,,2,9,2,4098,4,1722.0,114.67,1155.48,0
14099,20260301,195,5182,,,1,2,2,4099,2,2553.65,14.66,2100.59,0
14100,20260302,139,5715,,,2,6,2,4100,4,603.35,213.29,637.17,0
14101,20260303,168,6355,,,1,7,2,4101,5,2759.43,195.45,4768.21,0
14102,20260304,158,5257,,,1,9,2,4102,5,695.91,120.88,1636.14,0
14103,20260305,132,5663,,,1,3,2,4103,3,2778.09,26.88,1660.73,0
14104,20260306,155,5446,,,2,2,2,4104,5,497.44,197.34,1144.04,0
14105,20260307,186,6084,,,1,9,2,4105,1,1239.59,292.01,3800.82,0
14106,20260308,101,6401,,,2,3,2,4106,3,2034.66,37.56,1708.0,0
14107,20260309,169,6362,,,1,1,2,4107,1,1905.84,71.17,4803.9,0
14108,20260310,121,6121,,,2,6,2,4108,2,652.87,214.63,3759.44,0
14109,20260311,180,5771,,,2,8,2,4109,1,1935.32,106.08,3003.28,0
14110,20260312,110,6160,,,1,6,2,4110,4,2351.23,165.36,3624.58,1
14111,20260313,187,6050,,,1,11,2,4111,1,2226.15,299.98,1995.96,0
14112,20260314,147,5424,,,1,5,2,4112,3,797.03,234.05,1808.67,0
14113,20260315,197,6357,,,1,6,2,4113,4,1838.73,248.97,1103.87,0
14114,20260316,180,6359,,,2,1,2,4114,1,413.56,92.33,1797.2,0
14115,20260317,121,5086,,,1,11,2,4115,6,2306.61,85.0,1477.96,0
14116,20260318,185,5303,,,1,4,2,4116,3,2645.42,287.55,1365.49,0
14117,20260319,151,5954,,,2,9,2,4117,2,2250.0,241.0,1459.04,0
14118,20260320,160,6056,,,1,6,2,4118,4,2497.71,113.62,3800.35,0
14119,20260321,107,5163,,,2,9,2,4119,2,1220.21,26.58,2402.76,0
14120,20260322,177,6394,,,2,11,2,4120,1,960.97,210.64,3331.65,0
14121,20260323,136,6386,,,2,12,2,4121,3,485.52,63.99,2762.48,0
14122,20260324,112,5175,,,1,4,2,4122,6,781.56,269.44,3757.44,0
14123,20260325,116,6315,,,1,10,2,4123,3,1768.47,237.73,3229.93,0
14124,20260326,187,5242,,,2,6,2,4124,3,1777.48,190.59,1095.63,0
14125,20260327,183,5697,,,1,11,2,4125,6,647.61,127.18,3940.64,0
14126,20260328,170,5601,,,1,7,2,4126,2,494.52,129.18,4442.13,0
14127,20260329,192,5721,,,2,2,2,4127,6,1620.29,129.28,1040.3,0
14128,20260330,168,6167,,,1,8,2,4128,5,1081.83,240.4,513.58,0
14129,20260331,175,5221,,,2,12,2,4129,6,1439.73,269.74,1752.06,0
14130,20260401,199,5372,,,1,12,2,4130,5,2340.46,112.76,3648.29,1
14131,20260402,150,6277,,,2,2,2,4131,1,2093.85,18.02,1708.0,0
14132,20260403,101,6026,,,1,5,2,4132,1,883.19,107.82,3758.62,0
14133,20260404,192,5533,,,1,4,2,4133,2,572.15,252.28,931.39,0
14134,20260405,133,6415,,,1,3,2,4134,3,914.25,4.72,2651.13,0
14135,20260406,142,5269,,,2,2,2,4135,3,2216.27,251.89,1389.42,0
14136,20260407,186,5982,,,1,1,2,4136,1,934.26,248.8,2184.76,0
14137,20260408,176,5179,,,1,4,2,4137,5,1401.0,210.38,1289.45,0
14138,20260409,197,5452,,,2,7,2,4138,1,2452.26,192.96,4264.89,0
14139,20260410,103,6498,,,2,7,2,4139,1,2494.54,135.7,4948.5,0
14140,20260411,118,5482,,,1,5,2,4140,4,2501.6,195.26,726.48,0
14141,20260412,113,5765,,,2,5,2,4141,5,2048.48,76.18,2592.85,0
14142,20260413,155,6181,,,1,2,2,4142,4,1278.03,84.58,2521.52,0
14143,20260414,149,5140,,,2,5,2,4143,3,1839.79,63.15,4313.11,0
14144,20260415,125,6185,,,1,4,2,4144,2,2032.5,227.97,2475.07,0
14145,20260416,198,5237,,,2,6,2,4145,2,1078.95,250.8,2569.03,0
14146,20260417,109,6312,,,1,8,2,4146,4,422.8,295.84,3384.63,0
14147,20260418,198,5544,,,1,1,2,4147,4,1235.29,135.78,995.16,0
14148,20260419,121,5309,,,2,1,2,4148,6,1134.89,274.95,4689.5,0
14149,20260420,135,5825,,,1,6,2,4149,3,1114.74,173.89,4382.0,0
14150,20260421,147,6084,,,1,11,2,4150,5,2553.88,98.57,2469.19,0
14151,20260422,123,5855,,,2,3,2,4151,1,2338.0,170.68,2928.37,0
14152,20260423,183,5034,,,1,2,2,4152,2,1870.08,169.52,4385.9,0
14153,20260424,177,5103,,,1,5,2,4153,5,2332.88,135.07,2219.11,0
14154,20260425,119,5016,,,1,5,2,4154,6,2595.25,134.36,2119.23,0
14155,20260426,192,5141,,,2,11,2,4155,2,2378.62,12.66,1561.95,0
14156,20260427,116,6437,,,1,4,2,4156,4,1433.25,263.28,2499.61,0
14157,20260428,116,6271,,,2,7,2,4157,4,1049.41,199.95,2623.31,0
14158,20260429,179,6391,,,1,4,2,4158,5,2211.43,247.65,4359.07,0
14159,20260430,109,5173,,,2,9,2,4159,6,674.07,75.26,1056.3,0
14160,20260501,123,5770,,,1,4,2,4160,4,1653.33,224.7,4636.93,0
14161,20260201,188,5841,,,1,9,2,4161,2,2462.35,28.11,4307.23,0
14162,20260202,131,5332,,,2,8,2,4162,4,709.41,52.73,1763.7,0
14163,20260203,160,6254,,,1,8,2,4163,1,2077.14,13.13,3395.25,0
14164,20260204,133,5703,,,1,12,2,4164,6,2316.59,235.35,567.89,0
14165,20260205,139,5991,,,2,1,2,4165,4,1447.02,291.81,2019.72,0
14166,20260206,131,5484,,,1,1,2,4166,2,2462.31,207.58,2134.12,0
14167,20260207,147,5707,,,1,6,2,4167,3,1463.35,252.23,572.03,0
14168,20260208,132,5817,,,1,7,2,4168,6,1895.26,268.94,543.42,0
14169,20260209,199,6127,,,1,3,2,4169,3,1942.03,19.96,1858.83,0
14170,20260210,191,5480,,,1,9,2,4170,2,569.58,26.78,3127.74,0
14171,20260211,142,6008,,,1,1,2,4171,2,2488.13,10.3,4248.24,0
14172,20260212,108,5253,,,1,8,2,4172,4,1059.84,42.63,665.79,0
14173,20260213,168,6302,,,1,6,2,4173,6,2110.03,197.42,1092.71,0
14174,20260214,169,6124,,,1,10,2,4174,1,2733.92,141.18,2279.71,0
14175,20260215,123,6044,,,2,1,2,4175,3,2582.39,251.81,2101.85,0
14176,20260216,200,6039,,,1,10,2,4176,1,1987.72,150.24,1116.64,0
14177,20260217,129,5274,,,2,7,2,4177,4,1372.2,199.61,2592.65,0
14178,20260218,139,6198,,,2,11,2,4178,6,567.91,106.4,1637.65,0
14179,20260219,200,5723,,,2,3,2,4179,2,1545.22,165.08,1435.19,0
14180,20260220,109,5368,,,1,11,2,4180,5,2408.66,193.85,1397.26,0
14181,20260221,166,6303,,,1,4,2,4181,6,2785.32,56.4,3577.84,0
14182,20260222,178,5385,,,1,8,2,4182,4,1997.85,21.44,2489.75,0
14183,20260223,179,5592,,,1,1,2,4183,6,1361.74,92.21,1233.38,0
14184,20260224,188,5428,,,2,9,2,4184,4,413.86,175.32,4000.87,0
14185,20260225,157,5147,,,2,1,2,4185,1,2531.31,4.03,3779.74,1
14186,20260226,166,5964,,,2,4,2,4186,6,2308.91,34.13,1518.67,0
14187,20260227,103,5821,,,2,3,2,4187,3,1203.02,75.63,4929.0,0
14188,20260228,111,5621,,,1,1,2,4188,1,643.13,52.11,4896.39,0
14189,20260301,170,5211,,,2,11,2,4189,5,487.02,176.28,2754.39,0
14190,20260302,135,5258,,,2,6,2,4190,4,779.49,196.23,4913.21,0
14191,20260303,168,6499,,,1,9,2,4191,6,835.82,116.76,4632.48,0
14192,20260304,130,6400,,,2,1,2,4192,3,1229.31,225.2,1851.3,0
14193,20260305,140,5850,,,1,2,2,4193,2,2009.19,145.01,2772.72,1
14194,20260306,143,5806,,,2,6,2,4194,2,1723.13,246.99,1967.97,0
14195,20260307,173,5234,,,1,3,2,4195,5,530.83,289.98,945.25,0
14196,20260308,156,5025,,,1,4,2,4196,3,1455.65,77.47,4715.0,0
14197,20260309,137,6264,,,1,11,2,4197,5,1947.13,74.55,753.88,0
14198,20260310,175,5902,,,1,9,2,4198,3,1694.15,9.12,3599.34,0
14199,20260311,123,5167,,,2,3,2,4199,1,1276.35,220.56,4465.99,0
14200,20260312,190,6177,,,2,6,2,4200,5,472.07,213.43,631.22,0
14201,20260313,133,5369,,,1,10,2,4201,6,567.14,185.84,3079.88,0
14202,20260314,196,5323,,,2,5,2,4202,6,1655.9,143.37,965.86,0
14203,20260315,186,5535,,,2,7,2,4203,1,2144.58,262.97,4445.97,0
14204,20260316,186,5615,,,2,7,2,4204,4,892.76,255.8,2922.66,0
14205,20260317,178,5168,,,1,7,2,4205,6,2533.22,242.77,532.07,0
14206,20260318,134,5706,,,1,5,2,4206,3,888.09,42.54,1850.61,0
14207,20260319,139,5233,,,1,9,2,4207,6,1354.38,125.47,2511.59,0
14208,20260320,132,5504,,,1,10,2,4208,6,477.64,178.26,971.92,0
14209,20260321,116,5619,,,1,9,2,4209,1,2795.27,117.44,782.14,1
14210,20260322,183,6056,,,2,8,2,4210,1,455.64,14.52,2130.14,0
14211,20260323,187,5362,,,1,12,2,4211,1,919.26,297.6,4765.85,0
14212,20260324,188,5545,,,1,3,2,4212,4,1219.4,232.14,4419.98,0
14213,20260325,160,5217,,,2,12,2,4213,1,1235.83,285.25,960.37,0
14214,20260326,167,6024,,,2,3,2,4214,4,462.85,113.53,1954.69,0
14215,20260327,195,5103,,,2,12,2,4215,3,1097.72,224.55,2065.99,0
14216,20260328,131,6330,,,2,3,2,4216,4,1028.58,256.59,3743.33,0
14217,20260329,112,5810,,,2,2,2,4217,4,2000.94,19.61,4935.68,0
14218,20260330,179,6359,,,1,5,2,4218,4,1099.19,133.32,1131.57,0
14219,20260331,119,5430,,,1,7,2,4219,4,823.91,279.38,4623.13,0
14220,20260401,173,5256,,,1,10,2,4220,1,1861.98,211.0,3353.09,0
14221,20260402,143,5150,,,2,9,2,4221,5,1584.36,45.86,4546.8,0
14222,20260403,167,5272,,,1,9,2,4222,5,956.92,88.53,4656.53,0
14223,20260404,198,5247,,,2,9,2,4223,4,771.34,127.79,2197.65,1
14224,20260405,188,6435,,,1,7,2,4224,5,2584.72,251.48,4062.86,0
14225,20260406,111,5400,,,2,7,2,4225,6,1507.11,35.19,2503.46,0
14226,20260407,176,5398,,,1,5,2,4226,6,2275.51,249.33,2033.72,0
14227,20260408,125,6297,,,2,6,2,4227,3,1482.01,168.47,3321.04,0
14228,20260409,103,5211,,,2,9,2,4228,3,1244.12,53.64,2458.46,0
14229,20260410,114,5263,,,1,4,2,4229,2,2662.18,161.6,4303.97,0
14230,20260411,172,5829,,,1,3,2,4230,1,1435.55,93.39,1421.76,0
14231,20260412,112,5865,,,2,3,2,4231,2,478.91,289.82,2388.42,0
14232,20260413,180,5156,,,2,2,2,4232,1,452.15,61.24,1637.51,0
14233,20260414,197,5005,,,2,10,2,4233,4,943.45,97.98,1605.01,0
14234,20260415,178,6147,,,1,4,2,4234,2,1108.1,199.44,4151.68,0
14235,20260416,148,5036,,,2,4,2,4235,3,2400.29,142.47,1019.17,0
14236,20260417,101,5246,,,2,4,2,4236,1,2505.99,272.86,4136.01,0
14237,20260418,128,5073,,,2,2,2,4237,6,1125.15,181.31,1093.02,0
14238,20260419,178,6244,,,1,5,2,4238,3,2101.71,4.35,2262.09,0
14239,20260420,161,5517,,,1,3,2,4239,2,2382.51,81.14,3733.63,0
14240,20260421,156,5573,,,1,10,2,4240,2,1816.1,39.91,867.59,0
14241,20260422,137,5454,,,1,1,2,4241,3,1525.27,58.19,2066.96,0
14242,20260423,142,5955,,,1,9,2,4242,4,2794.87,39.03,3564.4,0
14243,20260424,162,5737,,,1,1,2,4243,3,1986.09,269.09,3148.71,0
14244,20260425,152,6310,,,2,3,2,4244,6,1932.0,254.56,3187.72,0
14245,20260426,101,5815,,,1,10,2,4245,2,1582.65,113.71,1755.95,0
14246,20260427,147,5828,,,2,2,2,4246,2,598.38,262.89,4725.14,1
14247,20260428,176,6213,,,2,1,2,4247,5,1704.22,266.67,2561.55,1
14248,20260429,125,5603,,,2,9,2,4248,6,2566.44,142.19,4946.49,0
14249,20260430,116,6264,,,2,10,2,4249,3,1885.06,25.69,3794.43,0
14250,20260501,157,6485,,,1,1,2,4250,5,911.1,120.71,4148.05,0
14251,20260201,184,6459,,,2,8,2,4251,5,2096.86,88.24,3590.88,0
14252,20260202,177,5703,,,2,11,2,4252,5,1018.42,153.11,4885.38,0
14253,20260203,115,6077,,,1,1,2,4253,4,402.05,203.67,990.64,0
14254,20260204,115,5375,,,2,1,2,4254,4,883.24,85.99,3802.33,0
14255,20260205,131,5253,,,1,2,2,4255,1,1189.99,263.41,2217.56,0
14256,20260206,167,5871,,,1,9,2,4256,3,1851.2,178.76,854.04,0
14257,20260207,172,5177,,,2,1,2,4257,4,872.86,2.37,2498.05,0
14258,20260208,161,5462,,,2,9,2,4258,2,1978.11,295.58,3325.32,0
14259,20260209,152,6419,,,2,1,2,4259,3,1233.45,190.9,3523.27,0
14260,20260210,134,5094,,,2,9,2,4260,3,2360.99,144.46,3373.3,0
14261,20260211,122,5830,,,1,6,2,4261,2,615.29,115.18,3546.51,0
14262,20260212,104,5902,,,1,11,2,4262,3,1367.81,11.54,3628.48,0
14263,20260213,146,6171,,,2,3,2,4263,5,2538.24,151.8,4394.93,1
14264,20260214,177,5935,,,1,9,2,4264,4,1612.56,77.68,2109.89,0
14265,20260215,136,6081,,,1,8,2,4265,2,555.98,110.79,4728.37,0
14266,20260216,160,5051,,,1,4,2,4266,5,1719.04,12.39,3608.12,0
14267,20260217,186,5316,,,1,6,2,4267,6,872.1,99.72,669.36,0
14268,20260218,147,5542,,,2,11,2,4268,4,1782.44,190.99,1846.25,0
14269,20260219,137,6402,,,1,5,2,4269,2,778.66,162.63,2510.5,0
14270,20260220,117,5274,,,2,6,2,4270,3,466.39,246.26,2926.32,0
14271,20260221,107,6111,,,2,10,2,4271,2,1216.85,93.9,4506.68,0
14272,20260222,171,5036,,,2,3,2,4272,2,2450.56,246.94,1824.25,0
14273,20260223,129,5221,,,1,3,2,4273,1,1394.15,248.73,2790.11,1
14274,20260224,158,5740,,,2,12,2,4274,5,597.04,62.44,948.96,0
14275,20260225,200,5050,,,2,10,2,4275,2,480.27,145.76,3279.77,0
14276,20260226,102,6497,,,2,8,2,4276,1,687.63,200.55,507.86,0
14277,20260227,165,5137,,,2,10,2,4277,4,1021.13,227.29,3884.47,0
14278,20260228,107,6118,,,2,2,2,4278,3,2178.5,271.62,4108.06,0
14279,20260301,103,5189,,,2,11,2,4279,1,2316.69,53.88,2805.31,0
14280,20260302,131,5712,,,2,2,2,4280,1,424.89,134.0,2653.1,0
14281,20260303,120,5322,,,2,3,2,4281,5,1851.8,178.3,3720.89,0
14282,20260304,161,5481,,,2,11,2,4282,1,2456.51,186.26,2613.84,0
14283,20260305,159,5422,,,2,10,2,4283,1,1131.98,40.16,565.53,0
14284,20260306,122,5971,,,1,3,2,4284,2,2182.94,179.88,4881.87,0
14285,20260307,132,6210,,,2,7,2,4285,6,982.06,204.89,4091.18,0
14286,20260308,169,5402,,,2,2,2,4286,3,2185.86,178.15,4812.29,0
14287,20260309,170,6413,,,1,12,2,4287,4,1145.42,154.23,2200.12,0
14288,20260310,135,5737,,,2,4,2,4288,3,977.77,48.31,1424.12,0
14289,20260311,135,5369,,,2,9,2,4289,1,1513.85,295.39,2661.31,0
14290,20260312,139,5748,,,2,4,2,4290,5,2328.8,255.33,3191.75,0
14291,20260313,172,6082,,,2,12,2,4291,6,1531.92,261.1,1015.12,0
14292,20260314,116,5381,,,2,10,2,4292,1,1081.05,39.4,3236.94,0
14293,20260315,163,5586,,,1,12,2,4293,6,2664.54,134.75,2638.3,1
14294,20260316,107,6096,,,2,2,2,4294,3,2537.51,180.58,3271.18,0
14295,20260317,130,6099,,,1,9,2,4295,3,2624.39,176.92,3496.42,0
14296,20260318,104,5111,,,2,2,2,4296,1,2513.69,97.01,2351.07,0
14297,20260319,142,5267,,,1,9,2,4297,2,1213.08,292.9,556.84,0
14298,20260320,168,5996,,,2,11,2,4298,6,521.76,21.53,715.76,0
14299,20260321,106,6176,,,1,10,2,4299,2,718.53,235.43,2288.85,0
14300,20260322,134,5023,,,1,12,2,4300,1,2011.26,11.05,1867.41,0
14301,20260323,127,5864,,,1,12,2,4301,6,733.04,38.02,4712.96,0
14302,20260324,101,6258,,,2,11,2,4302,6,1835.77,162.89,1372.78,0
14303,20260325,126,5588,,,1,8,2,4303,4,1377.67,50.85,736.24,0
14304,20260326,164,5789,,,2,8,2,4304,6,1114.52,298.71,2463.64,1
14305,20260327,134,6068,,,2,2,2,4305,3,2767.72,138.51,1494.14,0
14306,20260328,197,6033,,,2,3,2,4306,2,1061.86,30.4,650.77,0
14307,20260329,127,6419,,,1,4,2,4307,3,1266.12,222.4,2994.44,0
14308,20260330,194,6225,,,1,5,2,4308,6,1461.6,297.58,3322.32,0
14309,20260331,184,5484,,,2,8,2,4309,4,2540.38,79.71,4866.2,0
14310,20260401,155,5939,,,1,8,2,4310,2,2771.44,103.77,753.44,0
14311,20260402,158,5189,,,2,1,2,4311,6,2030.52,94.48,1940.66,0
14312,20260403,180,5062,,,1,5,2,4312,3,1616.49,283.51,3893.69,0
14313,20260404,191,5633,,,2,6,2,4313,6,2379.15,252.71,1034.37,0
14314,20260405,110,6031,,,1,11,2,4314,4,2641.82,100.59,2476.78,0
14315,20260406,119,5518,,,1,8,2,4315,5,1440.72,223.49,3505.02,0
14316,20260407,150,5479,,,1,7,2,4316,3,1296.24,188.18,2248.84,0
14317,20260408,172,6423,,,1,4,2,4317,4,1003.25,41.62,3287.99,0
14318,20260409,197,5496,,,1,7,2,4318,3,941.11,18.54,3034.41,0
14319,20260410,184,5127,,,2,7,2,4319,3,2347.67,212.82,1199.34,1
14320,20260411,154,5632,,,2,7,2,4320,1,2651.41,19.29,3653.85,1
14321,20260412,150,5523,,,2,6,2,4321,1,1091.05,150.03,3090.51,1
14322,20260413,141,5039,,,1,12,2,4322,2,1086.19,264.27,3226.32,0
14323,20260414,141,5218,,,2,1,2,4323,3,1072.91,167.57,2424.05,0
14324,20260415,108,5305,,,1,8,2,4324,6,2366.73,298.84,3754.23,0
14325,20260416,120,5131,,,1,2,2,4325,2,2744.29,77.0,4620.91,0
14326,20260417,129,5204,,,2,1,2,4326,4,1084.57,162.93,3171.59,0
14327,20260418,155,6302,,,2,9,2,4327,4,2391.63,96.16,1650.95,0
14328,20260419,154,5812,,,1,9,2,4328,4,1726.76,235.72,3950.02,0
14329,20260420,101,6120,,,2,5,2,4329,3,995.79,231.85,2884.92,0
14330,20260421,109,6292,,,1,3,2,4330,4,736.0,249.54,2522.75,0
14331,20260422,131,5804,,,1,3,2,4331,5,1875.24,132.21,2267.24,0
14332,20260423,157,6439,,,2,10,2,4332,1,2028.85,45.48,4940.17,0
14333,20260424,154,5108,,,1,3,2,4333,5,1785.97,23.64,3213.82,0
14334,20260425,197,5199,,,1,2,2,4334,6,608.01,205.61,1304.41,0
14335,20260426,182,5235,,,1,2,2,4335,3,1067.76,72.05,4094.5,0
14336,20260427,138,6094,,,1,4,2,4336,6,799.81,183.23,3368.29,0
14337,20260428,129,5150,,,2,2,2,4337,3,1904.3,11.28,1776.9,0
14338,20260429,167,5548,,,1,7,2,4338,1,1088.54,81.06,4327.8,0
14339,20260430,141,6394,,,2,11,2,4339,3,1460.65,131.36,1295.38,0
14340,20260501,119,5033,,,1,2,2,4340,2,1503.98,0.26,1247.86,0
14341,20260201,138,5621,,,1,8,2,4341,4,596.53,127.17,3291.67,0
14342,20260202,157,5516,,,1,6,2,4342,4,1276.59,219.48,3731.1,0
14343,20260203,127,5898,,,2,11,2,4343,2,1604.01,107.24,3256.81,0
14344,20260204,113,6165,,,2,3,2,4344,2,1531.3,81.27,1101.73,0
14345,20260205,152,5198,,,2,12,2,4345,5,2307.61,224.28,2317.08,0
14346,20260206,126,5591,,,2,6,2,4346,4,2668.68,32.61,4098.04,0
14347,20260207,104,5896,,,1,10,2,4347,6,2241.56,7.01,1886.21,0
14348,20260208,166,5771,,,2,1,2,4348,2,1970.05,121.23,3357.36,0
14349,20260209,110,5644,,,2,1,2,4349,5,465.63,207.02,4198.39,0
14350,20260210,107,6081,,,2,6,2,4350,4,1746.55,184.56,1885.52,0
14351,20260211,158,5606,,,1,12,2,4351,4,1580.33,108.42,2209.7,1
14352,20260212,161,6361,,,1,7,2,4352,3,2061.08,289.9,4026.9,0
14353,20260213,143,6179,,,1,5,2,4353,5,1885.9,217.0,1487.51,0
14354,20260214,171,5409,,,1,5,2,4354,5,2626.51,239.18,1456.12,0
14355,20260215,153,6147,,,1,11,2,4355,2,2015.34,114.37,2023.65,0
14356,20260216,190,5793,,,2,8,2,4356,6,2429.33,181.45,4538.21,0
14357,20260217,104,5292,,,2,4,2,4357,2,1196.5,36.91,3393.3,0
14358,20260218,137,5619,,,1,2,2,4358,1,1466.49,80.09,4212.93,0
14359,20260219,141,5147,,,2,8,2,4359,1,1848.72,1.99,842.19,0
14360,20260220,190,6061,,,1,8,2,4360,5,2607.01,101.95,722.11,0
14361,20260221,197,6015,,,2,9,2,4361,2,2313.74,250.66,2661.78,0
14362,20260222,112,5339,,,1,4,2,4362,1,816.23,218.26,3708.71,0
14363,20260223,131,5426,,,2,12,2,4363,5,416.15,131.83,2742.08,0
14364,20260224,165,5991,,,2,2,2,4364,6,2714.25,42.13,509.51,0
14365,20260225,160,6354,,,2,9,2,4365,4,2659.33,138.08,3506.99,0
14366,20260226,179,5445,,,1,10,2,4366,3,2427.54,11.64,2336.98,0
14367,20260227,170,5269,,,1,1,2,4367,3,2770.65,106.33,854.34,0
14368,20260228,119,5544,,,2,9,2,4368,2,1610.98,47.15,2687.07,0
14369,20260301,133,6185,,,1,2,2,4369,3,2381.05,8.85,2235.22,0
14370,20260302,137,6163,,,1,10,2,4370,3,810.22,22.93,4585.11,0
14371,20260303,110,6050,,,1,11,2,4371,6,706.33,188.17,2186.69,0
14372,20260304,155,5290,,,1,8,2,4372,3,483.19,292.66,1863.0,0
14373,20260305,159,6425,,,1,7,2,4373,4,1630.93,12.98,1206.75,0
14374,20260306,123,5545,,,1,9,2,4374,1,978.06,210.0,928.01,0
14375,20260307,193,5942,,,2,1,2,4375,1,670.64,184.68,4078.63,0
14376,20260308,169,5657,,,2,11,2,4376,5,2200.49,137.42,1338.7,0
14377,20260309,151,6007,,,1,8,2,4377,6,426.16,68.48,2728.68,0
14378,20260310,113,5815,,,1,4,2,4378,3,1477.9,71.07,682.53,0
14379,20260311,131,6350,,,1,11,2,4379,3,759.18,50.05,3232.21,0
14380,20260312,166,5861,,,1,3,2,4380,5,1302.45,143.87,2200.92,0
14381,20260313,141,6214,,,1,4,2,4381,4,1648.82,277.36,2822.7,0
14382,20260314,198,6303,,,2,1,2,4382,5,1251.73,27.3,2738.45,0
14383,20260315,170,5374,,,1,6,2,4383,5,1626.56,62.83,2320.59,0
14384,20260316,120,6110,,,2,10,2,4384,5,2717.71,251.84,1405.62,0
14385,20260317,138,5597,,,1,2,2,4385,6,793.29,174.55,568.11,0
14386,20260318,145,5616,,,2,1,2,4386,2,851.02,32.77,4288.91,0
14387,20260319,162,5964,,,1,6,2,4387,3,1183.6,27.13,1605.37,0
14388,20260320,176,5682,,,2,9,2,4388,2,2024.86,32.39,3100.55,0
14389,20260321,153,5484,,,1,8,2,4389,2,2316.95,165.65,4146.37,0
14390,20260322,141,5777,,,1,3,2,4390,6,2363.11,71.57,3715.95,0
14391,20260323,105,5396,,,2,5,2,4391,3,1223.83,38.4,3841.56,0
14392,20260324,103,5830,,,2,2,2,4392,1,1634.66,25.25,1408.68,0
14393,20260325,128,6068,,,1,9,2,4393,2,823.06,60.0,2482.57,0
14394,20260326,197,6291,,,1,4,2,4394,3,980.66,57.74,1260.02,0
14395,20260327,153,5270,,,1,7,2,4395,6,849.21,94.53,4338.29,0
14396,20260328,107,6310,,,1,1,2,4396,2,1509.74,21.34,1753.63,1
14397,20260329,110,5879,,,2,8,2,4397,6,1255.73,25.88,974.76,0
14398,20260330,123,5915,,,2,8,2,4398,2,701.32,91.74,2953.96,0
14399,20260331,147,6180,,,2,6,2,4399,6,2689.47,62.32,2908.57,0
14400,20260401,119,6423,,,1,6,2,4400,6,2791.43,4.33,3644.33,0
14401,20260402,104,5801,,,2,1,2,4401,1,2287.53,206.6,3037.8,0
14402,20260403,102,5433,,,1,1,2,4402,5,1780.93,20.05,543.74,0
14403,20260404,129,6379,,,2,6,2,4403,5,2087.62,76.18,4927.8,0
14404,20260405,191,5347,,,2,9,2,4404,2,860.18,43.8,3886.92,0
14405,20260406,148,5731,,,2,11,2,4405,6,1992.33,47.81,1767.02,0
14406,20260407,104,5899,,,2,9,2,4406,6,1099.81,149.41,4803.1,0
14407,20260408,113,6365,,,1,8,2,4407,1,950.65,42.36,1273.82,0
14408,20260409,136,6331,,,1,2,2,4408,1,1875.47,238.75,776.26,0
14409,20260410,190,5059,,,2,8,2,4409,6,469.26,80.55,4199.55,0
14410,20260411,130,5860,,,2,2,2,4410,3,559.01,177.75,888.69,0
14411,20260412,141,5019,,,2,7,2,4411,5,2580.92,166.75,4528.11,0
14412,20260413,190,6013,,,2,6,2,4412,6,2693.48,273.64,1855.18,0
14413,20260414,157,6285,,,1,7,2,4413,2,2332.79,180.61,865.97,0
14414,20260415,200,5107,,,2,4,2,4414,4,1055.71,284.25,3950.95,0
14415,20260416,129,6082,,,2,9,2,4415,6,2767.92,267.14,840.21,0
14416,20260417,147,5899,,,1,8,2,4416,6,951.64,27.08,4750.78,0
14417,20260418,176,5455,,,2,5,2,4417,5,1507.12,170.95,3758.53,0
14418,20260419,157,5492,,,2,7,2,4418,1,2036.25,156.48,2894.8,0
14419,20260420,113,5255,,,1,8,2,4419,6,2348.7,75.18,4449.12,0
14420,20260421,172,5152,,,2,3,2,4420,3,480.15,201.88,4180.34,0
14421,20260422,183,5433,,,1,10,2,4421,1,2337.44,279.68,2554.62,0
14422,20260423,168,5464,,,1,7,2,4422,4,652.56,241.06,2209.72,0
14423,20260424,114,5776,,,2,12,2,4423,3,2539.49,38.44,1307.25,0
14424,20260425,150,6198,,,1,5,2,4424,3,1251.73,78.33,2371.18,0
14425,20260426,157,5267,,,1,9,2,4425,4,2165.07,215.36,1135.02,0
14426,20260427,147,5579,,,2,11,2,4426,2,2764.16,274.63,3262.51,0
14427,20260428,184,6005,,,1,2,2,4427,2,1742.18,215.44,3421.68,0
14428,20260429,142,6463,,,1,9,2,4428,4,642.25,198.71,1104.42,0
14429,20260430,159,5809,,,1,4,2,4429,2,2013.74,179.01,2065.55,0
14430,20260501,168,6274,,,1,4,2,4430,3,734.95,236.42,2982.51,0
14431,20260201,133,6394,,,1,2,2,4431,5,896.39,139.29,4714.86,0
14432,20260202,138,6493,,,2,7,2,4432,2,2664.63,278.65,3406.63,0
14433,20260203,141,6154,,,1,5,2,4433,1,710.1,62.32,4046.83,0
14434,20260204,155,6458,,,1,8,2,4434,4,2213.61,114.98,3206.13,0
14435,20260205,131,5807,,,2,12,2,4435,5,829.92,290.09,1371.15,0
14436,20260206,182,6391,,,2,5,2,4436,4,953.43,138.17,1646.94,0
14437,20260207,196,6489,,,2,3,2,4437,2,1754.54,134.56,2907.53,0
14438,20260208,179,5211,,,1,3,2,4438,3,554.61,214.49,3071.02,0
14439,20260209,136,5279,,,2,2,2,4439,3,2337.87,25.14,608.62,0
14440,20260210,130,5084,,,1,1,2,4440,3,656.62,145.87,3132.21,0
14441,20260211,181,5645,,,1,1,2,4441,1,2252.12,40.64,3621.27,0
14442,20260212,181,6416,,,2,8,2,4442,5,2591.18,237.32,2799.92,0
14443,20260213,196,5739,,,1,9,2,4443,4,2323.83,244.69,3516.76,0
14444,20260214,124,5091,,,1,6,2,4444,6,2794.96,247.51,571.38,0
14445,20260215,105,5617,,,1,3,2,4445,2,1349.66,134.99,4409.55,0
14446,20260216,163,5920,,,1,1,2,4446,5,612.62,49.58,3277.05,0
14447,20260217,194,5778,,,2,2,2,4447,5,1672.5,219.83,1622.28,0
14448,20260218,161,6209,,,1,8,2,4448,5,1920.63,174.22,2667.25,0
14449,20260219,148,5223,,,1,8,2,4449,5,871.69,231.62,2891.56,0
14450,20260220,154,5301,,,1,10,2,4450,3,1447.4,240.36,3296.72,0
14451,20260221,145,5261,,,2,2,2,4451,2,784.02,64.89,2878.68,0
14452,20260222,131,5905,,,1,5,2,4452,6,1333.6,148.4,2423.48,0
14453,20260223,115,6429,,,1,12,2,4453,6,2193.06,40.49,4336.71,0
14454,20260224,183,5081,,,2,1,2,4454,1,1469.7,163.36,4848.07,0
14455,20260225,166,5829,,,1,6,2,4455,5,1862.86,296.02,2558.55,0
14456,20260226,103,5872,,,2,4,2,4456,2,1828.04,159.22,3966.76,0
14457,20260227,115,5009,,,2,3,2,4457,4,525.04,121.56,4661.59,0
14458,20260228,106,5615,,,2,12,2,4458,2,1403.74,99.51,1682.27,0
14459,20260301,128,5412,,,1,8,2,4459,4,528.63,105.71,3595.22,0
14460,20260302,184,5828,,,2,11,2,4460,2,2768.25,143.77,3822.03,0
14461,20260303,194,5243,,,2,9,2,4461,4,2045.15,86.3,1423.75,0
14462,20260304,180,6180,,,1,5,2,4462,6,2235.71,119.24,4717.41,0
14463,20260305,130,6498,,,1,7,2,4463,6,1422.36,62.77,4370.82,0
14464,20260306,173,5721,,,1,1,2,4464,4,1891.55,179.44,3833.62,0
14465,20260307,192,5236,,,2,5,2,4465,1,2658.68,113.33,3692.65,0
14466,20260308,178,5161,,,2,10,2,4466,5,1739.09,189.84,3065.02,0
14467,20260309,195,6154,,,2,9,2,4467,4,545.66,235.13,555.68,0
14468,20260310,177,5028,,,1,2,2,4468,3,866.2,237.72,725.15,0
14469,20260311,194,5931,,,1,8,2,4469,4,1935.21,141.69,4522.21,0
14470,20260312,198,5761,,,2,12,2,4470,1,698.01,243.47,3212.14,0
14471,20260313,185,5799,,,2,1,2,4471,4,786.09,228.46,4052.16,0
14472,20260314,156,6449,,,1,9,2,4472,4,2653.66,214.02,4370.35,0
14473,20260315,162,5394,,,2,5,2,4473,1,1000.63,274.16,2795.37,0
14474,20260316,155,5609,,,1,2,2,4474,5,2151.15,208.58,4774.52,0
14475,20260317,131,5353,,,1,8,2,4475,6,1107.03,71.62,4132.98,0
14476,20260318,158,6308,,,1,2,2,4476,3,1960.18,287.02,1333.66,0
14477,20260319,199,5319,,,2,5,2,4477,6,404.75,226.17,1205.06,0
14478,20260320,139,6474,,,2,6,2,4478,2,2260.0,22.84,4458.48,0
14479,20260321,147,5092,,,1,10,2,4479,2,732.76,209.94,706.52,0
14480,20260322,135,5441,,,2,12,2,4480,4,1910.15,232.5,3608.58,0
14481,20260323,181,5603,,,2,5,2,4481,2,1977.5,284.54,3524.44,0
14482,20260324,154,6405,,,1,7,2,4482,5,1758.14,112.35,2686.33,0
14483,20260325,110,5650,,,1,10,2,4483,6,1204.51,296.37,3043.69,0
14484,20260326,103,6482,,,1,1,2,4484,6,490.83,246.45,2772.64,0
14485,20260327,135,6249,,,2,5,2,4485,3,2036.39,43.62,3951.44,1
14486,20260328,116,5628,,,1,10,2,4486,3,1025.89,189.93,2013.72,0
14487,20260329,154,5141,,,2,11,2,4487,5,1656.53,233.62,3235.64,0
14488,20260330,113,6378,,,1,4,2,4488,6,997.61,171.19,1055.12,0
14489,20260331,200,6054,,,2,7,2,4489,3,947.47,198.66,826.96,0
14490,20260401,113,6168,,,2,12,2,4490,5,975.06,8.89,3710.19,0
14491,20260402,110,5613,,,1,4,2,4491,4,2061.47,59.62,1214.48,0
14492,20260403,132,5065,,,2,3,2,4492,3,1484.32,263.45,1732.2,0
14493,20260404,147,5109,,,2,12,2,4493,6,636.77,202.42,2623.59,1
14494,20260405,149,5671,,,1,4,2,4494,5,2247.74,11.57,2851.52,0
14495,20260406,190,5358,,,1,2,2,4495,1,979.59,268.83,989.17,0
14496,20260407,132,6322,,,2,10,2,4496,6,2562.08,167.73,1319.23,0
14497,20260408,167,5988,,,1,8,2,4497,5,2305.33,110.33,3399.96,0
14498,20260409,186,5404,,,2,9,2,4498,1,1857.85,31.51,3679.86,0
14499,20260410,139,5324,,,1,1,2,4499,3,458.65,245.88,4111.04,0
14500,20260411,155,5115,,,1,11,2,4500,4,2416.05,39.2,3912.57,0
14501,20260412,149,5765,,,2,1,2,4501,6,840.02,68.15,4791.48,0
14502,20260413,120,6277,,,1,4,2,4502,2,2337.12,92.88,1369.52,0
14503,20260414,165,5737,,,2,1,2,4503,5,1138.58,183.11,1959.18,0
14504,20260415,199,5258,,,2,8,2,4504,4,917.75,278.39,931.94,0
14505,20260416,152,6167,,,2,12,2,4505,6,2367.24,220.56,3635.37,0
14506,20260417,128,5119,,,2,3,2,4506,4,2315.65,142.23,3799.22,0
14507,20260418,147,6249,,,1,9,2,4507,6,2252.29,36.16,1489.75,0
14508,20260419,181,6376,,,2,5,2,4508,2,1248.52,10.72,3164.1,0
14509,20260420,122,5963,,,2,11,2,4509,2,674.19,280.16,2271.62,0
14510,20260421,130,6182,,,2,1,2,4510,5,635.62,95.79,2444.79,0
14511,20260422,186,6085,,,1,3,2,4511,1,1651.26,112.43,986.79,0
14512,20260423,164,5396,,,1,6,2,4512,3,1021.84,293.3,2866.68,0
14513,20260424,113,6091,,,1,10,2,4513,2,2406.22,276.27,2243.9,0
14514,20260425,183,5961,,,2,8,2,4514,5,1303.82,18.91,2870.1,1
14515,20260426,196,5169,,,1,7,2,4515,6,653.39,231.95,1261.49,0
14516,20260427,196,6227,,,2,1,2,4516,3,878.15,251.27,3314.01,0
14517,20260428,168,5812,,,2,8,2,4517,3,1693.1,132.99,4787.2,0
14518,20260429,101,5230,,,1,7,2,4518,3,2522.32,10.51,2190.75,0
14519,20260430,115,5837,,,1,6,2,4519,1,803.85,228.51,1890.21,0
14520,20260501,171,6342,,,2,2,2,4520,1,1811.7,14.15,4899.04,0
14521,20260201,160,5220,,,2,6,2,4521,3,1655.65,265.27,782.89,0
14522,20260202,116,5762,,,1,4,2,4522,6,1604.22,269.72,4409.55,0
14523,20260203,150,6060,,,2,12,2,4523,2,1732.9,32.81,4025.83,0
14524,20260204,199,5002,,,1,6,2,4524,2,2626.07,226.7,4192.8,0
14525,20260205,108,5799,,,2,7,2,4525,6,2078.94,132.82,2053.28,0
14526,20260206,179,6075,,,2,8,2,4526,6,2337.56,175.41,2848.8,0
14527,20260207,146,5494,,,1,10,2,4527,4,2706.05,224.11,3901.96,0
14528,20260208,164,5320,,,1,8,2,4528,1,1618.97,43.38,697.53,0
14529,20260209,121,5808,,,1,5,2,4529,6,1682.32,156.62,2437.11,0
14530,20260210,188,5202,,,1,5,2,4530,6,1841.43,270.57,4615.53,0
14531,20260211,156,5412,,,1,3,2,4531,3,2448.81,163.32,2829.15,0
14532,20260212,200,5458,,,1,12,2,4532,4,1441.14,274.31,2059.98,0
14533,20260213,192,6274,,,1,10,2,4533,6,2049.06,49.66,4560.81,0
14534,20260214,147,6167,,,1,5,2,4534,6,1085.75,46.18,534.8,0
14535,20260215,153,6045,,,2,11,2,4535,6,2319.21,152.53,3143.63,0
14536,20260216,121,5380,,,2,4,2,4536,1,714.76,222.19,927.17,0
14537,20260217,147,5783,,,2,3,2,4537,5,2746.29,81.69,3257.7,0
14538,20260218,111,6444,,,1,7,2,4538,1,2654.51,276.24,3761.56,0
14539,20260219,131,5846,,,1,7,2,4539,3,479.49,97.85,2338.16,0
14540,20260220,112,6307,,,1,3,2,4540,5,2644.83,65.42,2507.3,0
14541,20260221,137,5480,,,2,5,2,4541,5,1475.18,213.29,4332.92,0
14542,20260222,126,6254,,,2,7,2,4542,5,1975.41,27.51,2743.28,0
14543,20260223,107,6499,,,2,1,2,4543,3,1564.37,264.27,4551.86,0
14544,20260224,104,6005,,,1,2,2,4544,1,1379.14,48.85,3022.07,0
14545,20260225,169,6061,,,1,4,2,4545,6,998.55,86.71,3540.67,0
14546,20260226,115,6243,,,1,8,2,4546,5,1302.43,16.83,1144.59,1
14547,20260227,123,5835,,,2,7,2,4547,6,2442.61,23.57,4209.16,0
14548,20260228,157,5616,,,1,7,2,4548,1,1157.33,76.0,3436.42,0
14549,20260301,168,5724,,,2,12,2,4549,4,1285.31,79.77,2240.12,0
14550,20260302,178,5950,,,2,12,2,4550,3,567.67,90.12,2523.78,0
14551,20260303,134,6097,,,1,6,2,4551,2,951.29,292.68,2007.11,0
14552,20260304,108,5639,,,1,4,2,4552,6,1501.53,257.5,2341.34,0
14553,20260305,196,6204,,,2,10,2,4553,5,1807.44,86.34,514.04,0
14554,20260306,104,6226,,,1,1,2,4554,1,729.83,28.42,2525.63,0
14555,20260307,102,5279,,,2,3,2,4555,1,458.23,274.49,3940.15,0
14556,20260308,118,5576,,,1,1,2,4556,1,1062.73,171.0,1930.83,0
14557,20260309,159,5463,,,2,6,2,4557,1,2399.3,209.16,2985.17,0
14558,20260310,171,6173,,,2,9,2,4558,2,2564.73,205.04,3567.75,0
14559,20260311,195,5969,,,1,4,2,4559,5,1144.54,87.71,1586.24,0
14560,20260312,160,5386,,,2,1,2,4560,5,1914.51,127.48,1511.95,0
14561,20260313,164,5638,,,2,11,2,4561,2,1478.49,287.5,1340.97,0
14562,20260314,137,5009,,,2,4,2,4562,2,658.03,85.91,2290.96,0
14563,20260315,144,6281,,,1,7,2,4563,3,2750.02,29.53,1360.9,0
14564,20260316,155,5415,,,2,11,2,4564,2,1774.59,66.74,2218.82,0
14565,20260317,144,5867,,,2,9,2,4565,5,1063.16,265.99,4894.39,0
14566,20260318,140,5870,,,1,1,2,4566,5,1594.42,38.46,3560.68,0
14567,20260319,143,6084,,,1,6,2,4567,1,1073.82,189.15,1640.81,0
14568,20260320,186,5206,,,2,4,2,4568,2,2592.1,298.56,591.29,0
14569,20260321,171,6077,,,1,7,2,4569,1,2135.06,261.35,3611.76,0
14570,20260322,148,6335,,,1,6,2,4570,4,949.45,127.88,3041.93,0
14571,20260323,186,5843,,,2,12,2,4571,2,1557.87,132.48,4640.87,0
14572,20260324,171,5623,,,2,12,2,4572,4,2383.03,26.03,1197.51,0
14573,20260325,174,5979,,,2,4,2,4573,2,2674.78,109.66,2940.87,0
14574,20260326,139,5637,,,1,5,2,4574,5,803.51,17.12,3743.49,0
14575,20260327,128,5598,,,2,9,2,4575,2,1618.01,239.63,876.89,0
14576,20260328,162,5869,,,1,3,2,4576,4,1868.79,170.56,1358.62,0
14577,20260329,147,5214,,,2,5,2,4577,1,2458.72,27.51,4215.86,0
14578,20260330,187,5158,,,1,2,2,4578,5,1194.35,200.47,1937.09,0
14579,20260331,115,5601,,,2,4,2,4579,2,1805.4,83.33,2216.08,0
14580,20260401,183,5830,,,1,2,2,4580,2,427.24,108.84,4141.92,0
14581,20260402,162,6044,,,1,7,2,4581,2,1750.75,283.14,3227.98,0
14582,20260403,159,6163,,,2,2,2,4582,5,2545.39,28.4,1992.46,0
14583,20260404,124,5200,,,2,10,2,4583,4,1203.66,148.15,3117.67,0
14584,20260405,117,5725,,,2,1,2,4584,6,999.05,97.2,1043.5,0
14585,20260406,196,5334,,,1,9,2,4585,6,2619.61,110.41,3041.97,0
14586,20260407,164,5441,,,2,3,2,4586,4,1397.96,86.19,4093.32,0
14587,20260408,193,5531,,,2,10,2,4587,5,2203.66,13.16,2410.64,0
14588,20260409,172,5524,,,2,9,2,4588,3,2080.71,105.61,2950.5,0
14589,20260410,144,6189,,,1,11,2,4589,4,2764.95,39.0,2365.88,0
14590,20260411,174,6075,,,2,9,2,4590,1,987.47,283.62,3941.3,0
14591,20260412,192,6470,,,2,10,2,4591,6,2526.72,53.15,3994.73,0
14592,20260413,106,5879,,,1,9,2,4592,1,1856.44,178.96,1893.57,0
14593,20260414,147,6488,,,2,7,2,4593,6,2072.44,235.19,1268.86,0
14594,20260415,114,6320,,,1,7,2,4594,1,571.88,226.49,4063.68,0
14595,20260416,170,6356,,,1,1,2,4595,6,2750.54,272.12,1053.35,0
14596,20260417,139,6277,,,1,8,2,4596,4,2159.13,113.76,3947.66,0
14597,20260418,174,6265,,,1,4,2,4597,4,2746.61,21.19,2380.84,0
14598,20260419,178,5238,,,2,1,2,4598,5,956.75,52.88,4749.19,1
14599,20260420,137,5421,,,1,12,2,4599,1,1450.81,251.7,3854.62,0
14600,20260421,173,6471,,,2,8,2,4600,6,1910.5,82.18,4512.13,0
14601,20260422,172,5908,,,2,6,2,4601,6,1648.29,154.41,4974.57,0
14602,20260423,193,6246,,,1,4,2,4602,6,1486.46,38.29,1755.09,0
14603,20260424,103,5310,,,1,4,2,4603,5,2791.92,162.56,3204.5,0
14604,20260425,187,5174,,,1,5,2,4604,2,639.61,280.0,3974.05,0
14605,20260426,143,5737,,,1,2,2,4605,4,2473.0,222.6,3968.14,0
14606,20260427,106,5093,,,2,7,2,4606,4,1146.26,197.76,1175.02,1
14607,20260428,137,6339,,,1,2,2,4607,2,2623.62,136.17,4074.58,0
14608,20260429,183,5698,,,1,4,2,4608,6,624.55,51.31,629.1,0
14609,20260430,108,5049,,,1,1,2,4609,4,2799.4,190.51,3852.62,0
14610,20260501,139,5070,,,2,8,2,4610,6,1338.37,39.49,4285.18,0
14611,20260201,152,5764,,,1,8,2,4611,3,1517.47,192.67,1800.01,0
14612,20260202,148,5187,,,2,8,2,4612,2,1231.62,195.32,1189.24,0
14613,20260203,119,6484,,,1,4,2,4613,3,575.82,235.3,1451.41,0
14614,20260204,108,5042,,,2,6,2,4614,1,2132.1,271.26,1045.93,0
14615,20260205,118,5906,,,1,4,2,4615,2,1067.35,161.76,4316.13,0
14616,20260206,127,6351,,,2,10,2,4616,5,791.4,247.56,3134.37,0
14617,20260207,151,5759,,,2,8,2,4617,6,1935.54,23.31,3970.72,0
14618,20260208,196,5887,,,1,6,2,4618,3,1766.5,281.5,4488.71,0
14619,20260209,162,5579,,,2,9,2,4619,6,1092.2,187.57,1227.45,0
14620,20260210,156,5535,,,1,1,2,4620,3,2284.48,105.63,1254.58,0
14621,20260211,145,5126,,,1,2,2,4621,1,1807.41,94.32,826.01,0
14622,20260212,162,5267,,,2,11,2,4622,4,739.77,64.01,2412.54,0
14623,20260213,175,5551,,,2,11,2,4623,4,2576.44,102.24,4236.51,0
14624,20260214,139,6376,,,1,4,2,4624,3,2325.28,145.56,2640.74,0
14625,20260215,169,5473,,,2,9,2,4625,2,1923.09,46.42,515.06,0
14626,20260216,147,5257,,,2,2,2,4626,1,1605.66,227.57,3575.75,0
14627,20260217,199,5074,,,1,1,2,4627,3,1498.72,193.84,4704.7,0
14628,20260218,110,6096,,,2,8,2,4628,6,1868.66,124.83,3993.03,0
14629,20260219,195,5223,,,1,10,2,4629,4,1594.44,69.01,1846.09,0
14630,20260220,198,6135,,,1,6,2,4630,1,2715.13,163.76,1525.29,0
14631,20260221,162,5258,,,1,10,2,4631,1,493.32,47.34,1330.3,0
14632,20260222,138,5048,,,2,2,2,4632,4,1041.57,250.81,4563.04,0
14633,20260223,159,6379,,,2,5,2,4633,2,2043.28,16.31,2612.85,0
14634,20260224,122,5730,,,2,1,2,4634,4,1763.96,94.47,2736.04,0
14635,20260225,115,5906,,,2,7,2,4635,5,1475.57,191.65,4033.98,0
14636,20260226,163,6175,,,1,4,2,4636,5,1074.3,35.16,1966.6,0
14637,20260227,170,6339,,,1,5,2,4637,2,2637.39,31.53,1196.35,0
14638,20260228,161,5660,,,1,6,2,4638,5,1822.32,62.72,806.36,0
14639,20260301,147,5459,,,2,10,2,4639,6,803.41,213.41,1903.06,0
14640,20260302,167,5405,,,1,4,2,4640,4,1960.37,78.03,4584.94,0
14641,20260303,186,5740,,,2,2,2,4641,3,2506.77,22.33,2225.49,0
14642,20260304,129,6003,,,1,2,2,4642,2,1049.11,104.56,4468.39,0
14643,20260305,135,6082,,,1,8,2,4643,2,482.6,271.72,1789.01,0
14644,20260306,158,5821,,,2,8,2,4644,1,1175.62,246.32,4055.56,0
14645,20260307,197,5810,,,1,12,2,4645,2,2679.87,40.52,4445.81,0
14646,20260308,110,6043,,,2,2,2,4646,4,1292.93,265.41,3010.53,0
14647,20260309,130,5908,,,2,5,2,4647,1,411.37,83.31,1497.94,0
14648,20260310,199,5432,,,1,4,2,4648,4,2433.03,33.29,3282.75,0
14649,20260311,116,5714,,,2,9,2,4649,1,828.61,147.23,3240.48,0
14650,20260312,167,5915,,,2,10,2,4650,4,445.98,101.09,2243.72,0
14651,20260313,161,5688,,,1,12,2,4651,3,1712.73,34.36,4103.99,0
14652,20260314,147,5273,,,1,4,2,4652,1,630.23,285.89,4867.39,0
14653,20260315,101,6250,,,1,10,2,4653,1,1345.07,37.81,3464.93,0
14654,20260316,168,6491,,,2,12,2,4654,1,1940.54,204.86,563.66,0
14655,20260317,137,6352,,,2,6,2,4655,3,1392.24,152.82,4676.06,0
14656,20260318,164,5701,,,1,12,2,4656,1,1890.79,274.61,2066.78,0
14657,20260319,146,5015,,,2,10,2,4657,1,2113.05,156.89,2253.52,0
14658,20260320,118,5547,,,1,7,2,4658,4,2172.8,246.33,4018.96,0
14659,20260321,143,6479,,,1,10,2,4659,4,2348.02,1.48,2435.24,0
14660,20260322,196,5159,,,2,4,2,4660,4,844.41,61.84,4461.65,0
14661,20260323,127,5743,,,1,10,2,4661,1,2122.53,41.53,2419.04,0
14662,20260324,169,5394,,,2,11,2,4662,4,2586.29,38.77,3737.54,0
14663,20260325,136,6327,,,2,8,2,4663,1,2004.39,194.44,3494.89,0
14664,20260326,174,6178,,,2,8,2,4664,6,1407.13,292.63,1108.92,0
14665,20260327,184,5778,,,1,6,2,4665,4,1481.54,218.91,1231.26,0
14666,20260328,147,6322,,,1,2,2,4666,6,1402.51,212.61,2562.04,0
14667,20260329,107,5067,,,1,5,2,4667,3,1230.77,294.53,4237.42,0
14668,20260330,180,5187,,,2,4,2,4668,1,2282.27,137.42,3094.53,0
14669,20260331,150,5043,,,1,10,2,4669,3,2639.73,215.21,1870.11,0
14670,20260401,142,5813,,,2,1,2,4670,2,2409.33,239.58,1524.76,0
14671,20260402,183,6328,,,2,1,2,4671,4,1180.91,297.38,4972.79,0
14672,20260403,198,6281,,,2,2,2,4672,3,421.72,122.55,2125.77,0
14673,20260404,152,5703,,,1,9,2,4673,5,2436.73,4.15,1971.82,0
14674,20260405,171,6034,,,1,10,2,4674,5,582.19,118.11,2401.48,0
14675,20260406,133,5018,,,1,10,2,4675,6,1280.24,144.32,3607.62,0
14676,20260407,135,5593,,,1,5,2,4676,4,2096.18,272.42,3302.48,0
14677,20260408,160,5267,,,1,8,2,4677,6,1018.14,18.05,1280.43,0
14678,20260409,154,6247,,,1,5,2,4678,4,403.5,261.47,1376.69,0
14679,20260410,133,5865,,,2,8,2,4679,3,590.6,247.54,4421.37,0
14680,20260411,180,5233,,,1,6,2,4680,1,974.12,161.91,677.62,0
14681,20260412,107,6155,,,2,10,2,4681,1,1487.33,9.6,528.06,0
14682,20260413,183,5255,,,2,9,2,4682,5,2614.85,140.79,602.94,0
14683,20260414,187,6219,,,1,4,2,4683,6,677.24,193.98,2359.82,0
14684,20260415,114,5717,,,2,1,2,4684,6,1826.45,8.25,4693.74,0
14685,20260416,193,5888,,,2,6,2,4685,6,1565.35,229.32,3074.81,0
14686,20260417,174,5238,,,2,3,2,4686,6,1889.3,192.24,3459.36,0
14687,20260418,189,6395,,,1,11,2,4687,4,992.67,207.41,2546.99,0
14688,20260419,186,6184,,,1,3,2,4688,4,1435.8,265.25,4099.74,0
14689,20260420,105,6075,,,2,6,2,4689,3,1247.42,238.02,3761.31,0
14690,20260421,135,5391,,,1,12,2,4690,1,2188.17,101.11,1831.06,0
14691,20260422,185,5787,,,2,1,2,4691,2,2740.58,135.31,4621.07,0
14692,20260423,170,6055,,,1,10,2,4692,5,2570.17,220.12,3323.3,0
14693,20260424,150,5557,,,2,1,2,4693,2,627.93,96.26,1432.79,0
14694,20260425,175,5806,,,2,1,2,4694,5,2466.33,268.12,3359.43,0
14695,20260426,127,5243,,,2,11,2,4695,3,2694.2,97.06,3884.35,0
14696,20260427,158,5194,,,1,10,2,4696,6,2794.91,203.26,2220.6,0
14697,20260428,156,6311,,,2,4,2,4697,2,2701.44,26.26,1819.23,0
14698,20260429,187,6178,,,1,2,2,4698,1,2246.02,181.16,1303.44,0
14699,20260430,163,5860,,,1,1,2,4699,5,1507.55,8.44,2634.15,0
14700,20260501,192,6161,,,1,12,2,4700,5,1835.57,245.15,3193.33,0
14701,20260201,121,5368,,,2,11,2,4701,1,435.47,141.68,782.8,0
14702,20260202,122,5815,,,1,10,2,4702,3,428.34,169.53,3129.24,0
14703,20260203,182,6450,,,2,12,2,4703,2,1272.27,169.36,3073.77,0
14704,20260204,141,6458,,,2,4,2,4704,4,1089.08,117.44,3679.46,0
14705,20260205,171,5868,,,1,12,2,4705,1,790.5,296.15,3346.09,0
14706,20260206,188,5544,,,2,7,2,4706,5,1590.33,83.39,1622.13,0
14707,20260207,179,6419,,,1,4,2,4707,4,2183.64,83.9,4754.9,0
14708,20260208,111,5212,,,2,2,2,4708,1,977.9,125.98,1923.64,0
14709,20260209,115,5292,,,1,9,2,4709,5,2241.36,57.47,3392.29,0
14710,20260210,176,5948,,,1,3,2,4710,3,2279.18,248.96,4338.46,0
14711,20260211,114,5444,,,2,4,2,4711,3,2097.39,112.01,1297.22,0
14712,20260212,135,6261,,,2,6,2,4712,5,926.31,8.71,4782.47,0
14713,20260213,152,5505,,,1,3,2,4713,5,724.47,196.96,4720.29,0
14714,20260214,154,5140,,,1,1,2,4714,2,2627.66,8.23,4208.45,0
14715,20260215,178,5988,,,2,10,2,4715,3,2164.63,263.73,4687.28,0
14716,20260216,149,6422,,,2,4,2,4716,4,645.92,167.0,1750.82,0
14717,20260217,185,6386,,,1,5,2,4717,3,973.15,95.11,4803.27,0
14718,20260218,143,6431,,,2,8,2,4718,1,1360.85,82.54,1146.12,0
14719,20260219,165,6033,,,1,12,2,4719,1,524.91,280.42,1974.38,0
14720,20260220,125,6186,,,1,12,2,4720,1,2137.42,115.31,1059.88,0
14721,20260221,110,5129,,,1,1,2,4721,2,2798.98,40.26,2150.65,0
14722,20260222,165,5876,,,2,1,2,4722,4,2654.29,267.36,720.22,0
14723,20260223,199,5483,,,1,6,2,4723,6,2387.6,31.31,1043.77,0
14724,20260224,191,6339,,,1,8,2,4724,3,1654.28,115.59,2356.4,0
14725,20260225,174,5932,,,1,3,2,4725,3,1263.64,160.83,2020.69,0
14726,20260226,166,5761,,,2,7,2,4726,6,1944.9,220.65,4819.4,0
14727,20260227,183,5311,,,2,2,2,4727,5,2617.78,76.2,757.09,0
14728,20260228,115,6161,,,1,8,2,4728,1,2310.39,27.46,1888.93,0
14729,20260301,171,5530,,,1,5,2,4729,1,1486.68,28.66,3523.07,0
14730,20260302,163,5390,,,2,3,2,4730,5,821.95,292.0,3548.11,0
14731,20260303,185,5704,,,2,2,2,4731,1,1799.15,93.52,4662.81,0
14732,20260304,187,5303,,,1,10,2,4732,2,945.65,287.31,1737.1,0
14733,20260305,101,5785,,,1,3,2,4733,3,2519.4,162.28,928.56,0
14734,20260306,106,5798,,,2,11,2,4734,5,1828.72,26.4,4919.92,0
14735,20260307,193,5122,,,1,7,2,4735,2,2499.06,49.55,4402.63,0
14736,20260308,198,5243,,,2,8,2,4736,2,2251.67,92.67,3861.59,0
14737,20260309,104,6062,,,1,7,2,4737,6,1781.46,161.75,3231.19,0
14738,20260310,171,5436,,,2,3,2,4738,5,739.56,272.03,1044.87,0
14739,20260311,128,5449,,,2,10,2,4739,5,2671.09,254.64,2738.12,0
14740,20260312,198,5640,,,1,12,2,4740,6,2620.27,104.7,899.02,0
14741,20260313,114,6208,,,1,5,2,4741,6,1554.45,170.25,1289.21,0
14742,20260314,193,6104,,,1,9,2,4742,1,1913.46,91.74,680.61,0
14743,20260315,132,5261,,,2,5,2,4743,2,568.58,209.86,1377.07,0
14744,20260316,154,6311,,,1,10,2,4744,3,687.88,274.21,2019.63,0
14745,20260317,189,5790,,,1,11,2,4745,1,744.97,37.91,1588.45,0
14746,20260318,134,5921,,,1,11,2,4746,4,776.31,129.32,3279.74,0
14747,20260319,146,5212,,,2,2,2,4747,6,2282.28,290.56,883.43,0
14748,20260320,190,6117,,,1,7,2,4748,2,1673.82,262.64,2944.09,0
14749,20260321,172,5178,,,1,7,2,4749,4,489.1,292.96,3891.19,0
14750,20260322,162,6239,,,2,9,2,4750,3,572.02,62.77,3043.4,0
14751,20260323,138,5593,,,2,1,2,4751,4,543.73,82.41,2450.71,0
14752,20260324,101,6257,,,1,11,2,4752,3,1258.89,25.23,2403.31,0
14753,20260325,178,6092,,,1,9,2,4753,5,2772.79,1.19,3813.59,0
14754,20260326,182,5043,,,2,6,2,4754,2,1019.76,152.18,1451.81,0
14755,20260327,180,5956,,,2,6,2,4755,1,2266.9,174.76,2148.39,0
14756,20260328,151,6141,,,2,9,2,4756,1,2545.95,207.55,3810.95,1
14757,20260329,178,6012,,,1,7,2,4757,3,2139.34,40.99,4196.18,0
14758,20260330,128,6266,,,1,11,2,4758,3,2286.69,92.54,3263.66,0
14759,20260331,128,5250,,,2,6,2,4759,1,1619.85,288.53,1136.46,0
14760,20260401,156,5344,,,1,1,2,4760,5,1469.37,14.97,3041.53,0
14761,20260402,133,5359,,,2,10,2,4761,1,1787.95,199.65,4941.79,0
14762,20260403,114,5750,,,2,11,2,4762,5,2755.88,53.26,2865.12,0
14763,20260404,114,5656,,,2,6,2,4763,4,2513.21,39.65,4389.74,0
14764,20260405,181,5373,,,1,8,2,4764,2,1618.93,42.66,1910.95,0
14765,20260406,133,6017,,,1,9,2,4765,3,573.11,46.05,3983.9,0
14766,20260407,192,6407,,,2,1,2,4766,1,2228.2,277.05,1801.92,0
14767,20260408,157,5161,,,2,5,2,4767,6,949.57,255.78,1974.05,0
14768,20260409,153,5080,,,1,11,2,4768,3,2234.57,173.43,4972.29,0
14769,20260410,179,5938,,,1,10,2,4769,6,993.75,72.25,3369.14,0
14770,20260411,182,5990,,,1,11,2,4770,1,2003.77,7.72,2765.4,0
14771,20260412,179,5518,,,1,2,2,4771,5,1026.32,157.37,3932.83,0
14772,20260413,199,5720,,,1,7,2,4772,3,2648.4,154.39,4559.04,0
14773,20260414,164,5790,,,1,3,2,4773,1,1164.54,191.37,2362.66,0
14774,20260415,143,6464,,,1,7,2,4774,4,1770.76,71.16,4704.37,0
14775,20260416,180,6253,,,2,7,2,4775,3,1784.62,146.54,2432.66,1
14776,20260417,113,5246,,,2,6,2,4776,1,1270.78,49.98,2914.47,0
14777,20260418,118,5328,,,1,5,2,4777,1,1161.12,197.15,4517.71,0
14778,20260419,184,6360,,,2,7,2,4778,1,1888.3,158.83,1774.55,0
14779,20260420,155,5894,,,1,2,2,4779,2,1743.99,7.07,2257.98,0
14780,20260421,120,5543,,,1,9,2,4780,2,827.83,171.03,2269.73,0
14781,20260422,182,6114,,,1,6,2,4781,2,2525.19,289.73,3413.37,0
14782,20260423,155,5837,,,2,5,2,4782,5,2415.38,235.89,3658.77,0
14783,20260424,135,5519,,,2,11,2,4783,5,852.42,94.47,1863.0,0
14784,20260425,144,5616,,,1,8,2,4784,1,2068.18,38.6,3055.72,0
14785,20260426,109,5139,,,2,7,2,4785,2,868.03,18.1,4062.18,0
14786,20260427,166,6403,,,2,9,2,4786,1,1586.61,276.67,2801.71,0
14787,20260428,109,5738,,,2,11,2,4787,5,2374.94,216.4,2633.39,0
14788,20260429,194,5113,,,2,3,2,4788,1,2435.07,84.99,866.69,0
14789,20260430,186,6004,,,2,7,2,4789,5,1176.7,235.29,4951.17,0
14790,20260501,122,6368,,,2,6,2,4790,6,602.87,173.46,1013.54,0
14791,20260201,115,6034,,,2,2,2,4791,6,2361.47,163.06,1395.55,0
14792,20260202,189,5897,,,1,7,2,4792,4,2156.23,299.88,2035.21,0
14793,20260203,101,5270,,,1,2,2,4793,5,916.23,161.3,1865.73,0
14794,20260204,147,5619,,,2,1,2,4794,5,2054.36,48.95,3913.09,0
14795,20260205,172,5901,,,2,8,2,4795,3,1658.06,26.52,2990.41,0
14796,20260206,109,5451,,,2,5,2,4796,2,2036.27,248.57,2603.56,0
14797,20260207,158,5192,,,2,5,2,4797,1,2253.84,19.39,632.09,0
14798,20260208,179,5316,,,2,8,2,4798,6,1541.43,46.99,4634.49,0
14799,20260209,111,6394,,,1,7,2,4799,2,2043.92,219.81,2376.01,0
14800,20260210,199,5357,,,1,6,2,4800,2,1509.04,141.15,3640.72,0
14801,20260211,116,5318,,,1,10,2,4801,6,2789.85,168.34,4836.62,0
14802,20260212,189,6218,,,2,7,2,4802,1,2606.08,16.72,3235.14,0
14803,20260213,157,5667,,,2,10,2,4803,6,1059.24,281.48,1322.14,0
14804,20260214,153,6294,,,2,8,2,4804,1,2130.21,253.46,2696.78,0
14805,20260215,164,5522,,,2,9,2,4805,6,2772.23,142.8,1217.28,0
14806,20260216,145,5572,,,2,3,2,4806,3,612.56,186.76,2223.26,0
14807,20260217,165,6429,,,2,2,2,4807,5,644.93,298.18,1464.81,0
14808,20260218,200,5514,,,1,4,2,4808,6,1781.86,262.26,4521.18,0
14809,20260219,127,5303,,,2,3,2,4809,5,2765.77,22.15,4814.2,0
14810,20260220,149,5045,,,2,3,2,4810,5,1656.7,106.7,812.05,0
14811,20260221,175,6365,,,1,2,2,4811,6,508.39,243.93,2465.84,0
14812,20260222,195,5149,,,2,1,2,4812,6,2576.67,119.61,4418.34,0
14813,20260223,186,5607,,,1,12,2,4813,2,1488.51,197.33,1861.79,1
14814,20260224,117,5141,,,2,10,2,4814,3,2061.24,44.62,1327.74,0
14815,20260225,122,5138,,,1,9,2,4815,2,444.68,57.9,2222.54,0
14816,20260226,190,6362,,,1,9,2,4816,5,1578.27,178.19,901.94,0
14817,20260227,131,6322,,,2,4,2,4817,4,1276.91,17.95,2651.55,0
14818,20260228,176,5208,,,2,12,2,4818,6,2351.56,153.16,4459.58,0
14819,20260301,123,5399,,,2,7,2,4819,1,983.47,193.12,2063.02,0
14820,20260302,116,5574,,,1,1,2,4820,5,1857.85,28.16,3732.48,0
14821,20260303,121,6388,,,1,10,2,4821,4,578.62,183.71,3339.5,0
14822,20260304,166,5510,,,1,10,2,4822,5,744.65,81.09,1524.28,0
14823,20260305,125,6487,,,1,11,2,4823,1,1517.71,0.42,4444.97,0
14824,20260306,124,5090,,,2,12,2,4824,4,1481.46,47.91,2463.48,0
14825,20260307,179,5502,,,1,1,2,4825,2,2765.79,107.76,4856.26,0
14826,20260308,188,6073,,,2,12,2,4826,3,944.4,290.27,3687.45,0
14827,20260309,173,5007,,,1,7,2,4827,2,2483.13,149.71,4474.76,0
14828,20260310,129,5223,,,1,3,2,4828,6,1740.48,216.41,2238.51,0
14829,20260311,185,5459,,,1,8,2,4829,5,2382.26,97.61,1908.06,0
14830,20260312,157,6177,,,1,12,2,4830,3,2792.46,142.67,3653.26,0
14831,20260313,161,5626,,,1,6,2,4831,5,1948.7,252.02,4179.11,0
14832,20260314,175,5018,,,2,12,2,4832,2,447.1,14.25,545.15,0
14833,20260315,153,6289,,,2,11,2,4833,5,2642.71,97.64,2231.57,0
14834,20260316,181,5394,,,2,4,2,4834,6,1365.37,23.04,2515.41,0
14835,20260317,182,6361,,,1,9,2,4835,2,2410.01,131.66,797.8,0
14836,20260318,154,5013,,,2,1,2,4836,2,1013.18,183.46,2887.98,0
14837,20260319,153,5716,,,2,5,2,4837,3,1099.62,294.58,3069.81,0
14838,20260320,200,6083,,,1,5,2,4838,1,1275.25,178.8,4574.84,0
14839,20260321,160,6184,,,1,3,2,4839,1,1838.96,43.64,1404.49,0
14840,20260322,193,5847,,,2,3,2,4840,4,804.18,8.96,3463.62,0
14841,20260323,197,5658,,,2,1,2,4841,1,2757.26,22.12,3841.36,0
14842,20260324,196,5227,,,2,6,2,4842,6,2414.94,78.89,3801.79,1
14843,20260325,181,5943,,,2,6,2,4843,4,973.97,278.19,3625.33,0
14844,20260326,111,5886,,,1,8,2,4844,6,1388.42,65.11,4936.58,0
14845,20260327,145,5785,,,2,2,2,4845,5,1608.94,75.79,2715.91,0
14846,20260328,178,6108,,,1,3,2,4846,6,433.28,130.73,2032.53,0
14847,20260329,180,5628,,,2,7,2,4847,2,2389.84,131.86,3462.02,0
14848,20260330,115,6273,,,2,10,2,4848,2,1565.83,212.19,3370.22,0
14849,20260331,151,5881,,,2,12,2,4849,6,2428.35,19.79,2707.93,0
14850,20260401,134,5770,,,2,11,2,4850,6,694.28,295.2,3698.0,0
14851,20260402,193,5974,,,2,8,2,4851,5,2761.7,124.38,4550.69,0
14852,20260403,157,6098,,,1,5,2,4852,1,874.46,265.36,2685.0,0
14853,20260404,183,5413,,,2,3,2,4853,3,2391.82,136.72,3885.63,0
14854,20260405,163,5115,,,2,3,2,4854,3,1572.64,165.9,2534.52,0
14855,20260406,126,6059,,,1,9,2,4855,1,502.72,138.63,3963.18,0
14856,20260407,200,5226,,,1,5,2,4856,5,1314.09,1.1,2249.11,0
14857,20260408,155,6328,,,1,10,2,4857,2,2785.72,171.11,760.68,0
14858,20260409,107,6386,,,1,5,2,4858,4,1788.52,134.97,1475.31,0
14859,20260410,163,6337,,,2,7,2,4859,2,2274.0,66.06,3414.49,0
14860,20260411,151,5131,,,2,2,2,4860,5,440.02,125.15,1051.29,0
14861,20260412,106,5265,,,1,12,2,4861,5,1293.75,61.01,3902.75,0
14862,20260413,124,5680,,,1,8,2,4862,2,576.68,237.8,2390.33,0
14863,20260414,196,5079,,,2,6,2,4863,1,1845.23,102.13,675.88,0
14864,20260415,166,6265,,,1,10,2,4864,4,2723.84,127.88,4814.96,0
14865,20260416,177,5195,,,2,2,2,4865,6,734.29,30.21,4224.43,1
14866,20260417,186,5055,,,2,3,2,4866,6,544.76,17.76,1129.91,0
14867,20260418,180,6022,,,1,4,2,4867,1,2499.78,113.99,3092.84,0
14868,20260419,135,5777,,,1,11,2,4868,6,1244.11,30.03,4951.39,0
14869,20260420,134,6195,,,2,9,2,4869,5,1081.8,161.78,1541.35,0
14870,20260421,191,5723,,,1,7,2,4870,5,440.38,68.64,3509.04,0
14871,20260422,141,5766,,,2,12,2,4871,3,630.74,113.75,1582.38,0
14872,20260423,107,5941,,,1,7,2,4872,6,1198.63,177.85,503.14,0
14873,20260424,111,6029,,,2,4,2,4873,6,1102.98,247.64,3217.78,0
14874,20260425,200,6283,,,1,2,2,4874,3,955.03,273.88,1607.96,0
14875,20260426,169,5652,,,1,3,2,4875,4,2045.89,110.39,2877.29,0
14876,20260427,148,5662,,,1,9,2,4876,6,2260.3,158.84,2688.11,0
14877,20260428,135,5452,,,2,1,2,4877,1,1908.0,24.38,1435.33,0
14878,20260429,170,6218,,,2,5,2,4878,6,1962.08,296.94,4437.85,0
14879,20260430,195,6113,,,1,7,2,4879,3,1064.16,102.66,2391.08,0
14880,20260501,174,5989,,,2,8,2,4880,4,1393.49,228.01,2504.87,0
14881,20260201,193,5527,,,1,10,2,4881,3,2151.54,126.36,3297.54,0
14882,20260202,174,5899,,,1,5,2,4882,1,478.06,69.63,3818.68,0
14883,20260203,150,5955,,,1,12,2,4883,2,2081.92,94.84,4027.82,0
14884,20260204,127,5600,,,2,7,2,4884,1,1134.12,149.45,4357.22,0
14885,20260205,165,5139,,,2,8,2,4885,1,1470.44,98.59,3936.0,0
14886,20260206,179,5592,,,1,3,2,4886,2,1800.1,169.96,4725.05,0
14887,20260207,146,5911,,,1,6,2,4887,4,2341.58,215.14,2757.61,0
14888,20260208,120,5292,,,1,2,2,4888,5,1947.14,202.87,4997.2,1
14889,20260209,191,5307,,,1,9,2,4889,2,673.24,43.56,4672.04,0
14890,20260210,136,5300,,,1,2,2,4890,6,1216.39,162.49,4239.21,0
14891,20260211,114,5685,,,1,10,2,4891,2,2349.49,93.24,2318.35,0
14892,20260212,185,6103,,,1,2,2,4892,5,2593.5,141.7,2663.73,0
14893,20260213,162,6039,,,2,2,2,4893,2,2625.87,20.49,4929.87,0
14894,20260214,199,6186,,,2,1,2,4894,3,2085.99,294.1,4906.71,0
14895,20260215,110,6162,,,2,11,2,4895,4,645.94,165.51,750.3,0
14896,20260216,154,6379,,,2,3,2,4896,1,735.92,23.7,1626.45,0
14897,20260217,105,5752,,,2,1,2,4897,4,505.54,192.8,2198.46,0
14898,20260218,154,6331,,,1,3,2,4898,4,522.71,109.96,3681.88,0
14899,20260219,200,5587,,,1,6,2,4899,6,2516.59,100.81,4888.99,0
14900,20260220,172,6438,,,1,10,2,4900,5,2029.05,53.41,4733.85,0
14901,20260221,152,6209,,,2,1,2,4901,3,465.08,122.93,4661.8,0
14902,20260222,138,5620,,,1,6,2,4902,6,2030.19,61.64,3326.13,0
14903,20260223,150,5854,,,1,7,2,4903,5,1774.69,115.02,2690.3,0
14904,20260224,167,5279,,,1,4,2,4904,1,2682.14,95.88,1843.31,0
14905,20260225,127,5807,,,1,6,2,4905,6,1735.97,240.57,1926.48,0
14906,20260226,200,5295,,,2,7,2,4906,4,2522.23,220.22,545.25,0
14907,20260227,116,5660,,,1,12,2,4907,6,572.89,94.78,560.21,0
14908,20260228,131,5261,,,2,12,2,4908,6,1791.54,253.73,1883.99,0
14909,20260301,107,5586,,,2,3,2,4909,6,2360.44,113.72,2806.42,0
14910,20260302,107,5372,,,1,4,2,4910,2,2344.72,39.64,2315.96,0
14911,20260303,169,6377,,,2,8,2,4911,3,1740.87,186.79,4494.13,0
14912,20260304,135,5634,,,2,1,2,4912,6,2590.29,254.18,3964.6,0
14913,20260305,124,6272,,,2,9,2,4913,5,2094.74,236.34,1703.91,0
14914,20260306,195,5687,,,2,1,2,4914,5,1282.72,56.31,669.73,0
14915,20260307,169,5330,,,2,11,2,4915,6,2050.19,95.42,2343.85,0
14916,20260308,174,6275,,,2,10,2,4916,5,1006.25,146.11,4524.84,0
14917,20260309,127,5077,,,1,10,2,4917,6,1725.63,292.77,3770.31,0
14918,20260310,196,5844,,,2,10,2,4918,1,542.73,142.93,1746.87,0
14919,20260311,103,5790,,,2,1,2,4919,2,996.2,60.13,2054.21,0
14920,20260312,109,5581,,,2,4,2,4920,6,1963.83,27.42,4289.31,0
14921,20260313,132,5981,,,1,5,2,4921,3,848.85,117.63,1634.95,0
14922,20260314,120,5950,,,2,9,2,4922,1,750.0,116.82,4363.5,0
14923,20260315,133,6155,,,1,7,2,4923,4,440.83,283.88,3641.76,0
14924,20260316,144,5283,,,1,11,2,4924,6,1081.13,140.66,4049.35,0
14925,20260317,189,5492,,,1,8,2,4925,5,744.64,74.41,1065.28,0
14926,20260318,142,5167,,,1,9,2,4926,3,2763.19,76.4,2169.51,0
14927,20260319,178,6367,,,2,3,2,4927,1,1653.24,266.36,4225.83,0
14928,20260320,191,5951,,,1,2,2,4928,6,543.61,37.98,925.5,0
14929,20260321,179,6255,,,2,10,2,4929,3,2747.26,175.76,2439.68,0
14930,20260322,181,5002,,,1,1,2,4930,1,1984.81,53.64,3616.86,0
14931,20260323,192,6250,,,1,12,2,4931,6,1797.95,212.11,4750.77,0
14932,20260324,177,5541,,,1,1,2,4932,1,1586.01,181.29,3858.4,0
14933,20260325,102,6166,,,1,5,2,4933,3,987.07,73.23,1373.15,0
14934,20260326,131,5599,,,2,12,2,4934,5,651.27,142.4,2986.73,0
14935,20260327,112,5435,,,1,9,2,4935,1,1205.15,234.74,2932.8,0
14936,20260328,115,5115,,,2,12,2,4936,2,1087.77,200.37,4435.12,0
14937,20260329,147,5188,,,2,11,2,4937,1,849.81,279.1,3202.13,0
14938,20260330,172,6333,,,2,4,2,4938,2,2453.96,137.03,3076.18,0
14939,20260331,190,5450,,,1,8,2,4939,5,1218.09,57.81,681.24,0
14940,20260401,150,6128,,,1,7,2,4940,3,1749.97,84.74,1031.39,0
14941,20260402,131,5132,,,2,9,2,4941,3,2794.12,38.45,1238.58,0
14942,20260403,172,5984,,,2,12,2,4942,5,854.15,175.18,4904.81,0
14943,20260404,107,5297,,,1,3,2,4943,1,2296.16,280.07,3397.87,0
14944,20260405,161,6278,,,2,1,2,4944,6,1106.53,148.44,4669.51,0
14945,20260406,180,6419,,,1,1,2,4945,5,1290.64,290.75,2102.87,0
14946,20260407,155,5982,,,1,3,2,4946,2,2041.36,106.81,4811.32,0
14947,20260408,145,5627,,,2,3,2,4947,1,2198.23,54.79,1796.17,0
14948,20260409,169,5481,,,2,10,2,4948,1,2157.49,206.16,709.18,0
14949,20260410,136,5638,,,2,9,2,4949,6,525.82,63.24,4234.32,0
14950,20260411,129,6232,,,2,10,2,4950,6,1056.67,59.76,731.9,0
14951,20260412,144,6322,,,2,9,2,4951,4,1525.26,278.42,865.23,0
14952,20260413,193,5613,,,2,2,2,4952,4,2226.02,22.16,1377.6,0
14953,20260414,189,6431,,,1,6,2,4953,6,2684.54,269.46,2115.62,0
14954,20260415,131,5106,,,2,7,2,4954,5,548.79,17.56,641.59,0
14955,20260416,107,5549,,,1,5,2,4955,5,2074.86,247.18,1190.0,0
14956,20260417,197,5042,,,2,11,2,4956,5,1370.82,95.69,4775.92,0
14957,20260418,139,5611,,,2,4,2,4957,4,2480.2,105.52,868.39,1
14958,20260419,153,5836,,,2,6,2,4958,4,751.71,29.22,2080.85,0
14959,20260420,186,5913,,,2,8,2,4959,4,777.18,257.42,2793.81,0
14960,20260421,188,5538,,,1,6,2,4960,5,2160.96,77.65,2989.75,0
14961,20260422,176,6464,,,1,5,2,4961,2,1901.09,268.57,2413.47,0
14962,20260423,189,5649,,,1,2,2,4962,6,1733.46,204.05,2585.19,0
14963,20260424,117,5713,,,1,11,2,4963,6,2066.35,91.1,2035.08,0
14964,20260425,175,6111,,,2,11,2,4964,6,992.83,247.31,804.81,0
14965,20260426,112,5543,,,2,1,2,4965,1,2721.7,57.94,1310.64,0
14966,20260427,116,5404,,,1,9,2,4966,6,930.72,216.6,2625.5,0
14967,20260428,194,6416,,,1,5,2,4967,1,2018.84,203.69,1301.7,0
14968,20260429,111,5347,,,2,6,2,4968,1,1862.49,101.0,1818.78,0
14969,20260430,149,5023,,,2,1,2,4969,5,609.3,48.14,4496.92,0
14970,20260501,163,5221,,,2,3,2,4970,3,847.25,223.91,4233.93,0
14971,20260201,175,5319,,,2,8,2,4971,5,1013.82,4.15,4849.81,0
14972,20260202,171,6180,,,1,4,2,4972,1,1703.86,139.75,1778.56,0
14973,20260203,196,5396,,,1,8,2,4973,5,2356.6,109.89,977.85,0
14974,20260204,181,5948,,,1,1,2,4974,6,1852.87,187.92,3320.9,0
14975,20260205,129,6045,,,2,5,2,4975,3,1591.0,217.89,4676.11,0
14976,20260206,160,5528,,,2,11,2,4976,3,2565.67,221.82,2469.54,0
14977,20260207,162,6169,,,2,8,2,4977,4,1429.26,45.78,1506.61,0
14978,20260208,150,5778,,,1,3,2,4978,1,2243.46,50.79,4805.35,0
14979,20260209,163,5491,,,2,8,2,4979,3,1691.79,271.85,1253.79,0
14980,20260210,154,5378,,,1,8,2,4980,4,613.56,194.85,700.89,0
14981,20260211,141,6349,,,2,8,2,4981,3,1718.1,80.01,609.23,0
14982,20260212,157,5129,,,1,6,2,4982,4,2407.35,164.23,4076.41,0
14983,20260213,159,5527,,,1,2,2,4983,1,730.01,121.56,579.49,0
14984,20260214,192,6114,,,2,9,2,4984,4,715.99,181.01,2700.42,0
14985,20260215,152,5185,,,2,8,2,4985,3,1989.23,260.75,4181.22,0
14986,20260216,154,5273,,,2,2,2,4986,6,1864.1,199.35,558.22,0
14987,20260217,145,5340,,,1,1,2,4987,6,2318.59,240.87,2040.87,0
14988,20260218,108,5809,,,2,12,2,4988,6,2718.17,100.36,4192.74,0
14989,20260219,117,5943,,,2,3,2,4989,5,1067.38,274.69,2127.35,0
14990,20260220,162,5366,,,1,8,2,4990,3,2413.36,223.64,1249.47,0
14991,20260221,101,5303,,,2,2,2,4991,1,2760.81,236.39,2296.49,0
14992,20260222,199,5672,,,1,5,2,4992,3,1624.57,217.67,4124.17,0
14993,20260223,182,5989,,,1,8,2,4993,1,400.25,268.34,4130.02,0
14994,20260224,200,5304,,,1,8,2,4994,3,1511.63,35.56,2736.62,0
14995,20260225,192,5868,,,2,2,2,4995,4,435.12,282.16,4011.91,0
14996,20260226,184,6380,,,2,6,2,4996,3,2118.16,135.55,1762.39,0
14997,20260227,141,6459,,,1,9,2,4997,3,1914.01,59.8,4670.39,0
14998,20260228,151,6210,,,1,11,2,4998,3,2035.07,153.4,2638.43,0
14999,20260301,101,5844,,,2,4,2,4999,3,1794.44,81.68,2056.22,0
15000,20260302,156,5435,,,1,5,2,5000,1,1477.16,198.39,3347.36,0
