SaleID,DateKey,OrderKey,ProductKey,StoreKey,EmployeeKey,Quantity,SalesAmount
2309,20250319,20354,173,9,16,4,1974.37
22405,20250203,20769,166,1,7,2,2673.99
23398,20250406,23614,188,7,5,2,1216.34
25059,20250420,24184,111,5,45,5,2121.9
2665,20250416,20700,185,9,37,5,253.72
8512,20250508,25579,101,5,28,4,3821.57
5149,20250125,21766,115,9,46,1,496.3
7791,20250419,23396,152,2,45,2,2987.35
11312,20250501,20943,136,7,35,5,1885.7
19044,20250129,21581,192,8,49,2,563.58
10785,20250411,22891,185,3,30,3,4669.69
22247,20250327,20890,185,8,26,2,1274.6
3269,20250203,20993,117,7,33,2,1344.9
15948,20250219,23324,115,2,42,1,2813.27
14978,20250208,24651,175,4,3,2,2164.36
14475,20250518,21472,145,1,46,4,5885.9
28695,20250625,25968,114,5,40,5,2090.88
14055,20250329,22512,146,6,40,3,1821.06
26546,20250203,23690,108,2,7,5,3487.21
14981,20250128,22715,169,1,24,2,5908.88
17637,20250511,24071,126,10,17,3,856.94
3932,20250102,24584,154,1,5,5,2034.06
8388,20250601,23295,196,3,3,1,4279.06
8029,20250404,25966,173,5,49,2,882.77
9483,20250126,20326,109,5,28,1,1516.21
22573,20250114,22546,130,10,27,1,1710.31
15108,20250321,23278,178,9,46,1,590.38
3674,20250319,24973,164,3,24,4,7328.68
21389,20250427,21866,163,6,34,5,2114.92
5938,20250628,23882,132,1,9,3,7644.27
27034,20250529,23110,193,3,12,3,7742.85
29272,20250507,23086,127,2,18,5,6218.14
21881,20250415,23906,181,4,4,1,3944.02
6509,20250320,20004,154,5,26,5,3776.75
21458,20250302,23702,132,6,10,4,1677.15
20072,20250624,25636,123,9,39,3,234.12
27013,20250327,22504,132,3,35,3,7569.45
10093,20250421,22185,178,9,43,1,1119.6
22568,20250508,24310,135,8,12,3,783.9
12977,20250322,23283,161,4,24,3,800.32
3814,20250507,25381,124,1,2,1,7880.31
7338,20250509,21970,154,8,50,1,509.57
24484,20250612,24580,107,9,17,4,274.37
19593,20250112,22361,180,5,47,5,1620.88
5122,20250219,20174,181,7,22,1,648.53
14906,20250511,20348,194,7,26,1,1646.45
8224,20250419,23084,129,10,38,1,1509.45
2869,20250508,23808,105,6,40,5,923.82
2343,20250209,25821,133,2,48,3,5960.9
8833,20250629,20035,180,8,19,1,650.4
7933,20250317,23186,110,9,4,4,1954.43
16558,20250120,25025,172,6,9,2,3597.53
20605,20250510,20409,184,10,2,3,1051.89
12984,20250306,25299,107,9,24,2,1437.92
3015,20250619,23173,125,8,50,1,1742.16
27332,20250106,24330,189,8,4,3,1387.35
12125,20250324,25701,181,9,48,1,1325.21
3753,20250319,24281,162,7,2,5,1150.88
27388,20250331,25877,158,10,46,2,1804.16
12336,20250430,20401,195,1,20,4,5661.09
11545,20250129,20786,163,1,39,4,7232.79
11357,20250318,21531,145,8,46,1,1446.57
2677,20250423,22735,151,7,45,3,516.9
28739,20250311,23686,159,8,37,3,1453.92
29996,20250427,23013,103,2,12,2,5180.66
20748,20250414,21012,173,1,26,3,5540.37
13376,20250429,23466,173,9,15,3,404.45
17987,20250101,24102,101,1,17,1,7944.62
7886,20250115,23642,137,2,49,5,2010.22
13333,20250619,25310,180,7,20,1,823.57
9586,20250514,23420,189,4,33,2,3963.04
6333,20250113,21519,141,6,26,2,2593.22
24430,20250317,21124,142,10,26,1,272.26
18080,20250311,22439,115,3,40,1,7319.95
5202,20250527,20925,174,1,13,5,2608.53
748,20250106,21206,188,2,11,1,2900.38
9761,20250303,20576,113,5,5,3,1103.84
29613,20250623,21824,123,2,11,3,6298.29
19993,20250209,22922,115,7,2,3,806.26
23190,20250103,20556,137,2,50,5,7680.24
25536,20250109,24332,113,1,31,1,4898.84
17964,20250619,25578,117,8,24,4,1818.24
25247,20250530,22782,176,10,32,5,914.31
5082,20250426,22737,102,4,7,4,826.7
9351,20250220,22659,140,6,31,4,1793.61
10983,20250228,20423,180,2,50,1,3509.59
23622,20250531,21196,197,4,3,1,1781.46
13236,20250227,21002,141,1,21,2,6654.93
19368,20250406,21770,193,9,39,3,1386.26
1191,20250220,22672,152,8,30,1,704.37
822,20250618,23158,165,6,23,4,2742.76
15879,20250308,20326,143,5,17,2,2764.73
20498,20250420,22232,113,4,17,4,1824.53
9420,20250307,21791,132,4,39,5,2875.21
28101,20250116,25565,183,7,17,4,891.23
8893,20250326,23551,168,1,37,4,7304.38
4462,20250429,22706,101,2,41,2,4505.18
25230,20250311,25363,132,3,48,3,2928.15
29986,20250225,25007,135,3,40,4,7596.09
12607,20250601,23248,129,8,1,5,526.77
25979,20250429,20442,190,7,23,5,1638.5
19133,20250618,21313,133,7,14,1,1445.37
14741,20250501,23796,134,10,21,3,572.29
12147,20250304,23479,112,1,6,3,2702.82
2745,20250526,24093,185,7,37,4,941.45
10115,20250511,21219,128,1,37,5,2891.31
2384,20250612,20266,171,4,39,3,3424.9
9154,20250122,23038,110,2,7,1,7194.66
1407,20250122,21260,176,2,15,2,5600.98
16561,20250505,20607,168,8,3,5,522.22
19362,20250206,24997,178,8,48,2,806.16
10343,20250101,24151,142,8,21,3,531.72
27757,20250131,23814,162,10,11,1,1823.26
17615,20250109,22648,136,10,7,1,1921.71
19907,20250610,20360,115,6,28,1,3872.04
24531,20250129,22333,162,10,19,4,990.66
27309,20250527,21253,105,6,49,3,1102.86
17789,20250407,20313,177,1,16,3,6463.13
13076,20250116,23367,161,1,30,2,6713.22
22090,20250111,25263,120,3,22,4,6224.86
28574,20250527,22023,158,5,44,5,2477.19
20569,20250609,24030,160,3,7,2,2952.45
17891,20250110,21889,193,10,28,3,1552.9
16838,20250213,20125,162,6,3,2,1848.46
6553,20250628,22686,118,1,12,5,7901.68
19638,20250415,24712,164,8,5,5,1593.16
18295,20250210,22313,123,9,18,2,1574.57
2877,20250228,21894,115,7,25,1,1708.18
2983,20250228,23995,164,5,40,1,2992.57
17411,20250204,20475,129,4,10,5,2410.66
15163,20250324,24444,188,9,27,3,1002.06
2154,20250105,21398,122,8,3,5,620.95
18701,20250422,25242,162,7,13,2,1386.26
7668,20250505,21396,145,8,38,1,467.54
15244,20250415,25126,141,3,8,4,6971.3
16858,20250323,20038,127,9,30,5,1134.25
13962,20250602,23657,105,9,35,5,1587.32
218,20250326,20305,196,2,45,1,2495.7
23288,20250510,25021,145,1,36,2,5371.53
2214,20250318,21955,196,5,31,5,2094.41
6581,20250330,22442,197,2,37,5,2172.97
27603,20250627,21314,184,4,34,1,2967.54
19377,20250213,24832,137,7,6,4,1824.04
7540,20250215,25274,187,8,23,1,1596.02
14977,20250422,21966,133,8,50,3,580.14
10129,20250603,25113,107,9,32,1,1765.22
5706,20250214,25873,120,9,15,2,1674.7
5954,20250513,22270,143,6,35,3,2932.6
539,20250625,20673,180,1,47,1,4501.86
21664,20250313,22769,155,2,22,5,6078.0
21568,20250103,21493,160,7,48,2,1033.71
28983,20250427,22319,123,1,43,1,6847.5
7428,20250602,24794,123,3,34,5,7785.24
20726,20250313,24697,173,3,33,1,6751.23
4182,20250531,22096,114,2,32,4,3999.96
18702,20250317,23052,187,8,37,1,357.57
15415,20250512,20555,181,2,44,5,2818.59
12155,20250203,20193,197,1,29,4,3226.08
580,20250301,22928,182,6,13,1,1268.99
2169,20250108,21465,139,10,3,4,271.17
24420,20250407,25533,172,1,16,2,7801.0
251,20250225,23352,131,9,28,5,1658.88
15693,20250410,20543,124,8,41,4,614.06
9972,20250301,23272,103,3,37,4,7357.24
16181,20250518,22528,190,8,30,1,700.6
11490,20250205,21304,122,7,9,3,1980.16
9145,20250615,24811,174,2,11,4,3048.87
29433,20250507,25313,104,5,10,2,2735.97
25791,20250204,21255,161,6,26,4,3581.12
5772,20250513,21282,194,2,27,2,7951.97
26747,20250612,20092,156,7,16,5,1366.61
2326,20250406,23208,180,6,47,3,2369.06
15431,20250618,25465,169,1,47,4,6578.14
431,20250601,21438,105,3,41,2,6496.09
10769,20250620,21976,187,1,32,2,5860.92
2533,20250530,23368,168,10,48,2,1075.28
2458,20250116,21497,150,1,1,3,6438.64
19187,20250117,21726,105,4,19,5,3853.4
27236,20250612,20626,177,8,5,5,929.47
22292,20250528,25393,178,4,35,5,3621.24
11213,20250618,24751,151,5,47,2,1442.44
506,20250627,21897,101,3,47,2,6208.3
23113,20250509,23057,105,3,21,3,5439.73
18780,20250214,23640,173,3,5,5,6954.44
19083,20250325,23047,107,7,14,2,1050.78
17895,20250613,25397,161,8,47,5,1107.86
19007,20250404,25656,178,8,13,5,1428.66
19691,20250613,20313,188,7,38,4,1690.44
27094,20250311,23052,188,8,13,1,416.28
23180,20250220,21557,121,7,40,5,1348.55
12627,20250217,21264,155,5,4,3,2722.88
3835,20250420,23150,135,9,33,4,848.16
1331,20250203,21225,169,4,23,4,3977.31
21467,20250118,21709,178,6,50,2,2955.74
23829,20250225,20969,102,6,7,3,3682.52
2542,20250227,25740,103,2,17,1,4852.78
28613,20250529,20702,173,8,42,5,495.06
21996,20250313,24567,197,10,22,1,501.83
11900,20250415,23046,121,2,35,5,2924.42
25873,20250327,25368,166,8,37,2,1067.75
26226,20250301,25356,168,2,29,1,3612.72
15806,20250103,24861,126,3,42,2,4455.12
9556,20250204,25953,102,5,23,1,1350.65
7568,20250430,23106,132,5,19,3,3370.91
3508,20250106,23673,151,4,34,2,1786.21
8835,20250430,25881,129,10,27,1,873.93
18785,20250213,22111,164,3,44,2,2417.34
29858,20250130,24861,148,6,10,1,2874.3
23588,20250302,21674,109,9,39,1,661.67
28268,20250406,20435,191,9,47,4,1838.01
5845,20250518,21726,166,6,34,2,3022.48
26477,20250220,20471,111,6,8,3,1821.89
24199,20250210,25494,149,2,6,2,7976.88
28882,20250112,22690,136,2,19,1,6266.81
4846,20250305,22725,105,3,32,5,6456.67
4986,20250614,21282,190,5,24,3,3094.99
23400,20250627,21650,151,5,38,3,3117.19
25570,20250603,20779,171,4,14,5,2489.91
20263,20250426,23901,133,9,25,5,341.86
20857,20250213,22337,198,4,14,2,2469.92
26823,20250205,24888,129,5,32,1,1039.8
9318,20250419,25667,182,6,36,4,2259.43
25507,20250621,21151,159,1,9,2,7111.96
14848,20250305,24436,167,3,43,5,6297.81
7843,20250131,23012,146,2,46,2,4844.9
28648,20250104,25211,124,4,28,1,1651.88
29985,20250402,24276,106,1,14,3,5769.63
13049,20250602,20046,144,10,10,4,1296.49
25100,20250413,22649,175,2,49,5,2403.64
14857,20250107,22086,124,4,25,2,1124.46
25014,20250307,23372,149,6,4,3,1970.62
10740,20250402,24978,143,3,21,1,6897.89
16095,20250422,21898,173,4,50,3,1168.04
2209,20250526,20969,147,6,16,1,3246.96
18841,20250212,24465,168,7,9,3,239.04
28273,20250214,25082,127,9,15,1,1031.37
22373,20250618,25147,101,9,21,3,1196.52
2267,20250122,23151,107,10,16,2,318.72
5227,20250313,24256,178,3,13,2,7346.24
28302,20250404,22782,151,9,10,2,1195.3
21579,20250203,25202,187,8,10,2,1401.84
20123,20250318,20419,145,10,31,3,1355.41
17893,20250313,25132,154,1,43,2,2262.26
20928,20250424,24025,163,1,44,2,3615.36
13023,20250213,22879,116,9,41,1,403.58
20737,20250314,24168,120,8,7,5,1843.46
27367,20250405,20741,119,2,17,1,2533.77
11741,20250220,21009,124,6,35,3,1204.58
6548,20250520,23038,180,2,20,1,3785.23
3283,20250424,20206,180,6,24,1,3538.35
15615,20250124,20347,141,5,38,4,3842.04
23662,20250130,20386,190,10,46,3,726.61
2277,20250322,23044,127,10,16,1,567.77
26051,20250318,23626,155,6,43,4,3744.95
12355,20250312,22247,129,7,15,2,501.11
16486,20250113,25102,143,4,32,5,2115.65
19536,20250121,22503,152,1,17,2,6401.05
18674,20250118,24983,183,3,24,4,3532.02
8697,20250224,25887,174,2,21,2,4924.91
22565,20250523,23757,177,7,21,3,534.82
16380,20250518,20799,188,5,27,2,1639.63
25295,20250321,21432,173,3,49,2,2429.16
28681,20250527,24646,178,8,50,3,1992.4
24992,20250204,21583,163,2,32,2,3166.27
29670,20250421,23926,168,7,42,3,1602.29
5837,20250301,21366,160,7,46,3,710.44
10236,20250525,20593,112,2,12,5,7002.61
22825,20250626,22201,192,9,9,2,1785.09
280,20250406,21793,133,5,22,1,1610.09
22377,20250322,23340,147,5,15,1,1000.25
25274,20250105,21873,163,1,4,5,3650.03
5161,20250604,21145,129,7,50,3,1233.37
29753,20250208,22709,121,1,50,3,4426.9
3691,20250617,25113,196,2,44,1,7453.55
5916,20250513,23140,192,5,14,4,2686.68
11579,20250405,23590,188,3,35,4,7060.59
18079,20250330,21232,133,1,23,2,6855.56
19537,20250103,20441,145,5,36,1,841.88
26024,20250509,20612,159,9,18,2,216.7
29720,20250523,21200,116,9,13,3,209.53
21740,20250606,20895,137,10,36,3,1828.28
25744,20250420,25259,117,2,2,3,5505.79
20553,20250515,22194,125,1,40,2,7417.24
11703,20250106,23060,134,6,3,3,1004.56
11515,20250405,22306,167,7,7,5,1428.58
9007,20250311,22927,141,7,27,3,542.7
11743,20250623,22943,173,7,12,3,842.24
28262,20250610,22481,120,1,46,4,2076.42
16470,20250520,21471,109,10,32,4,1497.99
13677,20250323,25692,131,10,4,3,1043.82
20164,20250228,23237,164,5,10,1,860.75
16786,20250127,25147,140,7,45,2,1618.36
29323,20250208,24317,186,9,28,5,1464.34
15694,20250414,21581,174,2,34,2,3070.73
17336,20250225,23309,126,10,27,2,1003.72
3736,20250409,20279,129,7,47,2,1327.68
25485,20250109,23205,152,5,46,4,3827.71
3644,20250513,23419,112,3,42,2,4773.02
7199,20250119,20535,140,4,16,4,2671.11
25366,20250321,20110,135,5,31,5,1166.81
24937,20250302,20363,127,2,35,4,3082.37
21306,20250411,24201,193,1,2,3,3471.77
29366,20250518,22702,144,4,36,1,3659.69
21524,20250409,23619,153,6,33,4,2134.61
21719,20250524,22666,194,6,3,2,2254.79
1838,20250508,21782,110,10,6,3,961.6
29916,20250531,20836,180,2,15,4,7718.54
10985,20250203,22051,167,7,40,4,1285.88
9304,20250127,21895,183,1,24,5,4962.38
12800,20250530,23090,190,9,37,4,321.64
1458,20250525,25583,196,4,34,1,2374.68
1093,20250105,20695,174,2,39,1,7030.73
4150,20250526,20224,110,7,27,5,245.11
11009,20250312,25382,158,3,49,5,3231.44
27069,20250414,23754,146,4,28,2,2979.16
9190,20250207,23348,101,9,25,3,425.73
4933,20250322,25465,143,5,16,4,3541.35
14466,20250415,20103,187,7,48,5,459.6
4557,20250121,25577,195,1,49,4,5677.45
11489,20250425,24659,121,7,32,3,1559.44
12075,20250419,23457,165,9,8,5,1706.3
25102,20250310,21752,200,7,47,3,1059.56
16798,20250304,20090,173,2,18,4,3487.61
20071,20250409,25395,157,7,39,5,1714.2
14419,20250328,21940,184,7,40,4,799.55
28246,20250126,23962,181,5,41,1,859.19
25390,20250208,21384,177,1,24,5,2309.15
24997,20250523,24017,185,10,1,1,390.68
17279,20250203,20067,112,2,27,2,6793.13
6482,20250325,21994,111,8,22,5,692.2
8021,20250221,23988,168,2,5,1,2220.12
9101,20250412,20976,143,7,42,1,1614.71
17477,20250429,23025,179,6,20,1,3645.68
8590,20250223,24528,181,3,46,2,6100.82
29162,20250220,23670,123,10,50,4,1571.95
24516,20250615,20824,145,3,31,4,4952.97
27275,20250324,20623,173,8,11,5,714.88
23873,20250603,24157,152,5,1,3,2162.41
29364,20250214,24704,136,6,2,3,3776.86
1504,20250516,20777,111,7,45,4,654.36
9937,20250129,20449,141,1,37,2,3004.31
10940,20250319,22322,127,8,15,1,1334.99
20295,20250314,22640,121,9,8,5,1168.55
3950,20250211,23292,136,3,38,4,7948.38
6439,20250603,20676,177,8,16,1,1707.73
13620,20250303,22797,104,4,10,5,2644.37
14304,20250210,23890,116,3,49,5,3814.86
22094,20250625,24646,176,5,7,4,1296.17
15949,20250420,25023,183,2,31,5,6908.07
28190,20250301,22413,137,10,18,3,467.67
13065,20250120,20268,155,9,11,4,1412.55
13251,20250221,22992,175,6,32,2,3001.21
29167,20250417,23636,190,3,28,2,2750.58
7744,20250204,24321,192,10,10,4,1517.85
26227,20250101,24072,172,1,3,1,3709.39
7756,20250601,20427,110,7,43,3,211.52
1413,20250616,21881,108,3,25,5,6324.89
6529,20250304,21778,105,6,38,3,2006.36
1123,20250402,24726,153,3,8,5,2458.24
16334,20250207,23801,130,6,17,1,2507.89
5246,20250415,22708,112,7,35,4,576.64
12153,20250311,23561,199,6,3,1,3845.64
19641,20250620,23800,122,1,11,5,3725.22
25208,20250331,23409,107,1,28,4,2078.51
9434,20250411,20371,122,9,49,3,399.72
7469,20250305,22513,106,7,22,3,316.77
29012,20250228,20418,172,4,3,2,3701.02
11032,20250622,21223,197,8,36,5,1058.74
29443,20250521,20299,151,4,23,1,1246.37
7294,20250314,23659,168,4,34,5,2393.19
12972,20250303,24110,103,6,19,1,2093.28
5347,20250525,23985,111,6,12,4,1742.46
14471,20250612,21812,118,8,14,4,1640.69
28812,20250612,21505,199,8,21,2,681.0
15963,20250315,22340,199,3,47,5,7082.62
24275,20250317,22390,111,1,35,4,4510.65
21150,20250628,24146,136,3,31,2,4282.31
10864,20250608,25215,131,3,18,4,7862.92
17755,20250619,24036,105,7,24,1,490.41
4485,20250131,24967,107,5,37,2,1182.18
10561,20250309,24321,195,9,14,3,1004.27
24578,20250115,22162,106,4,2,2,3843.65
20327,20250123,22659,195,1,11,4,4647.46
21717,20250228,20702,122,5,8,2,3440.7
10599,20250629,24529,101,7,38,4,1597.67
1434,20250218,25526,198,3,41,5,3897.18
5861,20250429,22406,140,1,26,1,2693.46
12427,20250519,25977,164,8,13,1,1004.56
10981,20250216,22944,125,3,35,4,2973.67
22045,20250202,21304,120,10,30,4,1037.74
27831,20250601,24667,169,4,34,4,2176.57
23078,20250208,25077,107,7,37,1,1174.36
26377,20250113,25437,196,6,25,2,2239.23
10407,20250625,21200,167,2,12,1,7107.6
23491,20250206,24274,166,6,24,5,3526.72
19567,20250624,23037,116,5,6,3,3033.91
11473,20250415,22059,119,7,17,1,459.4
12064,20250326,24793,146,9,18,2,410.2
8932,20250526,24029,132,3,40,4,7087.3
10969,20250520,20817,191,7,18,4,1443.62
27756,20250603,21391,199,5,33,1,3159.61
26848,20250407,21427,166,7,30,1,503.01
1611,20250531,22035,162,3,39,4,7109.16
29237,20250319,22189,132,1,7,4,6192.84
16267,20250428,20213,170,4,27,1,1033.47
12394,20250626,22715,110,5,38,4,1359.39
26840,20250510,24508,185,5,35,1,2692.83
2768,20250112,23270,161,6,31,3,2933.47
12777,20250510,22135,160,8,25,4,940.26
23177,20250228,20574,140,4,8,3,2709.85
217,20250130,22741,164,7,41,5,290.12
24877,20250216,20217,153,2,18,3,4438.59
6166,20250620,20908,172,8,4,4,1960.5
3902,20250602,21280,122,3,19,2,2873.86
21232,20250611,23270,199,8,31,3,1744.3
24637,20250626,25116,141,10,16,5,1213.94
10000,20250618,20184,119,5,50,4,1583.92
14798,20250129,21537,150,8,40,4,1968.05
6088,20250510,24210,104,3,3,3,7353.51
14460,20250127,25730,126,1,32,4,3014.81
2857,20250512,22674,184,5,29,5,2375.8
18218,20250120,24122,116,2,43,4,3050.23
17042,20250328,21923,173,9,18,4,531.9
12415,20250128,24571,192,7,4,1,397.01
9673,20250427,21413,156,6,6,5,2870.59
517,20250404,20626,165,2,44,2,7816.25
11624,20250510,23848,154,6,17,1,2608.3
8282,20250205,21313,131,8,15,5,683.37
20257,20250109,22400,144,9,36,3,1673.04
12079,20250209,21314,186,3,32,1,2733.11
17735,20250114,21925,147,7,1,3,788.49
2158,20250323,20022,168,8,17,5,780.23
28082,20250330,21944,184,8,13,2,219.23
10727,20250412,24089,156,5,6,3,1890.45
29031,20250520,21159,183,10,30,3,1822.55
3097,20250120,24519,179,3,11,2,4482.39
22754,20250211,22251,183,1,36,5,5121.63
3109,20250619,25671,165,10,27,1,1778.11
10277,20250502,20685,125,5,15,3,3151.35
21882,20250215,25505,111,4,43,3,3893.99
6428,20250622,24576,119,7,17,4,211.35
9253,20250615,22737,140,3,38,4,6906.1
2407,20250504,20908,177,8,42,2,1079.85
25039,20250113,23268,174,8,43,2,253.98
14643,20250326,24693,132,2,4,4,2249.46
24744,20250518,21652,145,1,34,3,4368.24
18525,20250526,23687,141,2,24,4,3656.83
13421,20250416,23145,124,3,36,5,6288.24
3399,20250505,23187,135,4,19,3,3230.29
8944,20250118,25142,108,1,34,1,6448.58
27173,20250325,23477,172,8,9,3,1125.87
6940,20250120,24534,110,6,36,4,855.46
27316,20250309,25791,167,6,22,4,1988.52
28315,20250130,25475,192,4,8,2,1812.63
27775,20250329,23692,168,6,15,4,1853.62
9817,20250130,20753,173,4,33,5,3054.04
16140,20250107,25638,118,4,36,4,3680.74
9419,20250612,22756,189,10,32,4,667.42
12316,20250606,25544,186,8,26,2,1358.66
2519,20250118,20973,105,4,17,5,1786.25
29752,20250415,20032,163,1,17,3,7357.79
16602,20250212,24201,196,9,24,3,412.63
17593,20250316,22480,102,9,18,1,1525.34
5101,20250521,24135,143,9,3,4,1278.37
9843,20250427,22095,156,3,37,2,4251.91
17188,20250628,21588,154,6,7,5,1218.16
7278,20250404,23907,111,8,23,4,321.8
18773,20250424,24773,130,8,24,4,770.63
10079,20250208,24546,186,1,29,2,7038.99
21771,20250119,25298,145,1,3,2,4445.45
26444,20250105,25047,106,10,9,1,416.21
9893,20250204,23265,104,6,10,3,1603.37
6329,20250208,23669,133,7,24,1,1259.28
10046,20250204,22460,163,7,8,2,1522.07
26120,20250226,24481,108,5,7,5,3882.04
14330,20250306,24352,169,8,43,3,345.27
26756,20250130,20320,108,10,36,1,625.79
11847,20250415,25311,193,2,6,5,4845.94
16587,20250208,20508,190,2,50,5,6904.95
17551,20250202,22926,159,5,50,4,1281.64
21265,20250316,20474,127,8,8,4,1037.67
15092,20250510,22372,200,8,13,1,1280.61
23481,20250627,24009,173,10,43,5,1514.38
18394,20250201,24331,200,3,16,4,4117.81
22277,20250425,24569,184,10,49,1,1333.44
10400,20250209,24456,122,3,20,5,7588.07
8165,20250210,25533,150,7,13,1,1929.72
22501,20250116,21440,198,9,50,1,1933.96
10884,20250104,23405,125,6,22,4,2855.2
23087,20250103,23270,165,6,44,3,1290.48
24673,20250502,20572,134,8,39,5,387.03
13721,20250315,23356,173,2,34,3,3379.03
17847,20250501,25179,177,4,10,5,1326.92
3383,20250308,25659,142,1,50,3,4521.9
9846,20250202,20251,139,8,20,5,578.08
18833,20250415,25176,157,3,30,1,7078.64
19341,20250521,24607,120,10,1,2,1745.17
7340,20250221,25914,197,3,33,1,5580.29
14369,20250217,20985,129,2,39,2,3811.31
14660,20250320,22001,124,10,44,1,1248.82
429,20250215,23159,110,1,43,1,5051.43
16205,20250308,22165,199,6,18,4,1453.04
17508,20250109,21804,143,10,43,4,216.5
625,20250328,23288,133,8,7,2,1931.46
28356,20250324,21838,188,2,16,1,2777.87
17171,20250528,21587,167,4,7,2,3398.06
1139,20250101,25663,143,7,39,4,1990.5
17664,20250313,22249,130,6,5,2,2202.38
24512,20250109,23494,197,5,5,4,3654.57
19543,20250216,22219,124,7,33,2,245.05
4409,20250114,24581,118,9,19,1,559.69
17121,20250507,21546,174,1,10,3,5767.28
10353,20250427,21426,108,7,41,1,387.39
29597,20250413,22342,199,9,20,1,597.39
9478,20250205,25806,167,9,15,4,1391.53
10300,20250121,24207,123,5,26,5,1287.64
2886,20250515,23084,162,3,7,1,6837.72
18418,20250521,24025,108,10,28,2,1512.76
7501,20250609,25290,112,8,42,5,368.49
2684,20250210,23955,181,10,11,5,948.11
23494,20250128,21753,157,8,14,1,1300.87
17173,20250221,21229,198,10,49,1,1874.09
22925,20250407,24543,102,2,1,4,2260.37
9899,20250628,20208,148,5,32,1,1780.71
6217,20250414,22908,164,7,4,3,1987.06
20720,20250526,24653,153,5,33,4,1171.86
7979,20250314,24681,125,9,7,4,245.43
11406,20250405,23657,120,9,46,5,1737.42
5552,20250303,20851,199,3,21,4,2084.63
739,20250109,20763,180,2,46,3,7502.32
28718,20250124,25142,199,2,39,1,5785.55
10747,20250424,22855,174,7,12,4,1903.49
27646,20250609,24373,180,8,19,5,1476.48
7072,20250430,24968,169,10,6,4,1744.9
1711,20250407,24970,199,10,36,2,351.13
3509,20250510,23637,150,3,45,5,7695.95
23163,20250327,24674,135,3,38,2,4593.66
29050,20250313,24967,151,6,31,5,3279.23
13805,20250506,23700,122,3,35,4,6252.0
13493,20250525,24964,196,4,10,3,1646.5
18341,20250127,23397,108,2,47,1,2738.64
12052,20250625,24151,197,8,26,5,636.57
15956,20250115,23041,108,3,13,1,3403.22
18004,20250314,20293,159,8,4,1,826.43
7780,20250415,25022,120,7,43,1,386.02
9004,20250127,23438,140,3,21,5,6010.76
15747,20250204,25704,137,5,19,2,2500.89
25482,20250526,22277,185,2,43,5,3094.75
734,20250307,21366,147,9,23,3,1609.94
14199,20250517,21021,195,1,24,2,2237.17
21907,20250510,20980,147,3,7,1,5268.25
21045,20250626,21388,140,5,33,4,3221.72
15821,20250304,25291,119,7,34,5,1274.39
18843,20250119,25952,188,7,42,4,1768.98
20245,20250118,22194,172,10,50,1,363.98
8204,20250407,22204,167,9,2,1,1056.78
28967,20250620,22861,196,6,46,3,2372.68
10587,20250420,25800,200,4,17,3,3235.81
19592,20250615,23606,135,7,31,2,285.79
20200,20250114,24071,163,5,49,3,1242.23
18897,20250429,23643,199,9,14,1,404.72
23629,20250405,20614,102,10,40,2,446.85
4970,20250105,22554,193,10,25,3,256.62
12622,20250314,20184,132,2,40,4,4962.72
8248,20250328,25247,126,3,36,4,4888.43
24383,20250415,23140,142,2,5,1,3275.62
2905,20250419,22127,102,6,2,1,3856.06
20274,20250118,25680,181,9,23,1,1260.57
12102,20250501,25976,199,6,32,4,2451.92
6070,20250321,22192,116,10,1,5,1802.39
12141,20250323,22329,107,10,11,2,364.24
3699,20250326,21298,173,4,3,1,1371.12
29678,20250616,25986,153,9,4,2,289.31
1913,20250611,23696,128,2,24,3,5515.46
6401,20250215,23108,127,4,32,2,1360.32
4476,20250605,23468,131,2,14,4,2477.36
23455,20250529,24937,110,6,47,4,2942.48
29218,20250105,25107,128,5,40,4,3901.77
8346,20250613,25178,179,8,16,2,1023.44
26624,20250420,24065,178,2,25,5,6907.02
26598,20250206,24394,169,9,24,4,1054.77
10039,20250629,20154,149,8,33,3,710.4
3264,20250501,23723,117,1,17,4,3769.61
10262,20250128,23073,122,2,26,3,5032.09
16983,20250401,20770,125,10,13,2,1381.6
4978,20250212,23427,197,6,43,3,3498.73
11328,20250419,21406,186,7,7,4,1397.34
28217,20250222,23698,119,10,49,2,1886.53
20347,20250317,20210,200,1,40,4,6361.98
4230,20250518,25909,137,6,46,4,3350.37
5219,20250601,25759,144,1,24,1,4078.7
15845,20250422,24720,119,7,29,1,743.83
19913,20250314,24656,102,5,13,1,2442.36
1428,20250525,22887,104,6,26,1,1643.56
8122,20250326,25749,117,8,46,4,738.94
12794,20250130,22920,199,4,34,4,2909.47
10147,20250217,25074,107,5,18,3,2509.43
25768,20250126,21231,108,5,44,2,1635.63
26730,20250409,24584,147,8,6,3,876.02
14500,20250513,21097,109,9,14,2,302.27
10439,20250328,21405,125,9,14,5,625.08
14564,20250329,20611,156,7,7,4,928.66
16383,20250320,20030,113,2,6,1,2940.54
12948,20250515,23618,138,9,42,4,1392.73
16405,20250608,23365,197,9,31,1,1907.38
16384,20250314,24134,162,8,10,5,419.94
27166,20250315,21674,114,7,47,2,1176.03
6798,20250409,22954,175,7,12,4,1107.9
11388,20250507,22847,178,3,31,3,3912.7
16954,20250509,23261,136,4,27,4,2476.95
2042,20250605,20399,112,7,1,2,1066.5
9404,20250314,25426,170,2,38,5,4782.56
14051,20250429,25309,189,1,14,1,3269.68
2908,20250313,21686,135,2,49,2,4526.87
9200,20250605,24815,165,7,15,1,1841.91
8740,20250413,24918,120,6,29,3,2995.81
14411,20250426,22886,110,5,14,1,1311.6
29288,20250215,20076,156,10,38,1,1469.97
1661,20250307,24929,134,7,14,4,670.05
7319,20250107,22684,105,8,48,3,1296.42
11789,20250417,25426,136,3,1,1,7224.32
17307,20250408,23098,174,9,10,1,408.09
24754,20250204,21868,197,8,37,2,534.72
24338,20250425,23591,133,10,4,3,1447.37
27317,20250121,20955,140,5,48,3,2861.75
4982,20250606,24602,180,1,46,4,6290.09
14771,20250308,20487,189,6,43,4,1949.28
28422,20250102,24392,192,9,42,3,697.79
26900,20250501,22879,134,2,33,4,7156.83
20087,20250618,23479,110,4,14,5,1682.23
4985,20250629,21640,156,10,24,4,1738.32
15282,20250413,23921,116,5,49,1,3804.49
26495,20250210,25513,115,10,19,3,546.23
21582,20250607,21792,119,6,44,2,1053.82
897,20250517,24937,152,2,42,3,2160.57
1685,20250306,23717,142,7,22,3,1573.1
16498,20250304,21206,178,3,24,5,6911.42
16984,20250325,21742,180,5,48,3,3890.67
11194,20250130,22861,151,9,21,5,476.95
9521,20250116,22031,181,8,30,1,1933.17
1488,20250426,21694,188,8,8,3,224.8
22668,20250207,20874,115,9,15,5,1964.17
25029,20250329,21977,121,6,18,1,3543.55
9634,20250330,23153,141,8,9,2,498.67
22324,20250528,20071,189,3,17,1,5827.96
10243,20250515,23165,158,3,14,2,2433.48
21378,20250224,22137,137,10,21,3,1855.02
15737,20250222,21207,126,5,23,2,1081.42
25682,20250214,25812,154,1,42,2,6048.46
8355,20250505,21935,105,8,35,3,1098.45
6347,20250522,20998,123,1,30,3,4442.32
14000,20250224,20044,151,5,31,5,2734.07
11991,20250130,22384,141,9,40,1,1734.18
5428,20250610,25560,162,10,32,5,968.61
17695,20250122,22254,154,2,14,4,7269.22
24222,20250522,20576,117,10,22,2,1417.59
5641,20250131,20607,180,9,47,3,515.87
12706,20250212,24589,160,9,13,2,1607.74
5721,20250102,25310,171,1,16,1,4400.95
22235,20250520,24752,189,5,10,2,882.99
12464,20250318,22318,105,3,35,1,7449.57
25709,20250116,25666,116,2,7,1,3752.45
18837,20250509,25714,137,1,7,5,4297.69
17815,20250524,25173,143,4,39,4,2500.09
3484,20250116,23136,137,2,25,3,2819.71
17087,20250416,20841,131,10,45,3,1959.62
15981,20250615,21144,102,9,11,5,1767.6
27219,20250222,21449,162,3,30,2,3712.04
17817,20250622,20278,132,4,44,4,2086.78
21190,20250126,25002,149,3,47,5,6856.19
3231,20250308,20854,130,6,34,2,3964.98
2477,20250317,21955,107,4,16,2,3639.68
27720,20250420,22576,155,5,39,2,2232.01
24626,20250420,20823,185,8,38,5,1638.28
9428,20250429,20971,198,5,30,1,1370.59
15519,20250331,20539,183,3,32,4,6667.27
27759,20250131,24549,115,7,20,3,803.08
7998,20250608,24225,191,4,28,4,1683.68
7256,20250123,21638,196,3,13,4,6034.68
645,20250303,23015,187,7,23,5,1076.25
2508,20250311,25960,163,8,13,4,1960.89
17732,20250611,20925,170,10,50,2,1236.85
10354,20250129,25060,131,3,39,1,3362.15
12739,20250126,25875,161,10,45,1,1874.41
3474,20250418,20050,157,3,19,1,7016.23
23598,20250128,24700,177,1,30,4,5893.23
27975,20250511,25935,127,9,39,2,822.09
1228,20250510,23926,138,2,3,3,5710.28
3800,20250605,20725,107,10,40,2,782.85
11623,20250506,21371,135,3,39,2,7686.03
10206,20250428,24963,170,3,46,3,7778.12
3659,20250511,20694,198,8,16,5,1448.41
28295,20250219,24707,160,6,47,1,2762.84
18554,20250224,25301,152,5,9,1,3599.2
22256,20250517,25571,102,10,45,4,1270.83
16012,20250319,25949,121,3,22,3,3585.88
12418,20250404,22453,113,3,4,5,6343.48
2562,20250620,20099,147,2,36,1,4798.17
20242,20250315,21357,128,7,17,2,893.14
27943,20250509,25940,141,5,39,2,3916.81
18073,20250525,25849,109,5,2,5,1375.07
12557,20250131,25546,133,4,2,4,3620.45
16339,20250324,23584,188,10,48,3,831.24
6563,20250624,22978,121,6,21,5,1468.36
15294,20250314,24652,134,5,8,2,1859.49
22257,20250218,24223,187,7,37,1,1707.89
174,20250516,25861,189,6,46,1,3318.67
14494,20250529,24821,160,4,49,2,2223.92
20381,20250323,21698,135,9,50,1,1986.64
25075,20250531,24518,133,9,50,3,716.51
17600,20250101,21813,193,7,11,3,1599.21
17347,20250520,24125,103,9,11,5,745.44
23854,20250312,24128,156,2,1,5,7218.22
2228,20250615,20553,137,1,6,3,7588.61
19996,20250613,20923,160,10,6,5,739.37
2586,20250605,20098,143,9,42,5,1651.57
29775,20250430,22089,176,3,31,2,6906.58
26537,20250217,20371,137,8,39,1,1705.6
5743,20250305,23613,195,5,15,1,1458.55
23432,20250126,24781,160,3,2,1,7563.07
9943,20250115,25192,156,6,45,1,2668.15
17116,20250218,25003,195,2,29,2,3163.87
10815,20250528,25065,121,5,31,1,3676.46
12519,20250526,20411,178,4,1,4,1629.12
8787,20250302,23540,115,2,33,5,7727.11
10885,20250311,22028,138,3,18,1,5959.64
14539,20250510,22265,191,6,45,5,2990.66
13535,20250609,24003,109,4,31,3,1032.84
21874,20250126,22818,177,9,36,5,1598.45
4872,20250424,23740,119,10,10,2,1289.36
22357,20250604,23184,104,1,24,4,7118.37
19937,20250306,25563,151,6,45,1,1557.19
19682,20250104,24383,113,7,43,3,1626.25
11199,20250524,22261,116,6,50,4,3337.0
8157,20250507,24072,200,6,27,4,3951.61
20147,20250618,22288,168,4,7,4,3564.94
1091,20250515,21564,116,3,12,3,4797.27
11256,20250214,23334,192,4,17,2,2002.68
12527,20250101,25664,133,1,32,4,7654.92
27116,20250609,20211,157,6,31,4,812.46
763,20250208,24630,158,3,1,3,3429.65
3411,20250318,20601,118,10,14,3,889.97
18342,20250108,22200,173,5,25,2,2303.5
6272,20250512,23356,103,4,32,2,2874.57
7503,20250201,21687,143,6,49,5,1877.65
11942,20250522,22569,199,10,46,4,226.48
27617,20250119,25547,189,8,24,1,321.24
16202,20250411,25260,161,1,16,2,7363.68
7478,20250206,23168,122,8,35,3,653.65
17698,20250214,22320,157,1,1,2,7026.03
2899,20250323,25363,107,6,35,3,1792.85
1617,20250609,20171,149,7,20,1,1004.15
22618,20250226,24412,177,4,30,5,3725.86
20237,20250620,24709,138,9,47,4,1100.31
21322,20250325,21009,109,8,49,5,1144.19
14478,20250617,21684,145,1,28,2,3492.41
27381,20250504,24096,103,4,21,5,3543.83
21267,20250523,25055,170,10,19,1,433.53
10020,20250323,21563,183,5,7,4,2927.42
24663,20250614,23382,174,5,25,1,2664.87
8575,20250616,21483,193,3,16,3,3895.94
21507,20250603,22159,175,3,41,3,3521.15
8365,20250224,20755,142,1,41,2,3086.83
2959,20250213,20274,172,3,31,2,3368.88
26274,20250106,23051,126,7,31,2,329.34
25181,20250307,21393,163,2,24,2,2772.43
28002,20250118,21820,180,9,13,2,1275.21
21694,20250207,24154,153,6,45,3,1424.62
26188,20250203,25289,152,1,48,1,5688.19
28018,20250604,22936,105,6,40,5,3564.72
9768,20250220,24588,134,2,17,4,3398.55
6290,20250605,24740,174,9,19,5,1150.57
23339,20250626,23217,140,6,12,2,3910.61
35,20250417,23417,116,9,26,5,1695.43
8846,20250114,21710,190,2,23,5,3379.59
24192,20250331,22866,182,2,33,4,2601.57
10804,20250610,23780,151,9,41,3,522.18
18888,20250604,21069,163,2,2,3,5729.08
22337,20250306,24577,142,6,30,3,2548.04
15200,20250215,20724,111,7,7,2,1698.34
3483,20250419,25339,185,3,23,4,6808.12
10657,20250113,23126,149,8,33,4,1369.51
21454,20250112,24778,192,7,36,2,1246.59
2993,20250619,24959,103,8,15,3,1187.72
3704,20250408,20396,151,8,4,4,408.23
5747,20250614,24779,118,3,31,5,6165.21
29769,20250430,22173,105,5,19,3,1036.9
551,20250207,24998,145,8,6,3,1890.7
22666,20250622,24171,129,7,38,5,1268.42
6175,20250115,24979,143,1,34,2,5893.18
3403,20250115,23667,110,2,36,4,3258.19
13518,20250612,22622,170,4,45,4,3570.36
16127,20250513,25089,166,7,36,2,1106.62
5035,20250122,22497,190,6,40,3,3562.34
24659,20250222,22357,149,2,38,1,4774.59
21164,20250625,22635,144,2,17,3,5856.55
20423,20250213,21654,178,6,15,3,1211.24
15210,20250503,23147,131,1,2,2,6771.13
6112,20250522,22794,185,6,4,2,2089.53
15231,20250105,25958,151,2,42,3,5764.17
1792,20250422,25065,165,5,33,5,3045.89
5648,20250510,24740,168,7,1,1,1777.68
10155,20250510,23742,145,3,4,3,5574.01
7913,20250317,22776,173,8,47,5,1878.38
1279,20250628,23900,190,3,45,3,7011.84
4520,20250114,23417,122,8,3,5,215.64
24783,20250106,24075,104,6,29,3,3146.09
2849,20250515,20527,105,3,37,5,6254.58
12210,20250602,20184,140,9,24,1,948.18
3470,20250307,21108,158,7,45,2,1840.29
5655,20250228,24933,157,10,31,5,1304.78
27913,20250103,20704,196,4,24,5,1041.26
28054,20250525,24715,147,3,50,5,6193.0
28421,20250429,20326,176,4,19,5,3484.07
19833,20250222,22208,179,6,39,2,1244.24
24714,20250403,20700,153,5,1,1,847.17
14574,20250307,22163,191,3,43,1,5018.85
23635,20250121,21362,109,8,48,1,1112.29
424,20250331,25748,112,5,8,5,2205.5
10005,20250502,23210,138,10,9,4,1444.45
14929,20250304,23022,181,3,40,2,5964.22
18241,20250629,24205,133,7,39,1,1883.29
12341,20250605,25496,185,5,1,4,2219.76
29407,20250625,22453,110,1,25,2,5166.51
3247,20250428,25624,126,10,4,4,1111.6
14148,20250424,20868,122,4,22,5,802.49
10576,20250203,21549,188,4,17,4,1190.98
14972,20250108,21103,108,6,39,1,2883.09
18697,20250125,22629,154,5,14,5,877.46
2944,20250313,21430,164,5,42,4,1094.17
20843,20250430,22656,124,9,19,3,1634.16
27700,20250323,20559,190,10,24,3,540.29
7965,20250306,22944,116,3,25,1,6719.83
11288,20250406,24147,173,6,15,5,3244.16
7924,20250330,24299,195,10,28,4,426.07
5713,20250207,20909,131,9,42,2,920.04
17977,20250316,24672,135,2,39,2,5656.46
8440,20250205,21998,155,4,38,1,2380.94
25047,20250114,20020,192,3,32,5,5002.48
1247,20250627,21159,188,6,24,5,3722.67
9116,20250417,20620,145,2,18,1,6089.73
12750,20250509,24165,130,4,18,1,3064.83
3848,20250627,23092,157,1,45,4,7164.52
5788,20250219,22597,154,2,9,5,5647.01
342,20250412,20387,131,7,42,1,1014.66
17829,20250319,21866,169,2,50,3,3725.67
20465,20250101,25294,173,1,41,2,5991.8
7398,20250104,22693,129,4,13,1,902.95
8320,20250216,20977,166,6,28,3,3313.62
9104,20250125,25717,133,7,2,4,323.24
11924,20250427,22393,180,7,40,5,811.38
12696,20250119,22022,190,8,3,4,1461.15
4236,20250420,20428,137,4,20,5,2099.24
1079,20250105,25299,155,7,17,4,1673.25
17235,20250211,24304,101,4,18,4,1947.97
23030,20250509,22148,138,4,24,4,3060.7
2394,20250323,20582,126,9,50,3,1239.03
12619,20250526,24026,103,8,40,2,1232.89
26834,20250128,20169,197,4,32,2,863.31
25436,20250613,24713,115,6,29,2,3556.41
1677,20250509,21588,106,4,20,1,1812.9
5501,20250617,24069,107,5,3,4,2205.81
20890,20250130,21459,140,5,18,5,2166.26
7894,20250515,22968,107,5,30,2,2473.63
8414,20250510,25015,109,3,16,4,3779.98
3581,20250411,20486,144,1,21,4,6705.3
10582,20250408,25613,124,10,42,3,942.77
10709,20250228,21840,164,10,24,2,1977.58
9839,20250204,25674,112,6,7,5,855.65
26663,20250208,25595,158,8,24,2,428.72
2648,20250526,20704,191,8,31,5,1422.14
23897,20250331,22798,152,7,2,3,721.94
20570,20250331,22821,163,9,4,1,1621.68
15050,20250628,25956,111,6,5,5,1746.97
15336,20250527,24621,179,10,21,3,884.16
27264,20250423,23400,126,6,18,4,1313.88
20659,20250325,20199,193,9,11,4,241.74
3965,20250514,21868,145,5,5,3,1171.25
1805,20250420,25803,151,9,31,3,1088.29
14700,20250113,25640,117,7,11,1,1733.76
22013,20250319,23237,155,3,43,3,4761.76
24002,20250317,24164,173,2,2,5,4334.25
21528,20250112,23365,137,4,44,2,3028.3
21367,20250512,22021,193,7,49,3,1105.11
23069,20250104,20530,119,2,36,3,6593.65
19139,20250621,20485,189,9,45,3,778.47
3799,20250613,24429,163,4,42,3,2590.23
14971,20250221,21327,146,1,5,3,5690.57
6815,20250205,20061,129,3,24,5,2665.78
12377,20250325,21818,141,6,38,4,1404.63
3106,20250417,20408,142,8,17,5,1292.51
8086,20250306,24558,128,8,12,5,1308.87
26827,20250222,21856,191,8,39,5,1508.41
14760,20250423,23086,125,5,10,5,3554.85
23731,20250422,24610,182,6,9,3,2809.25
28097,20250106,22189,139,7,33,1,1418.25
27924,20250429,25819,144,6,28,1,2275.76
10573,20250131,24209,160,8,7,4,1587.45
24157,20250611,20795,132,7,16,1,1136.2
29612,20250526,21412,125,8,14,3,1426.38
19561,20250510,23904,171,8,17,5,1712.79
15002,20250503,23018,150,6,9,4,1157.97
1340,20250126,24854,168,8,46,3,594.42
15063,20250115,23262,105,8,48,2,1037.77
7901,20250321,24200,142,8,38,5,428.64
17960,20250120,24640,192,6,46,2,1755.65
9092,20250121,25821,103,5,21,3,3539.98
4144,20250128,20981,145,2,18,5,6412.2
21437,20250322,20898,175,10,42,1,1710.05
25688,20250127,21597,198,4,4,5,1544.49
12849,20250312,21285,151,6,42,2,2073.72
14001,20250426,21745,126,5,5,4,2131.86
17673,20250419,21037,143,6,24,2,2519.98
26729,20250604,22817,107,3,32,1,4780.61
8858,20250523,22724,190,8,7,1,916.29
9723,20250619,23120,197,5,40,3,3118.02
27792,20250128,21747,118,6,10,1,1398.28
1973,20250308,25427,125,8,19,5,1778.14
7250,20250612,25243,128,10,24,3,1036.21
18929,20250307,24862,129,8,40,3,438.56
10310,20250301,24984,178,4,20,5,3927.17
5199,20250517,23871,144,1,22,1,4169.69
22965,20250301,24980,199,6,16,3,3018.65
19588,20250301,23412,182,6,43,2,885.58
6690,20250108,20293,135,9,49,4,1605.02
9133,20250606,21504,123,5,4,4,3066.25
13539,20250206,22282,104,5,5,5,3706.69
10719,20250125,20878,118,10,8,5,425.13
18973,20250406,24782,166,9,17,4,1234.75
23424,20250318,24748,148,7,35,2,926.96
4081,20250620,23084,162,3,24,4,5420.42
26446,20250425,22706,165,10,50,4,685.47
14332,20250430,23090,104,6,40,3,2099.34
25917,20250202,23912,190,10,13,3,1933.19
10960,20250416,24889,111,2,44,2,2796.8
8926,20250304,24192,153,7,6,5,1566.82
1922,20250403,22075,146,1,47,2,4806.73
3209,20250307,23412,141,9,35,4,644.03
25890,20250208,22268,106,2,25,5,4342.19
29431,20250623,21101,119,4,14,2,1246.94
8592,20250110,22730,179,3,9,3,4790.51
13119,20250405,25593,148,2,26,3,7518.03
3746,20250528,24384,108,4,23,1,885.48
17355,20250114,24516,175,10,42,1,1059.08
13619,20250215,21136,142,3,36,3,4657.46
13763,20250619,22842,164,7,13,3,1842.87
14658,20250106,22003,160,4,46,2,3789.87
500,20250120,22556,194,5,20,4,2085.74
5200,20250309,22420,169,6,6,5,2175.86
8286,20250307,25273,190,5,20,1,2771.65
28413,20250104,25181,175,7,37,3,1146.37
10526,20250427,25406,160,5,19,5,1622.16
23797,20250119,20262,135,4,39,2,1612.15
19818,20250408,20136,125,3,21,4,3254.0
13641,20250613,24964,172,10,16,3,1138.19
7,20250326,24098,196,5,28,2,2114.64
22370,20250226,23554,128,10,45,5,1660.27
97,20250606,23259,138,10,18,3,489.31
22368,20250408,22260,139,4,10,5,3550.73
11496,20250321,23706,114,5,47,4,2510.15
14637,20250404,20208,200,7,15,5,1285.22
21791,20250106,22296,153,1,45,5,6893.48
3586,20250629,24833,112,7,33,1,1281.49
2112,20250206,22683,158,4,48,2,3383.02
16000,20250126,25908,158,2,50,1,3589.11
26795,20250206,23097,147,10,2,3,1515.59
3695,20250312,23961,109,7,2,4,1392.12
28117,20250131,20958,148,7,12,3,1959.79
21814,20250218,22774,163,5,39,4,1084.95
18621,20250531,23736,187,5,49,4,3975.6
22200,20250421,21285,168,6,27,4,2954.97
23261,20250425,23625,146,4,4,2,3203.04
11457,20250402,24042,160,9,43,3,1192.56
9531,20250305,20053,104,1,20,3,7914.36
20222,20250215,20584,193,8,8,3,1847.55
14650,20250603,23633,167,9,29,2,1079.37
27749,20250212,25564,117,8,36,5,1551.6
27654,20250313,21969,110,9,27,5,1358.28
17067,20250507,20141,151,5,37,3,2925.91
8363,20250208,25281,154,5,47,3,3406.65
10024,20250131,25427,134,8,49,2,1306.24
3379,20250212,22620,120,2,44,2,4777.07
26349,20250318,21286,147,2,33,5,3220.8
21033,20250531,22062,124,10,34,5,1915.13
8275,20250316,21325,186,9,27,5,1322.81
11538,20250311,24419,138,4,26,4,3926.78
13317,20250419,23493,106,8,31,5,301.88
20388,20250302,21343,165,10,48,2,1180.56
22047,20250407,22517,194,8,2,3,1075.39
12782,20250612,22557,197,1,5,2,7939.59
18904,20250225,25059,148,3,23,2,5501.55
16712,20250522,22207,149,9,45,4,1118.24
23590,20250212,24567,108,2,12,4,5518.42
14726,20250407,22183,142,4,41,3,1520.72
20959,20250616,21535,110,6,33,4,2580.23
1669,20250525,24102,161,3,28,4,6997.73
24759,20250405,22915,103,4,33,3,1688.21
4337,20250317,24974,114,5,27,2,3916.27
15544,20250315,21912,129,3,36,2,3847.75
24410,20250413,21892,138,5,13,1,3485.65
10991,20250610,20563,158,3,17,2,7639.66
12164,20250613,21629,174,5,2,1,2241.55
4411,20250111,21650,147,5,41,5,3374.54
2859,20250517,20961,143,3,12,2,4771.08
10578,20250203,22295,163,1,8,1,7386.05
25786,20250110,22563,155,7,29,3,1582.72
463,20250518,24816,122,8,22,4,1696.59
6225,20250310,23182,189,10,21,2,440.14
9575,20250215,22757,134,3,48,5,2720.54
14984,20250127,20070,106,4,34,2,3574.09
18398,20250320,24177,152,9,5,3,1966.52
5763,20250423,23819,115,8,42,5,437.33
18606,20250116,25587,127,3,5,1,5615.66
10773,20250105,23245,184,6,28,4,1855.75
8526,20250619,24337,145,8,22,5,1682.67
21372,20250411,25057,170,7,41,3,511.4
24541,20250604,20028,184,5,20,3,1639.97
25628,20250412,23984,142,7,30,5,396.66
29903,20250327,21957,118,1,4,2,2238.11
8687,20250323,21521,115,8,27,2,1031.37
4283,20250115,21084,116,10,20,4,1227.45
22836,20250508,20949,150,9,34,3,541.32
16478,20250603,23622,160,2,45,4,7370.83
17589,20250420,24948,170,4,1,5,2758.01
7733,20250505,24257,154,5,48,1,1262.48
17598,20250215,20553,149,2,2,5,6041.68
26014,20250210,23717,137,10,8,4,293.46
20496,20250219,23967,198,10,18,1,282.68
7404,20250523,24219,129,1,33,2,4905.26
11888,20250518,23722,175,4,31,4,1961.14
20101,20250223,25874,141,6,22,3,3122.46
17547,20250508,22888,199,7,43,5,770.73
2347,20250412,22702,120,3,19,5,6206.05
22578,20250613,24645,121,9,20,4,308.0
27870,20250311,22220,151,8,3,5,216.27
21041,20250311,24278,152,10,16,3,434.96
12644,20250629,24308,107,4,23,1,2634.95
21286,20250110,25952,179,10,45,1,1576.95
16690,20250609,23922,128,1,7,1,3595.17
27350,20250218,24618,180,6,18,2,2147.08
14559,20250324,23379,128,10,49,4,742.53
5437,20250309,23868,192,4,2,5,3891.11
25615,20250319,23343,182,7,16,1,1663.9
16089,20250404,24840,129,10,26,5,1647.93
28781,20250531,22956,110,4,16,5,1075.39
10534,20250528,20002,182,7,13,1,1818.29
15545,20250314,22981,171,9,12,4,1899.36
8778,20250324,20954,182,5,1,3,2311.91
18098,20250516,20407,178,8,7,5,1225.33
6426,20250408,21936,178,1,37,3,7241.07
20236,20250506,20037,198,2,36,4,7805.98
16783,20250601,25724,150,7,31,4,1394.27
25355,20250106,23027,119,10,13,2,1718.84
2975,20250204,25974,169,6,18,4,985.47
879,20250319,25950,163,10,27,5,457.43
4757,20250219,22354,116,2,15,3,7210.69
13978,20250219,22252,134,6,3,4,2170.45
5557,20250418,23401,122,8,14,5,415.57
1289,20250613,22009,141,5,46,3,1355.94
23709,20250220,25218,199,8,17,1,952.36
5872,20250618,24918,186,2,37,1,2846.99
28746,20250217,25180,159,10,31,1,1768.79
6715,20250118,20285,176,2,9,3,6702.38
13212,20250115,24520,127,8,35,4,1823.83
9316,20250209,23451,101,1,11,5,5925.33
23965,20250428,21646,196,10,33,3,1803.72
15416,20250124,23158,130,6,5,1,2398.41
346,20250620,21083,158,4,12,1,3456.33
10613,20250327,21089,171,2,42,2,6700.55
29486,20250618,23588,152,4,15,4,3534.67
23504,20250627,21765,106,2,43,5,6299.99
13708,20250526,21393,193,6,1,2,1534.17
16172,20250129,25020,160,1,35,1,2063.93
26860,20250409,20267,128,5,11,4,1282.22
9949,20250331,25137,147,7,20,5,1365.77
11975,20250303,24724,103,2,36,5,7564.04
10290,20250222,20578,191,10,23,5,1589.08
15412,20250109,24737,174,5,16,3,3131.75
2321,20250531,25886,199,8,1,1,706.82
16996,20250428,20554,126,10,43,3,988.12
12770,20250206,23386,117,4,11,5,1990.58
4458,20250427,20023,140,6,11,4,2121.06
21828,20250530,22648,187,9,26,2,671.66
27348,20250513,23706,158,2,21,3,6662.56
25113,20250108,24090,195,4,37,2,3358.29
27684,20250514,20180,165,4,44,3,1762.84
10399,20250104,25750,165,5,48,3,2466.91
29430,20250205,20588,151,5,9,4,2393.58
23372,20250626,22156,115,1,29,4,5269.6
574,20250210,24306,122,9,46,5,1394.39
24938,20250130,22190,151,5,49,3,3497.03
7175,20250422,21873,112,8,30,2,1311.14
19058,20250627,25874,170,7,25,5,1204.34
17715,20250430,22193,138,8,8,4,1016.64
18656,20250118,24640,101,4,46,2,1959.77
16309,20250613,25155,150,3,9,1,4647.23
15403,20250516,23086,107,4,11,1,1522.02
21081,20250629,23066,153,6,2,3,1153.07
27103,20250607,23823,158,7,11,2,261.62
11136,20250628,23999,134,9,36,3,1219.95
2603,20250218,21067,199,10,9,2,1779.51
4179,20250403,23534,111,7,18,3,462.99
19678,20250620,25276,186,10,4,3,218.43
24010,20250606,24417,194,6,35,2,1931.69
19162,20250214,24400,147,4,15,3,1464.06
22995,20250423,21375,198,6,17,5,2160.08
15982,20250402,22055,117,5,49,5,1043.09
24628,20250203,24459,199,6,43,1,1840.34
18876,20250516,21577,136,10,2,3,813.66
9540,20250224,25427,174,1,2,2,6529.0
2820,20250116,24183,136,9,42,5,1105.97
28497,20250617,20172,120,6,13,1,1668.03
7726,20250118,23120,123,10,26,4,988.99
24507,20250222,23226,177,9,38,4,541.27
29509,20250316,25834,107,6,2,4,2449.03
1451,20250609,21884,137,6,43,2,2760.38
12340,20250523,25621,151,1,46,4,5449.64
20269,20250105,21648,184,10,1,3,672.79
398,20250515,22699,135,2,38,1,4821.24
4868,20250310,25050,104,6,20,5,1007.35
4745,20250427,23449,196,8,1,1,1526.64
2241,20250402,22518,187,10,30,4,954.46
8675,20250214,24989,139,10,12,4,905.91
9888,20250526,25529,111,10,35,5,1969.73
9243,20250622,20134,113,1,32,2,2072.21
16144,20250218,22859,179,4,32,5,3702.7
29112,20250329,21502,158,4,39,4,2868.2
7443,20250601,25745,107,9,11,5,1851.55
6907,20250109,22277,139,4,9,1,1403.57
6523,20250619,20041,124,7,15,3,933.73
29405,20250117,23184,131,10,10,4,968.97
16613,20250118,24646,197,5,27,4,2194.76
14993,20250513,25777,104,8,12,4,491.9
24361,20250429,22596,151,5,13,5,2990.14
19794,20250320,25916,158,8,37,5,1443.26
12586,20250213,23683,177,6,39,2,1996.14
21606,20250226,21965,140,8,11,1,1000.03
22797,20250226,23632,185,7,23,1,1803.67
19287,20250119,21609,166,3,21,5,5641.54
8352,20250514,22043,132,8,23,4,767.75
93,20250122,23270,141,8,10,4,1808.62
13039,20250426,20784,126,5,20,1,2405.85
11873,20250611,23554,137,7,14,1,631.92
17386,20250123,22513,108,7,16,5,428.22
11734,20250321,25569,199,1,11,1,2006.92
24315,20250515,25603,105,4,47,5,2085.4
23678,20250504,23597,122,5,12,2,2797.19
16967,20250327,25407,184,7,11,2,1182.85
2731,20250406,24037,176,9,43,5,1044.33
11223,20250617,20197,168,2,7,4,5036.56
1484,20250527,24840,120,3,32,5,2693.62
24134,20250122,21491,117,7,19,4,224.69
27254,20250213,24887,114,4,12,4,1299.54
26552,20250626,25730,165,5,28,2,3765.44
5983,20250604,20670,113,9,22,3,1658.83
13102,20250208,22624,137,5,37,4,1164.66
21111,20250518,24916,105,4,3,3,2364.08
22744,20250215,21910,166,8,11,4,565.75
9294,20250406,20102,178,8,12,4,1659.33
6910,20250321,25612,199,3,49,3,3549.24
27273,20250305,25245,141,6,29,2,2679.92
7043,20250526,21223,129,3,20,2,5199.06
6629,20250520,22952,196,3,10,4,7462.51
27597,20250405,21090,152,5,9,5,2460.64
18368,20250203,21835,141,9,9,4,1570.73
20490,20250127,24667,104,3,26,2,5164.31
29690,20250508,22064,179,3,11,4,6752.01
11307,20250302,20822,164,10,7,5,251.75
24179,20250629,20231,198,5,38,3,1770.68
7365,20250417,21515,139,6,31,5,3602.85
28702,20250326,25021,102,1,50,3,3739.74
26690,20250304,22211,189,10,1,5,577.5
15957,20250129,20438,108,6,48,1,3401.29
18110,20250508,24553,200,9,26,2,1536.03
24014,20250530,24823,182,5,14,5,843.43
352,20250623,25469,188,4,6,4,2519.91
8300,20250522,21533,200,4,14,5,1618.06
3877,20250220,25477,149,8,33,3,435.27
11154,20250105,24893,125,2,33,2,5682.69
10301,20250529,20160,108,6,5,1,2952.82
21714,20250106,22299,142,7,15,2,1877.71
14444,20250523,25666,123,9,42,1,1002.32
16766,20250324,21529,157,4,15,3,2886.84
26931,20250101,20057,174,9,46,3,1258.14
21348,20250127,23727,152,7,20,3,466.96
743,20250321,24649,147,5,27,2,3364.6
11353,20250417,22844,184,5,8,1,1000.08
3065,20250418,22154,106,10,16,1,1724.69
27495,20250511,21806,182,9,48,5,570.52
23735,20250525,23772,153,5,29,2,2768.45
14511,20250329,20363,160,9,22,2,1713.43
8652,20250226,23349,103,4,45,3,3510.77
27923,20250102,21384,162,3,29,2,5656.75
25881,20250219,23843,197,9,25,4,1053.43
15548,20250507,20485,190,2,49,2,4794.89
29697,20250508,25805,193,5,1,3,2502.52
25270,20250219,20969,177,1,46,2,3948.68
18552,20250326,25792,186,2,45,3,2538.2
5211,20250111,24865,142,2,19,5,7859.21
15913,20250123,22998,115,4,50,5,1179.21
17463,20250317,20924,109,1,28,1,5284.48
1088,20250513,23476,105,8,22,4,334.16
7133,20250501,24406,155,1,31,4,2694.63
9996,20250418,24355,173,1,9,2,4695.22
27047,20250602,24120,148,8,16,4,431.95
29018,20250429,23225,118,1,9,2,7356.39
18838,20250315,21757,184,2,50,3,4630.72
18198,20250623,20416,121,6,5,1,3874.42
15644,20250621,25853,133,5,24,4,2271.47
4580,20250427,25517,138,1,36,2,4301.56
11379,20250409,23169,166,7,6,2,703.49
1054,20250314,23435,172,6,45,3,2035.85
12218,20250520,20099,185,1,32,5,2488.73
18918,20250327,25395,176,7,16,1,1853.96
20778,20250312,21599,166,10,12,3,292.22
14098,20250217,20116,127,5,28,4,3078.18
21850,20250126,23692,106,10,10,5,813.29
19437,20250319,22077,167,2,22,4,3214.4
4581,20250209,24717,121,6,21,3,1312.22
19595,20250522,23752,168,3,2,2,4235.18
18108,20250215,20934,156,9,28,1,728.34
23967,20250121,22039,112,6,30,4,3653.85
24871,20250515,21581,182,9,25,2,1323.19
11995,20250306,25123,176,10,18,5,1582.49
25338,20250507,20521,171,5,20,5,1067.4
6215,20250410,23549,111,5,45,4,1741.39
28062,20250415,24521,104,5,17,3,2256.84
10674,20250109,23469,114,9,36,4,1823.07
19961,20250510,22732,111,3,32,3,7532.49
4207,20250406,21861,108,7,14,1,446.93
21344,20250604,22954,129,9,1,1,818.81
13433,20250528,25706,193,3,13,2,5920.91
10868,20250211,25827,144,4,36,4,2822.68
26692,20250606,22117,162,2,20,1,2465.43
21742,20250625,20108,200,9,33,3,519.59
3548,20250418,24834,167,6,47,2,1584.28
25699,20250111,21271,147,2,32,5,7577.59
1119,20250323,21191,157,6,48,5,3247.53
4707,20250625,24986,128,4,23,5,1835.7
25163,20250526,20040,111,5,24,3,3871.65
16672,20250312,24079,104,4,5,1,2585.78
627,20250616,23065,160,9,14,5,791.84
2885,20250129,21965,184,6,2,2,1382.78
18416,20250406,22785,193,7,3,1,1808.88
25241,20250604,23681,180,8,4,4,1751.31
27176,20250615,24797,141,5,28,2,1924.5
12029,20250523,23853,192,3,6,4,6765.76
29574,20250619,23029,128,2,21,3,4392.62
10329,20250320,21086,147,8,8,1,1083.41
9203,20250620,24190,193,4,25,3,949.51
1537,20250410,23155,180,9,17,5,1000.01
4703,20250201,24019,131,2,43,2,4669.45
20530,20250506,21622,160,10,27,1,422.38
26118,20250110,24804,115,1,50,5,3910.69
29358,20250531,21560,188,5,49,2,1609.8
22596,20250516,25942,161,7,11,2,877.25
448,20250329,22245,118,10,36,5,1636.71
22035,20250417,25649,120,8,20,4,1959.62
9933,20250102,21701,190,6,44,1,3579.06
20521,20250114,20839,135,9,37,1,1983.68
27304,20250622,22086,179,1,31,5,4458.13
25632,20250531,21649,189,5,13,3,1462.08
4141,20250325,25589,190,1,18,4,7186.59
20433,20250129,24697,138,6,22,4,1956.46
12529,20250520,23806,130,7,3,5,1106.48
12236,20250628,21714,172,5,42,3,2082.23
8030,20250520,21922,132,9,13,2,1517.29
11128,20250327,23821,193,1,4,5,3568.11
21915,20250513,25008,144,5,22,4,2916.32
12533,20250617,23211,164,2,21,4,7079.0
12827,20250413,25848,193,5,32,4,3771.98
13009,20250415,23247,151,7,16,2,818.3
12643,20250421,22960,105,2,19,5,6398.12
22263,20250502,24863,153,3,8,3,6581.19
28213,20250517,24743,153,8,47,4,1544.63
9214,20250407,21906,136,5,34,4,1563.12
14054,20250606,21072,105,3,46,5,3854.04
6149,20250108,24019,129,9,10,4,1741.78
20124,20250415,23390,132,9,14,2,1174.39
3161,20250504,21719,170,8,33,1,791.13
274,20250104,24084,182,3,13,1,7318.61
23230,20250105,25038,188,10,22,5,967.7
16188,20250127,25082,196,7,9,1,1754.95
3319,20250120,25073,153,7,26,4,1912.28
3712,20250313,24008,178,6,6,1,2826.34
13507,20250309,21246,178,9,18,5,1061.12
12555,20250601,22270,163,6,45,1,2837.06
18835,20250102,23900,161,9,11,5,1400.75
6831,20250222,24070,137,9,32,1,1530.28
11575,20250308,23954,173,5,9,5,1794.34
3661,20250311,25067,112,1,33,3,4779.19
12520,20250306,22917,185,10,25,2,821.15
18087,20250310,25759,129,8,12,4,1432.76
20483,20250216,22666,163,6,11,1,3271.41
15790,20250104,25891,102,4,14,3,2631.56
8758,20250522,23379,167,9,24,1,1914.47
1442,20250112,21024,151,7,24,4,1069.61
18686,20250430,20348,190,5,39,2,1138.64
4541,20250217,22360,161,5,9,2,3223.26
3384,20250320,24248,122,9,40,3,279.74
13125,20250130,25256,200,4,46,5,1836.43
7571,20250203,25533,134,2,12,1,3407.19
10863,20250220,20673,171,7,24,5,1788.04
26041,20250624,23779,111,6,8,1,932.25
15228,20250106,22641,146,4,39,3,953.68
6120,20250108,24601,193,1,47,2,2599.98
18925,20250121,20865,127,1,35,5,5770.0
8892,20250310,20247,107,10,1,1,1431.73
10477,20250107,21650,196,2,41,1,3028.28
2230,20250517,23467,109,8,46,3,505.24
1816,20250111,22247,124,1,42,2,4868.62
18337,20250626,25436,121,6,19,3,2018.38
2282,20250323,25180,116,5,48,3,3095.36
24557,20250125,21605,186,7,5,2,1210.3
19880,20250225,22725,174,4,9,5,3078.9
27003,20250326,22740,105,1,17,4,5788.83
844,20250610,25373,157,9,14,5,287.87
15678,20250311,23961,102,2,43,3,6053.36
15393,20250407,21424,199,9,37,4,1337.69
9166,20250612,25819,156,6,29,5,1750.02
12768,20250627,21525,138,9,35,1,694.9
15844,20250603,21882,195,5,26,2,3786.35
11143,20250605,25461,187,2,30,1,4776.95
22275,20250227,24077,123,10,30,3,1154.51
3257,20250613,24596,164,6,21,5,1949.28
3906,20250531,24001,173,6,7,2,996.39
10388,20250212,22321,105,9,21,4,1650.35
13572,20250412,20864,125,10,26,3,420.26
18637,20250120,24172,159,6,6,4,3605.91
20127,20250621,25021,119,10,27,3,618.03
28186,20250430,23710,112,3,20,3,2609.85
12043,20250525,23674,174,7,36,3,1479.08
18011,20250211,24661,146,8,35,1,433.68
7318,20250129,24471,103,10,19,3,1363.58
12322,20250314,22927,164,7,9,5,1182.91
5385,20250526,23852,169,6,41,5,2150.6
10456,20250329,20312,110,8,49,3,260.56
22915,20250409,20991,175,9,23,5,559.08
20304,20250608,22512,176,1,1,1,4234.55
2716,20250613,24086,132,5,19,3,1461.56
6726,20250601,20082,164,10,4,2,437.37
345,20250519,24137,113,4,3,1,3324.18
15307,20250502,20343,108,1,44,5,2686.02
14122,20250307,23931,119,7,40,3,1990.73
964,20250310,25589,111,5,5,1,3103.4
2013,20250126,23293,188,4,48,3,2645.54
3243,20250321,22784,140,10,47,2,1771.41
4895,20250403,21184,110,9,33,3,716.42
25998,20250411,21573,184,6,16,1,3445.54
25792,20250601,24715,169,10,40,3,1982.89
15725,20250109,22913,172,8,36,4,1822.96
11752,20250514,23343,122,2,12,4,5992.7
22810,20250324,24959,114,1,49,2,5276.17
23717,20250629,21681,169,4,18,1,1813.38
3426,20250225,20470,117,5,44,2,2040.48
27152,20250113,23316,105,1,37,4,3212.3
4590,20250426,24362,107,6,25,3,1724.72
26784,20250318,23614,125,6,34,4,3791.25
8448,20250426,24334,175,2,1,1,6497.78
15638,20250102,23152,101,7,42,5,505.22
23741,20250125,25878,150,10,20,2,1863.23
9403,20250607,20212,185,9,7,3,1435.35
21911,20250525,23057,145,7,30,5,1668.16
5506,20250129,25396,184,7,18,2,956.84
20400,20250619,24105,199,10,11,2,1099.48
8024,20250524,22334,108,2,14,5,2801.85
2572,20250117,23000,112,6,31,5,2929.64
2223,20250504,21353,172,3,40,5,7462.19
23131,20250531,23203,153,6,27,4,3336.06
10425,20250406,22794,121,9,37,5,1027.19
3859,20250506,22451,108,6,9,5,3030.12
4242,20250514,20857,141,9,27,4,1693.16
11864,20250410,21935,109,3,22,4,2660.36
3475,20250420,20105,122,8,12,3,306.65
2130,20250412,25220,198,4,44,2,3403.8
14919,20250213,23105,108,5,22,1,3839.14
28358,20250410,24200,157,7,49,1,1838.42
29587,20250123,25150,157,2,31,4,5902.8
18478,20250109,20874,149,5,8,4,3629.75
7406,20250206,23314,123,2,4,4,7462.03
24492,20250326,23178,154,5,49,2,2126.53
27750,20250204,25940,119,1,9,1,5908.78
18624,20250415,24372,158,2,34,4,4653.2
4673,20250117,23084,126,1,39,4,5461.13
28968,20250507,24078,142,4,38,4,2126.57
665,20250225,23642,193,2,28,5,6140.1
12224,20250627,20953,119,3,41,2,7296.93
3980,20250609,23701,191,3,8,5,7007.82
14740,20250209,21504,106,5,31,4,3782.39
30000,20250123,20446,189,1,45,2,5659.78
11766,20250620,22875,185,5,18,1,3569.96
16484,20250310,23394,141,8,44,4,1281.17
14768,20250523,24513,111,2,28,4,3496.25
7564,20250530,23737,149,6,28,3,3313.56
10513,20250420,21280,107,5,28,4,3300.02
16938,20250226,22163,107,4,36,5,1096.66
25983,20250512,24014,160,5,20,3,3846.3
2981,20250127,24836,143,7,22,2,1454.53
7554,20250410,22765,197,6,29,4,2019.3
4392,20250321,20186,200,8,24,2,671.06
28660,20250621,22694,144,9,40,2,830.0
26670,20250212,20351,128,2,18,3,5167.52
11667,20250123,24230,178,5,43,1,1813.12
12368,20250317,24240,151,7,22,3,581.78
13523,20250208,24746,111,2,21,2,5671.7
7331,20250625,25820,163,3,47,3,6616.15
4535,20250122,23897,172,5,19,2,1562.34
4721,20250301,25610,148,7,48,1,649.68
13361,20250320,25098,152,1,35,4,7532.18
1924,20250611,22072,160,4,2,4,1252.27
2930,20250425,22201,183,9,2,5,1230.14
18594,20250124,25656,175,8,29,4,1970.76
24911,20250601,25930,104,4,21,4,1484.63
21020,20250608,25745,152,5,49,1,949.07
5389,20250317,24416,194,7,28,3,839.16
13329,20250328,24698,143,2,32,2,4785.3
9990,20250526,20669,135,5,50,5,1387.29
21935,20250220,20652,193,7,8,2,1099.71
16335,20250607,23011,145,1,5,3,7545.49
20686,20250218,24933,143,2,32,1,5259.73
2623,20250505,22106,161,7,31,2,959.65
8650,20250507,22729,179,2,5,4,7623.16
20831,20250528,23078,149,10,2,3,1925.26
12699,20250629,24536,128,7,8,2,1548.47
23911,20250609,21211,113,8,6,5,964.5
16223,20250405,21453,172,4,4,5,1733.0
16027,20250506,20377,158,7,19,1,1335.89
3707,20250605,20209,165,1,43,3,4754.79
279,20250408,24447,164,5,14,3,959.04
7485,20250401,24323,128,2,20,3,4993.4
18572,20250128,25277,192,9,15,4,507.54
11277,20250427,25703,187,5,49,5,2732.22
21310,20250203,23267,101,4,2,5,1205.91
6864,20250312,23597,107,9,39,2,1332.81
19707,20250107,22649,176,1,31,5,6451.68
20415,20250316,24086,108,2,40,2,6424.46
15487,20250216,22951,184,5,16,5,3786.05
20797,20250415,24300,182,4,10,4,1808.73
29479,20250302,22239,159,1,33,2,3623.86
5781,20250624,23080,116,3,14,4,7203.82
11409,20250114,22381,198,9,40,5,909.47
11636,20250304,22038,185,9,46,2,291.37
9408,20250216,25285,108,9,9,5,1578.69
11151,20250613,23614,159,4,41,1,3567.0
5502,20250122,25278,191,2,48,1,5601.15
853,20250507,23289,181,4,30,2,2617.69
7938,20250403,23410,117,9,16,2,1882.0
17595,20250516,21424,141,4,47,3,3295.37
14171,20250412,20465,194,7,19,3,249.23
23843,20250606,22826,190,2,41,5,6584.29
23772,20250512,21204,197,2,35,5,4746.45
23565,20250621,22540,114,9,22,2,235.08
10494,20250621,23809,184,2,19,5,2331.38
11074,20250322,25104,133,1,35,2,5946.21
16417,20250429,21368,101,9,28,2,1533.37
11861,20250628,22492,194,1,2,1,3701.08
11145,20250531,22798,103,5,34,1,1178.07
21831,20250606,25010,166,8,38,4,933.37
23842,20250407,21574,193,4,32,5,2605.55
26799,20250403,23102,200,3,31,4,7600.72
17790,20250215,24009,169,2,31,3,5274.97
13665,20250519,21878,104,8,15,1,391.56
13109,20250502,23918,143,6,19,4,1432.5
18765,20250507,20305,107,2,47,4,2661.8
9513,20250616,23011,139,8,12,3,525.7
8825,20250308,24725,199,9,49,2,1230.9
11936,20250505,25910,120,4,48,2,3165.45
7664,20250422,23291,142,9,23,4,1845.49
16259,20250526,20668,181,2,45,4,6748.87
197,20250421,24854,172,8,42,2,1557.11
18714,20250606,25673,101,8,13,4,648.85
28526,20250416,22268,138,1,29,4,4481.86
24665,20250613,23686,131,3,5,4,3135.27
24600,20250621,20377,173,2,30,1,7902.13
7553,20250612,22251,119,1,13,1,2729.67
324,20250203,23862,147,2,50,3,3477.9
15028,20250502,25808,146,10,37,5,1974.17
22675,20250520,25006,101,10,14,2,271.71
313,20250131,24188,184,9,29,4,663.57
23935,20250301,25386,146,1,4,4,5715.87
28527,20250317,23827,167,8,8,4,201.13
22489,20250520,23272,144,6,14,3,3591.55
1556,20250504,24369,115,8,44,5,985.18
3519,20250219,20527,184,8,7,4,1824.88
5546,20250118,25401,191,1,17,1,7821.85
23391,20250111,22056,191,7,47,3,501.8
15669,20250601,24746,171,2,38,1,4897.54
7269,20250218,23608,107,8,29,1,296.97
2035,20250528,22912,191,9,48,5,1481.69
29815,20250110,22248,190,8,49,4,264.6
475,20250603,23093,196,5,48,2,2089.49
12974,20250115,23305,163,6,39,2,1690.28
26502,20250224,22549,114,3,9,2,5648.05
28182,20250326,21123,172,6,4,2,3643.28
6012,20250225,25323,159,9,2,5,1218.28
19439,20250601,21040,186,4,25,5,3388.14
27161,20250302,25224,164,9,42,3,1517.45
7692,20250208,22248,104,9,9,2,540.72
19322,20250526,20246,186,2,23,4,6579.45
28778,20250318,21513,152,1,1,2,2170.56
776,20250623,25306,106,4,11,5,3661.85
2202,20250309,22401,173,5,22,4,3646.11
28819,20250402,24869,130,9,18,3,1376.49
7761,20250210,23947,172,7,18,4,218.12
20384,20250613,20880,176,7,2,5,1752.65
28270,20250410,21061,138,10,15,1,1565.0
22110,20250331,24683,182,5,48,4,2447.91
11713,20250207,25190,126,5,31,3,3127.93
28058,20250219,24567,165,9,40,1,1387.83
14668,20250408,24595,189,5,28,3,3616.2
8726,20250217,24694,175,10,9,4,659.48
3924,20250615,24648,129,9,37,2,1397.62
27875,20250502,22519,136,2,11,3,6836.47
28641,20250105,23945,196,3,6,4,2876.04
2142,20250114,20382,180,1,16,5,7062.6
15595,20250517,25187,108,7,15,2,1500.64
23105,20250508,21502,142,5,1,2,2469.12
11792,20250414,23479,199,1,18,2,4355.79
24135,20250110,24998,102,9,10,4,990.24
15659,20250531,21585,138,8,20,2,1595.77
22345,20250616,20001,132,4,6,5,855.04
21656,20250126,25351,111,10,25,1,1013.17
7566,20250210,23876,159,3,45,3,5300.82
12638,20250402,21623,180,2,2,1,7095.29
980,20250202,23517,123,5,14,1,3072.02
26975,20250319,22452,166,4,11,2,3470.84
14673,20250524,22235,164,8,45,3,1274.94
29746,20250106,22942,167,2,16,4,6290.26
8154,20250424,23115,196,5,11,2,2283.34
675,20250513,23234,172,9,4,3,1142.39
28547,20250504,21969,128,6,9,5,2837.53
22459,20250314,20249,154,10,5,2,636.17
10145,20250421,24239,168,9,43,1,1454.37
14633,20250315,23043,108,1,46,2,7118.95
18040,20250114,21452,166,8,23,1,989.35
9729,20250206,24239,140,9,3,1,1243.0
26876,20250628,22400,180,6,2,3,1884.18
25364,20250519,25237,148,10,16,3,519.31
25496,20250616,25817,182,10,6,2,357.72
14085,20250425,21322,142,8,19,3,886.15
15099,20250122,20621,107,4,6,3,1967.3
22063,20250626,24111,192,10,35,1,948.9
23594,20250318,20426,179,4,31,4,3586.42
4668,20250606,20639,147,7,44,4,331.81
27410,20250427,22270,189,8,29,4,323.68
9775,20250329,20879,188,5,22,4,2696.93
8488,20250618,22001,178,6,29,4,1238.96
15565,20250313,24954,169,6,11,4,1151.92
1378,20250123,24532,125,7,29,5,820.59
7081,20250613,22584,149,1,23,4,6459.66
17482,20250331,21026,123,3,50,2,2856.42
16388,20250218,23373,158,10,23,4,1236.11
24693,20250213,20479,116,2,12,5,7735.0
8279,20250131,25330,120,7,8,4,321.27
19403,20250126,21631,105,1,22,2,7204.37
13695,20250626,20409,136,5,31,2,2202.13
24631,20250212,22263,151,1,19,1,5913.67
19033,20250504,25247,190,10,16,3,1650.87
10575,20250501,22376,116,4,14,3,2617.85
18958,20250323,23141,154,7,32,1,1206.34
28347,20250621,25442,105,7,28,5,1983.57
100,20250109,22244,111,5,30,2,2439.31
20322,20250415,21677,104,8,14,2,450.85
15066,20250331,21476,168,3,41,5,4907.26
8905,20250207,20034,188,1,15,2,6223.93
7709,20250606,21478,141,4,36,4,1970.58
23260,20250607,22759,172,9,38,1,282.29
6240,20250619,25950,125,3,46,1,2356.31
3101,20250312,23859,111,9,5,5,1499.36
1427,20250522,21935,135,1,28,5,6826.65
15215,20250304,24451,152,2,14,3,4999.12
21655,20250521,25279,173,9,42,1,1373.77
29219,20250506,21539,143,7,14,2,664.74
15764,20250227,22529,165,1,48,2,6472.18
12928,20250109,21934,199,8,40,2,514.73
25043,20250519,23097,159,7,30,5,848.17
21040,20250424,21730,169,3,20,3,4917.83
19353,20250401,25791,152,1,40,1,3922.42
27659,20250501,21531,153,6,3,1,1233.38
16355,20250628,25585,124,2,15,5,6206.38
1256,20250330,21382,174,2,29,4,4744.21
21127,20250305,23801,185,6,10,5,1029.12
4048,20250405,23454,147,5,36,2,1214.19
25344,20250105,24339,153,7,42,1,809.5
3078,20250206,23233,172,4,46,4,3011.12
7232,20250125,20912,182,4,44,2,3746.95
3048,20250325,25508,165,8,36,4,900.33
23578,20250627,25923,177,4,6,2,1753.78
26768,20250418,23326,115,3,38,4,7130.54
24849,20250113,22339,184,6,25,2,2300.45
5624,20250118,22426,134,4,25,2,2880.62
12215,20250117,22266,199,8,9,5,1282.94
13087,20250205,23675,159,4,43,2,2492.14
18363,20250616,24018,106,10,5,2,1305.01
26866,20250404,24293,180,8,34,1,1368.24
25173,20250404,20430,189,7,11,3,1931.57
6245,20250501,20586,108,4,17,3,3322.13
4126,20250405,23182,125,4,26,4,1855.2
29750,20250110,22869,134,9,27,5,361.22
2679,20250413,21784,103,6,4,4,2058.4
8880,20250102,20256,110,5,48,3,2677.14
5007,20250127,25864,118,1,14,5,2974.01
18742,20250215,23114,187,6,2,3,1373.36
4449,20250529,21402,177,7,47,3,487.31
29513,20250129,25952,108,2,17,2,7308.29
17602,20250404,24971,139,2,41,2,6885.88
20638,20250511,23655,178,4,24,3,1471.84
23436,20250606,20729,101,3,10,1,7923.92
6713,20250216,20757,149,3,36,3,4452.22
6268,20250102,25473,114,3,21,1,4303.31
873,20250120,22460,147,8,3,2,622.47
17467,20250619,21650,127,7,16,5,1684.54
14802,20250626,23131,186,4,15,1,3991.39
27585,20250421,23976,122,10,19,1,489.63
20766,20250331,23891,189,9,17,5,1344.52
24356,20250427,23035,177,5,16,5,2164.94
26726,20250227,21906,166,1,30,4,4444.16
1024,20250526,20071,183,4,1,4,963.68
25425,20250429,21112,185,7,28,1,1525.46
24166,20250207,22850,190,7,16,2,837.4
706,20250508,22163,144,8,8,1,800.0
5605,20250429,21151,180,2,48,5,5775.93
16011,20250517,20220,126,4,50,5,1488.11
12288,20250227,20858,174,9,24,5,891.35
14242,20250505,23639,192,10,9,5,939.49
25359,20250513,22320,200,8,31,4,1088.05
14256,20250323,20289,166,4,8,3,2171.67
9621,20250528,21871,197,3,49,4,7350.88
14188,20250513,22755,134,5,23,4,2565.62
20301,20250108,23776,161,9,9,3,1940.55
17820,20250419,23322,149,9,40,5,1423.31
11912,20250428,22693,172,5,23,1,1474.5
5139,20250409,20374,117,1,13,3,2562.5
25759,20250226,24559,193,1,43,1,2785.4
29874,20250116,22503,176,1,27,1,5585.88
10264,20250616,20726,109,9,15,5,994.12
17440,20250217,25732,132,10,42,1,1139.52
19156,20250611,22192,167,9,38,4,1044.48
16149,20250218,24624,129,9,3,2,870.8
19808,20250328,23247,188,6,40,1,3742.68
11239,20250203,24835,171,1,9,3,5852.05
27743,20250612,24382,179,4,31,2,3935.23
5815,20250104,21782,152,7,5,3,693.6
11153,20250102,24416,174,4,46,5,806.74
10952,20250619,20282,183,8,9,3,1744.71
22475,20250504,21109,155,1,26,1,5863.37
22147,20250620,25012,195,10,34,1,1569.46
13578,20250621,22580,150,2,10,4,4471.88
25140,20250427,24786,124,2,48,1,7432.6
27248,20250315,20340,123,4,39,3,1850.86
21667,20250527,22562,183,9,43,1,1067.89
22829,20250420,24637,128,7,8,2,1905.94
26385,20250419,24223,183,7,13,1,1874.4
14215,20250416,22828,173,6,36,5,1550.93
25868,20250516,24803,191,7,49,4,1573.18
14920,20250326,20690,153,6,33,3,2303.1
21292,20250326,23816,158,3,22,5,2398.84
867,20250225,24745,117,2,32,5,7098.8
3223,20250109,24325,140,7,1,4,982.46
16198,20250623,24684,196,3,39,3,6132.56
9393,20250427,22309,109,10,11,5,322.68
27378,20250101,24747,168,3,31,4,2610.58
6603,20250413,20496,115,7,32,2,1381.51
16688,20250301,24698,200,3,43,5,4771.46
29384,20250429,23808,103,8,22,2,1020.41
9193,20250414,24150,106,8,17,2,1102.45
20630,20250109,22448,193,3,28,3,5355.01
8677,20250407,21430,110,4,23,3,1733.16
7176,20250220,24587,146,4,26,5,3213.4
6165,20250521,20981,134,4,8,3,1730.53
8890,20250111,23894,140,6,42,2,3215.82
16005,20250221,20868,187,1,23,5,6270.24
23863,20250418,24362,112,5,44,5,2511.93
4406,20250520,22320,137,6,9,4,2005.58
9527,20250601,24655,114,6,22,2,2878.87
12216,20250517,21977,112,3,20,3,3553.36
21589,20250624,21875,162,4,20,5,990.89
7555,20250414,20885,181,7,41,2,222.61
7086,20250428,25470,126,8,2,4,1650.49
23708,20250607,22606,164,10,31,4,1950.91
14887,20250412,24037,140,8,6,3,942.44
4640,20250309,25215,168,6,4,3,3468.26
5392,20250323,20279,194,1,27,5,7414.7
14481,20250405,20034,130,8,15,3,1711.43
8743,20250506,20275,139,2,2,3,7673.68
2534,20250509,25421,143,3,48,3,6397.86
9227,20250523,23933,101,7,48,5,1699.05
3698,20250120,23165,111,1,41,5,5908.52
26089,20250221,20046,120,5,20,5,3753.07
27896,20250531,22833,162,7,20,2,1860.91
22975,20250531,23610,102,8,25,2,1081.63
21951,20250322,25417,130,9,46,5,1420.16
21218,20250320,21169,195,3,29,4,6357.85
16115,20250221,23287,157,7,3,4,1754.46
24379,20250308,24597,191,3,39,4,7274.25
29495,20250203,20452,103,10,40,1,981.25
20713,20250113,20477,178,8,20,2,786.11
22590,20250316,24541,139,3,43,2,2114.42
23437,20250209,21814,190,2,20,4,5157.8
929,20250403,22640,117,10,39,1,1936.78
6886,20250112,25908,164,9,13,2,1205.38
7101,20250413,22120,144,1,40,5,5855.99
5457,20250211,21784,118,4,9,3,1252.83
9094,20250601,25157,163,4,45,5,3070.6
27305,20250424,20648,120,9,1,1,1093.26
23184,20250122,22299,182,4,5,1,3054.24
17920,20250613,25318,162,3,13,4,2178.37
15874,20250403,21947,172,9,7,1,694.65
9649,20250625,20075,193,7,50,5,985.69
12478,20250121,23959,128,3,43,1,5094.35
19729,20250513,22725,159,1,19,4,4587.63
17182,20250217,22156,149,9,37,4,414.0
3123,20250403,24725,161,5,10,2,1503.88
9301,20250211,21200,160,6,27,1,1103.56
29295,20250220,20761,134,4,39,2,2681.36
5415,20250606,24689,177,5,11,1,3315.31
4385,20250526,24272,179,1,22,5,4549.95
11189,20250307,23899,180,6,27,2,956.58
19272,20250108,20365,116,1,48,4,5780.1
10950,20250614,24154,188,8,42,4,1137.31
19418,20250401,21748,194,10,41,2,1396.6
10084,20250218,21171,195,8,1,3,1256.94
28740,20250217,22037,121,8,20,1,339.57
26311,20250303,25738,180,4,39,5,3931.57
1412,20250128,20560,189,1,12,4,4331.96
11451,20250129,22664,129,6,11,4,3008.83
29848,20250412,23972,133,9,27,5,1414.56
9310,20250426,22567,185,6,5,5,877.14
22844,20250517,23766,134,8,30,2,201.35
15245,20250108,20468,166,1,49,4,3267.36
5750,20250420,23769,172,3,27,2,2187.37
3511,20250102,21312,188,10,18,2,385.89
14146,20250511,21915,187,1,20,2,7042.03
24141,20250428,23100,176,6,48,2,2739.13
29072,20250612,23709,123,10,34,4,1908.48
19265,20250328,20121,163,7,33,4,451.53
21006,20250607,23860,108,4,6,2,3566.83
6945,20250224,24476,159,4,14,1,3329.31
14510,20250121,25181,158,8,41,5,1883.59
2765,20250516,23048,168,10,14,1,263.61
15695,20250308,25848,178,4,15,4,1996.14
16414,20250619,20917,138,2,39,2,2800.34
13111,20250509,21691,174,3,27,4,6253.1
3069,20250421,25571,156,10,42,5,1913.69
19070,20250430,22441,160,9,24,1,1830.08
27098,20250329,25470,171,7,25,4,1152.65
7050,20250323,24673,187,8,35,1,446.86
4470,20250619,22403,174,6,39,5,2400.71
6326,20250212,24952,122,10,42,1,1484.06
11683,20250128,20060,108,10,37,4,487.96
22759,20250507,24567,105,5,27,2,3017.23
12671,20250305,20789,111,6,4,5,2806.95
14065,20250404,24176,189,2,11,2,3733.57
20503,20250318,25913,200,5,26,4,3287.5
4904,20250530,25315,140,7,18,4,1993.86
13558,20250309,24313,134,4,31,4,3655.61
9100,20250515,23527,120,4,27,3,1637.25
5844,20250221,21317,131,5,32,3,2605.21
15802,20250504,21483,131,4,50,3,3818.45
29936,20250526,21509,123,9,42,1,1977.06
12618,20250629,20916,118,10,47,1,951.55
22166,20250621,22069,170,1,28,2,3047.63
8280,20250517,25884,167,9,44,1,1160.99
27895,20250321,22093,103,10,45,2,553.2
29884,20250221,24667,112,8,3,3,843.43
9702,20250405,24200,178,3,30,2,3320.33
18186,20250530,22613,169,3,6,4,3611.39
28721,20250607,24304,133,9,18,4,1249.86
6532,20250308,23301,127,3,31,2,5662.95
5326,20250425,24183,135,8,32,1,673.57
26052,20250305,25248,153,3,9,1,7158.61
6539,20250618,22393,113,9,20,4,1091.08
9580,20250404,25116,108,10,23,2,1451.27
912,20250403,21998,101,4,49,1,3126.06
12168,20250422,25935,175,2,30,5,7704.89
492,20250327,25364,185,9,28,3,1969.74
20339,20250327,20154,119,4,37,1,2683.14
23910,20250409,20956,123,2,33,4,4301.73
16551,20250422,22791,165,8,9,2,807.81
1389,20250101,22455,176,5,4,2,2021.63
20640,20250210,21066,146,8,14,2,1165.1
5860,20250621,20397,198,9,49,4,244.78
17597,20250130,24793,113,9,46,2,1670.08
6647,20250401,22751,182,2,44,1,4524.22
1699,20250226,21560,137,2,26,3,2299.42
17757,20250330,20171,176,3,44,5,3253.67
3299,20250611,20415,119,8,8,1,883.03
4973,20250512,23928,130,9,14,1,350.56
15492,20250111,24711,186,5,14,1,1575.89
17134,20250408,23959,170,3,32,4,2627.52
10841,20250414,24020,132,1,41,5,3088.7
24532,20250604,25520,199,7,49,1,1451.18
24048,20250318,22923,168,9,2,4,349.09
18068,20250615,20056,132,3,22,1,5849.98
16471,20250421,24999,142,8,28,3,1704.79
16868,20250329,21036,106,9,20,1,882.73
21610,20250321,20079,143,9,50,1,865.63
25046,20250523,21644,165,5,48,5,1079.81
9490,20250313,23618,194,6,16,5,1068.3
13631,20250423,25242,101,4,38,1,1378.36
21480,20250327,24889,112,10,13,2,835.02
13495,20250124,23521,193,10,32,2,1633.68
29158,20250423,23747,188,5,31,5,3785.89
12574,20250506,21586,112,6,35,5,2032.65
24581,20250412,22385,157,1,22,3,4937.16
27835,20250608,21070,156,6,28,3,1250.13
11592,20250608,24866,199,10,32,5,1859.94
13686,20250504,25144,190,5,44,1,3216.27
1104,20250121,20098,187,10,12,5,516.13
29603,20250609,23384,168,2,47,4,6524.66
11083,20250417,23849,143,7,1,3,1867.9
26937,20250130,22876,189,8,22,2,1471.63
9135,20250627,25425,177,9,46,3,1250.64
3923,20250306,23029,150,10,29,1,1977.23
21012,20250618,20234,129,10,23,1,1597.81
29721,20250206,25326,198,10,9,1,454.66
14899,20250522,23355,127,8,34,4,758.11
14945,20250321,22052,186,2,19,3,5937.51
11897,20250114,21498,166,5,34,1,2709.37
20805,20250127,24954,143,4,30,5,2224.62
6920,20250603,23471,200,3,26,4,4275.39
24634,20250515,22591,136,3,33,1,2145.13
1476,20250602,23129,140,10,23,4,1619.22
1732,20250112,20400,164,10,23,1,514.47
2541,20250324,21598,192,8,26,1,416.67
27604,20250414,21779,139,6,19,5,878.22
23527,20250624,25548,122,1,29,3,5612.61
25088,20250415,22746,179,8,21,3,1258.25
5712,20250424,20665,106,10,33,1,1250.66
1982,20250207,22120,132,10,29,5,1138.77
23107,20250101,23671,153,1,6,3,6534.96
15394,20250510,22114,103,2,21,3,7500.46
17625,20250528,20264,170,4,25,5,1969.74
2281,20250205,23462,102,5,25,4,855.56
22097,20250524,24457,136,8,20,1,1416.99
25582,20250112,22611,166,9,31,1,947.52
1110,20250218,21953,159,2,50,5,7402.74
7213,20250419,20074,104,8,49,3,1572.72
2719,20250614,24618,155,1,11,5,5745.88
25458,20250418,21597,145,5,50,5,1162.88
20028,20250130,21906,125,2,47,3,6027.46
11525,20250110,22282,135,4,35,2,925.36
2933,20250209,23200,151,9,33,1,680.42
16443,20250521,24918,156,10,25,4,784.12
2509,20250531,25046,106,8,37,4,266.49
8378,20250318,21993,104,4,43,4,1249.04
24186,20250401,23463,173,1,27,3,4159.82
791,20250106,21383,122,4,28,2,3561.74
3821,20250209,22239,191,4,12,3,2016.58
26479,20250312,24095,196,3,6,5,6666.22
24238,20250218,23497,130,9,16,3,1026.78
11503,20250526,22785,141,6,6,3,3048.7
1835,20250121,23616,109,2,34,5,2839.57
25431,20250409,23894,131,7,45,2,1422.99
20045,20250108,25552,190,6,22,4,3549.09
6485,20250511,24482,116,6,48,4,1555.78
16811,20250218,22199,184,2,29,1,5074.52
21894,20250524,21146,193,4,2,5,2427.19
1589,20250620,24356,118,3,45,1,3202.87
6251,20250306,21479,174,10,29,1,813.57
25340,20250425,25564,124,10,18,2,512.89
15840,20250303,24671,187,6,35,2,882.71
5129,20250303,24145,114,7,13,4,618.76
26923,20250525,23958,104,2,6,1,2130.06
22799,20250107,23019,186,8,2,4,1969.81
23693,20250625,20334,115,4,7,3,3071.87
4094,20250308,24388,198,3,1,3,5691.74
27035,20250610,22726,170,3,40,3,7282.67
17901,20250402,22677,146,9,5,2,427.4
16704,20250527,20653,137,6,43,1,3194.0
25694,20250330,20840,119,1,40,2,7611.0
12456,20250103,21275,176,9,3,1,1260.46
20392,20250601,23602,131,8,47,5,1897.21
4570,20250202,21821,113,1,25,2,2702.81
4344,20250222,21927,122,1,31,1,5036.7
26874,20250315,20718,139,4,32,2,3829.95
5785,20250120,21444,111,2,11,4,3060.73
7919,20250324,20231,104,6,49,2,1828.92
23212,20250119,25222,160,1,10,4,6621.0
4105,20250614,25999,156,9,31,4,1501.36
21602,20250203,20145,132,8,31,1,1734.56
29705,20250313,24122,110,2,25,4,7524.22
24790,20250404,21795,182,10,15,4,492.1
5928,20250514,23289,197,9,39,4,420.72
9683,20250330,22500,112,3,16,4,2259.88
8212,20250404,20037,180,1,6,4,4387.69
20445,20250412,25994,157,6,6,4,3760.45
29215,20250217,22120,180,3,47,2,5307.16
26407,20250228,22533,165,1,17,3,2393.19
3266,20250103,23360,158,5,41,1,1128.88
2389,20250603,22460,196,4,1,5,3218.23
2498,20250205,23244,178,2,50,3,4412.92
16271,20250322,25115,142,6,21,1,1934.11
11258,20250508,25705,106,10,13,5,1226.34
12682,20250403,20873,177,2,24,5,7864.14
4204,20250428,21412,150,2,21,1,5861.31
19671,20250427,21339,189,4,16,3,3202.02
15429,20250421,25614,180,3,30,5,2057.19
13545,20250514,25115,176,10,27,5,1136.53
5046,20250316,20018,146,5,4,5,3184.5
5187,20250328,23545,143,5,48,1,935.62
26483,20250303,24739,122,3,1,4,7966.08
28418,20250311,25223,101,8,44,2,343.97
28990,20250603,23127,132,3,34,1,4567.67
7582,20250606,25601,105,7,43,4,452.34
6484,20250328,22056,164,8,32,4,1424.82
26475,20250328,24523,125,10,24,2,1505.37
21354,20250617,20526,113,4,23,3,2535.74
8410,20250226,20114,171,1,41,2,4056.7
47,20250408,22414,155,9,13,5,863.3
15618,20250127,22071,107,9,33,1,240.68
18969,20250216,25086,141,6,35,5,3263.71
14306,20250428,20197,162,8,40,3,1259.59
10190,20250623,24238,196,6,34,1,3916.97
29000,20250617,21761,144,6,22,2,3531.87
29418,20250531,21287,107,1,45,1,3541.38
17384,20250328,24078,123,8,19,4,453.74
3580,20250208,24549,110,7,1,4,581.94
27095,20250302,25348,127,7,1,5,1021.62
12284,20250323,23263,122,5,27,5,3251.06
17093,20250324,21233,198,9,9,4,859.18
10203,20250216,20928,163,9,3,1,1518.96
29747,20250227,20631,172,10,7,5,1600.91
10466,20250219,20790,124,7,8,2,1359.25
26028,20250528,22732,193,7,35,2,1712.03
23067,20250518,21183,151,4,8,3,2157.13
25229,20250203,25448,132,1,48,5,3380.05
17167,20250613,21270,115,6,49,3,1982.99
29723,20250518,22312,140,10,31,1,554.13
244,20250330,25881,129,8,5,1,1724.25
29273,20250201,25358,155,6,19,3,1136.71
24742,20250121,23030,176,2,33,4,5430.87
17117,20250127,25522,160,7,41,3,1244.97
11445,20250216,23250,145,4,16,4,3408.29
22749,20250315,24374,134,3,14,1,2874.61
4422,20250426,25685,124,6,34,4,1734.34
2951,20250625,24485,163,6,32,5,1948.46
24809,20250503,24975,105,10,4,3,1690.45
4029,20250615,21158,117,2,45,2,4605.02
24576,20250102,24573,165,9,12,3,1617.43
1662,20250110,23012,153,4,7,3,1329.95
17958,20250507,22803,128,3,7,5,5284.02
24782,20250518,23952,151,3,22,3,3743.81
16994,20250301,21863,197,10,20,2,1712.18
14688,20250131,24563,107,4,36,1,3319.25
20800,20250519,20103,188,6,34,2,2983.35
24647,20250425,23354,136,4,12,3,3785.61
15288,20250602,20576,134,5,7,4,812.81
10125,20250121,20799,147,5,8,4,3175.55
12229,20250417,25711,166,6,28,4,1450.62
7476,20250209,21973,165,10,44,1,423.8
5805,20250214,22756,179,1,16,1,2772.56
3711,20250227,25993,129,10,26,4,238.32
24103,20250409,20444,163,8,34,4,1010.17
3032,20250428,23544,155,5,45,4,2212.93
1938,20250522,23095,130,2,33,1,2484.61
5454,20250316,22339,150,9,36,2,1370.95
7999,20250602,23881,108,6,6,3,2991.33
25180,20250603,21174,108,6,45,3,3798.46
17776,20250322,20527,111,6,50,3,3154.38
29517,20250215,24744,155,2,25,5,7680.97
29659,20250404,24251,159,7,18,4,1237.23
26454,20250628,23563,188,8,36,5,1356.46
21483,20250528,24170,151,2,17,3,5277.26
10856,20250327,20286,151,4,43,1,1379.11
28235,20250422,21914,124,1,8,3,7288.96
10040,20250416,22990,118,10,5,3,986.61
1283,20250322,25523,116,10,27,2,531.42
15462,20250513,22796,107,6,42,1,3281.41
4352,20250601,25947,133,10,22,5,1903.87
7648,20250106,20720,200,3,27,5,7056.54
26256,20250626,25007,134,9,26,4,1569.84
3844,20250404,25366,179,8,23,3,1739.91
21784,20250516,23553,151,7,39,3,1295.43
5825,20250419,20537,105,2,35,3,4625.21
21131,20250416,22725,179,5,17,1,1725.27
12591,20250515,20221,149,8,22,5,1100.02
5116,20250623,24564,182,2,20,5,3856.55
13587,20250318,21679,143,10,28,5,1983.21
22561,20250226,25068,130,3,44,4,5232.32
7574,20250219,20358,107,8,10,1,1230.2
17522,20250117,20884,178,4,30,4,1542.35
7614,20250209,25703,179,1,34,2,4357.48
11292,20250620,24950,164,4,28,2,2214.44
18427,20250315,22600,117,5,50,1,3102.72
19960,20250106,25154,154,7,49,5,1468.38
16557,20250125,22297,132,4,44,3,1336.01
12703,20250110,25564,154,3,45,1,2843.43
11062,20250202,20859,178,4,1,2,3124.43
6146,20250106,24218,119,6,15,5,3655.96
11283,20250205,24561,151,6,47,1,2084.99
4373,20250611,20471,175,7,19,1,1673.34
9876,20250104,25847,120,1,25,4,5150.62
19296,20250622,20990,106,8,25,1,1174.82
25289,20250625,22409,143,3,9,1,4320.06
23792,20250217,24963,114,3,17,1,4152.68
23668,20250428,20222,148,4,21,3,1995.83
5283,20250321,23459,135,5,41,2,3618.1
5215,20250418,20559,160,5,2,5,2069.74
53,20250330,22762,122,7,21,2,1186.16
19356,20250403,24908,112,3,22,4,5074.41
17445,20250319,21180,119,1,22,4,7362.05
3354,20250320,22306,177,1,17,1,3823.18
24972,20250206,21736,187,1,27,2,6034.05
25104,20250615,25372,101,6,45,5,3520.11
23335,20250313,21989,198,1,34,5,2735.2
18755,20250128,22237,195,1,31,4,2640.03
26788,20250531,25427,105,2,21,1,7541.98
14447,20250130,23337,191,10,47,4,1452.42
17320,20250420,25755,198,9,43,3,1144.5
19978,20250217,22041,176,2,3,4,6383.9
6789,20250429,20153,150,5,18,5,1776.09
10009,20250621,21055,196,6,39,4,1123.34
1599,20250328,24848,106,2,16,1,4019.26
21991,20250409,23275,167,7,19,4,1515.38
5728,20250515,20982,120,10,48,1,503.78
211,20250606,25927,188,5,25,5,930.21
12012,20250226,24425,127,10,29,4,841.57
23503,20250415,23282,169,9,34,2,1820.42
24460,20250207,23116,120,4,2,4,1131.48
19176,20250504,24910,135,9,24,4,1891.56
2141,20250204,23954,119,9,35,2,1013.95
4304,20250417,22752,131,8,4,1,1259.91
11454,20250312,24121,144,8,24,1,1604.12
14576,20250327,25604,104,7,33,3,974.23
6396,20250612,24705,182,10,40,4,978.08
10386,20250623,25471,170,2,29,3,6539.91
22569,20250103,24636,135,1,19,1,6745.78
14754,20250222,25727,164,7,49,5,1112.87
24076,20250125,24350,160,1,30,3,5628.79
17787,20250114,22298,116,1,42,3,7614.45
14404,20250616,20707,198,9,17,2,462.05
502,20250101,22300,193,9,30,5,1076.35
23010,20250212,25972,175,9,45,2,1949.33
16993,20250521,20440,142,4,37,1,2482.99
12543,20250208,23971,129,6,14,3,1641.81
16419,20250628,23109,131,5,28,5,1655.26
27951,20250131,22708,102,9,17,4,1599.09
17006,20250203,21578,155,10,46,5,957.15
9988,20250223,23924,145,7,24,5,866.39
26915,20250320,23542,166,5,5,5,1454.96
16651,20250621,22417,200,1,1,5,7729.55
17928,20250416,22435,101,6,4,2,2953.31
8714,20250513,22700,182,6,36,4,2094.01
29124,20250416,25808,130,1,21,1,3137.67
19982,20250322,25599,116,6,17,4,3589.67
10060,20250131,23404,168,10,18,5,1701.71
7452,20250214,24452,112,5,31,4,1020.91
26457,20250328,21425,140,8,6,1,886.58
24408,20250624,25363,143,1,4,1,4566.29
9321,20250221,20318,121,8,34,4,1705.2
21369,20250426,25605,127,8,14,2,1526.15
4914,20250311,24073,110,8,49,3,960.66
19508,20250101,25481,115,1,42,2,2626.75
24241,20250223,21941,117,7,7,4,974.29
6224,20250324,22458,160,1,10,1,6335.92
5237,20250506,21703,142,3,7,1,6002.15
29732,20250325,20983,112,3,23,1,4750.12
18732,20250420,22859,105,6,26,5,3016.47
4121,20250211,22764,139,2,45,4,2198.39
29357,20250629,20812,105,10,47,3,257.71
28916,20250401,21282,175,2,23,2,6957.64
5658,20250317,24556,197,3,29,5,7292.16
3194,20250515,21207,126,1,13,1,7058.81
21291,20250428,25886,158,3,44,5,6381.69
24522,20250226,20983,109,5,6,2,3537.88
3163,20250325,20022,157,9,11,3,496.3
11968,20250520,20555,193,5,34,5,1713.21
8942,20250531,23113,190,1,4,4,5583.71
11190,20250425,24327,179,7,32,4,440.18
26146,20250626,20946,171,4,43,1,3397.39
12918,20250114,23117,106,5,50,4,2416.35
1739,20250116,25711,149,2,17,4,5669.8
14009,20250302,24665,146,8,6,4,531.01
8619,20250422,21264,169,2,25,5,7844.3
13163,20250114,23829,174,5,46,4,836.23
11316,20250509,24880,186,3,8,4,5077.49
9699,20250221,22418,102,10,23,1,1603.89
20834,20250116,23395,111,9,39,4,722.69
19473,20250223,20160,130,6,31,4,1158.64
13886,20250412,23268,108,7,19,3,670.73
10063,20250614,25518,183,8,18,5,857.19
11914,20250208,23404,184,6,45,3,2949.33
29238,20250318,21780,102,1,19,4,5863.55
25240,20250521,21767,139,9,43,2,1143.16
29788,20250127,21842,119,5,48,2,3300.67
14898,20250409,22903,172,1,2,1,6950.01
9873,20250515,23615,155,10,39,5,310.75
19807,20250113,21197,139,2,5,2,4174.97
9402,20250214,20407,167,8,37,3,511.41
6949,20250320,23031,118,1,3,4,5300.56
24376,20250416,23953,152,4,9,1,2207.99
28009,20250103,25436,169,5,23,1,1470.85
12403,20250223,22324,170,2,11,4,6634.77
7654,20250507,20677,153,3,5,4,4612.69
28676,20250202,25122,177,9,47,5,767.2
26388,20250325,25497,179,6,46,5,1595.14
2961,20250127,22037,162,5,1,5,1463.04
6434,20250204,20839,151,1,22,5,6584.21
18725,20250328,22011,158,6,7,1,2020.43
20283,20250623,23724,124,6,25,5,3176.38
7210,20250102,20983,167,10,49,4,1119.89
13316,20250406,20191,193,8,42,3,1858.23
23589,20250606,20670,160,5,44,3,2562.05
3830,20250309,21103,106,9,44,2,225.85
2843,20250110,21157,153,1,42,2,3738.22
3054,20250507,23826,188,6,34,3,1516.59
6731,20250509,25783,174,1,24,2,3681.03
11512,20250331,21759,149,10,10,4,1588.63
13062,20250423,23702,200,9,16,1,1838.04
17548,20250313,24337,166,8,19,2,1453.12
25748,20250113,23536,139,7,2,3,1921.71
12260,20250317,25641,128,8,3,4,781.59
9085,20250320,25786,150,5,39,1,1736.07
15054,20250526,20102,119,6,19,3,1095.25
15031,20250628,22467,152,3,13,2,3117.61
11629,20250505,22692,161,2,33,4,7929.44
17898,20250618,24932,159,8,36,4,1699.58
15839,20250416,25030,173,3,10,5,5948.08
27651,20250525,21237,114,2,29,5,3165.25
8659,20250605,23371,111,6,14,4,1025.66
3428,20250304,21152,164,5,21,5,1368.75
14005,20250519,25961,180,4,46,3,3148.49
15738,20250424,22971,146,6,7,3,1928.48
14836,20250617,24836,144,9,19,2,1378.17
26572,20250219,25859,161,2,17,3,5205.99
27449,20250601,25001,125,3,27,4,5463.76
20986,20250318,24082,126,8,29,2,1645.86
3173,20250207,23135,172,7,37,5,1460.28
25474,20250422,21846,142,3,37,2,2002.81
28654,20250425,23410,150,8,45,3,1726.29
9170,20250518,25372,146,4,6,1,1819.7
3930,20250403,24673,145,6,4,5,2596.46
16834,20250317,24428,168,7,13,3,1699.92
6249,20250428,23965,180,2,3,3,2853.43
18598,20250424,22006,125,2,49,2,7523.95
2062,20250128,22361,160,5,7,2,2583.73
2565,20250327,23050,118,7,27,1,733.9
23787,20250201,23853,155,2,29,5,6336.91
14406,20250206,23796,174,2,32,5,4919.4
17247,20250403,23422,121,4,22,3,1957.13
29428,20250405,24445,157,3,33,2,7195.97
23833,20250225,21303,130,8,3,5,438.1
1967,20250102,24815,144,6,37,1,3838.38
23091,20250224,24938,169,3,21,3,3131.83
21314,20250305,21603,142,9,29,4,1829.61
5097,20250217,21292,165,7,30,5,1127.78
2901,20250414,20732,160,2,2,4,7598.84
1691,20250303,22990,125,4,37,2,3392.62
18522,20250101,20745,118,1,46,1,5589.93
4414,20250208,20819,181,8,35,2,399.86
507,20250508,23464,137,10,2,3,1467.87
2044,20250218,24424,185,3,30,2,7020.11
19591,20250414,22157,126,7,14,4,898.36
23168,20250328,24127,199,8,42,3,1231.24
16720,20250410,25800,186,1,41,5,4301.6
17496,20250117,21352,165,5,17,3,2168.26
11289,20250527,23163,124,5,50,2,1352.1
6405,20250419,24792,112,2,41,3,7947.1
26639,20250110,22630,114,1,32,4,6585.36
24075,20250101,21827,140,6,9,3,2934.56
15421,20250322,23188,175,2,39,4,6364.98
6187,20250421,20536,175,1,6,4,2538.91
21821,20250323,21383,160,3,4,1,2981.82
10644,20250627,25225,106,2,30,4,6166.04
18981,20250410,22095,173,2,2,4,2874.99
20318,20250506,24373,197,4,44,2,3647.77
26759,20250527,20019,168,3,35,5,3552.15
7787,20250325,25197,162,6,7,3,3129.51
20823,20250525,23769,160,10,22,4,727.78
29039,20250615,23624,101,4,6,2,2685.06
13996,20250629,20203,191,3,33,1,7822.59
1570,20250420,22190,106,2,32,1,7318.69
23309,20250603,21922,158,2,40,2,5905.33
24358,20250224,20682,170,2,1,5,4145.6
25311,20250424,22310,154,6,30,3,1315.06
16503,20250429,21118,148,6,31,2,2750.78
28698,20250324,24088,116,2,35,1,2484.68
13067,20250213,25582,149,9,2,2,1408.2
11770,20250610,21940,166,1,1,3,4100.97
22566,20250219,21337,103,1,50,4,4287.37
9713,20250107,22204,106,9,27,2,789.74
14875,20250203,24834,183,2,33,1,4608.66
6742,20250204,20983,140,5,26,1,3011.78
13318,20250607,24284,106,1,30,5,7714.66
1267,20250102,20707,112,1,39,4,2053.2
12837,20250508,24066,181,5,37,4,1945.07
1303,20250524,24592,116,1,41,2,2339.04
25559,20250305,25293,129,1,50,3,2210.46
18041,20250402,25407,200,6,33,1,3709.85
26602,20250317,22648,152,2,15,4,6191.32
1969,20250316,25548,151,7,9,4,942.14
19805,20250122,21554,148,4,34,2,2183.08
14245,20250106,25188,200,7,38,2,722.66
3116,20250308,21188,196,10,26,4,1951.26
3640,20250413,24298,155,5,40,4,2825.55
1963,20250314,20550,160,1,22,1,7315.94
11926,20250226,25753,116,3,19,2,3614.43
22198,20250127,20934,146,3,15,4,2217.68
6463,20250207,25986,138,8,6,1,296.27
9444,20250626,23559,178,3,2,2,3503.85
1048,20250130,23853,133,1,5,2,2245.73
20889,20250110,20220,147,1,5,1,3674.6
17497,20250104,23530,105,7,21,2,1509.05
11417,20250304,24888,110,4,7,3,3930.49
27810,20250130,24282,184,1,45,3,2022.31
22876,20250326,22245,191,7,34,5,1471.36
29852,20250507,20248,181,4,17,1,3535.49
6389,20250501,25269,117,10,34,1,1890.73
1759,20250415,24390,149,4,30,1,2645.18
11434,20250518,23275,180,8,32,1,1708.15
29543,20250523,22434,152,9,16,1,416.1
8732,20250123,25723,197,9,14,2,588.53
12399,20250211,23989,195,4,46,2,1941.65
22719,20250107,20334,184,6,11,4,2450.49
25466,20250526,22320,138,8,41,4,1130.17
10822,20250602,23138,126,6,27,1,3079.89
22201,20250330,22465,177,8,8,2,1701.97
17225,20250115,20004,125,2,14,5,3119.6
24931,20250320,21189,121,9,24,3,1288.55
6481,20250127,23635,113,3,1,5,5800.43
14751,20250527,20149,172,6,36,5,3361.54
12921,20250326,24924,107,9,20,4,441.62
9756,20250425,23369,167,7,28,5,1226.3
19886,20250303,24499,136,3,36,5,2199.48
27812,20250228,21789,149,2,35,4,6571.36
22870,20250228,23934,153,5,32,4,1107.36
15603,20250502,25137,196,1,5,1,2120.5
13582,20250601,25568,123,1,13,4,2494.72
21553,20250513,21141,194,10,29,2,872.92
29950,20250413,23813,150,8,43,4,1901.29
6758,20250112,25494,132,4,10,3,1215.47
2755,20250319,20059,164,9,22,3,1408.26
16430,20250209,24636,106,10,3,4,566.52
7421,20250116,21500,167,5,34,3,1462.8
981,20250103,23702,118,1,9,2,3258.82
26019,20250511,22799,105,8,23,3,1278.94
18404,20250629,25358,152,6,26,2,3938.49
8635,20250314,22371,107,10,37,1,381.44
335,20250428,23565,200,8,31,1,592.1
14728,20250518,20660,171,4,28,3,1124.27
17542,20250527,23863,149,10,1,5,229.86
25823,20250320,20392,149,1,32,3,6681.5
21962,20250420,23357,190,3,39,5,5604.38
23663,20250331,20166,138,10,15,3,1226.42
8640,20250125,23421,136,1,44,4,6814.22
28032,20250412,24948,169,6,9,2,2800.33
22651,20250408,24803,162,4,30,3,2070.65
14764,20250320,21511,133,4,40,3,3245.25
9267,20250210,24762,180,7,15,2,1248.32
10715,20250217,23279,189,2,20,5,5523.11
4348,20250220,22853,134,4,29,1,3775.25
23144,20250531,22074,189,3,22,5,3785.07
19262,20250514,20549,162,7,3,1,973.97
22714,20250316,21392,185,9,27,1,1922.03
275,20250214,23154,184,3,46,4,6874.32
10366,20250112,22909,112,10,24,5,1580.33
12120,20250219,24271,199,7,38,3,278.66
5524,20250218,20703,151,4,31,5,3790.17
25275,20250623,24561,113,10,36,3,877.1
28856,20250604,21217,149,6,27,3,1440.64
10728,20250129,20803,159,7,50,4,1576.66
17266,20250625,23458,101,10,17,3,1414.31
22544,20250616,25797,109,8,13,2,615.88
5473,20250203,23520,115,9,23,2,650.58
18599,20250520,20147,127,5,43,4,2017.17
21091,20250117,21872,177,5,48,1,2963.91
12407,20250108,24983,102,4,13,3,2746.49
17069,20250320,25114,184,2,39,3,2712.43
20312,20250623,23677,152,3,31,2,2300.74
20019,20250205,20525,116,6,37,4,2517.51
4992,20250428,22912,151,5,24,3,2792.55
1397,20250101,20213,122,9,38,3,764.83
12433,20250316,23361,187,4,13,2,2052.74
15278,20250529,24118,141,3,38,3,3109.13
11334,20250530,23505,130,6,6,5,2710.52
17220,20250523,20631,139,7,9,1,615.92
21505,20250620,23513,174,8,47,3,663.06
20821,20250107,22124,169,1,4,3,2574.87
6071,20250310,22052,120,9,22,2,566.21
9062,20250615,22325,200,10,33,4,1686.51
658,20250212,22641,121,5,25,1,2805.19
8506,20250327,22981,153,3,8,3,7738.09
28815,20250607,25290,158,8,29,3,391.8
6903,20250116,25356,134,3,11,4,5141.29
24419,20250520,23782,114,6,16,3,1630.21
1435,20250410,24955,111,5,39,3,2253.25
18125,20250324,23819,126,4,35,4,1678.95
8864,20250306,22354,109,7,34,3,463.96
6129,20250615,24000,191,8,34,3,869.56
29894,20250129,21171,148,6,11,2,2688.68
944,20250510,21551,141,10,41,5,629.72
7487,20250528,25814,119,9,19,2,1552.79
3929,20250109,24746,182,1,48,3,4042.07
9385,20250202,20481,138,10,34,1,1109.28
11192,20250619,24568,110,9,37,2,1302.69
19312,20250102,24399,158,8,28,4,456.4
20157,20250327,23199,108,4,2,2,2881.0
29673,20250518,25774,153,10,6,2,510.13
26395,20250430,22887,111,2,45,2,5074.05
17796,20250524,23753,181,5,20,4,1301.27
5222,20250508,23056,156,8,10,2,1812.76
11718,20250221,23346,124,5,31,3,3110.0
20628,20250322,24595,199,8,47,5,296.62
3579,20250404,22617,161,6,20,5,2234.59
8529,20250503,25158,169,7,30,3,558.23
13310,20250327,20260,123,9,31,3,1402.38
21923,20250319,25308,175,6,22,5,3241.48
906,20250119,23624,114,2,37,4,7589.46
7841,20250305,25117,132,6,3,1,2100.44
2618,20250105,21094,196,6,25,5,3576.15
24337,20250316,22488,187,10,11,3,641.39
6952,20250106,24860,166,4,17,3,3935.76
11404,20250626,20309,107,7,29,2,759.58
8970,20250629,25706,110,5,10,2,1597.64
21485,20250617,24537,107,2,38,5,5705.59
11582,20250626,24481,115,1,2,4,2220.74
21888,20250104,25568,180,3,20,5,4771.81
9927,20250317,20766,198,3,12,3,4907.47
18791,20250618,22027,199,10,16,2,1723.7
3059,20250516,20508,162,7,40,5,1303.49
28663,20250222,25529,200,3,35,4,3559.99
8145,20250227,25218,159,1,32,2,2421.01
17449,20250326,21812,189,8,17,3,1675.78
16747,20250623,20154,116,8,17,1,1473.4
22772,20250410,25586,162,1,21,1,3519.63
22391,20250530,23077,109,4,4,3,1787.53
15819,20250311,23215,160,10,5,3,320.45
16738,20250513,25513,130,5,36,2,1709.69
28437,20250314,21405,163,10,34,5,1886.5
6889,20250323,25656,125,1,30,3,6758.22
16604,20250525,21142,162,10,29,5,1005.14
4603,20250507,25505,168,9,21,1,660.47
15484,20250203,20988,155,3,1,1,6041.95
6825,20250303,22036,184,10,24,2,923.84
331,20250328,20527,158,10,14,2,427.71
25444,20250228,25205,114,9,31,1,1252.14
19698,20250610,22215,127,6,39,3,1399.54
11816,20250311,20295,143,6,49,3,1949.05
28100,20250105,25565,101,6,3,2,1512.29
20258,20250113,23909,131,10,43,3,1018.71
14243,20250515,22416,134,2,13,4,5290.67
22998,20250104,22336,194,2,47,4,6166.16
15080,20250416,23945,156,4,38,3,3999.48
2287,20250403,24156,180,3,14,4,3373.34
29204,20250212,23431,177,9,19,1,681.69
23596,20250329,23201,113,7,5,1,1138.02
20169,20250302,20155,192,3,12,1,3265.87
10959,20250626,23932,181,2,4,2,3844.98
4297,20250522,23630,143,9,31,4,663.04
4750,20250607,23776,138,2,37,2,3237.36
12711,20250602,25148,133,6,26,1,3226.71
23468,20250321,20434,198,1,24,2,6778.95
21869,20250518,21501,148,9,33,1,394.0
1183,20250303,25550,179,7,17,3,1804.1
4773,20250125,20275,195,8,44,5,660.66
29742,20250223,21705,107,10,13,3,1228.66
20957,20250524,24756,121,6,11,3,3262.28
12987,20250414,20505,141,3,29,5,7979.06
5536,20250603,23804,106,3,41,2,2353.55
11583,20250214,23552,184,5,48,1,3692.08
9392,20250422,23149,123,10,37,1,1565.28
24471,20250501,23013,158,4,13,1,1837.59
7793,20250208,24220,171,10,22,3,206.35
27295,20250528,21949,103,6,27,5,1963.16
16681,20250509,23226,105,1,5,2,6995.42
14619,20250608,23699,200,8,34,2,1335.86
3549,20250214,20351,157,4,11,3,3828.55
26757,20250325,21272,160,5,14,4,3205.29
28248,20250322,23103,118,4,35,3,2287.27
23835,20250225,24857,194,9,36,4,338.83
5438,20250210,25302,103,9,24,1,376.42
20062,20250629,25855,188,2,16,4,3405.24
12537,20250405,24318,155,3,14,4,3263.17
21003,20250607,24487,143,10,16,1,869.45
12585,20250125,21428,189,6,43,5,1477.44
12595,20250504,23649,177,5,11,3,1082.68
10134,20250211,22713,158,4,6,4,1200.53
22268,20250221,22561,168,5,30,4,1095.43
11069,20250112,24639,197,7,27,3,943.14
17557,20250405,22735,149,8,13,5,1142.51
10497,20250417,22417,178,7,16,2,998.47
21968,20250108,24096,187,10,21,5,692.06
3395,20250423,24835,176,2,35,4,3418.22
21252,20250525,22879,120,6,22,1,1714.21
22543,20250622,25656,136,1,5,4,7280.75
10002,20250312,20066,136,3,10,5,3645.74
6441,20250210,23917,130,1,8,1,6631.02
5041,20250514,22453,127,4,17,2,3963.7
5599,20250308,23716,134,6,38,1,2987.94
22686,20250514,22061,163,2,18,1,3619.85
8296,20250421,22325,177,2,31,2,7068.0
17244,20250301,25782,131,4,20,3,2176.09
15985,20250317,20385,199,5,34,5,2623.13
5573,20250309,25515,112,6,9,3,1875.9
29256,20250402,24702,170,3,20,1,3637.43
28529,20250110,20812,164,5,45,1,3685.78
22040,20250209,20380,152,6,42,2,1163.77
9947,20250122,23811,145,10,28,1,548.77
26332,20250325,23854,159,9,22,5,1152.33
23813,20250614,24343,183,6,10,5,2274.18
1665,20250405,21125,107,8,16,3,1487.65
21780,20250611,21312,146,10,4,1,745.56
29551,20250416,20680,164,4,44,1,1842.07
23704,20250608,21138,121,2,10,5,7355.38
23240,20250622,20787,123,10,1,2,1229.55
27487,20250411,23612,118,5,35,5,3421.82
22086,20250311,24189,128,1,41,3,2355.01
6880,20250515,25241,117,3,5,4,4412.07
17035,20250517,25310,118,9,29,4,1766.2
12742,20250414,21004,185,1,23,5,3012.59
8911,20250315,21179,151,8,40,5,1823.28
4784,20250606,20444,149,7,38,2,320.67
25916,20250303,21189,127,10,12,4,1771.73
10877,20250428,24814,190,3,14,3,2886.4
8162,20250103,25793,135,5,28,4,2979.92
12844,20250220,21608,196,6,18,3,2180.33
21097,20250615,20522,110,3,49,3,4512.69
27801,20250628,22582,145,5,32,2,3197.92
5926,20250412,20644,113,6,46,3,875.47
14354,20250423,24255,193,7,28,5,1519.51
7327,20250316,22641,196,6,5,4,3160.12
289,20250626,22763,169,7,3,3,1994.27
3526,20250413,25863,124,5,36,5,1709.86
27658,20250210,25276,155,6,5,1,1599.26
7781,20250226,25571,149,2,35,4,7086.23
14725,20250201,25967,175,9,21,4,623.56
25984,20250201,20338,158,5,29,3,1799.35
23346,20250114,22390,146,3,39,4,5157.84
122,20250301,20679,150,4,42,4,1237.49
11962,20250418,23932,182,4,20,1,2585.16
2715,20250330,20005,124,10,14,4,1864.77
891,20250529,25026,168,5,29,1,2778.36
1244,20250628,24438,189,5,34,5,1713.01
14543,20250426,24879,115,10,22,1,1524.13
27770,20250613,25124,163,8,5,1,343.45
19867,20250112,21186,193,5,9,5,2884.27
17674,20250217,23287,193,10,6,4,489.18
18603,20250122,23960,137,5,42,5,2622.0
9173,20250416,20057,143,6,45,5,2168.37
7569,20250213,20335,107,8,7,2,1402.44
28628,20250120,21355,183,9,41,3,1976.3
5534,20250416,24237,171,2,33,1,6758.29
15182,20250525,24528,185,1,45,4,3907.99
21346,20250418,22708,127,7,18,3,1249.28
15378,20250530,21792,161,3,17,4,6596.87
17502,20250417,25540,101,4,48,5,3846.06
28550,20250326,22681,194,3,26,1,4945.32
9247,20250420,20708,185,7,40,5,251.54
703,20250313,21839,140,1,21,5,2056.34
11627,20250426,20080,111,4,50,3,3515.41
13054,20250430,25707,116,2,34,1,4627.83
5689,20250208,21078,197,3,50,2,5430.27
13928,20250227,25215,172,3,42,2,5492.3
7376,20250103,25908,160,8,42,5,1165.45
18673,20250120,24058,151,10,10,4,1708.72
24449,20250509,21952,132,9,44,3,1923.16
27052,20250514,20828,188,7,28,4,433.31
22124,20250210,24116,128,8,6,5,1631.82
13358,20250604,23385,113,8,48,5,893.24
4480,20250514,21704,134,10,44,3,1083.35
26328,20250123,24725,165,10,3,3,1834.26
12365,20250626,25507,176,10,47,4,379.9
26399,20250526,22886,110,3,50,4,4517.1
1036,20250424,25343,186,4,7,4,981.73
16762,20250401,24430,198,2,40,3,5721.13
28768,20250129,21639,183,3,43,4,2504.18
27908,20250106,20989,152,10,39,1,679.88
21817,20250617,22153,188,10,26,1,764.12
23209,20250412,21861,116,8,44,2,1802.19
3708,20250517,25899,106,8,47,1,1317.18
7108,20250530,22408,135,5,9,2,3773.05
29305,20250204,22663,152,6,29,1,3442.97
11728,20250530,21721,114,1,40,5,5944.1
10022,20250328,23083,103,8,39,1,1800.43
26263,20250509,21372,172,2,42,5,5553.07
20142,20250124,21009,104,9,30,2,328.76
6917,20250114,24103,165,2,33,1,5763.95
14418,20250404,23111,120,1,9,5,4225.53
24388,20250520,21559,145,7,35,4,870.74
11401,20250502,23002,175,10,23,2,382.16
17352,20250424,20014,139,4,3,2,1662.5
16526,20250422,21426,198,6,19,4,1690.53
14314,20250115,25308,132,8,37,3,1369.26
16216,20250416,21300,177,9,39,3,524.46
17500,20250223,23712,104,8,43,3,1741.73
9812,20250329,21074,191,2,9,1,3451.58
21124,20250327,22082,192,2,20,1,7552.34
7653,20250405,21912,136,7,2,1,851.0
26622,20250510,23038,161,5,16,5,2073.86
10017,20250313,24142,114,8,46,4,1951.49
8481,20250107,23712,146,3,10,1,2158.34
13621,20250225,25577,186,10,22,3,1154.37
29855,20250610,21363,152,3,37,1,5460.86
2902,20250110,20929,114,2,44,2,3237.78
7601,20250128,25079,134,5,47,3,3619.6
11248,20250116,23133,136,6,45,5,1722.74
4439,20250120,20214,127,9,12,1,633.98
19196,20250218,22895,120,7,22,3,1502.11
18879,20250426,21380,104,9,26,5,688.19
3489,20250131,20068,119,3,34,3,5087.85
716,20250308,25614,149,1,34,3,5653.13
6935,20250101,22300,155,3,25,1,7509.1
6135,20250208,20047,145,10,24,1,1409.12
11161,20250131,25656,138,10,44,3,1257.2
29812,20250514,21188,186,3,39,4,6509.15
12194,20250425,21215,165,2,46,5,2585.55
21789,20250625,20147,132,5,8,2,1200.08
5305,20250613,22520,173,7,32,1,1956.55
21027,20250429,25327,124,1,2,1,5286.76
1449,20250228,22708,126,6,50,1,3706.22
9148,20250509,22592,105,4,29,5,2295.55
402,20250201,21255,162,10,18,2,1186.69
14601,20250523,23610,179,5,16,1,3755.41
27922,20250609,21542,104,2,42,4,4139.84
18653,20250410,25120,143,8,47,1,1529.6
16696,20250520,25549,154,3,17,2,6093.08
29475,20250118,22113,174,4,36,3,1086.19
6657,20250528,25697,111,10,15,1,966.72
3397,20250521,20617,123,9,46,2,1883.05
16975,20250414,24126,184,1,11,5,6960.76
8371,20250403,23429,125,6,12,3,2568.49
12408,20250212,25129,173,6,30,1,3359.02
23786,20250617,20364,130,4,33,5,2880.66
9732,20250310,20898,156,6,16,1,3838.29
23073,20250224,23509,120,6,34,1,3582.91
24083,20250628,23878,126,10,1,4,1535.93
11944,20250510,23691,149,6,43,4,1227.52
15571,20250604,25069,196,7,27,4,663.39
4786,20250507,25494,167,4,26,4,3834.42
28152,20250304,23263,180,5,12,4,2076.13
13011,20250127,23207,158,4,27,5,2299.1
21243,20250228,23128,158,8,29,4,560.57
28844,20250626,21352,149,6,40,4,2512.56
3793,20250601,23829,149,4,42,4,3593.92
12634,20250208,24651,120,7,20,1,1276.83
8869,20250604,21100,195,5,34,2,2671.55
16934,20250206,23205,129,1,36,1,5451.06
16399,20250519,24956,183,8,44,5,1546.36
15481,20250314,21997,101,8,42,2,1672.77
22612,20250516,24320,151,5,46,4,2349.3
24948,20250204,20373,101,7,45,4,499.89
13627,20250313,22418,187,8,17,4,1414.82
28869,20250628,25602,178,7,44,4,1819.1
13484,20250519,20765,187,1,23,3,7764.94
29601,20250509,22251,153,1,29,3,6315.17
10994,20250621,21664,135,2,3,4,6767.23
4878,20250602,25551,102,9,8,4,879.21
22512,20250611,25127,102,10,7,3,1932.94
10580,20250210,24827,158,4,39,4,1067.43
24638,20250614,25476,166,3,4,3,2002.13
25734,20250323,21016,187,10,49,4,734.74
14443,20250116,23130,110,4,40,4,1595.7
28557,20250115,22309,161,3,10,1,3706.99
18630,20250301,23640,184,9,30,3,555.73
7786,20250205,25842,194,9,34,2,1848.73
9288,20250522,20253,160,5,11,4,3935.45
20279,20250527,20641,116,10,21,5,1570.22
17591,20250301,22521,154,2,8,2,7804.95
22297,20250109,25948,168,10,17,3,377.71
29519,20250425,22624,177,3,23,1,3632.46
25543,20250622,21103,188,6,28,3,1484.96
1511,20250602,20598,175,2,23,2,4913.16
23132,20250228,21876,135,5,15,2,3377.87
4340,20250128,25871,176,3,31,2,7802.38
23386,20250627,20177,195,9,26,4,497.27
2120,20250304,25573,198,5,42,5,3646.38
25764,20250514,24082,183,2,29,2,5892.77
29293,20250511,25990,185,6,27,4,1617.93
8762,20250319,21498,127,5,24,5,1365.05
7114,20250117,20110,193,9,22,5,1406.59
24203,20250331,23146,160,9,12,2,1644.69
11176,20250203,21367,186,2,5,2,3260.96
18153,20250401,24683,164,1,11,5,4434.76
14417,20250301,21247,152,7,27,2,1944.96
29869,20250408,20109,153,3,3,3,5151.73
4845,20250422,24412,114,8,25,3,578.71
21047,20250502,20191,110,3,39,5,2884.92
200,20250520,23827,125,4,1,5,814.14
14170,20250515,20744,177,5,2,5,3230.34
3456,20250407,22852,114,3,39,5,2013.14
5980,20250529,22553,120,8,35,2,1736.23
12093,20250625,24196,125,8,25,3,861.87
5571,20250211,20788,156,4,49,5,3983.19
3593,20250315,20885,138,9,41,1,1200.75
20641,20250329,21107,137,2,11,2,5105.76
1338,20250313,23008,152,9,41,1,578.98
12463,20250629,21474,123,4,2,2,3242.24
7828,20250515,22775,145,3,8,3,3055.8
6836,20250216,21527,165,6,33,4,2547.82
4820,20250213,25298,157,1,37,4,2008.67
12691,20250119,23886,163,9,9,2,1179.02
21269,20250326,24700,103,8,11,3,1776.27
10218,20250111,25174,200,10,31,3,377.55
10782,20250129,21462,162,1,31,4,7251.25
18066,20250523,20811,156,3,1,1,5103.78
7031,20250529,24639,195,8,12,4,1230.15
4071,20250329,20616,157,7,34,2,743.12
1946,20250423,21353,109,7,17,2,202.55
9903,20250411,20003,118,5,42,2,2712.28
4247,20250127,22148,114,2,10,4,4909.6
15430,20250314,24355,173,8,41,5,1617.81
14504,20250114,25346,104,8,34,5,1282.22
4451,20250223,23597,155,8,13,4,856.06
13476,20250315,22507,194,6,26,2,914.91
2773,20250610,24429,141,9,21,5,316.45
28039,20250218,23832,173,2,45,1,5032.62
28992,20250416,25617,117,1,7,3,5420.69
6635,20250517,20592,121,6,13,4,3800.53
9905,20250325,22753,121,10,26,1,1175.4
12594,20250121,20657,144,4,24,2,1907.15
1415,20250522,23536,107,3,42,1,2661.0
16184,20250120,25317,113,9,49,2,323.21
28626,20250524,21240,139,8,7,3,1245.41
8780,20250601,24761,127,6,13,2,2457.22
21642,20250223,24881,102,4,25,5,873.78
22865,20250616,21706,143,1,10,1,3537.83
14249,20250206,25213,150,3,22,4,3746.78
145,20250330,21808,132,5,32,3,1810.95
23333,20250319,22177,107,10,8,4,1515.21
29560,20250610,22038,113,7,22,4,1817.63
1051,20250612,21209,162,10,44,1,367.84
23234,20250428,20988,117,2,34,2,5852.2
20468,20250118,24766,116,9,17,5,1750.42
12692,20250123,20087,181,1,47,2,6840.42
9195,20250423,25662,120,10,45,3,1144.9
1513,20250203,21573,126,7,39,5,1615.92
6493,20250419,20535,179,1,1,1,4282.37
11467,20250209,21262,119,2,29,3,4575.03
10230,20250108,20314,111,2,3,3,5891.37
23310,20250104,23344,107,2,3,5,2639.33
25419,20250211,21334,155,10,33,4,1899.54
22346,20250426,24467,115,9,43,2,1291.25
14223,20250602,20021,118,5,48,5,2916.79
16639,20250502,20918,156,7,40,3,990.22
3028,20250620,25232,187,4,31,4,2330.94
19280,20250228,24918,111,2,14,4,7622.02
16585,20250625,25758,110,8,1,4,1739.76
14698,20250509,25312,150,9,39,1,1820.19
25816,20250331,25796,191,6,5,2,3040.54
1819,20250622,20663,184,10,13,3,1267.71
22973,20250221,21772,188,3,45,4,5873.92
19884,20250312,21237,166,5,45,4,2692.86
7851,20250426,22472,141,6,16,4,2012.24
20329,20250523,20664,101,6,32,1,2291.83
24204,20250408,20774,194,6,38,2,3659.28
9398,20250511,24347,123,8,18,1,703.37
15784,20250325,21996,199,7,18,3,1173.77
18369,20250624,20363,112,9,39,2,220.75
16346,20250316,22996,132,6,39,4,1742.51
17288,20250406,21919,102,1,4,1,4417.37
29027,20250608,23157,119,4,28,1,3846.66
28817,20250501,22881,121,4,28,2,1410.85
20883,20250412,23976,168,4,3,2,3432.02
18271,20250524,21526,186,8,9,4,936.26
18354,20250126,24592,110,5,25,2,3031.97
17688,20250113,20765,123,3,36,5,6103.99
7504,20250115,25792,194,5,16,3,1162.38
5876,20250609,22376,133,1,24,5,4020.42
11859,20250508,25990,148,5,40,1,3245.87
19663,20250113,20034,109,5,21,3,1887.29
2276,20250129,20884,107,4,9,4,1946.33
24456,20250223,20737,146,10,22,1,306.65
25254,20250611,21773,162,5,10,4,3040.63
27021,20250317,20465,130,10,22,2,1910.92
16660,20250208,23395,158,1,18,5,4395.62
16894,20250301,24977,108,9,18,3,1633.32
6926,20250418,23853,108,8,43,5,420.66
19036,20250514,25729,129,2,47,4,3181.31
20704,20250220,25734,176,1,31,1,2567.27
27935,20250318,21900,170,7,3,3,1428.95
17472,20250316,25593,154,1,49,2,6897.62
26054,20250305,21815,156,5,9,5,3538.38
4956,20250616,25469,149,1,17,5,7344.51
29344,20250125,25294,182,5,26,3,3781.86
8391,20250507,23637,139,1,33,1,4476.38
26542,20250516,21561,172,3,6,3,5738.77
24149,20250507,24406,101,6,31,2,2660.42
24469,20250223,20581,172,7,19,1,1514.98
16606,20250331,22921,160,10,49,2,671.42
21764,20250203,21218,148,5,5,4,3704.7
29485,20250422,21970,189,1,6,1,7335.5
6253,20250101,20251,133,4,6,3,3817.66
22503,20250402,20436,148,3,33,3,3138.0
4323,20250118,23458,101,6,35,4,3407.4
2636,20250509,24867,140,4,29,4,1979.22
21631,20250420,21802,181,8,5,4,1783.53
23024,20250331,22353,174,3,24,4,2921.37
28684,20250306,25102,183,8,49,5,929.35
5136,20250608,20481,113,3,50,1,6107.77
26232,20250501,24750,161,8,49,5,273.83
27368,20250327,21480,158,3,17,5,6207.3
14749,20250319,25414,101,1,37,3,2917.61
8630,20250629,23981,180,1,36,5,3483.7
28201,20250111,22728,197,1,45,5,5888.2
19378,20250212,24392,188,5,13,1,2842.23
3790,20250503,25158,121,7,47,2,1757.48
25456,20250309,24349,102,4,35,3,2513.64
25162,20250225,24347,140,2,42,3,5024.81
12597,20250408,22989,183,3,34,2,4616.57
25385,20250306,23230,149,5,33,3,3050.34
26261,20250317,24685,175,4,12,4,3602.6
16571,20250417,21820,200,4,50,4,2574.94
16584,20250202,25451,149,9,20,5,1958.53
7800,20250209,23119,104,10,22,1,1448.18
24810,20250217,20373,113,8,19,3,1146.03
24397,20250316,25473,104,6,37,3,3570.66
20337,20250107,24906,132,6,10,1,3923.67
19468,20250611,21728,180,10,44,4,1770.49
22069,20250224,21849,119,1,36,4,7386.59
26208,20250406,21787,179,1,19,2,3206.32
25638,20250521,20873,163,7,42,1,455.95
13156,20250309,20701,146,8,30,3,706.31
19061,20250612,24998,186,3,3,1,3857.68
9000,20250320,22581,103,7,39,3,336.78
7287,20250629,21286,180,7,9,4,1827.07
9919,20250614,23766,149,8,35,2,1106.18
15337,20250128,21671,119,9,18,2,1905.35
2137,20250329,21742,197,8,12,3,877.19
8736,20250128,24598,160,5,13,1,2465.69
8035,20250329,23364,163,6,18,4,1014.04
27082,20250407,21313,125,10,35,5,1374.36
29695,20250602,25708,109,3,37,2,6629.42
18470,20250515,20820,169,5,1,5,3277.41
7889,20250408,23352,153,1,22,5,2343.56
25906,20250621,23316,119,10,42,3,591.04
21479,20250507,25504,157,5,32,3,2612.48
4166,20250206,24833,102,4,3,5,2739.54
11029,20250310,25393,187,5,6,4,982.59
12137,20250309,23592,101,2,18,2,2855.14
24372,20250425,20734,159,2,37,3,6655.75
9548,20250324,22707,140,10,1,5,1987.08
10611,20250401,21094,172,2,23,3,3061.8
12386,20250325,20714,157,3,41,4,6729.77
9001,20250617,24547,122,2,10,3,3348.54
6689,20250118,23515,128,2,29,5,7460.62
11652,20250303,23615,162,10,19,1,938.07
7013,20250127,21586,197,2,8,5,5880.38
17269,20250201,25133,110,9,22,1,211.1
27175,20250508,21142,152,7,2,4,991.89
262,20250423,20896,200,5,25,3,1199.36
13401,20250622,25772,132,6,15,3,946.27
21868,20250319,21858,167,8,30,4,1382.4
27567,20250615,23984,133,9,45,4,690.36
15290,20250118,24746,106,2,39,3,5522.57
25992,20250609,25011,161,7,29,4,1582.53
6759,20250412,20581,137,4,18,5,2519.34
15498,20250628,21821,199,8,32,5,353.28
15392,20250214,24120,153,8,20,4,1006.56
22671,20250129,24977,186,6,43,5,860.42
18191,20250506,22344,131,5,45,1,2746.27
19861,20250302,24985,134,9,48,1,1601.05
7034,20250611,21499,103,9,32,5,1904.97
17409,20250626,22053,189,10,9,4,453.05
8050,20250118,24546,152,10,28,1,1353.22
26085,20250220,20611,135,4,9,3,2209.84
22522,20250315,23727,101,9,21,5,672.9
7500,20250424,20287,146,8,31,1,1838.71
14816,20250626,23514,161,7,6,4,1512.46
28970,20250317,24491,176,9,27,4,857.11
13657,20250508,20387,104,1,41,2,5999.47
657,20250622,21053,126,2,11,1,6861.49
7902,20250507,24211,143,4,33,4,3622.85
15801,20250109,22255,169,1,26,5,4315.13
4405,20250507,22826,162,5,45,3,2762.23
28784,20250126,23706,136,6,36,5,1356.32
5340,20250219,24024,107,9,43,5,444.46
6189,20250531,22269,109,8,20,3,1978.39
14995,20250209,22781,156,7,31,2,459.38
7885,20250206,23581,142,4,10,5,3947.63
4257,20250113,25103,153,9,29,2,1030.39
13100,20250426,25787,112,3,41,2,2219.1
6150,20250227,22857,144,2,19,2,3845.44
5285,20250304,23659,192,6,28,4,3395.21
16218,20250602,21069,135,4,2,5,3600.63
8461,20250623,20603,165,1,49,1,6686.24
5680,20250625,23892,173,2,28,1,7971.5
5006,20250112,25444,110,2,3,2,2103.11
1445,20250215,21664,144,6,10,3,1273.47
14615,20250122,21021,161,2,26,5,3852.22
19443,20250406,24830,101,5,12,2,2734.14
10213,20250610,22836,110,9,9,2,782.45
24746,20250309,20628,191,7,50,3,594.54
15583,20250119,22964,150,1,20,2,5173.48
24625,20250521,21171,149,1,32,1,4740.74
29675,20250105,23079,139,9,2,3,549.41
2868,20250328,24458,132,5,35,4,3461.05
5976,20250328,24160,149,4,47,5,2102.71
13192,20250117,21776,183,10,36,5,1820.09
8980,20250201,24610,114,10,27,3,1922.86
19402,20250401,22675,171,6,29,2,2732.56
20994,20250202,24792,132,1,46,3,3135.44
25234,20250504,21171,150,8,2,1,852.42
13611,20250427,25422,134,4,22,1,1504.69
25649,20250313,24561,182,7,27,2,722.63
10414,20250519,21727,147,1,40,5,4643.03
24017,20250615,25748,102,2,37,4,6264.32
3807,20250420,23834,173,10,21,2,735.78
9656,20250513,23362,169,9,13,1,954.91
29515,20250413,22857,123,2,11,1,2866.63
27999,20250408,23493,113,1,6,4,7509.14
1490,20250508,22096,101,8,30,1,1501.5
12731,20250415,21434,105,3,10,5,4095.43
15001,20250221,23240,146,3,37,4,4242.0
20722,20250205,23604,141,9,15,4,954.39
25239,20250226,25221,145,3,8,5,5184.1
14790,20250116,25789,170,1,1,4,5601.23
28782,20250404,25405,182,2,46,3,6186.77
1367,20250117,23491,186,10,26,1,584.89
23459,20250329,20201,165,10,21,4,1561.04
4740,20250505,20866,150,1,41,2,7410.05
8467,20250202,23547,101,5,11,4,2918.78
26528,20250415,22315,109,9,34,1,1310.98
8611,20250420,20424,134,4,49,2,3221.54
4885,20250527,24708,148,4,42,1,2790.08
11332,20250512,21036,113,5,33,3,907.66
3602,20250418,22855,158,7,34,2,1353.14
8761,20250522,21504,156,7,45,2,1108.75
14530,20250321,23028,133,3,21,3,3159.16
2465,20250118,25262,102,1,44,4,4765.49
12864,20250509,20041,192,9,45,2,1186.96
5672,20250513,23024,176,2,24,2,7744.24
3046,20250525,22798,128,6,50,1,884.43
3185,20250416,21870,131,9,44,1,1242.09
14312,20250329,21605,124,7,19,2,584.43
4116,20250604,20016,158,2,2,4,4667.69
25576,20250319,25020,198,2,25,1,7105.67
812,20250203,22628,130,6,33,1,3538.72
5221,20250408,25570,131,7,3,3,1732.6
9645,20250516,24202,165,2,49,2,4445.52
23406,20250312,25176,125,8,6,2,1307.73
6050,20250327,23665,190,3,37,2,3390.49
14462,20250507,25742,123,2,38,4,5608.46
368,20250319,22435,151,7,25,2,1930.55
8828,20250318,24584,200,2,28,3,2678.81
27024,20250329,24840,178,8,47,2,803.41
27007,20250612,25013,112,4,38,1,841.51
14320,20250106,23230,195,4,26,2,3880.12
15853,20250406,21272,118,9,46,5,405.09
14879,20250213,20290,184,1,44,3,4127.73
128,20250528,21312,171,2,6,3,2750.13
21207,20250304,24047,183,9,40,5,786.8
874,20250129,24367,105,2,45,2,7025.59
24481,20250521,24735,131,8,26,4,1543.81
12059,20250201,24632,119,6,32,3,3771.64
15058,20250519,21785,146,3,27,1,3744.06
20760,20250213,23137,117,3,37,4,3034.25
17996,20250106,25989,145,2,28,1,7019.86
457,20250409,24026,185,1,19,3,6117.35
22896,20250421,21206,161,5,15,5,3989.5
16517,20250105,25787,189,1,25,4,5333.03
19045,20250404,21043,114,8,41,4,1815.4
8705,20250203,23319,130,7,2,1,846.01
12814,20250220,24134,156,6,8,4,1198.67
3843,20250411,25312,116,9,13,5,388.01
15300,20250603,22655,180,9,44,4,1421.42
2406,20250104,21714,154,4,1,4,2974.64
27187,20250213,23430,108,6,31,3,2411.67
9184,20250316,24285,150,1,4,2,4724.42
10528,20250504,21934,149,9,38,2,1566.37
13041,20250315,25120,197,2,24,3,3263.83
14837,20250509,21151,173,9,48,2,994.97
16982,20250130,25164,152,6,31,4,974.92
3777,20250424,24013,190,8,7,3,332.27
12741,20250430,22305,192,6,29,3,2879.8
26059,20250603,23197,131,3,39,5,5539.59
5981,20250520,24304,185,2,26,1,5020.87
15343,20250520,24900,177,1,27,3,3276.97
20442,20250312,25213,197,6,22,3,2625.04
21440,20250513,22179,173,7,14,2,1301.08
12970,20250607,20546,136,8,1,3,1412.72
15275,20250320,21762,156,2,43,2,5473.31
23350,20250610,22830,136,5,47,3,3680.05
19078,20250311,20207,158,9,43,1,1916.79
6827,20250610,20609,157,4,6,5,963.72
15500,20250501,21681,198,9,24,2,476.0
7126,20250329,24168,151,4,8,4,2025.09
20313,20250322,21660,188,3,2,5,6354.08
29882,20250514,20342,161,9,33,1,1089.53
19538,20250114,25193,103,2,49,1,2064.86
17914,20250105,21793,125,9,31,5,735.28
23513,20250115,25375,129,4,24,1,2719.86
12037,20250308,21120,109,5,4,4,2618.64
9607,20250601,24802,199,6,40,3,1166.12
8376,20250228,25919,187,3,19,4,5469.9
26088,20250508,25119,185,7,2,5,577.12
25441,20250120,22674,193,6,5,5,3940.05
24540,20250419,20541,104,5,1,5,3948.31
537,20250523,21506,177,5,38,1,1182.97
28318,20250426,23522,166,4,30,1,1366.43
12182,20250603,25242,122,8,28,5,1158.81
27199,20250217,22656,102,7,7,5,1125.41
11294,20250606,24979,130,3,42,3,3453.41
6897,20250415,23920,192,7,16,2,1267.79
13364,20250422,24679,145,7,14,3,366.27
3287,20250307,24023,106,10,31,5,1145.5
8083,20250514,21754,181,7,23,4,1375.26
26451,20250609,21297,160,6,15,1,2828.6
5344,20250211,23301,195,3,18,3,5696.83
15758,20250315,20747,170,8,23,1,1334.54
17387,20250119,25471,161,1,28,2,6751.67
16318,20250427,20423,130,5,12,3,3130.64
14338,20250111,25994,162,6,8,1,2749.43
6634,20250610,24352,112,3,23,5,6315.68
4606,20250423,24280,187,9,50,5,1745.36
23049,20250618,20622,141,2,48,3,3279.5
27718,20250509,25745,170,4,37,5,1221.5
23529,20250622,24870,190,4,8,5,3266.52
15514,20250509,25363,185,5,9,3,2228.09
28499,20250408,20913,195,5,16,4,1709.69
8349,20250515,20773,127,8,33,2,1340.41
29349,20250507,24546,190,2,4,1,2679.27
4038,20250227,25486,187,5,50,4,1616.05
2567,20250210,25103,148,8,3,5,215.12
15663,20250314,23555,156,10,19,3,1880.73
19935,20250217,24050,184,10,36,4,725.87
11375,20250616,24100,161,10,1,3,1322.04
3001,20250107,20587,129,4,17,1,913.39
7336,20250608,21674,121,1,11,1,2222.09
21094,20250126,21961,130,5,18,2,3499.64
10334,20250607,24882,193,7,24,3,1742.54
2974,20250525,25341,196,9,15,5,1660.03
7506,20250612,25367,117,1,9,1,7608.83
10306,20250228,24971,121,1,50,1,7465.46
19010,20250508,24054,121,1,50,5,5776.54
16535,20250202,24617,107,6,35,5,3804.45
10245,20250114,20499,137,8,21,1,505.58
13659,20250605,24348,194,9,11,4,254.38
24334,20250523,22712,129,4,16,2,1392.68
21537,20250204,20800,172,5,2,1,3123.33
5450,20250205,25885,140,9,23,1,1744.85
28598,20250614,24136,186,5,37,5,3183.76
21515,20250307,24590,166,10,36,2,875.4
22230,20250205,25020,137,3,27,1,2726.38
4585,20250222,23613,121,3,17,4,6998.06
25835,20250609,22975,140,7,12,1,1654.72
29340,20250608,25775,164,2,3,2,6698.94
7268,20250308,23008,154,7,42,4,1862.29
4085,20250610,21389,124,7,44,1,1382.06
12111,20250403,20218,147,2,44,1,4317.13
16913,20250424,21623,126,5,20,5,3278.78
20234,20250310,23125,137,2,21,4,3544.29
7440,20250425,23544,182,5,20,1,2746.14
15120,20250108,21729,116,10,49,5,506.44
11205,20250114,23756,178,10,36,3,325.49
2642,20250417,20643,129,7,37,3,587.45
21644,20250407,20353,196,1,19,5,7943.66
9332,20250405,22794,159,9,45,5,681.57
26600,20250106,21220,144,7,8,3,588.81
14571,20250121,22719,174,6,22,4,3389.73
11960,20250222,21385,129,5,20,5,2454.51
11437,20250611,23643,107,5,34,2,1071.19
29616,20250322,22487,182,10,40,2,1245.2
7559,20250308,23194,156,7,34,1,1288.41
972,20250213,25216,157,9,15,4,564.9
1454,20250108,24410,163,2,33,2,3686.22
881,20250124,21623,197,5,5,5,1051.17
3387,20250426,20191,199,10,28,2,540.69
24606,20250528,21897,198,3,23,2,4500.89
2464,20250527,21598,145,4,18,3,3277.4
6978,20250223,23291,125,9,42,5,1237.83
12746,20250306,24793,199,8,23,5,1700.26
13469,20250223,21496,190,5,9,1,2286.36
9688,20250117,21384,119,1,7,2,7172.89
18304,20250607,23081,162,3,5,4,2845.35
25592,20250411,21292,132,3,15,2,6959.11
15919,20250311,21713,149,2,4,4,7612.07
27521,20250522,22059,179,5,34,1,1884.57
22940,20250406,20247,175,2,31,3,7845.79
9562,20250621,24926,101,3,23,3,4843.74
29725,20250406,22814,138,3,30,4,4395.07
23036,20250219,24885,193,1,20,3,6835.21
10128,20250514,25401,172,7,4,4,650.9
11216,20250406,20543,137,8,47,2,1453.55
10882,20250105,20902,172,9,3,1,365.77
8138,20250328,21419,191,6,42,1,3358.75
26989,20250413,21326,152,6,48,1,2419.74
18308,20250223,25605,152,10,13,2,1119.92
17912,20250622,23076,190,10,24,1,377.97
20593,20250101,25142,182,4,45,3,897.42
28369,20250305,21566,176,3,3,5,2250.25
1742,20250224,25138,110,4,16,5,2970.38
16424,20250216,22467,174,2,1,3,2067.78
11005,20250601,20495,120,8,19,4,1650.08
4950,20250505,22845,153,7,22,4,387.84
28780,20250415,22133,171,8,16,1,1734.21
3024,20250310,22453,168,10,37,3,366.17
2584,20250512,20901,163,3,49,5,7365.45
15100,20250102,21852,166,2,33,2,3930.59
20166,20250325,20490,145,2,20,2,2827.22
26339,20250621,22213,118,10,27,4,643.29
4851,20250429,21262,193,1,10,4,5247.1
29622,20250127,23878,170,10,25,3,1513.51
29664,20250509,25041,175,3,11,1,5486.2
22706,20250318,20083,135,2,5,3,5510.26
21482,20250627,23798,117,4,6,3,2952.88
26179,20250417,24568,106,3,15,1,2323.47
27446,20250522,25079,125,10,15,1,1890.76
1724,20250330,25475,186,3,45,5,5164.29
8486,20250203,23998,153,6,16,1,2770.74
347,20250322,20821,132,1,16,3,7228.09
13029,20250323,20921,114,1,28,5,2204.25
8822,20250102,24314,143,2,23,3,5755.57
25677,20250106,24595,137,1,10,4,4032.38
7535,20250504,25541,104,9,19,2,744.47
23390,20250615,21097,139,9,29,4,1081.24
21580,20250530,20396,164,5,7,5,2587.83
8887,20250505,25432,174,6,10,2,2281.85
24885,20250614,23086,160,6,4,3,3137.1
10505,20250331,25295,156,6,31,2,1476.29
7302,20250109,21296,193,1,42,3,6874.72
20024,20250603,20761,160,4,46,3,3681.31
25810,20250403,25497,156,8,36,1,422.03
3051,20250422,25582,140,3,17,5,6667.21
29522,20250414,24508,189,6,42,3,3028.4
11336,20250615,21460,125,9,23,1,1120.61
24040,20250408,22305,125,8,49,3,839.17
7749,20250221,22788,185,5,9,4,3758.14
9382,20250209,20053,169,4,14,4,3402.56
10934,20250201,23298,101,4,48,4,1420.91
6033,20250201,23561,155,7,33,3,1500.43
9622,20250510,25363,154,8,24,4,653.41
2725,20250304,20928,181,6,40,5,2248.59
18009,20250211,22996,168,10,4,5,981.77
10899,20250423,23521,183,3,16,1,6199.25
21376,20250521,23991,130,8,9,4,1202.6
10987,20250112,25684,105,3,9,3,3501.71
4739,20250102,20551,171,7,43,2,290.15
4833,20250411,22507,197,3,16,3,2981.76
8091,20250321,25952,102,4,43,5,2167.7
12933,20250112,22104,115,5,46,5,2639.73
21860,20250315,23747,199,2,34,4,2955.88
9117,20250618,23002,152,10,39,1,1123.83
15135,20250216,20443,160,5,27,5,3446.0
10393,20250316,23374,147,1,9,3,5711.36
29412,20250224,21194,145,8,34,1,1831.89
24368,20250604,24346,164,6,15,3,2317.52
2172,20250423,24643,156,5,33,5,2530.46
25144,20250327,20166,162,5,38,2,2223.85
24331,20250415,23580,155,2,19,5,4442.74
4660,20250312,25306,108,5,13,1,1896.84
17118,20250309,21045,109,6,30,2,2289.27
13790,20250408,20658,129,5,25,4,2520.76
29967,20250126,25940,186,3,39,3,7793.14
1995,20250604,23636,193,10,29,1,1802.05
16116,20250218,25313,125,3,20,3,3863.67
19279,20250301,25121,191,4,16,4,2166.7
3499,20250109,24931,146,2,32,3,5471.84
486,20250106,23933,154,5,30,3,3590.78
12793,20250328,21410,166,9,17,3,1089.35
5027,20250624,23770,135,10,25,1,722.71
13370,20250410,22996,151,8,31,2,1492.84
28607,20250326,24274,180,8,48,3,1533.14
5253,20250212,21508,150,6,20,1,3014.42
14958,20250219,21672,133,2,31,1,7550.68
3567,20250203,22201,135,7,21,1,267.56
8674,20250113,24619,197,6,41,5,1010.63
21624,20250130,20941,186,7,37,1,1910.7
9162,20250413,21878,173,9,8,4,1243.17
15939,20250506,22118,198,5,13,5,1129.92
19084,20250609,22082,167,5,8,5,2101.7
17645,20250126,22529,108,4,13,5,2301.44
15077,20250328,21972,175,10,47,3,987.91
29866,20250106,22869,157,6,21,1,1982.24
25265,20250613,21406,125,6,35,4,1440.16
28079,20250501,22472,132,9,28,1,1405.14
24553,20250401,20063,184,2,8,3,4555.69
26027,20250406,23290,194,7,38,1,278.24
6030,20250406,22477,165,9,32,1,704.34
9993,20250522,24653,131,4,42,1,3428.35
25324,20250318,20875,105,10,17,4,690.97
15295,20250428,21800,102,6,31,1,1157.02
28837,20250426,25279,110,8,36,4,446.88
24126,20250411,21150,123,6,32,1,3883.44
17586,20250606,21174,167,1,18,5,4219.55
21944,20250208,24347,116,5,37,5,1227.53
5577,20250410,24768,197,8,46,4,1811.91
7722,20250614,25830,195,9,38,4,1966.62
22889,20250517,22325,130,3,30,1,4278.93
2650,20250125,22094,123,1,33,4,6733.97
22742,20250607,25023,152,9,22,3,333.44
8958,20250512,21571,120,9,22,3,362.67
15316,20250610,22400,109,6,28,3,2068.46
2580,20250511,20777,101,1,7,3,6448.77
8973,20250211,21201,109,1,49,4,5725.43
15011,20250525,24157,137,3,39,5,4064.84
18387,20250205,20254,177,8,6,2,1008.48
13131,20250401,24835,118,4,15,3,1367.36
11498,20250320,25323,172,6,16,1,2842.26
5800,20250512,22753,112,6,37,3,1599.16
27910,20250426,23057,164,7,50,2,435.51
10508,20250202,23014,130,5,42,2,1150.2
2806,20250327,20303,134,2,17,1,7379.93
26854,20250306,22798,103,1,2,4,7139.0
20493,20250101,23441,148,5,23,5,2754.45
292,20250313,21411,198,1,39,2,4747.31
9335,20250309,23533,112,7,22,5,697.43
12560,20250104,24334,155,4,8,2,871.95
21522,20250423,20043,122,8,19,4,1400.79
15787,20250411,20760,139,3,31,4,4020.97
28485,20250502,24313,185,3,40,2,2528.81
17310,20250129,21562,184,6,39,4,1244.97
10621,20250525,21124,177,7,34,1,775.8
16240,20250308,21217,198,6,39,2,2118.03
13272,20250519,21431,186,4,20,4,1567.65
7677,20250324,22047,142,9,47,3,1383.32
15489,20250202,22018,164,6,21,3,2710.08
4514,20250312,21718,133,8,3,2,1085.95
26665,20250614,21947,193,1,37,4,7864.92
2950,20250326,21854,183,10,1,5,444.69
1766,20250610,24803,132,4,24,4,3870.03
5659,20250320,20859,199,5,20,4,2825.55
6479,20250214,23056,192,5,36,5,1617.63
6068,20250504,21297,130,2,10,2,7511.32
16179,20250121,21291,179,9,35,4,1297.47
18364,20250610,25319,148,9,21,5,1889.01
3886,20250515,21261,172,10,17,2,1198.67
4700,20250222,23723,163,6,43,2,2081.0
22334,20250219,22640,126,1,15,5,2995.28
23686,20250210,23385,119,4,15,5,1003.26
20625,20250130,25640,193,1,11,3,4881.57
13885,20250213,21009,179,5,11,2,3284.59
27519,20250324,20173,130,3,48,5,6656.51
13863,20250204,24080,141,4,26,1,3512.64
27157,20250221,23071,189,6,25,5,2564.37
28076,20250314,23263,167,8,28,2,1002.91
24834,20250624,22741,153,5,4,1,1367.67
14854,20250212,21322,192,10,21,3,429.82
18937,20250206,22691,164,6,46,3,2221.97
7899,20250110,20103,171,2,19,1,2811.75
11071,20250328,20568,158,5,28,3,1709.23
29864,20250319,21814,104,8,36,2,260.89
25821,20250209,20454,103,6,33,3,841.11
5140,20250612,24851,151,4,33,2,3647.99
4891,20250218,20204,188,2,25,5,2383.08
4187,20250226,25702,103,3,8,4,6257.65
22267,20250614,24135,143,5,47,1,2980.55
14089,20250417,24101,149,7,12,4,1621.1
13638,20250513,22562,200,3,22,2,6297.38
6905,20250515,24706,143,7,33,5,1995.25
14810,20250201,21448,168,7,41,1,848.45
4789,20250113,22596,118,1,17,1,5848.86
742,20250513,24072,126,3,45,1,7518.11
2798,20250306,22667,134,1,27,4,2606.89
6658,20250508,20181,185,2,34,4,5335.93
29963,20250421,21216,183,2,18,5,5320.75
2550,20250415,23784,151,8,9,2,1835.2
28469,20250508,23681,197,1,42,3,6640.19
19065,20250403,23908,123,5,50,5,3583.42
16416,20250610,22221,138,2,6,2,7576.92
25813,20250210,24473,137,1,44,4,2887.54
5226,20250620,23739,124,1,1,2,7799.74
21096,20250216,22448,182,10,40,3,1803.7
22860,20250621,25589,161,2,23,5,4403.72
24650,20250124,23608,116,1,50,5,6348.78
28390,20250322,23072,119,6,36,5,833.95
2497,20250225,24759,132,5,50,3,815.19
22287,20250218,23120,136,8,21,5,1988.21
11249,20250422,24433,178,8,31,5,1779.86
13134,20250619,22973,132,2,43,5,5947.72
19101,20250214,20290,151,1,13,5,3126.57
8923,20250622,23041,111,8,24,1,1373.0
26134,20250130,24649,185,10,20,2,1310.9
26980,20250129,22125,109,8,12,5,220.27
29119,20250620,22759,149,8,48,3,410.89
3107,20250323,23869,145,6,1,3,2003.28
10651,20250202,23185,154,7,16,1,687.26
6429,20250430,24641,189,5,20,2,849.61
1828,20250331,22410,113,6,38,4,2759.47
16791,20250114,20007,103,9,9,4,1572.16
641,20250520,23543,190,10,39,2,260.2
19575,20250109,22495,191,6,36,5,3116.2
11814,20250118,24382,182,4,18,3,1607.78
29568,20250101,22846,132,8,14,4,1917.45
25554,20250110,25893,160,6,29,5,1308.01
24340,20250425,21292,186,3,2,5,3823.0
13279,20250411,22797,122,10,11,4,260.28
29774,20250615,24117,101,2,24,3,5915.14
14109,20250626,25684,177,1,22,4,4652.19
22017,20250115,23312,185,1,43,3,2511.99
954,20250508,23924,111,1,22,3,3922.85
25329,20250206,25806,133,9,37,3,1640.55
4635,20250526,23123,133,3,50,2,4176.81
2030,20250329,20613,136,10,13,4,906.85
9792,20250403,22083,146,7,46,5,954.8
22115,20250325,24525,177,8,22,3,1251.53
20352,20250201,25534,147,3,48,4,5454.46
3050,20250415,23471,179,7,35,1,241.13
17428,20250121,20739,157,3,50,2,7695.37
27000,20250313,23446,133,1,4,2,2704.32
9052,20250219,23519,145,3,21,2,4092.18
17658,20250222,24060,106,2,31,3,4301.09
5069,20250617,23542,126,3,6,3,2846.09
20137,20250422,24059,190,3,47,2,6139.69
2311,20250628,23386,115,6,5,2,1803.47
13633,20250627,25882,151,10,20,4,1700.58
28319,20250523,25192,119,6,48,2,1979.79
16920,20250513,25048,123,6,45,1,1742.67
12426,20250225,24470,120,7,33,5,484.79
19317,20250217,23299,145,5,9,4,3849.52
5287,20250313,22796,178,2,40,4,5725.83
29949,20250429,21262,129,6,40,5,2752.64
26904,20250228,20060,154,5,13,3,3443.87
28153,20250321,23945,147,9,40,1,1050.92
15812,20250325,22330,131,8,1,1,1407.06
1203,20250323,21221,108,5,14,1,3073.7
28416,20250207,20256,101,5,26,4,3776.45
481,20250522,24960,163,9,32,3,1305.66
12822,20250219,22670,125,1,21,2,4786.66
14286,20250312,21276,193,10,11,1,1706.11
26803,20250516,24297,172,9,49,2,1235.53
22586,20250325,20664,187,2,44,4,6565.1
9682,20250529,24126,181,8,39,5,1612.15
14757,20250314,21882,128,10,30,3,1943.28
8651,20250615,24862,105,5,39,2,3369.96
1323,20250410,25434,133,1,23,2,3300.24
13309,20250205,21099,166,2,37,2,7712.27
16542,20250218,22363,174,1,14,3,3818.76
29269,20250430,20609,180,5,29,2,2436.51
15987,20250318,20897,111,2,45,5,7228.02
10072,20250609,24060,106,6,32,3,3445.42
22422,20250418,22246,192,2,18,1,3208.88
8014,20250211,20064,105,9,23,4,420.78
17937,20250111,25043,196,5,27,3,1870.69
5679,20250320,23830,134,2,45,5,5881.69
19126,20250126,21455,172,10,5,4,957.43
9129,20250213,24811,113,3,17,3,5227.03
7496,20250505,25517,146,9,24,4,583.76
13639,20250416,20962,119,6,38,3,1000.27
28205,20250330,25103,171,8,10,2,1146.31
22976,20250203,24517,115,6,48,3,1648.55
28867,20250318,20059,170,9,47,1,1235.79
20802,20250618,21404,197,4,12,2,2590.8
13064,20250217,23594,171,2,43,3,6991.57
928,20250126,25934,170,3,26,4,4852.62
8059,20250620,21381,150,1,30,3,7027.58
7937,20250317,25120,113,3,19,1,4895.46
11933,20250622,20531,146,4,42,4,2695.79
16636,20250125,24361,160,5,22,2,1507.69
23744,20250507,24094,110,5,46,3,2107.67
22172,20250227,22087,158,7,15,4,1913.97
24247,20250423,24885,130,8,42,5,747.01
16136,20250408,24069,110,3,29,5,7804.01
26555,20250323,25716,140,6,34,5,2701.81
8048,20250525,20076,132,5,10,2,1029.89
13846,20250524,20672,149,1,12,1,7748.8
20870,20250213,20785,164,10,29,5,1224.18
22785,20250619,25462,157,4,5,4,869.3
15576,20250118,21471,126,6,42,5,2596.8
26597,20250105,20122,177,3,1,4,2421.03
26428,20250216,21420,194,4,22,4,2688.23
15059,20250626,25141,116,2,29,2,7665.54
15809,20250507,21148,197,9,11,3,1890.96
12805,20250306,20225,119,7,11,5,1529.26
24415,20250121,25011,191,6,36,2,2996.58
11626,20250415,22412,136,10,43,2,244.46
2222,20250112,20014,133,4,49,1,1060.47
15538,20250217,23746,200,3,6,3,3376.23
18305,20250110,21797,149,8,34,4,766.29
28334,20250102,20819,127,1,10,3,3459.87
18267,20250408,24295,161,8,43,2,1394.81
29555,20250212,24810,126,1,37,1,7138.32
8228,20250625,21602,110,1,19,1,5744.79
12302,20250317,21624,179,5,43,4,1223.3
14648,20250225,20981,131,10,36,4,1937.54
29149,20250327,24855,164,3,3,3,7132.13
12084,20250501,25296,193,10,1,2,971.99
7683,20250117,22382,189,9,46,3,533.14
513,20250202,20022,125,5,21,5,3567.18
28429,20250410,23244,121,10,17,1,1000.98
21341,20250117,23597,177,3,25,4,7004.43
15558,20250617,21827,168,3,31,1,5015.03
28391,20250303,20646,192,9,23,3,428.31
18777,20250224,20998,161,5,21,1,2765.27
12705,20250511,21501,129,2,5,2,3778.39
25168,20250617,24447,178,4,23,3,1505.58
26836,20250304,22095,146,1,27,1,7523.81
28631,20250126,24969,183,10,35,4,1030.78
28243,20250417,23845,170,5,43,1,1431.01
1457,20250420,24350,119,2,15,1,7567.82
20036,20250625,20253,175,6,50,5,3877.72
8215,20250216,22008,118,10,48,2,1297.01
28822,20250501,25550,148,2,30,3,4009.94
8395,20250302,22595,144,10,39,4,370.39
24335,20250604,21186,113,9,34,1,1541.28
12424,20250220,24707,124,4,45,3,2479.13
20285,20250216,25200,107,9,17,4,545.36
18335,20250319,25793,122,5,22,5,3596.07
25701,20250317,25754,199,1,21,4,5252.22
20606,20250205,23441,146,3,45,2,6986.01
23119,20250310,25116,181,6,48,4,3930.23
29029,20250324,23147,109,7,2,4,1885.05
4059,20250516,21221,178,2,42,3,3076.09
6288,20250327,24921,166,9,41,1,1131.79
4255,20250527,23325,106,7,30,2,726.63
3781,20250212,24639,182,10,3,4,1520.52
9799,20250223,22633,133,10,7,3,1153.34
27514,20250507,25334,198,3,47,2,3409.91
20967,20250427,20375,106,7,31,2,680.81
6881,20250318,23553,123,6,44,1,1941.44
27994,20250405,21485,113,9,28,4,872.69
15673,20250124,23190,199,8,5,1,1424.24
10013,20250618,24802,143,3,47,2,2337.94
16340,20250526,23188,136,8,38,3,1740.19
28197,20250127,24936,150,6,29,1,1889.58
29900,20250408,20817,139,8,36,3,595.61
2956,20250108,23895,143,4,13,3,962.32
14308,20250531,23983,160,9,31,5,1507.75
12134,20250225,21198,173,7,43,5,1986.52
29833,20250528,25059,122,3,31,5,4058.14
26702,20250518,24677,185,4,25,1,3263.08
5565,20250120,22787,152,4,19,5,1543.84
6127,20250110,25236,106,9,12,2,610.34
29989,20250622,25493,181,10,45,5,286.49
231,20250531,20198,172,1,50,3,3917.78
25198,20250127,20909,113,9,47,4,586.46
6259,20250124,20522,137,5,29,3,3548.52
13127,20250517,20970,177,5,50,3,3328.28
15362,20250525,25842,191,7,38,1,963.8
3779,20250314,22224,163,2,37,3,6086.89
9689,20250320,24024,199,6,10,2,2526.14
15110,20250613,25652,137,10,17,1,201.66
2763,20250527,21398,140,5,6,2,3931.28
10780,20250213,20017,147,2,32,2,3172.04
25515,20250108,25954,195,3,44,2,5751.63
24120,20250618,25087,105,4,9,2,2594.94
10186,20250415,24266,169,8,11,3,1313.38
23318,20250112,24835,122,2,29,4,3102.58
20543,20250423,22358,123,5,17,3,3348.4
9533,20250608,23103,166,6,35,5,810.65
1554,20250327,24872,119,8,4,5,676.02
27318,20250321,23305,191,7,27,2,1724.88
13174,20250319,21531,119,9,13,3,923.07
8940,20250228,25088,182,3,32,2,3006.12
23791,20250107,22044,199,7,31,3,396.45
20654,20250320,24786,192,5,35,3,1114.26
19797,20250501,23156,133,4,30,3,861.37
12866,20250605,21684,115,2,19,1,4676.51
20772,20250118,25398,161,7,15,1,364.96
7389,20250115,23693,161,4,10,3,986.99
23051,20250204,25968,110,4,18,2,1052.03
23767,20250612,22801,107,4,41,3,2405.56
24799,20250531,22317,149,4,14,2,3759.76
22186,20250524,20627,194,9,36,2,589.82
16275,20250613,24126,159,8,18,4,1698.72
10655,20250308,23234,171,6,6,4,3049.08
8058,20250414,22930,110,4,15,5,1664.91
3917,20250509,21280,109,5,18,4,1421.58
3495,20250104,25495,170,7,15,1,1080.18
17032,20250105,24959,181,9,26,5,1955.47
1902,20250419,23586,184,5,16,3,1324.64
23980,20250202,23374,137,7,36,5,623.69
24491,20250228,23495,106,8,24,3,1373.02
25729,20250326,20017,128,3,19,2,5445.62
20572,20250201,25796,152,9,16,4,1097.54
27086,20250516,24652,193,2,3,1,7991.62
1337,20250301,21611,188,5,8,5,1432.04
15136,20250221,23265,170,6,40,2,3671.78
29658,20250124,22077,145,5,27,1,3859.67
25412,20250614,25710,180,1,35,5,5482.76
19773,20250603,23250,174,7,2,4,535.03
23458,20250308,24565,132,5,3,4,3074.24
1471,20250322,21701,110,1,44,2,5754.61
20862,20250615,24277,185,9,17,5,1595.59
24464,20250114,22848,176,6,21,1,3000.07
5465,20250310,22449,135,4,43,5,2822.59
2904,20250304,22605,161,8,38,4,492.2
18512,20250507,20460,130,8,10,2,1189.9
19315,20250616,22456,146,7,34,1,1920.8
3595,20250410,20991,173,6,16,4,1136.95
1643,20250415,21963,157,10,39,3,1676.78
26592,20250525,20202,188,3,40,5,2496.22
4901,20250217,24093,183,2,4,3,5733.23
23675,20250319,22123,172,4,3,4,3757.25
27191,20250430,24543,135,9,10,1,374.01
5854,20250206,24049,189,2,32,4,4348.88
16404,20250313,25310,133,9,12,2,575.44
4547,20250520,21469,154,6,15,2,2983.63
18910,20250103,25501,104,2,33,4,2160.48
29416,20250320,21073,132,7,39,4,1152.22
12969,20250314,20102,143,1,33,2,4207.84
4221,20250629,23026,173,5,47,2,1255.64
5036,20250607,23298,194,8,24,3,572.14
6174,20250316,23229,132,2,4,4,3084.57
12740,20250508,24569,117,7,6,3,433.63
16835,20250329,24732,184,10,42,4,321.16
6461,20250228,23934,107,2,12,4,5896.56
2134,20250304,20801,185,10,50,4,232.7
5955,20250211,23634,193,1,31,4,3060.72
11964,20250118,22001,172,1,17,3,6716.95
8148,20250106,23803,114,8,30,5,1697.53
27726,20250423,23938,167,9,29,2,1705.8
21334,20250410,22887,199,9,21,4,794.22
8201,20250606,22970,150,8,35,5,1438.7
12369,20250203,21083,127,8,4,2,1639.07
1216,20250429,23503,170,7,27,1,1445.43
15023,20250314,23420,103,5,28,1,1826.28
8872,20250301,24684,113,2,27,3,7373.08
22560,20250316,20400,174,2,32,5,4225.26
8031,20250505,21676,186,8,43,2,1423.15
10557,20250224,24949,190,2,19,3,6068.75
9568,20250207,23322,180,2,37,3,5851.66
15181,20250220,22951,197,9,39,3,861.73
25733,20250104,20236,143,2,25,3,6639.46
28866,20250618,24972,151,1,23,5,5934.76
25687,20250425,22784,175,9,17,1,892.78
1716,20250408,23021,101,1,37,3,5983.68
2486,20250108,22581,116,2,36,2,4007.48
20732,20250416,21664,200,9,45,2,962.53
16686,20250225,21304,180,1,44,5,4699.86
4521,20250203,22195,102,3,30,4,7670.06
14813,20250207,23493,157,2,46,2,3049.78
23355,20250519,24035,181,2,38,2,6147.36
11263,20250216,23102,107,6,19,3,3165.03
22221,20250228,23057,178,4,38,4,2282.74
13034,20250116,23365,182,2,31,5,3970.76
27428,20250526,22228,159,2,35,3,7844.34
23745,20250412,24194,179,10,41,5,1624.23
10095,20250222,21754,105,3,49,2,3788.4
20131,20250504,24374,138,5,45,1,1167.98
8197,20250129,24983,145,3,6,4,6195.65
20848,20250422,22765,140,3,39,4,4854.65
13856,20250522,21062,200,9,26,3,398.73
28266,20250621,21278,110,1,37,4,6989.68
12575,20250206,22182,164,5,35,5,1260.13
8241,20250616,24369,179,2,15,4,5031.76
4171,20250627,20505,159,9,17,5,838.6
11092,20250422,25314,167,2,40,1,5183.12
2852,20250622,21344,115,7,19,1,1202.88
1890,20250516,20993,114,8,44,2,240.2
20085,20250204,23024,156,7,42,2,1159.23
14262,20250622,22178,189,3,37,3,7676.09
14007,20250216,25755,146,5,9,3,1980.96
21017,20250528,22926,125,8,28,1,1017.06
22861,20250128,23664,129,7,42,3,1445.73
18099,20250327,20597,151,4,33,5,2828.87
6152,20250223,21367,126,8,34,2,518.98
3442,20250118,20293,140,7,37,3,437.68
17078,20250325,23340,118,4,26,1,894.13
22113,20250109,24872,131,5,21,2,3423.21
21744,20250124,24308,122,9,10,4,1588.99
24004,20250220,25622,155,6,3,3,986.45
16937,20250115,20933,138,1,10,3,6527.07
2919,20250316,25250,155,4,48,2,2853.95
4345,20250223,22643,112,1,14,3,3790.52
18127,20250331,25414,154,1,35,5,2236.93
18994,20250103,24663,193,4,16,3,3188.2
937,20250622,21787,110,8,4,3,430.14
18655,20250417,21517,192,8,14,4,1651.52
29981,20250423,21800,167,9,15,1,832.15
17049,20250402,25977,134,5,7,3,3012.18
10778,20250118,23110,168,4,19,3,1393.44
753,20250312,21400,107,10,15,4,1005.17
3493,20250516,20290,200,10,23,2,1624.98
14412,20250104,20917,108,1,1,4,2569.46
13203,20250402,24588,175,3,10,5,4113.92
28157,20250127,21865,164,2,38,2,2860.07
16972,20250314,25788,133,8,20,3,356.74
13798,20250115,23095,136,7,50,5,1874.08
26548,20250519,25779,145,6,10,4,3192.0
13521,20250602,20224,147,10,42,2,1398.06
14767,20250220,20840,109,8,27,5,1526.63
23870,20250316,21533,125,2,26,2,6149.55
24787,20250115,25874,180,1,15,1,6138.54
21513,20250601,24171,109,9,40,3,700.75
23615,20250307,20086,155,8,37,5,1011.06
10444,20250125,21128,131,10,4,4,1300.01
8181,20250526,24391,171,8,1,2,1669.31
1148,20250423,25532,123,4,42,4,969.14
20861,20250508,21999,170,1,48,1,5922.73
13292,20250628,23952,167,3,49,5,2644.21
6770,20250316,23434,194,1,8,2,2461.28
13499,20250531,23295,164,7,25,1,891.93
4752,20250330,22808,179,3,16,4,6700.52
27944,20250315,20813,101,6,4,4,3929.28
23992,20250118,22887,140,4,17,5,1393.55
6837,20250425,21286,160,7,18,4,1520.88
17841,20250519,22360,158,9,42,5,1150.83
19173,20250409,25734,193,2,9,3,7490.01
25884,20250528,23237,191,10,15,1,317.5
28714,20250326,24223,189,1,21,5,2171.05
11817,20250319,22174,141,6,10,4,2581.56
20219,20250315,24441,101,10,1,1,572.97
24201,20250525,20153,164,2,46,4,3382.46
26320,20250601,24281,127,8,2,5,1981.73
8226,20250609,20690,123,9,10,5,1868.02
26922,20250607,23971,174,5,47,4,2714.15
17905,20250521,21336,108,1,47,2,5595.49
24723,20250218,25683,113,4,42,3,1480.14
11678,20250224,25002,125,7,46,3,376.4
19385,20250113,23784,112,8,7,2,790.14
26068,20250513,22620,147,7,7,4,345.39
17285,20250205,24532,142,9,45,4,1941.6
17554,20250502,22276,173,5,31,4,1151.87
18124,20250210,20440,138,8,31,4,710.71
28686,20250513,21511,160,3,15,4,3922.99
5395,20250509,23313,144,7,29,1,1097.76
8863,20250605,24723,115,9,11,1,464.76
14960,20250511,24545,161,5,17,4,2618.38
14580,20250103,21861,197,4,2,5,1735.44
7686,20250321,21497,161,10,21,4,1468.67
1046,20250606,22702,105,2,38,2,3752.12
3309,20250604,21580,194,8,7,3,785.31
23110,20250508,22050,141,1,39,4,3328.88
13688,20250108,20856,127,2,48,5,4138.44
22109,20250330,21587,177,6,3,4,1881.7
27185,20250309,20403,194,8,29,2,446.63
21922,20250116,25595,162,10,36,2,1526.09
5611,20250423,25231,186,7,14,1,1629.15
4844,20250516,21226,145,7,33,1,1139.61
21451,20250120,23690,102,1,45,5,2764.89
3663,20250322,22208,154,6,46,3,2949.18
16357,20250609,25139,175,7,4,3,1619.27
11033,20250421,20227,147,8,7,1,1580.1
1531,20250415,24165,171,7,45,5,1114.36
16241,20250119,22578,177,9,48,2,617.54
3639,20250401,22017,150,3,21,1,6936.91
6001,20250512,23456,158,7,45,3,1439.12
24795,20250411,25410,174,10,11,4,1493.08
13678,20250427,25681,118,9,6,3,1988.22
25756,20250425,21231,119,3,29,2,2179.29
4597,20250107,24352,166,7,16,3,1707.93
25969,20250416,24634,135,9,40,4,1692.55
3285,20250307,25848,185,7,49,2,522.75
17434,20250520,20075,200,9,42,3,1793.01
22837,20250115,25897,200,8,4,5,369.79
8207,20250113,22996,169,3,16,3,2878.52
28147,20250419,20655,152,3,42,2,4511.88
10813,20250419,23964,111,1,21,2,2835.89
22764,20250528,21930,137,10,20,4,1861.79
6527,20250105,22881,183,8,34,1,354.58
9565,20250426,22312,177,4,33,2,983.81
28575,20250426,24314,189,1,1,3,6117.28
11195,20250106,21285,122,9,28,2,881.48
5156,20250224,20216,157,4,50,4,2814.8
29271,20250305,23579,179,5,24,3,1653.86
8649,20250413,21503,118,1,21,1,7166.27
8959,20250407,23239,194,2,39,1,6933.14
9939,20250106,21352,196,7,6,3,1098.94
22242,20250309,21782,172,8,15,4,1792.03
6205,20250420,26000,196,4,32,4,2871.69
27715,20250115,23966,194,6,34,3,1400.39
11901,20250219,21868,186,4,21,4,3235.57
6528,20250610,24710,154,5,43,1,2271.21
13903,20250310,25560,175,5,19,3,3884.11
8195,20250324,23940,154,9,46,5,555.97
13378,20250322,24201,155,1,45,5,6711.03
26634,20250626,23751,130,3,17,4,5957.94
17009,20250408,23170,115,1,15,1,4823.65
8325,20250506,20417,108,6,46,4,3315.33
13488,20250627,24780,180,3,48,1,7576.84
3726,20250204,23648,114,3,45,4,2556.54
21248,20250128,21340,108,2,43,1,2448.59
11846,20250623,21734,181,3,27,2,5676.18
14041,20250310,22140,123,9,2,4,1779.23
5816,20250107,25561,192,6,12,5,1771.86
2727,20250525,22623,124,7,22,4,637.68
15166,20250521,21604,172,9,35,1,1279.15
20162,20250516,25202,134,3,47,5,5280.12
10954,20250619,23124,199,3,35,1,4198.75
11265,20250228,24797,195,3,3,5,5167.59
29906,20250511,22734,159,2,29,1,7456.44
1948,20250508,20560,147,6,23,4,1493.04
25418,20250113,22907,175,6,11,4,1077.08
533,20250320,22432,102,4,29,4,988.44
23672,20250307,24135,183,8,39,4,1320.93
18338,20250511,22389,139,1,32,5,4632.49
26010,20250530,22234,132,4,42,1,954.88
18055,20250501,20149,152,2,30,2,5086.71
22831,20250226,22079,102,8,45,1,393.67
1613,20250314,24485,140,6,37,4,2719.51
17017,20250419,25088,156,10,3,2,709.08
4646,20250128,24293,154,3,29,4,2086.08
23405,20250328,24814,162,10,11,1,555.16
22329,20250430,21111,196,6,3,3,3016.18
12676,20250414,23365,192,8,8,2,1282.2
4772,20250301,21754,149,4,29,4,3654.29
1960,20250609,24228,193,6,30,3,3394.21
24318,20250401,24048,150,5,5,4,3345.28
5333,20250201,24340,149,10,11,3,355.32
13562,20250610,25114,129,10,42,1,416.05
18906,20250305,23442,147,2,48,1,6091.75
18171,20250118,24041,174,1,26,3,5046.4
6335,20250207,22182,114,5,19,2,986.54
10014,20250501,20154,135,1,41,4,4991.51
6004,20250306,20940,185,7,36,2,1310.85
28116,20250603,23660,170,2,8,5,7246.14
16907,20250520,23262,124,5,41,5,3164.75
17867,20250504,23778,175,4,7,5,3027.92
24475,20250116,21830,196,10,41,4,1726.43
19842,20250529,20162,167,2,10,5,2863.87
21766,20250313,24589,144,3,29,4,7823.05
6483,20250622,23252,190,10,1,5,980.04
7595,20250409,25276,156,1,2,1,3611.35
27996,20250516,20392,145,6,15,5,2590.54
1114,20250514,22444,179,1,47,4,6799.63
36,20250119,25086,178,1,3,2,6487.94
1731,20250526,25431,159,4,19,5,3537.54
26608,20250518,23850,155,3,1,1,5868.91
25154,20250401,21319,187,5,11,5,1493.2
7546,20250208,25387,141,4,31,3,2288.47
22161,20250408,23197,146,9,6,2,1237.17
1472,20250604,21554,114,7,24,2,1199.8
20770,20250526,22383,133,2,41,1,6700.94
19637,20250313,20532,176,10,22,3,285.22
27364,20250107,21833,176,10,41,2,511.19
13345,20250505,22062,106,9,46,2,1983.04
3449,20250531,22623,165,4,2,1,2736.04
7580,20250602,24379,147,7,19,3,559.77
22592,20250316,23849,190,2,47,4,6178.85
29021,20250216,24351,102,2,50,2,6459.2
1423,20250117,21155,197,6,4,2,1322.49
13890,20250307,20698,129,1,20,3,5895.24
17991,20250306,20534,145,9,13,1,699.75
17814,20250119,21169,148,1,30,5,2526.97
2056,20250430,20201,118,10,17,3,1294.58
14128,20250627,25123,108,2,37,5,3314.34
16294,20250402,21521,106,10,29,5,1525.49
24829,20250504,20990,162,1,21,3,2318.88
23664,20250212,20233,171,4,31,4,3960.32
6745,20250404,20619,198,9,19,4,545.42
10970,20250204,21377,112,7,17,4,1716.61
18190,20250312,24878,107,5,19,2,1183.34
7977,20250113,25795,118,7,47,5,1441.61
27110,20250624,25944,106,6,3,5,953.23
14835,20250403,20033,160,5,12,2,1082.34
14951,20250212,25768,186,2,46,4,6651.92
1636,20250617,20515,172,8,35,5,1133.77
10691,20250120,24082,102,8,10,5,334.43
26465,20250210,22626,110,3,30,4,4488.67
24327,20250217,22114,125,2,45,3,2238.03
12234,20250507,23839,143,1,27,3,3428.49
12650,20250203,22297,111,4,21,4,3070.74
27205,20250306,25514,116,8,24,5,1123.86
25493,20250109,24866,185,10,4,3,889.53
17453,20250213,24504,187,4,13,4,2745.03
27635,20250327,22673,124,8,47,2,383.3
24219,20250114,23048,117,5,26,5,1474.04
22655,20250216,23449,155,10,12,3,960.26
27182,20250226,25025,146,6,1,4,1637.92
383,20250503,22742,187,1,29,5,7087.89
3170,20250101,24036,134,1,41,1,7806.64
4169,20250224,23705,161,4,14,1,2330.43
20006,20250404,24746,126,5,17,1,3823.65
23710,20250514,23396,144,10,23,2,1970.8
27864,20250126,22579,110,6,43,4,3997.52
13819,20250118,25642,123,10,3,1,1594.02
16008,20250508,23225,173,5,33,2,2191.26
19848,20250523,24206,104,2,46,4,3178.49
12458,20250204,24651,135,8,36,5,1364.95
28785,20250403,25334,199,8,38,2,1180.42
20905,20250310,24427,149,8,40,2,1669.53
8779,20250205,22625,172,3,17,4,3612.53
18131,20250202,20678,121,5,16,5,3273.83
28510,20250503,23731,154,7,17,3,1770.72
7304,20250501,24514,159,8,33,5,1756.92
19275,20250131,24405,111,10,5,1,1694.25
28518,20250412,21563,125,3,8,1,6969.63
26543,20250225,23462,191,7,19,1,1210.8
2010,20250308,22877,154,5,30,4,3833.84
28852,20250211,25816,199,7,1,1,1010.58
18633,20250331,22111,135,4,34,1,1665.47
11772,20250222,20212,161,5,1,2,3073.44
19932,20250410,20259,117,5,23,3,2455.07
15774,20250410,21814,120,3,5,1,4822.92
26298,20250313,20565,125,7,20,2,808.44
13742,20250617,20847,197,1,33,3,3430.4
12838,20250430,22537,102,4,17,4,1714.77
20478,20250214,22832,165,9,13,1,971.11
10631,20250412,20863,119,4,49,1,2865.64
21144,20250623,24774,180,6,43,2,977.53
9566,20250502,25292,152,1,33,1,5633.97
1347,20250203,24311,172,10,14,5,567.52
18336,20250207,22696,197,3,44,3,3150.45
28115,20250501,21351,132,1,39,4,3586.8
8399,20250506,20475,177,7,19,4,1664.29
719,20250415,24489,161,9,3,5,437.99
1772,20250628,21390,119,7,43,2,1321.37
24815,20250227,21715,118,6,27,1,1539.74
22519,20250326,25020,139,5,13,1,3535.67
2405,20250402,24125,180,8,49,2,685.67
24310,20250313,25119,119,5,10,5,2317.24
27934,20250225,22429,135,6,10,3,837.78
25639,20250620,25075,175,10,31,2,1930.16
10601,20250316,23055,181,6,45,3,2643.31
11506,20250425,20652,154,6,38,4,1246.1
3875,20250213,22710,120,8,7,3,267.91
19862,20250124,23204,191,2,10,3,5545.33
2596,20250324,24906,110,10,12,4,1822.62
2005,20250604,24122,165,2,31,2,3504.16
3636,20250430,23116,122,3,4,5,2653.62
15988,20250419,23008,180,10,16,1,1829.08
25572,20250302,20805,122,7,50,5,1850.76
7526,20250618,21555,173,5,6,2,3548.25
22088,20250113,21054,179,8,8,1,1817.78
7446,20250228,21548,153,1,27,5,6881.02
2409,20250430,20526,125,6,26,3,3202.08
15559,20250104,25472,159,4,31,2,2386.9
2143,20250520,25957,126,1,19,5,7166.29
22363,20250105,22498,155,10,21,5,326.48
25297,20250526,25233,119,5,43,4,3281.38
22993,20250311,20055,139,2,11,4,2007.99
29841,20250414,23448,135,6,41,5,2590.09
8179,20250305,21932,174,4,27,3,2864.69
14024,20250121,25129,136,5,39,1,1545.78
25470,20250523,23889,139,5,41,3,3290.22
24513,20250311,23504,118,6,41,3,1437.01
11225,20250419,24538,186,3,46,4,7386.38
9215,20250420,22621,170,2,33,4,3934.57
21237,20250603,22319,141,10,47,3,373.74
21456,20250228,20133,195,2,17,2,3818.45
28794,20250507,22399,169,5,11,2,816.7
8477,20250222,21783,117,9,6,2,726.31
4990,20250524,24631,122,10,10,3,741.1
10883,20250622,24196,183,4,42,1,3513.21
5462,20250424,23476,140,5,14,3,3029.1
6393,20250528,23694,151,4,34,4,3910.39
12877,20250514,23011,196,8,2,3,1989.91
17245,20250331,22497,187,4,45,2,3777.27
2948,20250405,25321,166,8,30,1,669.63
13985,20250509,23348,112,6,22,4,2952.01
13260,20250209,24109,198,2,25,5,6380.66
16176,20250515,22973,137,8,2,3,291.62
6704,20250629,22449,154,9,42,4,1192.94
18789,20250110,20517,183,6,23,2,3379.2
7579,20250505,21006,172,7,8,1,1700.76
9397,20250203,22157,174,1,44,1,2570.83
10320,20250530,25055,177,4,25,1,1293.41
23512,20250607,21479,114,4,43,2,2716.38
28690,20250208,23277,161,2,12,5,5398.92
16234,20250101,21510,194,9,42,1,593.81
23924,20250116,24741,166,4,49,5,1072.15
12283,20250224,24981,107,10,8,3,1660.81
10183,20250504,22446,121,7,4,5,1690.92
27212,20250424,24505,179,4,11,5,3556.36
11528,20250322,23880,133,1,9,5,3675.9
4502,20250125,22179,131,3,11,3,3250.78
19081,20250118,25196,146,4,12,5,1157.43
23425,20250620,21952,159,10,5,1,1199.37
17231,20250324,25909,113,10,28,2,593.64
24565,20250115,23436,128,4,9,5,846.3
2753,20250424,21349,136,4,41,3,2668.97
24767,20250123,22639,189,3,46,5,2207.78
24667,20250130,20363,131,7,19,4,1645.52
7279,20250103,20401,103,3,17,4,6569.43
17804,20250413,20684,180,3,37,4,6874.56
4161,20250613,24635,127,5,24,2,1119.18
1667,20250610,20830,131,6,15,3,2108.31
6254,20250627,23423,194,4,44,5,1327.96
3471,20250416,25155,112,10,3,5,657.57
8427,20250329,22437,121,9,41,4,666.02
21939,20250324,22474,101,7,27,1,1949.79
11322,20250328,22758,126,3,34,1,3512.35
22311,20250512,20067,118,1,39,5,2237.65
4814,20250411,21407,162,2,6,3,5661.98
3271,20250601,20586,101,3,22,3,3705.11
26398,20250514,23460,179,8,46,3,1645.22
18549,20250122,23948,155,9,2,2,1100.0
18613,20250516,25600,190,9,50,1,466.8
994,20250417,20809,194,10,47,2,1960.8
4342,20250427,22677,113,8,3,2,567.2
27256,20250107,20214,104,6,24,5,3797.97
5043,20250521,23550,106,2,28,2,3012.94
12651,20250111,25407,193,9,30,2,1192.73
20522,20250104,21297,183,6,34,2,2934.4
11616,20250613,24635,102,3,19,2,6167.16
26210,20250107,20171,105,7,3,4,586.64
12759,20250211,21342,137,5,46,4,3071.55
6700,20250127,22473,170,1,36,2,7488.01
14965,20250406,24500,168,2,35,5,2412.6
16852,20250119,22419,173,6,19,4,2844.8
28578,20250120,20026,107,9,50,5,285.86
20240,20250320,23294,131,7,38,1,1046.83
13986,20250126,21125,127,6,19,1,1437.52
24798,20250524,22343,146,4,47,5,1067.81
17830,20250517,24327,155,5,36,4,2456.17
18591,20250612,25327,139,8,3,4,1999.55
803,20250329,22037,181,8,44,2,618.4
14718,20250225,20353,196,4,8,3,1894.36
28194,20250119,23509,195,10,5,5,537.26
13815,20250428,24122,172,8,7,2,308.89
7673,20250218,22674,167,2,2,4,2581.58
18834,20250505,20262,164,9,17,4,1720.75
10088,20250629,24854,133,7,13,3,215.33
19549,20250529,23001,157,1,25,1,3897.18
5184,20250530,24458,173,4,14,1,1500.8
12203,20250609,21508,142,8,40,4,684.45
10276,20250127,20900,174,3,34,4,7959.37
20256,20250428,20519,118,7,27,2,1665.91
18529,20250321,23678,138,1,6,2,3130.9
14352,20250512,22241,107,2,25,2,4066.59
14060,20250511,25455,181,4,4,2,2210.81
4795,20250419,24447,157,4,26,1,2468.83
8471,20250118,20031,200,6,12,5,1060.15
7732,20250306,24649,180,7,10,5,1054.74
6506,20250417,22309,146,10,24,2,965.85
24909,20250309,21353,134,8,38,3,925.6
8517,20250610,24178,103,10,4,5,1318.41
737,20250613,23659,170,7,26,1,1191.17
6621,20250609,22099,108,2,43,3,7889.25
19048,20250623,22470,117,8,48,2,664.03
17432,20250117,25612,131,4,20,2,1614.81
4743,20250128,25001,169,4,31,5,2588.9
284,20250611,21311,154,9,32,2,1900.46
19760,20250110,25536,141,6,19,3,3862.09
21227,20250423,25009,188,1,40,5,4803.43
25176,20250404,21817,195,5,1,4,3355.22
13843,20250509,23589,190,7,44,3,1304.24
2251,20250326,24513,138,2,27,4,3022.78
2260,20250221,25536,178,6,31,4,1021.41
3452,20250310,23206,147,4,1,1,2874.83
5349,20250504,23833,141,3,27,5,5883.71
21087,20250512,22197,154,10,50,3,1306.35
6025,20250314,24666,149,2,3,3,2891.69
9774,20250524,21808,134,7,34,3,1355.25
8239,20250218,25671,118,4,43,4,3485.87
28419,20250521,22875,147,4,21,4,2949.08
15326,20250516,24398,123,7,28,3,1275.13
11548,20250114,25636,108,7,7,3,979.41
23099,20250427,22512,140,3,15,3,7407.64
9962,20250323,21862,180,7,25,4,958.25
10945,20250518,22626,125,6,29,2,854.4
25978,20250216,20613,171,5,21,5,3127.79
5019,20250215,21641,191,10,36,1,1018.99
7537,20250109,20414,178,4,20,3,1128.19
4818,20250219,25687,184,10,39,1,1227.32
7354,20250108,24184,148,2,41,1,3929.35
7203,20250510,23711,164,8,19,4,226.32
10382,20250516,24889,173,4,21,4,2076.61
3703,20250318,23130,195,4,17,3,1218.25
26755,20250610,25477,127,5,22,2,904.74
18372,20250226,22376,106,9,9,2,1997.23
8484,20250130,22177,131,4,34,4,3411.28
9290,20250202,24118,163,4,48,3,3540.27
15417,20250111,21740,125,4,42,5,862.44
17162,20250416,22956,200,3,11,3,5934.93
8903,20250117,21472,134,5,24,4,2270.25
3947,20250310,21558,116,2,3,5,4071.38
9503,20250210,24265,153,10,32,3,893.67
25954,20250601,25971,185,6,38,5,2682.2
19264,20250306,23802,110,5,26,4,2140.9
15976,20250301,21506,157,3,20,2,2785.61
1806,20250629,24090,163,1,9,1,7828.05
7113,20250422,21616,170,5,36,2,1014.88
17903,20250426,20826,178,7,29,3,1033.71
24621,20250629,22785,147,5,1,4,1712.84
23137,20250624,21325,186,6,6,5,2565.97
5158,20250310,23390,140,7,45,5,1201.45
27292,20250511,21245,182,2,47,1,6680.09
2317,20250220,20699,174,10,28,2,1982.72
11891,20250407,22011,175,7,46,5,1171.1
15916,20250213,20397,112,10,11,4,1872.26
18183,20250116,24475,189,10,7,4,221.76
16273,20250622,24829,175,10,29,5,896.87
6238,20250107,24911,184,10,12,4,1891.98
29505,20250624,25151,136,6,48,3,3092.65
15000,20250121,24233,151,9,13,5,1913.76
29284,20250625,25572,150,8,36,5,463.36
22954,20250417,22339,112,7,42,3,576.48
2085,20250429,25360,104,9,16,3,1384.53
4149,20250405,24702,139,10,35,2,431.9
3330,20250118,25202,154,8,10,5,1476.81
9059,20250403,22381,160,5,26,3,2195.62
19225,20250515,25936,143,5,6,3,989.63
27882,20250128,21948,119,9,46,5,790.57
23534,20250324,23984,130,3,41,1,3216.56
20792,20250531,23531,150,4,45,2,3363.29
2875,20250422,21363,123,3,25,1,2042.81
11842,20250102,20941,121,6,2,5,3950.9
23518,20250128,24331,194,8,20,3,1151.14
24147,20250611,20095,129,2,35,5,6597.61
14577,20250615,21841,150,2,46,1,5235.12
25127,20250526,22133,141,8,46,2,1985.47
26681,20250220,22707,148,1,31,2,7030.75
7768,20250612,24398,164,5,45,3,3121.44
20950,20250607,22516,163,3,18,2,6685.96
4708,20250115,22866,136,10,35,2,350.88
9518,20250403,22675,115,1,6,1,7561.08
15786,20250217,21253,145,1,39,4,2936.65
26711,20250307,22017,103,5,1,4,3016.15
24561,20250211,22458,133,10,6,3,1996.74
14059,20250528,24430,103,4,2,5,1297.39
24024,20250108,25588,104,1,17,1,4541.07
27271,20250123,22742,115,7,28,3,788.03
19607,20250608,24623,127,3,32,1,3858.29
24990,20250416,25183,166,4,9,4,837.84
17299,20250425,24633,109,5,19,1,2712.66
22687,20250418,20369,113,10,37,4,1509.28
26821,20250210,24453,119,8,5,1,474.3
10430,20250315,20345,102,5,16,5,2234.41
15193,20250621,21549,131,2,17,3,3612.08
18498,20250620,25623,166,10,41,5,1957.88
29427,20250601,23317,168,4,4,1,3963.7
23851,20250201,20176,199,5,18,5,3116.07
281,20250420,24498,169,5,43,4,2018.62
25408,20250327,20108,143,3,14,1,7430.9
20622,20250213,20592,180,10,26,2,1114.68
19940,20250318,23460,109,4,45,5,2075.66
6636,20250409,20272,166,9,43,5,1148.2
6423,20250625,20834,129,7,28,4,844.34
11068,20250309,24314,105,8,32,4,1465.41
27572,20250616,21337,186,1,29,1,3398.32
16708,20250120,24744,180,9,41,4,612.88
24869,20250130,21634,131,2,9,2,3204.37
19636,20250301,24361,101,7,33,3,851.18
9241,20250117,22116,186,9,8,3,1723.31
4953,20250327,22566,110,10,38,2,769.26
12531,20250307,22750,135,4,41,4,3336.71
6351,20250410,22847,151,5,40,2,2272.47
4157,20250626,24420,103,9,20,5,1364.35
3770,20250410,20127,185,9,13,3,1166.15
28772,20250320,25350,184,9,36,5,1219.54
23215,20250208,23807,195,5,48,1,1515.26
28107,20250102,21457,121,1,45,5,3229.28
24896,20250301,21370,185,7,24,1,1968.54
20287,20250121,20803,101,3,22,3,4963.38
14321,20250507,23734,170,9,5,4,1816.65
27937,20250417,25193,161,3,4,3,2204.2
15046,20250517,22265,156,2,2,5,4892.87
1180,20250228,21698,124,7,46,2,1099.03
6188,20250217,21167,116,7,45,4,990.69
20185,20250308,25557,177,2,31,2,2645.02
4975,20250222,24066,129,8,28,5,530.02
10445,20250219,21619,146,6,7,4,3089.18
28122,20250309,24303,142,7,24,2,796.87
22240,20250127,21263,199,10,22,1,1815.46
20997,20250627,20979,135,9,29,2,1644.38
23844,20250614,25507,119,5,14,4,3137.64
14153,20250304,25338,112,4,37,1,1250.92
13746,20250127,20274,132,1,29,3,3847.28
11777,20250218,25856,185,8,49,4,1330.47
7030,20250414,25870,154,2,43,4,6073.36
21811,20250111,24414,143,1,26,1,6799.75
8874,20250103,21915,151,3,19,5,6052.35
7229,20250109,21477,199,4,22,4,3782.06
15714,20250512,22989,105,7,47,1,1153.69
20724,20250504,21190,193,2,18,2,3647.75
19988,20250510,24606,110,10,9,3,939.37
5698,20250325,20672,145,5,16,4,1716.31
28801,20250522,24087,109,3,22,2,5444.28
4035,20250219,25478,175,10,29,3,1815.79
16098,20250506,24440,125,4,3,1,3737.44
19417,20250611,21157,199,2,24,4,7198.62
19474,20250608,21298,101,8,7,4,1059.66
1122,20250621,25955,142,9,39,2,1297.44
10227,20250603,23614,113,6,27,5,3397.76
26034,20250316,22332,115,3,24,3,2221.41
22710,20250522,22326,147,9,15,3,1635.36
28224,20250603,24273,104,10,4,1,1715.28
960,20250518,20055,123,9,40,3,734.52
2363,20250415,20282,191,6,34,4,2948.34
7222,20250214,20793,184,5,33,5,1844.33
4286,20250531,20365,197,5,17,2,1740.01
22546,20250427,25548,102,10,42,1,282.05
17868,20250304,24662,144,10,26,1,725.18
4916,20250529,20403,117,2,28,4,6880.44
11492,20250408,23369,173,10,7,5,1452.52
24942,20250516,22513,136,9,39,3,1654.28
17190,20250219,22263,132,10,16,3,383.95
6216,20250628,22945,172,6,28,4,1095.96
5426,20250101,20527,173,6,6,4,3511.07
16360,20250209,24737,176,6,22,4,2848.81
21115,20250330,22911,118,8,4,4,1450.66
7883,20250124,24708,159,7,14,1,450.91
10736,20250201,25402,127,1,27,3,7540.25
20443,20250118,23511,197,8,50,1,203.38
5554,20250313,23021,197,2,4,4,7987.8
10360,20250221,20479,104,1,26,4,5368.9
20373,20250509,25194,144,10,46,5,658.81
9189,20250216,24293,154,9,6,5,849.44
17403,20250308,21838,192,7,18,4,682.65
9545,20250220,23250,101,3,45,2,6216.72
6530,20250426,23310,166,8,34,3,1238.05
10106,20250305,20983,157,3,10,2,2857.92
24216,20250210,25909,151,5,12,4,930.4
5778,20250603,21432,138,9,19,4,1844.56
21220,20250629,22836,125,10,41,4,1485.63
26843,20250508,20326,198,9,7,3,1780.55
21612,20250604,23262,173,6,43,5,2848.16
18933,20250420,20623,140,9,20,4,888.21
22630,20250214,20960,141,8,50,1,1791.96
1164,20250519,25755,185,7,50,3,445.13
1176,20250317,20855,114,8,27,4,1368.63
9039,20250314,21669,147,9,48,5,221.17
14303,20250218,24909,110,4,9,2,3113.26
29449,20250307,25498,193,8,26,4,438.83
28942,20250607,20680,171,6,31,5,2867.03
14234,20250209,25451,195,7,19,3,1479.96
4852,20250123,20464,158,7,26,4,533.18
26736,20250615,22950,104,5,45,2,1954.03
4210,20250430,25261,162,2,33,1,3691.98
8841,20250327,22522,172,2,6,3,5954.89
2278,20250204,21575,189,9,16,2,1312.88
18350,20250319,24835,129,2,28,3,2742.96
3190,20250408,23513,166,9,20,4,1850.43
26223,20250125,20061,166,10,31,1,1262.97
15510,20250520,22011,109,2,33,2,3075.76
8006,20250211,24683,135,8,42,3,1452.89
22567,20250221,24920,197,8,28,4,1178.21
4321,20250529,21537,200,7,12,5,1313.3
5497,20250310,21879,190,9,9,5,1441.24
28177,20250228,20987,132,8,38,4,811.09
3972,20250628,20296,164,6,13,4,1489.44
21102,20250325,20389,189,9,6,4,1081.46
20836,20250526,24025,103,1,3,3,3530.79
4811,20250418,21933,111,8,15,2,1430.94
22104,20250319,22681,177,1,25,1,2918.01
10748,20250225,24209,181,6,41,4,2621.78
13868,20250401,23380,185,8,16,4,1792.88
15530,20250405,20502,117,1,24,3,5535.91
17511,20250614,24709,184,1,13,1,2712.49
25646,20250513,24915,176,8,16,2,1611.45
148,20250528,22360,191,5,24,1,3405.27
17400,20250115,20668,104,6,16,5,2123.3
8764,20250122,21718,151,6,12,4,1234.3
4274,20250411,25661,183,1,31,5,2492.25
29440,20250328,25493,110,10,12,5,1889.0
5216,20250124,20325,128,10,46,3,870.01
27486,20250418,20196,168,3,13,2,4500.68
19192,20250505,25280,190,6,35,2,1123.92
13767,20250604,25949,133,10,10,2,1902.3
23593,20250628,22670,165,10,30,3,1316.87
44,20250617,20724,138,9,6,1,1200.16
6464,20250125,20136,169,3,14,1,4506.93
9251,20250313,22252,101,6,36,1,2884.39
24837,20250321,21388,111,2,25,2,2194.16
29804,20250311,23147,109,4,43,2,1723.79
29910,20250510,20928,146,4,30,4,3279.81
19467,20250104,20568,169,10,33,1,907.89
27078,20250224,20883,106,5,49,1,3098.64
6036,20250111,21860,183,4,26,1,2762.11
27141,20250405,20903,186,1,24,5,4830.81
11645,20250409,22155,131,8,47,2,1855.06
14442,20250603,20101,198,10,43,3,247.09
6869,20250602,25334,193,9,4,2,672.02
19014,20250310,24375,131,3,21,5,7973.08
13196,20250216,22808,106,9,41,2,219.82
12282,20250116,25826,172,6,42,1,3869.5
19798,20250103,25245,126,6,16,3,3294.1
14788,20250125,22299,143,1,47,5,6593.25
27767,20250223,22257,158,5,11,4,2977.31
7810,20250625,22017,173,7,47,3,520.41
20476,20250105,25055,167,9,40,5,1202.36
27072,20250415,22933,127,7,2,5,1445.9
11998,20250616,25474,165,1,2,4,7065.73
12757,20250328,23812,177,10,49,4,594.65
3317,20250422,23711,117,2,2,4,5918.18
3841,20250620,23160,128,6,49,2,912.72
13149,20250323,22019,105,9,41,5,246.07
15274,20250412,22062,116,9,39,3,1010.16
20038,20250214,23941,128,5,6,5,2748.91
13303,20250219,20031,173,2,6,2,3993.97
5380,20250126,23059,189,7,41,5,1209.58
24916,20250406,21376,114,8,27,2,242.42
19080,20250311,21183,140,6,7,1,1323.74
3940,20250319,20588,119,7,28,4,520.29
4689,20250530,22399,163,5,22,2,1587.6
9694,20250128,22494,111,3,21,4,6842.81
7691,20250210,22955,133,3,22,2,4667.7
25450,20250512,23868,101,4,1,2,1166.78
14686,20250515,23347,110,7,23,5,1967.49
24835,20250525,25388,121,8,36,2,546.0
10837,20250126,25513,115,1,5,3,2413.92
8219,20250411,21984,109,3,32,3,3067.12
13145,20250420,21095,120,4,4,4,3144.29
9797,20250326,24859,171,3,23,4,7115.54
14367,20250330,21935,128,4,16,5,2083.61
3596,20250212,21296,184,10,48,5,301.74
2695,20250416,20697,161,10,28,3,835.75
997,20250219,23736,183,9,29,3,1707.42
3211,20250621,24132,189,2,2,4,3299.31
11771,20250326,20233,199,4,13,2,1661.23
28291,20250604,23146,180,4,26,4,801.79
12859,20250109,21718,108,10,11,2,1653.89
23351,20250304,23181,181,6,48,2,3482.79
13614,20250220,25013,114,7,14,2,1918.25
14413,20250121,21865,110,2,8,2,4503.25
18177,20250625,20959,175,4,40,4,3626.88
5355,20250227,21624,189,10,25,2,1087.49
23764,20250625,20605,122,5,43,2,2161.52
17639,20250221,20736,162,1,6,3,4453.08
23576,20250617,21845,153,3,49,2,3842.0
15243,20250430,20814,147,7,20,5,562.82
12709,20250104,22901,146,3,42,3,3158.19
23892,20250524,25897,120,10,45,2,1097.26
7802,20250524,20880,114,8,9,2,461.48
6503,20250502,23948,121,8,49,1,1662.17
28752,20250105,25716,108,7,19,4,1291.08
9539,20250416,20032,126,5,10,1,1204.4
26582,20250515,20343,194,6,39,5,3153.98
10756,20250517,20177,190,5,50,1,3070.0
8545,20250616,20609,136,8,39,4,1068.3
28139,20250514,22427,101,5,14,3,3626.45
21797,20250329,24552,130,5,7,1,2161.44
1483,20250124,23901,166,9,26,1,1142.29
2446,20250620,21749,151,8,14,1,1879.24
4420,20250323,21965,146,8,28,3,1294.67
19723,20250324,25039,176,2,20,3,5216.59
17703,20250515,21875,199,4,7,3,2023.81
22552,20250620,22234,169,8,9,2,269.21
27386,20250328,20304,195,5,16,4,2615.89
3103,20250118,25798,115,6,37,3,3188.35
28210,20250318,20267,151,6,41,1,2325.37
14868,20250412,21290,170,3,15,2,3431.97
17934,20250517,25911,115,1,15,2,4794.14
14547,20250417,25881,133,7,38,3,389.02
19520,20250124,23730,188,6,36,5,1870.01
23505,20250212,20537,146,10,24,3,455.99
5461,20250606,20061,136,5,17,4,2325.81
29328,20250202,24273,117,1,13,4,4792.45
5733,20250613,22705,143,2,45,4,4677.25
13356,20250421,24335,115,8,36,5,807.13
24786,20250118,25363,134,4,40,3,939.11
24831,20250320,25168,146,7,11,4,826.42
8617,20250523,23301,198,3,38,3,7644.51
9379,20250520,23715,141,9,42,5,467.69
3427,20250506,24324,115,2,29,1,2797.59
26169,20250206,21849,149,3,38,4,7334.85
5628,20250304,20459,171,6,37,5,3603.19
9627,20250201,24914,146,9,12,1,1580.26
15109,20250508,23389,133,7,4,3,1560.69
7380,20250416,24933,122,10,26,4,671.88
24959,20250524,22694,195,6,39,2,1263.32
9987,20250623,22405,188,4,11,2,1933.93
9045,20250303,24307,108,10,8,5,1929.31
22328,20250129,22417,109,1,35,1,2133.87
5378,20250207,22184,137,8,16,4,1582.15
17897,20250227,23228,114,10,21,4,1136.63
27365,20250118,22581,148,5,24,4,3265.94
8146,20250508,22597,183,9,49,4,901.05
14765,20250414,25806,183,6,38,3,2799.29
25741,20250402,25847,174,4,1,5,1125.06
10422,20250603,20841,163,3,28,1,4748.65
25358,20250513,20145,160,3,16,5,3083.58
24785,20250308,21095,154,7,25,1,389.6
17228,20250528,20444,110,1,37,5,5075.67
11135,20250407,21282,111,4,48,1,2759.89
26110,20250605,23816,153,6,29,4,2834.3
20253,20250411,22331,125,6,33,2,1807.27
22189,20250327,24151,162,1,36,1,6088.87
24800,20250413,22894,115,1,19,3,6134.67
22051,20250222,20654,162,9,36,5,211.44
22504,20250311,22017,116,5,13,3,1093.96
11483,20250320,24439,125,3,48,5,7736.98
1324,20250227,21979,102,6,40,1,3847.83
23653,20250220,25481,184,2,8,4,3235.78
6320,20250228,25091,117,8,18,4,1455.41
15365,20250121,25317,110,9,8,3,641.55
24622,20250504,21906,196,10,7,5,1823.21
19571,20250625,22754,148,10,48,5,376.63
26569,20250318,21617,127,5,42,3,3654.98
19775,20250622,25580,192,2,6,3,6708.53
10993,20250114,20875,101,6,9,1,1161.8
23493,20250126,20827,130,9,30,3,325.51
504,20250204,23022,152,1,22,5,6442.24
10766,20250410,23792,180,9,42,3,1775.53
20684,20250507,22004,101,3,15,3,2654.23
9576,20250524,24814,172,3,2,3,4721.93
27727,20250511,20792,175,10,5,1,1224.73
25296,20250514,20640,152,7,32,3,1224.35
14230,20250601,20235,185,9,17,3,1868.5
9329,20250505,21052,164,9,45,3,365.48
26946,20250518,24507,114,9,29,3,1001.04
19328,20250122,23763,136,1,40,1,5592.2
16075,20250108,24391,182,7,27,5,1900.39
12614,20250202,23969,182,2,29,5,2185.16
13253,20250216,25100,162,9,42,3,1264.13
29435,20250115,25816,183,2,15,3,2738.64
8472,20250629,22167,102,4,37,5,2737.21
12681,20250226,20412,196,2,22,4,3420.83
18224,20250610,24614,131,4,42,1,2386.0
29572,20250309,22345,125,6,36,4,2292.46
15453,20250426,22058,173,4,9,3,3408.92
18774,20250122,21849,189,9,19,3,753.62
6203,20250209,25989,190,7,40,1,1739.14
21927,20250322,25806,192,4,4,5,2287.64
11254,20250214,20344,177,9,36,5,1228.47
13097,20250409,24115,169,4,41,5,3779.42
26850,20250221,21685,122,10,21,1,204.85
1604,20250316,20337,131,5,22,1,1721.94
6096,20250503,23905,102,2,2,2,2357.66
18844,20250227,23267,145,1,14,3,5811.7
29315,20250425,22126,113,9,41,4,1261.5
9186,20250114,25608,178,7,29,2,1995.15
25318,20250203,24384,151,9,35,3,1378.06
21209,20250202,22088,167,5,3,1,1352.3
6866,20250216,25179,132,6,39,3,2608.63
29599,20250310,25088,168,3,4,5,5196.53
25610,20250425,23103,155,3,47,4,5924.72
1034,20250522,20591,149,6,31,5,2133.25
28242,20250622,21466,147,7,34,4,834.13
22397,20250521,20849,133,5,26,3,1287.62
20002,20250205,21903,105,7,43,2,522.45
26640,20250426,25442,147,4,8,2,2015.98
5338,20250509,23940,148,1,32,3,5890.99
20576,20250317,21412,108,2,21,2,7925.26
9163,20250412,24660,137,1,6,4,2284.16
12954,20250421,21900,122,8,37,3,208.13
7607,20250409,22112,136,4,18,3,1369.31
3845,20250215,24710,168,10,7,2,702.94
18741,20250621,25608,163,8,13,5,1065.15
25961,20250102,24975,102,6,35,4,3953.82
9359,20250506,22167,117,5,44,3,3433.98
13439,20250126,22063,137,2,20,3,3421.81
4690,20250504,21327,184,9,20,3,1907.56
20499,20250309,24535,182,6,44,4,1376.74
28791,20250108,20561,180,3,50,3,3877.71
11606,20250628,22293,174,9,45,1,1186.53
23364,20250102,20650,156,6,19,3,3512.67
14252,20250223,20501,107,6,28,5,2627.29
19370,20250403,22795,185,10,42,3,335.31
1057,20250508,23992,199,7,35,5,211.91
8769,20250427,25167,125,3,16,2,4833.23
5842,20250307,23261,131,1,7,4,5349.56
12472,20250326,25617,138,9,4,3,1900.87
1184,20250623,22286,121,10,27,3,1712.55
11819,20250305,22234,114,2,40,1,6872.59
21072,20250529,25350,125,1,36,4,2651.49
24381,20250327,23646,101,7,10,1,1507.2
4642,20250616,21134,154,3,14,2,7810.35
9832,20250312,21757,168,9,22,4,264.96
1348,20250427,25027,178,1,30,5,3325.69
15730,20250228,22575,120,10,40,2,1703.89
27565,20250427,23506,186,4,10,2,3595.6
15688,20250305,21950,118,10,45,4,1872.45
28161,20250404,20650,150,7,47,3,1885.56
264,20250331,20761,169,6,35,4,3575.69
4394,20250301,20410,158,8,43,4,975.81
23795,20250224,20138,197,9,45,5,1577.27
18727,20250326,25724,165,4,44,3,3948.85
27014,20250102,23730,191,3,21,5,7650.79
16368,20250320,22562,153,4,21,1,1618.98
10105,20250430,21022,116,2,36,5,4989.03
25715,20250409,24069,199,6,7,3,1980.58
29375,20250225,25316,102,3,37,2,4566.79
5313,20250316,23479,150,10,5,4,1151.01
22952,20250512,24893,191,4,22,4,1371.8
28030,20250510,20686,125,7,32,1,733.61
21508,20250620,25478,167,9,6,5,1818.57
5095,20250201,23407,195,6,3,2,2151.9
151,20250206,25507,107,6,27,2,3547.99
3230,20250112,23551,186,8,2,1,1308.61
8319,20250629,23979,125,8,45,1,930.25
20298,20250115,22162,147,2,24,2,2672.24
13820,20250511,21768,138,4,11,2,3585.29
7429,20250204,22148,174,8,29,4,1366.7
12379,20250104,22852,106,9,21,2,1708.9
10677,20250203,25352,119,10,11,5,1630.54
8106,20250528,20248,161,2,41,3,3133.01
18763,20250620,22203,111,5,3,5,1046.66
20573,20250520,21689,200,8,38,3,1749.8
25323,20250110,21684,144,1,49,2,5041.19
11841,20250528,22734,167,8,5,5,1317.36
20731,20250130,21485,197,8,36,4,753.3
22234,20250525,25046,190,7,32,2,355.78
29229,20250628,24535,174,1,2,4,3829.0
9049,20250512,23162,110,6,34,5,2987.67
18205,20250430,23338,122,8,31,1,1864.95
5512,20250313,21828,112,5,14,4,2555.89
20822,20250415,23826,185,6,9,5,2571.84
19429,20250403,25773,121,1,50,1,2526.42
13498,20250526,22660,129,8,9,3,763.51
8408,20250214,23941,139,4,40,5,3592.52
19043,20250125,21672,116,9,35,2,1236.6
22685,20250129,25184,169,5,13,5,3882.0
17990,20250105,23917,126,3,21,2,3708.76
25597,20250327,23693,168,5,21,2,2761.24
28006,20250312,23883,112,7,28,3,1712.54
6282,20250411,23867,192,2,36,3,4005.12
5196,20250609,20814,146,3,18,5,6133.62
27575,20250525,21080,185,8,19,2,1393.93
4680,20250515,21419,149,1,13,2,7005.28
7890,20250223,25097,132,2,25,2,3887.35
23301,20250329,23842,166,2,43,1,4965.3
26683,20250227,22074,182,2,19,3,5298.04
24708,20250503,22019,133,6,35,4,3705.2
16805,20250301,22646,109,3,27,1,5027.74
13103,20250222,21967,140,1,35,3,7818.37
22406,20250406,22206,173,6,46,5,1749.43
24223,20250317,24579,144,5,35,1,2143.16
8243,20250528,24855,109,7,42,2,1038.35
6632,20250526,23552,144,5,37,1,2339.05
316,20250119,23571,196,10,32,1,804.85
20321,20250602,21261,118,1,3,3,6144.99
15506,20250413,24676,183,1,20,3,3509.18
1916,20250531,22010,105,7,20,4,676.18
17803,20250507,25281,118,10,27,2,1061.61
5707,20250320,22123,118,8,18,1,458.55
22553,20250605,22431,102,5,5,5,2016.28
11317,20250306,24676,149,10,16,4,738.7
24963,20250119,20966,115,1,36,3,5185.7
24080,20250413,24785,120,3,48,5,7026.69
26002,20250325,23409,109,5,43,5,2949.95
6893,20250514,24395,111,8,7,5,1590.65
24093,20250624,25664,137,1,20,1,4438.43
24345,20250203,20518,185,1,19,3,4836.84
24676,20250301,20615,110,3,3,5,6442.49
15580,20250626,21847,129,10,18,5,1982.97
2118,20250509,24497,150,9,49,5,912.54
10406,20250208,20288,185,10,7,1,326.79
2814,20250311,20028,122,5,28,1,2196.99
7511,20250426,22563,155,10,36,1,1117.31
26350,20250117,23486,169,10,11,1,504.3
27001,20250520,21698,164,5,2,4,3543.64
11920,20250223,21723,114,10,9,5,1828.93
26648,20250408,24229,133,1,13,3,4374.79
291,20250310,23285,160,10,11,1,514.76
17558,20250413,22255,195,1,5,1,3823.28
12982,20250509,25661,162,4,32,4,3798.92
16810,20250628,23181,138,4,6,5,1331.0
23352,20250224,24675,146,2,37,1,6506.18
23567,20250323,25708,200,7,34,5,743.39
15778,20250516,21774,199,8,19,3,737.11
2215,20250320,21685,196,7,4,1,1891.59
22180,20250506,21105,162,4,5,3,960.38
6109,20250117,24665,184,10,50,3,696.79
7364,20250328,24884,109,9,11,4,1501.03
876,20250621,24701,153,10,1,4,1572.02
5220,20250307,22440,136,1,5,3,6824.89
3994,20250105,20675,158,7,10,5,1357.28
23477,20250512,22149,179,1,50,2,2821.16
22982,20250614,22825,150,9,7,1,1707.13
14727,20250322,20148,173,10,9,3,1609.47
11359,20250404,23450,179,7,19,3,1750.22
9009,20250402,24827,164,9,9,2,1742.06
29211,20250201,20604,134,6,39,3,1242.83
9424,20250622,20542,153,2,25,5,5293.52
20931,20250605,21745,134,10,19,2,445.47
5108,20250519,25057,187,4,23,1,1517.79
21499,20250120,24406,191,2,11,3,3572.22
29006,20250629,20756,111,6,1,1,1996.47
2589,20250226,22796,183,6,34,4,2005.3
22266,20250608,21705,105,6,21,5,1513.95
10211,20250610,20774,156,1,16,1,7483.01
15007,20250225,25701,121,6,10,1,1427.26
14190,20250509,20493,185,4,50,2,2556.77
8142,20250530,21281,153,5,15,3,1256.16
1730,20250401,20985,127,3,24,4,2895.78
22949,20250129,20837,126,2,27,4,6102.08
26306,20250613,23554,183,3,16,2,5214.94
29421,20250412,25760,151,6,14,2,1283.45
1388,20250223,22705,140,9,27,5,1182.62
8268,20250108,21669,124,2,42,5,6719.34
26671,20250320,23194,191,7,35,4,587.56
17979,20250329,20593,181,3,45,1,2142.93
2376,20250420,24373,116,9,4,2,1942.59
13956,20250224,21501,137,1,1,5,7140.73
1134,20250216,23472,158,3,28,5,5728.97
14317,20250119,21484,157,9,10,5,489.76
6900,20250108,22956,159,3,8,2,3255.75
28653,20250129,20106,140,8,21,3,1647.42
2593,20250308,21182,165,8,8,2,1693.03
14281,20250115,24051,185,7,10,4,1331.88
12851,20250120,22575,138,5,1,1,2268.45
9793,20250611,23501,114,1,34,4,7910.89
27036,20250106,25599,158,2,31,5,7674.8
2301,20250305,20868,153,7,7,2,277.21
10133,20250428,25817,191,5,7,5,3603.58
5406,20250427,20026,182,5,35,3,3657.32
11360,20250614,20929,140,10,21,1,1088.1
7935,20250501,23478,142,5,21,5,2783.05
10019,20250331,24624,154,3,30,2,4757.95
15441,20250505,21106,127,3,27,1,7233.61
14118,20250511,23269,173,3,9,2,6735.12
25124,20250109,22932,156,4,44,1,1928.54
19005,20250515,20968,164,9,16,1,1527.66
11015,20250110,20153,145,10,18,2,1627.05
12959,20250428,24338,119,9,34,5,1995.43
26673,20250321,21922,108,7,49,4,1319.95
20480,20250401,20134,199,4,20,5,1496.16
2502,20250615,24535,109,3,16,3,3569.75
14973,20250306,21948,115,6,1,4,1702.67
20788,20250531,24189,147,7,48,1,1266.2
24142,20250327,24526,134,10,49,3,1366.28
26902,20250207,25921,109,9,34,1,226.62
12423,20250506,24133,133,1,45,5,6873.13
24000,20250212,24181,181,5,24,2,958.67
24817,20250114,22946,109,4,13,1,972.13
20845,20250121,25135,133,6,1,1,1450.18
18928,20250326,24035,162,5,27,3,2631.59
16489,20250528,21024,196,4,9,1,2585.37
168,20250613,20703,190,7,14,4,1097.78
26971,20250327,20428,176,10,1,3,230.21
11098,20250425,21820,101,6,48,4,3936.17
13963,20250111,25130,187,6,40,5,1258.1
1645,20250213,22549,150,5,34,4,2750.03
14484,20250129,22904,178,6,38,5,2812.44
2415,20250502,22046,130,6,35,3,3154.6
16540,20250402,24680,125,10,18,5,1717.47
4526,20250122,24315,137,3,33,5,6919.1
14811,20250427,21319,112,8,10,1,1432.4
3613,20250510,24951,175,9,26,5,967.58
25583,20250131,25041,127,1,13,2,3981.91
24711,20250113,24951,187,3,4,4,5254.76
16759,20250627,25343,160,5,28,2,1787.85
2761,20250426,20231,124,9,31,5,636.2
13388,20250325,25372,142,6,23,5,1786.35
25462,20250601,24400,146,8,15,1,849.07
21010,20250330,23624,200,1,35,5,3640.95
9684,20250215,25039,113,3,12,4,7962.71
3504,20250216,23351,130,3,11,4,5379.18
248,20250419,24968,130,5,31,4,1247.78
15594,20250109,22064,194,7,38,4,548.26
25904,20250502,21282,169,1,19,5,5667.54
24574,20250530,21184,143,8,15,3,1058.88
17572,20250208,22647,198,4,21,3,2852.18
451,20250308,23744,103,9,27,1,1300.32
488,20250501,21702,184,2,50,2,3902.54
19295,20250402,24984,195,1,30,4,7007.88
16350,20250317,23080,132,2,29,1,6817.01
5261,20250605,20560,125,3,9,1,3373.34
27016,20250506,25192,195,10,4,4,1870.96
13487,20250130,25621,158,1,28,5,6031.69
16553,20250422,21234,118,4,7,3,1598.24
25187,20250102,21589,133,9,17,2,993.57
8043,20250103,22215,176,8,7,5,973.72
12024,20250424,22309,134,9,12,1,296.31
27227,20250531,24680,165,5,27,1,3082.49
29281,20250315,25663,105,5,38,3,3296.4
20374,20250522,20546,182,3,4,3,2663.94
1064,20250110,23537,183,8,30,1,1591.87
4450,20250526,22490,139,10,5,3,259.18
21523,20250307,24355,146,3,47,5,4999.97
1115,20250312,22236,176,9,40,1,1116.45
13711,20250309,21040,171,5,34,1,1726.33
29117,20250217,24897,189,10,7,5,266.43
16573,20250610,25134,136,6,23,5,2374.09
22886,20250328,20454,189,4,43,5,3475.77
21235,20250111,25833,184,3,1,3,4486.52
14067,20250627,21230,158,5,31,2,3698.84
3002,20250331,25154,169,5,4,4,3594.01
15191,20250419,21572,103,9,35,3,761.06
16729,20250505,22069,187,7,17,2,1424.35
6113,20250517,20148,148,3,13,5,2058.53
4481,20250311,21377,112,6,2,3,2721.38
21118,20250310,23540,178,7,28,4,736.33
8495,20250518,25718,181,5,35,5,838.06
17582,20250518,21182,183,9,37,2,1646.2
1663,20250306,22075,123,7,3,1,839.24
26930,20250527,24199,139,2,50,3,4901.3
28706,20250221,21795,104,10,40,5,1538.87
5456,20250614,22334,183,4,45,4,2474.19
22637,20250208,21633,199,1,7,3,7028.9
23587,20250217,23015,176,8,28,5,557.58
17629,20250305,25545,171,9,14,5,592.36
26529,20250419,24842,119,9,6,4,287.23
14796,20250303,21795,199,10,29,3,1864.62
15279,20250616,20517,122,2,50,1,4433.28
21555,20250227,21000,110,9,5,5,848.43
10671,20250604,25083,146,5,36,2,2497.12
16250,20250410,24413,156,9,22,3,1030.73
9643,20250529,23860,158,1,2,3,3076.91
20300,20250319,21469,163,10,15,3,449.49
21245,20250216,20048,164,5,40,2,2701.94
20345,20250620,24080,114,10,50,2,1548.8
22270,20250603,20985,136,3,20,3,4228.79
24967,20250331,20017,161,4,20,1,1596.6
3198,20250617,23392,125,9,26,4,1388.41
5549,20250607,23742,200,6,48,2,1587.72
13107,20250111,25680,174,2,16,4,2869.05
19802,20250331,20462,107,8,12,5,1155.48
9842,20250313,25327,146,1,42,3,5827.6
20987,20250619,21232,131,3,10,4,4710.83
5972,20250113,21538,129,5,44,5,1225.15
8137,20250415,24943,132,3,8,5,4315.23
11904,20250308,21922,173,8,14,3,527.91
1372,20250115,25050,186,8,2,5,1985.1
23862,20250531,20954,137,1,22,5,3756.14
17257,20250331,20004,197,9,48,5,704.97
1107,20250212,22839,120,5,25,5,1614.1
18883,20250623,23374,182,7,14,2,551.62
4027,20250308,22560,135,8,39,1,1784.09
9569,20250605,20418,154,2,11,5,7667.4
16919,20250513,23719,121,1,19,4,7422.79
721,20250222,24666,173,1,27,2,6541.21
28755,20250224,25408,161,10,5,3,1903.4
13165,20250525,20005,192,6,7,4,2995.73
5533,20250525,22014,133,6,30,5,1619.47
7931,20250425,21643,200,3,1,4,5389.59
20839,20250415,20746,193,5,24,3,810.25
15863,20250517,22591,176,7,21,5,1388.47
5384,20250227,21826,167,1,9,4,7194.24
26890,20250222,20249,142,10,12,3,1515.27
1087,20250423,20220,101,7,22,2,662.88
25931,20250423,20950,142,5,45,5,3005.1
8820,20250131,22862,127,8,12,3,748.84
20291,20250218,25613,169,10,14,1,443.61
27479,20250310,21450,136,2,36,1,3875.52
29462,20250201,20471,127,4,26,4,3656.78
23081,20250511,21416,181,9,17,1,1608.26
26250,20250606,20444,101,1,19,2,3409.0
29088,20250108,25954,196,7,19,1,1549.81
12712,20250104,25124,116,1,18,1,5949.43
17980,20250519,22404,109,7,27,2,1971.66
16600,20250122,25282,106,1,18,3,3583.77
19692,20250601,20407,113,9,17,4,631.65
7753,20250131,21880,111,6,46,1,2028.46
17466,20250312,20165,145,3,25,3,2602.48
12913,20250116,25807,148,9,27,2,203.73
8715,20250209,20658,192,7,29,4,986.33
17444,20250603,21873,116,1,17,4,7848.9
2146,20250205,25598,195,2,49,3,5278.31
16658,20250301,20203,104,1,18,1,3558.73
26300,20250311,25469,124,10,15,5,509.72
25591,20250114,20731,119,9,45,4,1686.81
20488,20250419,25884,127,10,27,3,275.79
25106,20250122,22790,141,4,17,1,1131.21
20452,20250227,25983,103,10,30,5,878.62
11833,20250212,24915,111,4,39,2,2175.97
1312,20250417,25846,191,9,49,4,1336.72
28087,20250216,20348,169,6,27,4,3346.72
5602,20250316,22281,159,5,43,3,2829.93
3609,20250107,21338,169,6,46,5,1644.71
28086,20250407,20662,152,9,45,1,545.93
21785,20250309,20129,144,3,9,2,4955.26
13877,20250510,24892,175,7,33,5,798.28
4376,20250514,21525,125,3,8,2,5042.55
4129,20250130,20249,185,10,26,2,1113.97
9599,20250217,20527,116,2,32,1,3499.73
2640,20250316,23372,196,8,29,4,1265.69
4037,20250523,23612,153,4,6,3,2531.51
20583,20250423,24345,148,8,4,1,1696.44
24005,20250102,22215,159,5,19,1,1994.34
23070,20250125,23593,163,6,12,5,816.1
18129,20250101,23260,197,10,13,5,1203.24
5467,20250521,25342,190,6,39,4,3741.01
3036,20250425,22610,174,6,8,1,2145.47
602,20250128,24910,189,10,10,5,1232.09
23130,20250501,22724,196,6,17,5,1060.96
25464,20250224,21363,169,6,21,5,2234.44
8125,20250121,20563,151,9,39,2,880.78
25625,20250515,22550,143,3,2,2,7907.3
7515,20250202,25061,193,8,25,5,864.38
11956,20250414,22217,134,3,37,5,3750.14
29990,20250510,24557,123,6,13,5,2796.5
5663,20250530,20278,181,8,5,4,1337.39
21427,20250415,23274,117,8,38,5,1481.03
6664,20250318,20495,109,6,22,3,2297.94
410,20250501,24898,152,10,34,3,636.25
6848,20250613,25084,142,2,41,1,6610.49
6353,20250202,24116,104,5,47,4,1154.71
16915,20250209,24574,168,10,32,1,1243.69
3351,20250122,21825,116,8,42,5,1970.11
13525,20250326,24576,117,8,29,2,1147.98
4153,20250605,24038,127,4,9,1,2896.71
24019,20250225,24757,130,2,47,1,3074.24
24448,20250605,25817,119,9,28,2,561.6
23262,20250414,22371,154,9,31,1,585.98
22698,20250605,24959,157,6,10,4,2375.62
5514,20250128,20040,153,1,16,5,7343.5
5622,20250201,22499,135,4,24,4,3417.67
11808,20250116,25227,107,10,44,2,1628.76
14735,20250408,24329,126,9,20,3,776.93
27787,20250124,25552,112,5,45,4,1277.32
18333,20250524,24714,168,4,5,1,1086.64
222,20250510,24100,192,4,14,3,1819.66
7418,20250330,24431,134,1,37,2,7352.33
14814,20250306,20909,128,10,42,1,235.26
10298,20250519,23704,196,7,12,1,707.51
28940,20250412,21689,122,3,30,3,6207.04
10370,20250525,22786,105,2,50,4,4578.81
25551,20250525,25683,169,4,30,2,1916.39
5173,20250418,23749,113,6,22,4,2064.13
23957,20250127,25474,102,3,10,3,6082.39
24182,20250120,22215,192,7,28,4,310.88
381,20250503,21017,167,9,13,1,482.38
9254,20250510,21928,178,4,45,4,3968.08
650,20250414,25509,129,10,21,4,608.08
11765,20250104,23578,160,1,47,4,7937.81
13975,20250520,22324,195,1,4,5,5793.35
7457,20250123,23137,172,1,3,5,4645.95
23453,20250626,22296,163,5,23,5,2981.05
1823,20250413,21621,145,10,30,4,1301.52
27384,20250519,23851,168,5,6,1,2937.61
17282,20250530,20967,159,3,43,3,4473.93
11687,20250622,24137,183,5,34,5,1971.34
21108,20250113,20307,186,2,30,5,6423.12
2153,20250412,22102,197,6,11,4,1404.17
12136,20250411,21618,146,2,50,5,5028.32
16892,20250410,25586,123,8,22,3,865.04
608,20250412,20021,158,5,36,5,1723.43
3590,20250520,21290,181,4,20,5,3587.43
6199,20250622,20960,107,4,23,5,1850.75
18430,20250611,25385,189,8,1,3,1534.21
21155,20250330,22530,133,3,26,3,5012.56
8847,20250603,23745,170,8,47,1,1797.88
14961,20250310,24717,123,5,28,4,3297.66
23771,20250306,23121,147,4,40,2,1637.38
7887,20250617,24411,162,9,5,1,1187.48
29722,20250219,23566,137,9,21,5,1227.49
9113,20250315,21458,169,1,30,3,7240.28
18315,20250416,21934,102,3,31,2,5467.4
22232,20250626,20373,148,1,1,2,4013.14
23123,20250504,22862,184,3,2,4,5893.53
23535,20250508,25317,147,7,19,2,795.13
22731,20250407,21949,193,7,48,5,710.04
3422,20250308,21447,116,9,36,1,1488.75
10355,20250124,22281,141,3,3,1,2298.75
11853,20250126,20756,154,5,46,2,1395.09
18088,20250226,20773,160,6,7,4,3774.09
4253,20250320,21266,165,5,48,2,1491.28
26295,20250321,22649,151,5,11,3,3585.87
15542,20250305,20857,170,2,33,3,3629.48
23281,20250306,23441,160,10,38,5,1029.66
7795,20250109,21268,149,1,6,3,2539.2
12484,20250406,22793,186,4,40,4,897.27
22436,20250329,21699,119,8,4,5,1001.51
11238,20250521,25274,124,6,24,5,1374.12
15866,20250228,20162,143,2,48,1,3639.95
14403,20250621,21393,143,1,37,3,4420.29
7842,20250207,25586,120,10,18,1,1653.29
19305,20250413,20930,139,3,12,2,4642.32
14178,20250623,20966,157,10,14,1,583.93
27547,20250512,20897,103,9,10,1,1699.19
6391,20250504,23299,128,4,39,1,3541.37
21363,20250214,21681,156,5,16,5,3257.68
9543,20250130,20272,143,2,38,4,2661.03
11604,20250511,20700,141,7,17,2,1690.01
7489,20250211,21126,166,10,45,5,1086.1
232,20250206,24060,115,5,26,2,1467.11
3273,20250623,22874,149,5,23,1,1531.5
26280,20250607,24122,136,9,4,5,436.32
14892,20250422,20665,139,6,32,4,3023.05
4903,20250227,20225,194,7,4,3,885.01
9560,20250214,21978,199,10,9,4,910.66
7956,20250312,23057,133,4,9,2,1222.64
7071,20250617,25072,183,6,20,1,3490.13
13142,20250415,21492,128,9,44,4,398.51
14050,20250614,25370,176,4,5,4,2762.92
76,20250613,25737,186,7,24,4,720.68
21842,20250512,22815,189,2,23,5,4984.88
5771,20250504,25759,161,1,35,2,2140.02
1109,20250224,23612,138,5,3,3,1161.62
26005,20250615,23660,195,7,12,2,1217.9
7746,20250506,23506,192,9,41,4,1465.12
2210,20250131,22139,148,1,42,1,4788.31
8256,20250401,21446,180,6,49,5,3875.85
2387,20250619,24437,182,6,17,2,1740.14
749,20250506,22957,139,2,24,3,6338.95
16288,20250223,24203,111,1,24,5,2649.65
25671,20250425,20347,124,4,49,2,1768.85
17204,20250120,25843,110,1,9,2,3697.62
19684,20250210,21213,200,8,38,4,1184.93
7468,20250406,20300,172,3,9,2,2422.97
2360,20250616,22987,197,4,38,2,2605.83
1600,20250419,25964,194,9,40,3,423.08
477,20250418,20728,162,6,46,1,2207.18
25195,20250418,24481,134,10,34,1,466.41
21295,20250330,21277,171,1,45,5,7309.16
11716,20250220,24266,115,4,20,2,2186.09
15460,20250628,23885,189,8,22,5,1632.43
4049,20250326,22053,190,10,41,1,593.36
8475,20250110,21821,121,8,38,2,315.3
22723,20250519,22629,118,7,26,1,588.83
9528,20250627,22570,186,5,4,5,1377.12
11612,20250614,25805,140,1,42,2,4118.32
260,20250408,22428,104,10,36,2,1704.7
27912,20250519,21310,192,8,30,2,1228.37
18138,20250622,24898,133,6,3,5,1874.21
24765,20250124,20743,150,7,44,5,443.07
13406,20250522,22847,150,7,35,3,626.69
11618,20250503,24545,105,10,31,4,362.11
23832,20250118,25043,114,6,3,2,2855.23
3538,20250109,21433,112,9,13,4,1162.87
7822,20250125,22984,132,2,2,5,2328.48
10064,20250604,25178,144,10,46,1,298.84
16884,20250210,25240,141,1,50,3,4557.97
13838,20250103,25212,113,8,9,2,685.1
25894,20250116,20560,195,7,47,2,1653.29
9961,20250223,23057,137,2,33,2,6455.64
29701,20250215,25919,178,1,39,3,5926.49
2702,20250210,23364,168,5,43,3,2350.16
26468,20250108,24047,130,10,3,2,1512.85
8629,20250201,23809,121,6,1,4,2103.19
4456,20250529,23388,136,10,22,1,1513.45
20887,20250609,22356,146,5,4,2,3578.84
22808,20250311,23469,145,2,25,5,2506.45
18665,20250124,22878,131,2,6,5,5718.83
9021,20250225,20638,200,6,50,3,3887.8
6558,20250318,20694,187,9,39,5,1863.51
9788,20250219,24143,165,10,24,1,337.37
17527,20250404,23713,139,8,10,3,1267.02
28245,20250427,25312,154,6,27,1,2249.59
11126,20250619,21047,168,7,50,2,352.42
6309,20250111,21994,182,3,12,3,2342.11
2620,20250614,22310,190,2,16,5,7963.88
3505,20250309,21871,163,4,49,1,1335.68
27404,20250123,24561,130,3,26,2,5067.68
19426,20250129,22985,171,6,37,2,3897.26
8744,20250618,23846,130,8,31,3,1179.47
8232,20250121,25639,188,8,22,2,832.29
16264,20250116,24643,166,6,22,2,2681.36
1797,20250107,20780,113,2,13,1,5358.48
15086,20250504,25770,167,1,12,5,7016.38
18536,20250419,24810,193,7,23,5,805.87
12767,20250413,21819,174,7,35,2,1703.19
12297,20250108,22370,187,8,16,3,1579.74
12342,20250627,23634,196,4,44,3,2301.89
16774,20250515,23201,116,2,23,4,4797.35
28776,20250220,23898,126,9,13,5,824.24
14434,20250526,24509,127,1,26,2,2135.81
4686,20250221,25963,165,4,48,1,2419.88
26744,20250514,22132,199,8,11,3,1500.46
12979,20250130,21869,130,9,40,1,1245.0
8305,20250611,20597,125,8,6,3,841.61
27153,20250618,24129,180,5,43,5,1967.05
4098,20250430,20849,115,5,23,4,2205.43
5884,20250206,21498,122,9,40,1,890.78
17185,20250401,24769,118,1,28,4,2079.69
2741,20250101,24304,163,10,36,4,926.01
25547,20250311,23071,121,5,28,1,3494.12
9633,20250115,20560,143,8,24,5,665.51
18151,20250123,23146,117,6,44,3,3643.72
27111,20250612,20268,119,7,4,3,631.75
8171,20250329,24354,194,2,19,5,2693.6
12363,20250215,21772,116,5,34,1,3647.07
20524,20250126,20371,163,2,14,3,2533.54
17972,20250113,20650,159,2,35,2,6400.46
8519,20250625,22695,134,10,5,1,759.5
20078,20250322,22031,139,3,44,3,4053.95
20729,20250428,21338,151,3,34,2,4185.13
6605,20250520,20754,191,6,30,4,1104.5
28193,20250313,21839,133,10,26,5,1679.1
13720,20250119,23426,169,1,34,1,4963.6
20093,20250313,24623,144,1,12,1,5492.95
14493,20250515,22104,117,9,23,4,930.73
8618,20250226,25949,181,3,33,2,5505.64
2865,20250502,25155,174,9,12,3,293.8
16256,20250424,24734,180,6,42,2,3475.46
20211,20250618,21556,168,9,22,3,479.71
19792,20250423,24318,198,1,24,5,5922.69
25859,20250122,24508,150,1,44,2,7674.9
20212,20250127,24859,111,4,5,4,2430.42
8333,20250208,20087,136,7,14,2,1755.12
22970,20250506,25642,191,4,8,5,1040.22
10598,20250128,25434,120,2,43,3,3364.09
3989,20250409,23732,159,9,33,1,620.44
20781,20250215,21719,156,10,43,2,859.51
2351,20250123,22016,152,7,47,1,682.84
5755,20250212,23608,200,6,12,3,1640.71
14603,20250130,20260,131,7,12,3,1186.83
22614,20250116,22101,114,4,6,3,2525.14
9630,20250225,22479,188,4,20,1,2801.76
6454,20250507,20910,126,9,22,2,203.78
15098,20250202,23112,179,9,47,1,645.3
18866,20250528,21351,194,6,24,4,2179.33
15381,20250501,22859,179,1,50,5,6810.77
20491,20250619,21584,191,4,35,2,1513.56
6966,20250511,21256,172,1,37,4,7150.52
4004,20250610,25095,124,4,24,1,937.76
9330,20250121,20999,112,7,24,4,225.36
3003,20250119,22088,135,8,28,3,234.39
13913,20250217,22658,187,1,44,3,5005.65
16037,20250209,21610,145,2,20,5,3567.34
735,20250102,22655,132,3,29,4,5176.44
25253,20250512,22463,174,5,5,4,1458.65
17212,20250401,20523,185,6,27,1,928.29
28926,20250529,20952,165,9,23,3,1777.04
6626,20250320,20710,140,8,23,3,1783.68
14937,20250225,23929,164,3,50,1,6813.67
19814,20250507,21547,161,5,16,1,968.25
11829,20250602,22417,152,9,26,4,1655.53
27347,20250606,24850,177,5,49,1,1577.81
24190,20250122,24095,109,8,22,3,637.6
5666,20250614,24886,113,5,20,1,2307.03
4983,20250103,25740,141,3,6,3,4802.31
12995,20250301,23901,197,2,46,1,4681.97
14586,20250316,24608,197,5,24,5,3413.01
10312,20250321,21225,122,1,35,5,3227.87
21149,20250527,22396,105,4,12,5,3729.43
20497,20250309,22361,129,2,28,2,6940.6
4472,20250615,25307,177,6,46,3,3751.19
6597,20250407,25093,167,10,39,5,614.38
6242,20250404,24330,174,3,40,3,5061.2
11260,20250212,24954,127,9,44,1,1136.51
6121,20250423,21980,140,2,39,5,7126.7
22625,20250105,24032,115,4,16,4,3335.17
10043,20250525,24795,161,9,44,5,1835.31
25019,20250409,21716,175,5,49,4,2922.41
15140,20250521,25533,145,6,40,1,1352.06
1581,20250329,21266,155,7,40,5,209.14
26482,20250101,23131,106,1,1,5,5713.4
1912,20250507,22590,106,1,32,5,7556.34
7218,20250111,22111,200,7,50,4,1091.73
92,20250301,23706,197,7,18,3,1027.46
15293,20250218,24967,157,10,28,5,1525.93
189,20250218,22094,146,9,42,5,573.28
9363,20250212,22181,116,10,34,3,1450.84
10860,20250312,20643,195,8,34,3,680.07
7025,20250219,21236,132,4,24,5,2063.36
5478,20250102,25299,191,3,38,3,5756.69
20161,20250403,22811,117,9,43,2,586.56
18375,20250219,24052,182,9,44,3,522.44
322,20250605,21985,152,1,20,3,2871.5
13550,20250131,20500,175,8,5,2,254.29
4741,20250201,24854,128,9,46,5,1797.3
22288,20250201,24319,161,3,34,4,6846.96
4292,20250302,21442,124,6,44,4,3208.74
21044,20250626,21880,178,9,25,3,1909.02
14322,20250624,20765,133,1,24,1,6778.92
195,20250223,20036,200,8,13,1,1288.55
2831,20250326,21884,152,1,42,4,7458.95
11905,20250227,25037,182,6,24,1,1467.76
25667,20250606,21861,171,6,24,2,3984.41
14713,20250516,23821,199,2,15,3,3809.49
2517,20250623,25890,155,8,37,5,1643.38
27952,20250304,24843,160,2,26,4,6045.77
15517,20250621,20888,187,5,42,2,3797.35
12888,20250504,25189,122,4,17,2,3279.37
29155,20250426,22694,123,2,24,1,4454.08
7326,20250224,20614,188,8,47,1,854.32
28431,20250322,24822,133,1,27,2,5248.98
757,20250308,22750,158,1,39,2,6773.73
7252,20250318,25006,198,3,24,3,7083.29
7760,20250611,22408,127,6,10,2,869.32
29657,20250208,21332,176,1,25,4,3077.31
26425,20250607,22347,167,4,32,2,2665.12
1748,20250405,21002,158,4,15,5,1729.23
12532,20250216,25799,145,2,24,3,4174.64
20387,20250127,24669,136,3,32,4,6369.38
1053,20250519,25318,131,3,42,1,7438.11
19843,20250511,23062,153,2,16,4,7367.47
2445,20250603,25334,182,8,19,4,518.77
25739,20250616,24942,136,7,11,3,450.55
11049,20250628,24450,130,2,37,3,7815.46
28600,20250520,22363,182,6,2,1,3884.82
16778,20250130,24852,125,8,4,3,1531.37
24733,20250515,24575,114,1,44,3,7414.46
13615,20250404,22761,108,7,39,2,326.72
20922,20250615,22884,177,4,24,2,2752.51
11146,20250503,25669,161,7,13,5,686.56
7137,20250321,23130,139,2,36,4,5067.51
19428,20250106,22546,189,7,6,1,1139.61
20441,20250215,25631,185,6,5,5,1097.55
4794,20250601,23915,107,3,20,3,6531.0
29159,20250330,23488,107,7,34,5,1254.03
19980,20250123,23361,133,2,10,3,5930.28
10564,20250127,21756,191,9,39,5,1187.65
14324,20250123,21874,117,10,45,3,883.78
4731,20250115,23713,108,7,12,3,926.96
29501,20250427,20977,152,4,22,4,933.84
13347,20250226,25176,147,1,14,2,6886.51
7488,20250213,24912,156,5,15,3,1150.2
18859,20250210,21004,156,8,49,5,1011.09
14162,20250518,21335,128,8,11,4,1480.3
10891,20250617,25236,166,3,49,4,6962.04
3754,20250327,20854,154,3,44,2,5502.21
9474,20250411,21444,195,2,19,2,7236.74
15611,20250628,21709,111,8,44,5,981.12
10012,20250521,23699,181,5,46,5,2067.19
27025,20250114,23284,178,4,21,5,2967.74
1809,20250603,25855,164,1,10,3,6127.54
17963,20250209,22197,136,4,11,3,3723.88
5039,20250417,20340,172,8,41,5,794.96
16421,20250524,24681,145,8,22,2,1112.0
4815,20250419,22593,189,6,35,4,2349.55
24236,20250523,22701,108,6,26,2,2374.08
4417,20250122,25419,104,9,35,1,404.28
6873,20250118,20259,166,7,5,5,1703.14
23583,20250314,22811,183,7,15,3,1708.14
25574,20250326,22321,120,10,5,3,1146.17
20632,20250409,22448,185,9,48,2,1795.95
28114,20250524,25382,153,6,3,4,2943.55
22796,20250129,22238,189,7,47,5,222.78
22111,20250417,21772,165,7,43,5,779.68
22996,20250204,24221,186,3,24,3,5624.78
2938,20250617,20442,151,9,33,2,1994.41
17129,20250613,23617,120,3,11,2,4079.0
19923,20250323,22452,143,9,29,1,1410.85
5217,20250211,22610,162,7,45,4,1512.35
6595,20250506,21150,138,2,39,1,5983.0
18400,20250213,24348,199,4,31,1,1384.09
15905,20250414,25514,117,10,33,5,378.81
12834,20250411,20258,165,7,40,3,1573.25
15325,20250623,21441,119,2,33,4,5543.06
17981,20250225,25830,146,1,25,1,7373.94
3885,20250402,23292,131,4,33,3,1870.3
19877,20250426,22655,194,4,17,2,2209.48
18090,20250107,25226,149,5,22,3,1269.86
10866,20250422,21906,171,8,24,3,553.77
16753,20250407,25069,171,3,29,5,6957.92
2770,20250101,22609,196,5,49,4,1121.55
24155,20250218,20357,183,2,16,5,6901.78
6727,20250525,22392,123,9,30,1,1662.33
26452,20250409,24528,115,2,23,5,7008.75
11479,20250611,22418,164,5,49,4,831.32
11132,20250627,20598,177,8,47,4,1824.89
8458,20250523,23998,154,1,25,4,6843.32
12103,20250504,24697,151,10,2,5,1146.93
7754,20250112,25933,120,7,40,4,923.29
11656,20250519,21143,161,5,32,2,3696.54
11948,20250602,20064,160,2,26,3,5587.07
19089,20250114,25562,108,5,36,2,2716.07
24639,20250510,25639,165,9,45,5,452.32
19369,20250117,21557,105,7,9,3,407.17
27927,20250325,25497,162,2,43,1,7560.06
19387,20250420,22533,183,10,4,1,1866.33
14149,20250317,25947,131,5,5,2,3015.83
16108,20250613,21284,130,1,28,4,6679.12
14565,20250613,24924,190,7,13,1,305.13
17113,20250114,22063,184,4,33,3,2965.87
24051,20250526,23499,158,8,26,4,658.55
6207,20250103,20152,158,8,24,3,629.63
11488,20250220,20609,129,2,16,5,7162.58
18738,20250328,22081,140,8,4,1,408.6
18721,20250413,22020,166,1,3,2,3495.71
16025,20250316,21197,175,3,9,3,2183.13
26704,20250515,25671,139,3,6,2,2158.04
16362,20250517,25503,116,3,15,3,2570.51
11831,20250511,25244,199,9,18,2,540.21
22341,20250101,22014,139,4,45,4,3967.64
14570,20250207,20145,173,1,39,1,6692.63
16097,20250219,21719,122,9,32,5,746.73
3083,20250608,23121,141,10,12,3,878.88
26626,20250408,24427,172,3,27,5,4121.57
15138,20250409,24744,162,4,3,2,3310.51
10951,20250209,24644,135,4,25,3,2420.51
18508,20250116,22462,163,10,10,4,1280.16
23319,20250527,20881,101,7,4,1,1188.34
18,20250612,21348,150,3,45,3,6491.99
9608,20250619,25981,134,1,3,2,3189.29
27429,20250307,23405,173,2,40,3,6164.52
27053,20250524,22693,175,9,1,3,1945.47
18086,20250215,21843,193,5,1,2,2952.73
24018,20250112,20540,149,10,42,2,548.81
13694,20250106,25877,117,2,48,2,6175.92
17211,20250303,21856,151,1,41,3,4392.24
18938,20250209,21167,165,9,12,1,1824.2
2436,20250516,21959,111,3,17,1,3909.79
21914,20250102,25093,183,6,39,4,2315.45
18544,20250401,24504,139,8,33,4,733.42
27987,20250328,24181,167,4,4,4,2581.39
9099,20250531,23515,108,7,15,5,1994.82
18371,20250523,25292,189,7,21,5,510.58
1494,20250509,23403,169,4,11,4,3547.9
2009,20250205,25422,190,4,1,3,3555.73
14583,20250309,22457,190,10,22,3,1787.01
5223,20250426,22616,170,1,37,2,2982.59
5228,20250504,22996,154,4,32,4,2873.76
17713,20250516,24501,189,5,16,4,3124.02
26510,20250215,20905,160,3,18,5,7874.29
11593,20250506,25833,155,1,10,1,2656.01
12905,20250117,21888,130,9,36,3,1720.62
2270,20250220,20715,129,1,31,5,5782.77
17436,20250309,22479,125,9,35,4,763.92
22969,20250609,22804,169,10,14,4,408.01
16432,20250605,25394,165,4,8,4,1188.54
1802,20250322,22023,197,1,17,2,7969.95
10374,20250218,25777,149,1,36,2,3042.25
15190,20250611,21292,140,8,23,3,439.3
8417,20250527,21068,164,1,22,5,5216.76
10057,20250618,21482,152,8,18,2,825.85
9252,20250524,24968,120,10,42,5,1247.53
10257,20250516,20099,106,6,23,4,1880.54
6922,20250110,20368,168,2,24,5,6420.83
26245,20250519,24716,199,1,34,2,5430.95
10912,20250205,22077,152,6,12,3,3750.22
1304,20250327,20777,121,6,6,5,1575.2
21100,20250621,24759,112,10,48,3,1035.58
24183,20250213,20960,163,8,20,2,1661.44
12556,20250227,23452,143,3,4,4,4599.29
24098,20250225,24321,115,2,21,3,2132.48
2735,20250118,24683,129,6,18,3,3133.94
24780,20250103,23487,124,3,7,1,4142.68
19333,20250410,25030,199,9,35,1,583.41
23690,20250625,21602,137,4,29,3,2397.59
2547,20250325,20076,153,4,49,3,3172.13
5115,20250414,21272,103,4,25,5,875.64
20041,20250407,25915,173,7,23,1,1459.27
12108,20250317,20880,155,7,12,1,974.69
27960,20250401,20080,131,8,1,5,1989.68
4561,20250204,20685,122,8,24,4,413.9
2196,20250130,22145,189,5,9,1,3294.54
6743,20250527,24209,125,1,21,5,2097.93
1704,20250103,22209,157,2,4,1,6717.74
17104,20250305,23185,115,8,15,5,411.02
1291,20250501,25841,146,3,26,4,6047.02
16190,20250222,24982,116,7,22,4,1415.05
28496,20250529,21706,151,5,49,2,3403.83
7517,20250121,21987,193,1,49,1,6180.89
25588,20250427,24583,161,3,1,3,5603.92
24811,20250425,24914,140,4,25,2,1775.92
26353,20250101,21105,161,9,17,4,629.0
11012,20250409,23975,155,9,2,4,554.82
25257,20250415,21537,163,2,17,2,7800.43
4679,20250614,23384,181,5,13,5,1267.32
24350,20250216,25764,169,6,24,5,2995.05
13050,20250524,20785,137,10,36,5,1710.82
16746,20250210,22725,193,10,35,5,1648.48
5909,20250507,24045,144,3,2,1,5487.9
12397,20250505,23348,153,8,41,2,1106.73
16068,20250422,24469,170,4,24,5,3325.11
397,20250626,21594,154,4,8,2,3367.92
5865,20250407,21418,114,5,32,3,2715.35
9738,20250303,24853,131,4,31,3,3783.96
6779,20250328,20038,162,10,14,1,203.83
25285,20250212,22242,178,1,25,4,2163.25
18356,20250528,24923,159,10,20,5,220.0
27685,20250113,25833,161,4,7,5,1978.0
4111,20250219,22585,120,6,39,5,3013.94
12523,20250420,21097,144,6,3,4,2855.36
15280,20250531,20887,106,6,41,5,2932.36
8981,20250410,22114,128,9,41,5,1556.47
27063,20250305,21675,192,1,37,1,7653.74
12149,20250606,23411,110,7,6,1,369.78
1596,20250218,24221,118,3,28,3,7157.38
13836,20250628,24645,157,9,40,1,1160.85
27177,20250402,25188,113,7,28,1,567.66
7917,20250515,20533,161,5,23,3,1735.61
25845,20250208,25018,172,8,1,4,340.09
26292,20250124,22140,140,7,47,4,1276.4
6139,20250316,21807,131,9,44,4,1046.8
20199,20250216,23781,165,1,42,4,3351.59
26865,20250615,25574,182,6,45,5,2741.12
25922,20250129,24609,149,1,50,3,3421.18
20192,20250625,21343,186,9,42,4,1318.91
24832,20250216,22352,199,1,3,1,4834.65
11058,20250127,23326,138,1,25,1,6325.01
29065,20250420,21667,182,10,35,4,1052.28
7669,20250330,25018,189,7,15,1,1896.3
14174,20250105,24516,114,5,18,3,2271.25
483,20250509,25840,143,4,9,5,3811.04
773,20250320,21619,181,5,22,3,1412.06
11022,20250501,23009,168,4,45,4,3528.41
22977,20250506,22075,190,1,7,4,5455.47
29110,20250103,25016,155,6,29,3,1228.87
25787,20250313,24447,184,6,13,4,2247.35
7840,20250409,24572,123,5,30,2,2436.06
7603,20250310,20109,175,4,42,1,2129.87
27206,20250529,22744,122,6,23,3,1825.76
17685,20250421,23564,105,10,44,5,441.77
29129,20250516,24593,175,10,26,2,486.92
17739,20250107,25564,129,7,35,2,1650.5
13837,20250304,24041,132,2,47,3,3618.88
5099,20250408,20573,187,10,24,5,1844.48
26914,20250425,22372,144,10,32,2,1676.32
2233,20250506,25754,198,4,39,5,3665.25
24573,20250104,20228,176,3,10,1,7730.45
17193,20250317,25365,104,6,19,5,1466.73
18884,20250120,24854,165,6,34,3,2025.49
26894,20250517,24593,155,10,4,1,1064.11
29210,20250303,20623,113,6,22,3,1002.94
2785,20250227,25370,151,1,14,5,7521.89
19372,20250626,23449,157,10,13,3,1890.45
8770,20250125,20926,183,1,44,5,2147.17
3582,20250610,22326,115,4,4,5,2474.79
23860,20250527,24564,110,9,27,1,1752.58
7975,20250321,20564,114,9,45,2,1923.2
21841,20250408,22505,190,1,35,5,3491.47
2320,20250204,21926,101,2,8,2,4531.74
21374,20250110,21927,146,6,19,5,2357.05
6746,20250602,25457,111,10,35,2,303.16
20510,20250310,20124,118,9,44,1,303.59
1808,20250225,25726,105,1,24,1,3446.61
9737,20250518,25810,173,8,4,2,1305.26
12333,20250412,24503,148,10,29,4,1749.88
21386,20250112,21963,182,4,29,2,908.8
7823,20250303,21859,101,8,11,3,1662.46
17677,20250203,23917,105,8,11,2,955.33
9759,20250614,23474,135,8,43,1,1262.42
8152,20250527,23528,151,6,49,4,3966.39
26652,20250215,21097,134,9,39,2,965.98
11429,20250514,25888,170,7,27,5,538.01
21837,20250116,21190,162,5,16,1,1446.73
18290,20250526,21648,173,10,21,2,707.92
27948,20250509,23005,128,6,21,1,2173.85
19971,20250403,23240,185,3,21,5,7722.01
23317,20250104,22795,194,10,41,3,1482.45
3400,20250325,23142,120,2,11,2,2951.19
27824,20250320,25622,162,9,14,1,914.74
3920,20250603,20229,150,3,10,4,3304.82
26774,20250425,21883,151,9,32,4,799.28
20153,20250505,21049,155,2,11,5,5471.78
12028,20250206,23572,150,9,9,3,783.29
25175,20250118,24612,145,6,1,3,3748.86
3215,20250614,22740,191,9,16,4,511.36
15625,20250323,20688,184,8,30,4,1802.03
24370,20250415,20143,126,9,18,2,1512.29
16823,20250224,20052,185,2,38,1,3642.91
11569,20250531,23594,189,9,28,5,500.27
25294,20250307,22074,134,5,13,1,3059.17
28675,20250110,24405,176,9,3,4,1645.25
8136,20250413,21237,189,6,4,4,3230.94
11870,20250426,24695,113,5,4,2,2758.48
18392,20250222,24919,136,1,28,4,4495.67
24970,20250428,24353,150,8,34,5,666.1
3182,20250313,23055,154,10,36,1,1954.91
3758,20250411,23297,129,9,18,1,1840.76
28378,20250330,22824,177,5,45,2,2038.01
22899,20250613,21761,127,5,3,2,3343.45
17243,20250417,21755,132,3,34,5,3807.78
8214,20250325,23582,190,1,4,4,5654.25
9070,20250301,24649,135,1,36,5,4689.24
13817,20250129,22845,106,3,30,5,4522.76
9155,20250101,25741,178,9,35,5,1172.82
13372,20250402,21399,122,2,20,1,7802.3
16444,20250418,22299,115,7,15,4,923.69
3617,20250313,21526,159,5,4,4,1633.32
18912,20250413,23113,178,4,37,5,1507.46
3542,20250625,22056,168,7,33,1,1844.04
10440,20250604,24232,154,2,9,4,5565.95
11536,20250115,25840,165,10,24,3,480.49
1744,20250503,23064,130,3,16,3,5093.6
13489,20250428,24469,101,8,40,1,484.07
10150,20250203,21671,162,10,2,5,996.78
4951,20250115,23153,116,8,33,2,1261.59
9536,20250309,22248,109,5,43,2,3716.68
1676,20250608,23517,113,3,8,3,4108.08
14106,20250501,22265,170,4,11,4,1027.95
120,20250401,24913,140,9,1,4,1531.93
24919,20250216,22213,112,9,26,4,903.64
25636,20250524,20513,180,6,28,4,2410.25
5048,20250211,24927,189,8,26,2,1332.65
4120,20250304,21992,189,4,48,2,3875.19
16861,20250416,21304,139,7,50,2,1940.2
23439,20250515,24127,148,6,34,2,2305.49
3987,20250204,25725,160,10,10,3,1352.98
22812,20250511,23188,136,2,6,1,2440.83
25772,20250602,22019,110,5,17,2,3237.46
13685,20250529,22249,186,10,41,5,1886.27
10484,20250509,25809,192,10,50,3,1797.67
15828,20250228,21158,196,3,47,3,6701.28
5383,20250626,20973,178,9,12,5,1030.49
8673,20250323,20353,187,3,9,3,2044.71
20680,20250324,21732,174,8,1,3,376.66
22933,20250323,24242,103,8,12,5,1375.09
8049,20250226,25715,165,3,33,4,2444.77
3143,20250423,23104,197,6,5,4,1194.4
13951,20250504,23324,119,4,28,4,2271.22
27964,20250527,25360,162,8,17,3,1574.28
521,20250609,25079,108,10,37,5,790.16
386,20250204,20873,163,3,8,1,7579.15
12112,20250513,21665,166,4,46,4,1863.21
28357,20250531,22280,174,10,7,1,1074.38
27607,20250214,23636,146,10,42,1,1847.79
28371,20250318,25955,189,4,1,5,3229.62
7543,20250620,22347,196,4,38,2,1066.15
18579,20250226,24612,192,1,22,4,4627.03
12429,20250529,25731,144,4,2,2,1580.54
20223,20250619,23321,156,10,20,5,428.71
2450,20250314,25469,164,9,19,5,1685.67
27984,20250331,22783,133,8,24,3,282.76
7105,20250629,24615,194,5,9,1,3573.93
25438,20250401,23346,161,10,3,1,700.54
439,20250127,24316,149,4,28,5,2312.45
27132,20250322,21508,129,10,24,4,666.88
5930,20250509,23592,117,8,38,4,329.44
169,20250613,25548,133,1,39,3,7110.93
26981,20250102,23423,200,9,11,4,1480.75
6356,20250202,24028,104,4,26,3,1417.93
3979,20250602,25007,188,1,33,1,2154.44
24610,20250429,23260,174,5,17,5,1334.13
21233,20250614,21432,134,1,5,5,6061.85
26761,20250307,24134,135,10,23,2,1339.31
3610,20250222,24587,195,5,34,2,3686.9
9354,20250514,21539,174,4,32,5,1878.08
9125,20250120,24033,197,3,41,2,3566.42
4697,20250421,24871,123,7,14,2,1880.32
24900,20250518,20931,159,4,23,2,2532.55
28184,20250605,22664,102,2,35,2,7777.6
24685,20250213,23884,160,5,28,5,2001.82
682,20250201,24525,109,8,48,3,1428.82
12640,20250108,25294,161,6,3,1,3197.37
28877,20250405,24549,183,8,10,2,1218.68
6015,20250530,21470,133,5,26,1,2867.15
8576,20250228,23767,127,6,16,5,1262.81
27195,20250404,22026,140,4,3,3,3413.95
2136,20250626,20862,184,1,38,1,6194.94
13367,20250215,24413,173,7,43,5,212.66
7306,20250322,22489,144,1,32,5,3655.73
16412,20250601,23064,151,3,16,2,5205.7
29098,20250515,24541,118,5,26,5,3442.16
17560,20250128,24360,175,10,44,4,1246.47
15268,20250109,20728,147,6,45,3,1953.48
460,20250313,22656,198,1,2,3,7297.66
25569,20250104,23955,139,1,23,4,7732.37
6170,20250426,22255,148,5,27,3,1814.74
15742,20250627,24040,156,6,38,3,3204.4
4372,20250503,22755,137,3,23,4,7072.38
28057,20250527,24796,163,5,33,5,1917.52
8338,20250115,25932,143,7,35,1,789.82
24438,20250325,25479,108,6,18,1,2156.83
12036,20250508,22999,182,1,10,1,7137.28
21898,20250115,20710,193,7,19,4,1842.07
13727,20250301,22066,139,8,16,5,1857.52
29836,20250201,24410,199,5,20,5,3996.57
14045,20250115,22273,133,9,11,2,1486.93
1202,20250217,20759,139,2,24,4,5661.55
21383,20250419,24882,164,10,11,4,1379.51
22407,20250130,22211,104,7,18,5,1506.54
13167,20250330,23877,188,10,2,5,1005.92
24664,20250303,25045,196,5,12,2,3493.45
13726,20250221,22371,177,4,16,5,2797.22
2663,20250615,24836,157,1,39,1,3797.34
18948,20250115,20217,154,2,44,3,4293.01
10283,20250617,21325,102,4,29,4,3844.09
1979,20250529,23687,169,10,40,3,625.07
7242,20250607,23656,109,10,33,3,902.99
12668,20250211,23120,180,6,8,3,3462.75
20801,20250501,20211,179,2,8,3,3790.78
20676,20250626,20643,196,2,45,5,6089.68
7303,20250131,22273,187,10,7,1,1305.31
17164,20250316,20564,150,10,33,4,1538.49
28589,20250408,23565,184,4,34,3,2061.82
8558,20250102,23397,121,7,34,3,1234.76
7892,20250527,22864,135,5,37,3,3275.96
11867,20250126,23148,180,4,44,3,2807.96
19245,20250613,25282,162,7,24,3,1065.84
1941,20250213,24309,192,6,9,4,2680.52
28181,20250122,24009,159,4,20,5,3150.84
2529,20250422,25098,133,8,17,5,1678.84
2421,20250330,23087,126,5,45,2,3188.97
8375,20250216,25185,173,8,28,2,1465.88
16016,20250325,24016,159,5,35,3,2453.28
4107,20250611,25161,124,8,9,3,1225.1
13782,20250130,25025,137,6,9,4,2669.63
10646,20250616,25197,106,2,5,4,3026.11
29368,20250603,21179,193,6,9,2,1659.72
12228,20250515,25003,159,2,29,2,3569.66
13759,20250425,23570,175,8,13,3,1657.91
5394,20250314,25663,112,4,43,2,1692.94
4195,20250412,21249,143,7,29,4,1178.12
1076,20250212,23453,174,1,36,1,7759.91
22320,20250126,22290,113,6,16,4,3317.49
17671,20250221,25759,198,6,18,5,1610.13
7556,20250505,22115,131,6,20,2,3947.21
17839,20250302,24624,110,4,33,3,2318.34
1398,20250513,20095,114,8,2,1,547.44
29245,20250407,23546,182,3,32,1,7408.46
19350,20250304,25792,180,10,12,5,926.28
17711,20250208,25754,105,1,35,3,7951.46
28480,20250310,24351,157,7,29,5,1289.99
23179,20250220,22441,133,2,30,3,6420.48
14496,20250415,22851,151,10,35,4,1502.24
10964,20250113,23622,143,6,30,5,3873.39
837,20250514,24903,175,10,41,5,998.2
11057,20250430,23232,164,4,13,1,1161.93
24144,20250108,23260,192,7,17,2,845.32
14294,20250326,21631,150,3,17,2,3190.08
17084,20250202,21510,164,6,32,4,2743.35
27977,20250306,25218,166,2,22,4,3518.19
2021,20250522,22964,189,2,3,4,6121.63
22118,20250308,25209,196,3,33,4,4658.19
18901,20250617,24042,154,4,15,2,1995.63
14396,20250210,21073,112,8,28,4,501.2
24380,20250505,20417,126,2,23,4,7853.19
6919,20250524,25673,157,4,30,2,857.04
23983,20250519,24245,104,6,6,2,2780.58
9535,20250511,23373,164,7,27,5,556.49
15984,20250411,25622,159,10,11,4,503.59
16829,20250429,23238,129,3,28,4,4333.02
27394,20250126,24457,164,10,24,2,352.32
20651,20250316,21484,134,10,2,2,1005.33
26561,20250517,22179,181,5,33,4,1382.1
21705,20250317,25814,199,5,33,2,2342.81
134,20250615,24200,148,9,27,2,1496.83
1335,20250530,22558,119,1,42,2,5259.31
24056,20250623,22637,101,3,5,1,4219.34
6780,20250202,24634,133,10,44,5,311.31
8,20250126,23222,194,10,35,2,247.04
4706,20250521,23897,109,4,30,1,2570.22
6673,20250226,25203,182,8,40,3,371.16
26462,20250529,22787,138,7,34,3,1544.97
18507,20250124,25767,164,10,40,1,1381.56
24562,20250325,25939,138,8,21,2,961.05
10546,20250409,25328,110,4,45,4,1779.16
22536,20250409,21773,171,10,6,5,1008.78
29611,20250408,22312,171,2,44,1,3119.15
20227,20250430,25167,127,10,12,4,1180.41
4716,20250412,24244,143,6,37,3,3890.59
9427,20250613,25328,157,5,49,5,1221.49
5182,20250604,25452,164,3,35,3,2966.31
21615,20250415,20785,178,5,12,3,1249.44
23423,20250429,20480,165,4,22,2,3819.46
12525,20250408,21875,141,7,42,2,770.08
12695,20250315,23470,184,6,37,3,2192.88
18113,20250130,20179,156,2,14,1,4942.32
4086,20250109,22718,133,10,17,4,671.61
24041,20250302,22037,148,10,20,1,1295.17
25911,20250605,20327,105,5,8,2,3298.24
4294,20250604,25828,122,2,44,4,3078.23
25556,20250515,20845,191,9,2,5,394.88
27184,20250317,25223,200,10,21,5,1204.15
4224,20250501,22519,187,10,20,4,1783.47
16742,20250514,21447,127,10,34,2,697.42
23981,20250614,25288,104,4,19,2,1485.14
13463,20250412,24339,129,6,19,5,2363.73
19049,20250527,23319,158,8,27,4,1743.95
12830,20250319,22284,122,7,5,4,494.84
7095,20250422,22467,179,1,50,4,4049.01
8857,20250505,20916,106,5,18,1,2743.13
5585,20250323,21094,179,2,11,4,2396.37
8283,20250321,23275,109,5,6,4,1774.49
23818,20250216,21908,146,2,32,1,6756.14
13362,20250228,23564,189,1,7,4,5132.63
5054,20250610,21522,158,9,28,5,1372.42
4069,20250422,23406,191,3,5,3,5694.92
24494,20250415,24682,122,6,48,2,1400.05
28393,20250511,20873,101,8,7,5,306.39
965,20250411,23736,102,8,14,5,1415.74
17396,20250524,25177,144,2,4,1,6008.94
15298,20250409,22956,105,1,6,5,3116.73
25533,20250423,25769,165,10,50,5,1464.17
27942,20250613,20945,104,5,16,5,2765.16
13917,20250323,21050,128,10,24,4,1431.98
14581,20250116,22380,194,4,4,5,831.38
22312,20250502,21475,137,10,31,5,1432.01
9300,20250424,25866,136,10,44,3,1425.91
25738,20250205,20161,107,9,32,1,1600.37
11799,20250119,24752,178,5,5,3,1370.17
20459,20250502,22885,178,7,43,3,407.78
23154,20250130,20626,117,5,33,2,2996.42
20262,20250625,21662,122,8,1,5,1236.8
9619,20250607,22279,181,5,4,1,2628.97
13327,20250310,20176,152,2,39,2,6883.58
10126,20250322,21632,179,7,9,1,1250.8
2174,20250619,24950,104,1,20,3,4686.99
26817,20250530,21892,190,9,43,5,1731.78
27850,20250612,23810,173,4,27,2,2493.42
14069,20250107,21374,181,3,10,5,6518.13
15323,20250604,22755,112,6,32,2,3787.23
7224,20250603,25976,133,9,25,1,919.64
8511,20250413,20460,154,4,46,5,1809.14
8055,20250321,20077,147,6,15,3,1438.82
23373,20250527,21014,177,9,43,5,932.64
5049,20250216,21408,153,7,20,4,658.38
7092,20250519,22146,167,3,8,5,4054.72
18289,20250307,22025,104,3,26,4,2525.86
9708,20250601,22595,159,6,12,4,3091.61
22121,20250217,20005,124,10,18,4,875.55
28043,20250416,24411,196,2,18,1,6049.47
14119,20250620,20298,106,10,16,1,488.89
14269,20250430,22191,131,3,15,5,5492.74
3439,20250314,22986,107,3,45,5,2217.96
104,20250426,20504,131,5,49,2,1326.54
26336,20250312,25035,162,1,9,1,5704.73
29530,20250209,23252,164,6,32,5,3840.05
24433,20250521,20407,186,3,24,2,5601.69
4212,20250619,21040,155,8,4,3,242.37
27781,20250422,22839,173,2,38,5,3529.63
25107,20250408,25696,187,5,18,3,2812.5
19035,20250115,21583,150,1,12,4,2098.0
14939,20250428,22873,174,7,24,4,994.82
829,20250415,24164,161,9,46,5,1141.4
9654,20250428,20322,143,10,21,2,298.68
20908,20250419,20781,158,5,8,2,2744.27
23375,20250214,24866,164,10,31,1,1078.82
5212,20250127,23991,159,7,46,2,1211.83
15610,20250322,25690,160,10,3,1,1222.06
22290,20250228,24491,128,1,21,2,7139.16
27983,20250319,20726,152,9,38,3,265.2
29713,20250629,25209,116,6,37,2,968.39
19203,20250118,24655,118,6,17,3,3779.91
29150,20250603,20438,150,6,27,1,923.37
2435,20250405,22280,109,6,35,5,1678.64
24546,20250221,23674,124,5,28,2,3337.76
23888,20250102,21535,155,3,16,4,3393.17
22412,20250219,25027,189,3,30,5,3356.66
7909,20250214,21614,182,9,40,3,462.15
17367,20250518,24635,106,3,7,3,6750.87
11748,20250111,21333,155,9,9,3,422.01
13070,20250403,21743,102,1,10,1,4580.34
15945,20250325,25223,173,10,48,4,1519.05
20079,20250516,22266,108,10,50,5,251.48
26142,20250523,20930,128,10,17,3,823.61
3367,20250606,22489,182,3,30,4,6117.56
16462,20250413,20919,142,7,43,2,1972.69
19572,20250528,21359,147,3,3,1,7464.41
21531,20250114,24106,138,2,21,2,6585.62
20966,20250131,21078,132,9,4,4,1508.56
17606,20250519,24505,192,4,27,1,1147.66
13060,20250413,23226,165,10,18,1,209.43
10830,20250210,21476,142,7,46,1,1934.26
26369,20250211,24625,126,8,43,4,1818.52
8616,20250216,22581,176,4,23,1,1798.33
24917,20250124,24115,199,7,35,1,1487.69
26337,20250125,20787,174,6,46,1,3870.21
15312,20250619,22813,170,5,31,1,3558.83
14657,20250401,22400,151,10,20,1,1583.14
4880,20250114,20208,152,6,40,5,3591.53
12069,20250411,23462,152,4,3,3,972.47
9090,20250114,21193,126,6,24,4,3765.34
4203,20250619,21328,103,10,10,5,1162.53
27745,20250621,24868,174,6,20,3,2682.08
25083,20250201,20388,128,2,14,1,4434.05
25475,20250421,23980,105,9,38,4,915.29
8374,20250514,22987,188,1,11,1,6982.78
25903,20250401,24477,148,6,4,4,2523.94
18227,20250420,22774,115,3,19,5,4309.69
15467,20250517,24850,184,5,49,3,1784.92
13020,20250402,21689,190,8,25,1,1270.81
2031,20250306,22839,159,10,46,5,1023.43
19621,20250612,20809,151,5,47,3,3658.88
10176,20250108,21448,111,7,27,5,549.98
6380,20250501,21864,103,5,29,3,3196.8
5175,20250618,20145,189,2,22,5,5133.86
28488,20250608,22553,190,2,3,3,2045.97
23582,20250505,22711,168,10,45,2,1010.59
12609,20250304,25161,178,8,31,1,1339.98
28183,20250326,23783,106,5,45,4,2943.5
13821,20250408,25574,177,10,27,1,1114.8
2226,20250406,20301,160,9,40,4,731.64
21025,20250330,21568,187,7,43,5,1249.12
25278,20250516,21187,122,3,32,5,7219.27
22873,20250411,23564,192,1,46,3,2572.64
21819,20250115,22638,125,5,47,4,1526.6
29654,20250522,23811,190,3,21,1,4471.08
16650,20250209,22816,134,6,7,4,1204.61
14785,20250127,20494,116,3,15,2,6022.99
26794,20250421,21788,105,8,41,5,780.93
19744,20250202,20610,117,7,41,1,1601.26
3329,20250317,21351,170,6,39,1,1452.29
11568,20250211,22781,151,2,44,5,2281.43
22061,20250206,23240,181,1,23,1,6972.87
19076,20250101,23375,153,9,14,3,722.9
12861,20250626,21161,136,7,6,5,909.63
12385,20250430,22225,122,4,36,3,2315.79
18963,20250104,24095,131,2,9,3,2410.66
29630,20250123,20764,170,4,37,3,3717.91
27439,20250520,22918,103,5,35,4,1741.85
4044,20250618,20643,141,5,5,2,2078.38
11681,20250624,24038,192,10,25,1,1550.24
16633,20250201,24724,151,6,31,4,3740.66
8901,20250118,22565,159,10,21,5,714.32
20008,20250303,23243,199,7,16,2,807.61
24668,20250420,20765,130,4,23,5,1690.23
479,20250420,21418,187,8,27,2,1030.79
22826,20250204,20812,194,2,9,4,3447.82
18569,20250218,21452,117,10,50,5,1923.9
3462,20250612,24572,198,6,41,4,2159.92
22884,20250322,24059,195,7,6,2,606.24
26911,20250305,25976,117,5,35,2,3623.79
6092,20250314,23927,127,3,2,5,6843.77
14763,20250101,20910,121,4,15,3,1014.92
20141,20250423,22172,107,8,30,4,930.98
15376,20250316,25895,175,10,45,2,1159.4
20116,20250612,24241,183,4,42,2,2058.68
22036,20250419,23987,196,6,14,5,1120.29
29355,20250531,23413,176,8,16,1,246.1
25167,20250601,21507,181,6,12,2,917.76
13925,20250113,22031,111,7,3,1,1938.58
7586,20250516,24037,108,8,50,1,989.31
648,20250606,20060,110,2,18,2,6519.69
971,20250111,23865,188,3,46,5,6796.23
4259,20250329,23193,193,2,40,2,6408.57
15969,20250309,22607,124,10,21,2,1451.5
7699,20250405,20794,115,3,1,5,3774.46
20600,20250612,22181,192,10,15,1,442.49
19359,20250311,23382,176,6,38,4,3405.16
20197,20250212,22698,199,1,33,5,7838.22
29776,20250628,23387,112,7,46,5,328.56
22024,20250328,22430,191,10,16,4,975.46
24696,20250218,20543,183,10,33,4,239.25
22379,20250223,25792,198,9,19,3,238.11
1010,20250326,23832,153,1,10,4,6251.85
7925,20250611,23151,103,5,19,5,1516.3
15447,20250624,25912,151,6,17,3,839.21
4307,20250110,21924,129,10,29,1,479.7
29838,20250303,20117,159,3,8,5,2513.29
4016,20250518,22030,172,10,26,1,780.04
4102,20250316,20165,190,8,41,2,555.48
14015,20250221,21421,104,2,44,2,6096.86
12095,20250523,20639,102,7,28,2,1778.23
18494,20250123,25797,156,4,28,2,3298.84
3227,20250322,22815,185,6,20,2,2819.61
327,20250221,25300,139,2,16,4,5128.02
14013,20250613,24833,119,9,26,3,1707.84
19987,20250415,24655,135,8,21,3,1204.62
26674,20250131,23928,184,5,35,1,2453.7
11929,20250107,25528,178,3,18,5,6726.83
4991,20250313,23983,142,2,12,5,5845.81
29456,20250626,25108,155,10,34,3,1523.12
10325,20250607,23616,171,5,11,4,2681.85
6613,20250402,23360,145,8,25,2,514.84
9268,20250622,21776,134,9,23,5,878.11
19850,20250421,25925,157,3,28,1,3475.94
2195,20250127,23368,155,3,13,2,2339.13
4746,20250514,23532,192,9,29,3,257.57
23303,20250517,24950,123,3,21,4,2364.84
10550,20250221,24316,168,8,26,5,1214.35
29582,20250121,22067,165,5,43,3,1974.11
8868,20250227,21507,177,4,15,1,1046.18
28953,20250131,24196,144,8,17,4,924.76
7091,20250126,22616,156,6,48,2,2995.22
25452,20250525,21160,101,3,13,4,4578.4
23861,20250529,20097,163,4,24,4,1569.62
21199,20250308,24754,115,5,15,5,2793.92
4775,20250115,20101,128,9,43,3,534.82
25448,20250405,23303,195,3,6,1,3743.67
18872,20250620,20449,165,10,14,4,1349.53
15622,20250306,25058,107,6,41,2,2834.86
23241,20250610,21647,174,10,24,2,874.6
28438,20250629,25855,143,5,10,4,2519.16
29024,20250123,25298,134,5,27,4,2398.17
20624,20250402,20739,140,4,7,1,2370.58
6400,20250211,23727,165,7,45,2,1862.24
5118,20250601,24211,111,1,5,2,3039.06
18399,20250219,23748,103,10,28,4,1297.15
23574,20250617,23054,147,1,30,2,5337.28
16306,20250424,25250,135,6,19,1,952.29
16724,20250508,22880,137,6,43,5,3084.47
20379,20250515,24514,108,4,3,3,3384.75
17768,20250206,21969,146,8,7,3,1705.92
21490,20250628,25160,102,2,39,2,3262.88
17468,20250609,23024,185,5,22,2,3747.5
2749,20250424,25015,130,2,46,2,2103.31
13352,20250427,20863,193,8,13,2,390.22
8404,20250511,20038,110,10,14,3,1006.27
24131,20250304,25072,118,4,23,2,3788.06
14476,20250606,23461,160,3,31,3,6064.07
1007,20250216,20371,142,6,48,3,2708.02
5562,20250203,25273,181,4,4,1,1447.21
21136,20250529,23331,163,8,23,4,1303.77
3943,20250419,22185,122,1,19,3,3490.13
26798,20250128,23111,140,8,9,5,1694.95
10824,20250601,22436,173,8,18,3,1823.95
20536,20250110,21776,116,4,46,4,1567.67
11196,20250128,22246,185,5,8,1,2313.69
18907,20250113,24934,104,5,22,1,3491.45
12826,20250617,21367,148,3,25,2,6453.73
7179,20250420,21258,179,2,12,2,7970.89
27383,20250421,20039,170,7,20,1,276.05
11267,20250320,24530,137,6,29,1,1260.43
23236,20250117,24802,164,3,47,4,2479.32
135,20250315,21248,178,8,20,2,350.82
26805,20250110,22783,169,5,6,2,3564.76
19314,20250505,23398,174,4,10,1,3567.54
19141,20250211,25308,131,9,44,4,605.88
16592,20250618,23106,185,9,27,2,1678.83
3352,20250512,25957,110,2,46,2,4187.47
21333,20250613,23185,130,6,4,1,1511.8
3201,20250510,25579,168,7,5,2,1736.33
11599,20250114,20057,195,2,50,1,6760.15
13749,20250311,22490,187,8,15,4,1982.77
24111,20250302,22423,171,5,18,3,1657.31
10905,20250314,22820,108,7,29,1,880.0
10357,20250202,21065,139,1,30,2,3367.9
6803,20250623,23649,161,7,11,5,735.49
7740,20250301,21761,192,6,37,5,2706.93
22308,20250208,25060,157,1,42,3,3626.16
27336,20250108,25084,136,4,49,2,824.36
29064,20250531,25320,116,9,9,3,1804.68
28065,20250626,22934,164,3,26,3,7076.87
317,20250326,25908,179,5,38,5,1873.88
147,20250317,24823,155,9,11,2,994.32
9805,20250504,23574,177,5,6,4,3041.04
21266,20250214,25074,126,6,47,4,3545.8
14792,20250529,24507,199,6,21,5,2765.43
17783,20250203,21191,127,8,47,2,1559.04
25955,20250425,22032,125,5,29,3,1015.03
5804,20250205,22783,161,10,47,3,1052.92
10099,20250125,24750,174,5,26,1,2994.84
26672,20250508,21130,103,10,39,5,941.92
9407,20250406,21338,132,5,23,5,1004.14
9296,20250406,20686,147,7,17,1,322.26
9667,20250305,23533,158,2,10,2,7645.15
6342,20250511,22556,189,5,5,2,1340.4
16145,20250512,22085,124,3,31,3,5938.73
8605,20250519,22629,184,4,36,3,1767.96
25350,20250616,22061,167,5,15,1,2209.26
820,20250203,20076,200,7,1,4,627.4
4464,20250227,24597,102,3,12,5,6595.72
10261,20250216,21769,132,9,10,1,1766.81
9659,20250603,23043,197,6,42,4,1586.74
3487,20250120,25315,140,1,16,5,6468.07
10558,20250520,22774,190,2,34,5,6074.55
25994,20250313,22476,147,3,1,4,7477.44
24892,20250620,24728,183,3,49,3,5740.09
8689,20250401,20237,158,5,28,3,3903.71
24253,20250330,24915,158,4,48,3,3871.2
14604,20250124,23697,129,8,21,4,1981.44
7221,20250315,24476,101,5,36,4,2657.08
3112,20250405,24558,103,2,5,5,4296.09
8518,20250126,22332,168,9,20,5,1883.02
18007,20250211,21236,147,10,2,3,398.06
17985,20250628,25008,136,3,25,4,2527.65
8141,20250316,24797,108,3,38,2,3525.78
21079,20250611,21540,141,9,47,1,1005.22
19018,20250617,23598,166,6,32,4,3220.65
14198,20250205,21872,195,9,8,2,1810.85
2496,20250209,22913,117,4,35,5,2403.43
16607,20250325,22929,101,4,42,5,1305.76
14316,20250222,23486,158,10,37,1,1951.05
5941,20250306,21675,111,6,29,2,2111.08
8189,20250406,21589,144,4,49,2,971.67
2506,20250603,24579,160,6,16,3,1402.26
23302,20250508,21053,113,2,29,4,3028.06
23531,20250218,25382,168,8,21,4,243.03
23379,20250528,25657,179,10,35,4,1800.97
9164,20250429,20217,196,6,5,3,2973.16
23826,20250619,23866,191,2,37,1,4152.21
16114,20250615,24685,168,6,30,5,3693.4
13182,20250317,20246,109,6,48,3,3288.09
12901,20250308,25267,156,1,23,2,2010.91
22173,20250324,20693,185,2,43,5,2457.94
25298,20250124,22044,169,2,49,2,4885.81
21554,20250519,23237,178,5,10,5,1986.87
27054,20250224,21320,168,1,12,2,3256.57
15818,20250112,21742,158,5,12,2,3572.45
25760,20250406,20229,133,1,1,2,7043.78
21059,20250311,20251,144,6,25,1,3595.99
14866,20250405,20790,191,10,30,4,1274.21
11217,20250326,22350,157,2,34,1,7076.73
1012,20250402,24347,174,9,30,1,1225.98
15954,20250623,24276,175,8,23,2,292.11
14062,20250111,21706,190,3,44,2,4930.95
17876,20250224,22460,187,5,32,4,3722.22
8644,20250315,23283,142,2,17,5,6880.1
1035,20250225,22512,187,5,3,4,3987.19
6888,20250501,23698,132,4,6,1,2232.13
2271,20250210,25605,109,9,3,5,286.9
697,20250507,20668,163,2,45,1,4956.69
21299,20250629,24999,167,8,43,2,404.61
11230,20250124,25406,141,8,34,1,1125.38
3705,20250302,24026,159,8,34,5,1926.9
12025,20250112,22518,187,5,29,5,2711.63
23802,20250608,24608,177,7,25,1,1019.61
1452,20250201,20055,178,4,6,2,1278.15
15398,20250119,22366,146,7,13,5,1633.98
9827,20250311,22421,136,5,28,2,1098.62
7498,20250410,22703,128,2,8,2,2642.65
2791,20250521,20149,135,6,45,5,1477.5
9126,20250225,20555,112,10,44,3,1086.94
3306,20250409,21535,123,8,26,5,716.57
5517,20250509,20988,183,10,38,4,1325.68
18751,20250512,24501,128,9,21,2,1768.08
27376,20250412,22539,155,4,44,1,1029.18
12903,20250322,21892,146,1,50,5,4768.83
23164,20250615,23555,121,7,41,4,1059.74
13757,20250215,25259,114,2,35,1,7364.89
28031,20250321,23290,156,5,47,3,1698.45
27375,20250323,23961,171,10,11,2,532.18
9740,20250106,25004,175,3,46,3,2538.22
10348,20250131,22997,157,7,45,4,1245.62
28125,20250304,23064,105,8,26,3,1857.44
25320,20250607,20584,180,9,19,2,1851.75
22660,20250113,25657,142,1,35,1,5475.92
12462,20250412,20590,176,1,34,3,5558.88
15556,20250107,22305,157,6,33,5,1708.94
1889,20250308,23310,174,10,11,3,1232.15
22155,20250205,25477,171,1,13,4,3103.05
22398,20250216,20670,108,2,26,2,2995.44
9850,20250430,23672,122,4,44,1,1431.67
5551,20250629,21244,133,7,42,3,1074.92
27274,20250413,20670,116,5,33,1,1730.18
19931,20250317,25291,148,2,29,5,6768.12
25382,20250525,25733,167,9,34,5,1161.41
5686,20250321,25562,160,5,4,2,1371.08
1414,20250420,22606,163,6,44,1,3818.22
20963,20250308,23102,134,3,12,3,2191.72
1563,20250501,20496,162,8,6,5,801.42
7347,20250118,25203,112,7,35,1,287.53
25819,20250218,21593,178,2,12,5,7937.0
4685,20250307,25985,149,7,8,3,1406.47
26580,20250116,21590,121,9,39,3,916.43
8140,20250623,24403,163,4,19,2,2659.17
5260,20250625,25286,128,8,10,5,643.88
29216,20250130,24344,107,2,34,5,2130.39
3624,20250406,24383,164,9,31,4,1373.91
12755,20250323,23490,139,5,33,1,3302.28
16096,20250509,25116,173,10,25,1,407.95
24424,20250625,21908,164,3,34,1,3371.5
19738,20250101,23037,149,6,15,2,1195.89
181,20250513,22604,149,2,19,4,7533.05
17665,20250116,22715,115,9,15,3,284.51
27829,20250127,21527,141,5,29,5,1344.59
18209,20250126,22521,105,3,43,2,2872.52
22243,20250307,25650,161,2,6,3,4773.97
13745,20250107,21469,137,6,15,4,1966.34
5590,20250326,21524,183,7,3,3,264.56
470,20250407,24925,143,8,6,5,1188.69
29080,20250618,25086,123,8,21,1,727.45
29534,20250120,22787,158,1,21,2,3136.74
2167,20250210,20518,125,2,17,1,2539.95
1028,20250613,22813,137,7,42,2,443.79
11181,20250226,22394,108,8,19,4,1066.6
8571,20250411,20182,106,10,23,3,1533.68
1424,20250201,23318,136,7,50,1,210.59
14862,20250207,23781,197,5,7,5,3616.01
18693,20250311,21562,195,6,10,1,1929.9
13322,20250520,21626,140,2,14,3,4173.31
6913,20250105,22108,157,4,18,2,2210.02
8394,20250303,21736,156,7,6,5,1782.81
18237,20250102,24479,190,5,47,4,3836.26
10229,20250512,20887,148,4,44,1,1492.49
29578,20250113,20392,178,6,28,4,1206.66
22953,20250309,23851,152,5,47,3,3226.81
13794,20250531,25867,102,9,43,1,1890.47
1193,20250408,22997,178,2,28,5,7987.91
26361,20250305,24033,145,9,15,4,469.49
22662,20250325,25388,176,9,3,3,1838.38
23644,20250415,23599,139,4,39,1,1298.4
28280,20250505,21454,137,2,6,1,4056.17
5881,20250519,23975,178,1,31,3,3717.81
4158,20250416,22264,171,8,45,3,277.78
2560,20250616,20934,189,5,27,5,1301.67
13366,20250124,23029,146,7,8,4,242.72
22856,20250101,24094,181,4,12,1,974.12
26136,20250316,20821,122,6,10,1,1882.1
17584,20250123,21625,103,7,25,2,472.35
3735,20250226,25575,174,8,24,1,1660.24
13828,20250101,22808,101,7,32,2,1240.22
17391,20250513,24030,158,1,3,2,7814.07
18600,20250527,21404,175,10,2,4,1283.07
29557,20250525,25984,154,6,50,2,1616.0
22774,20250509,21955,115,6,28,1,2648.38
3861,20250406,24631,113,7,41,2,1231.81
5880,20250203,20547,119,1,7,1,7085.95
27070,20250109,22157,115,6,29,1,1154.39
22112,20250618,21910,122,7,16,5,987.87
2605,20250217,23386,113,7,14,5,658.41
22372,20250419,23056,151,2,24,5,6550.17
5103,20250119,20642,124,8,4,2,1526.08
13600,20250528,22797,119,2,16,3,2727.03
1298,20250616,20670,114,5,38,5,2021.84
13573,20250324,24780,138,8,45,5,227.7
21204,20250220,24913,176,3,36,1,5773.33
636,20250323,24686,144,2,3,5,5335.83
9441,20250310,20069,106,3,25,2,2719.57
24812,20250607,20031,187,2,36,2,7408.88
11946,20250520,25952,135,6,8,4,2819.1
22864,20250610,24959,189,3,2,4,5866.29
7192,20250224,20570,124,4,13,1,2992.6
7475,20250619,24415,131,10,38,2,1867.57
29606,20250626,25832,188,10,27,4,1110.8
19351,20250330,21762,131,3,7,1,2386.88
21405,20250606,24882,104,7,20,4,595.57
4860,20250415,23224,111,2,14,2,5684.67
15068,20250606,25712,101,5,22,5,3481.54
20136,20250618,20841,163,7,26,5,550.82
12163,20250110,21964,148,4,12,5,3410.24
7439,20250119,21308,111,7,45,2,1092.3
11840,20250620,20841,148,3,19,3,3713.64
25024,20250525,21141,109,2,4,1,6329.14
11021,20250103,20037,127,7,13,1,562.32
27532,20250303,22579,159,6,10,4,2203.71
7307,20250405,21887,160,5,14,4,1247.02
13221,20250620,25101,131,8,12,5,1695.52
4060,20250123,24162,127,6,13,4,1674.8
23899,20250422,23985,175,1,22,3,4248.41
15020,20250221,21206,195,2,41,4,6636.44
23383,20250514,20591,108,2,43,4,5470.19
3127,20250129,25820,196,6,35,1,3224.87
16359,20250506,22241,188,3,11,1,4656.86
11818,20250107,23891,122,5,49,2,2052.85
9646,20250606,23623,187,3,47,1,5023.95
8341,20250311,20295,162,6,42,2,1411.01
24538,20250411,22264,112,1,12,2,6689.95
30,20250626,22174,112,10,47,1,1181.89
18832,20250529,25683,136,8,26,4,785.81
18748,20250212,20970,199,3,42,5,7247.64
15975,20250222,23026,184,9,21,3,1361.34
12865,20250307,21692,168,2,31,1,2778.71
21188,20250603,25116,194,2,20,3,7903.61
3363,20250615,23930,163,1,46,5,3529.67
11125,20250225,24741,153,4,37,2,1042.82
19981,20250216,20932,180,2,10,5,4452.78
9041,20250425,25140,156,1,2,2,6741.87
3669,20250223,20881,174,10,23,1,1981.68
10821,20250109,22802,128,4,12,1,2758.45
26701,20250309,20390,128,4,30,4,3890.27
4346,20250622,25808,138,7,15,1,1517.36
19505,20250525,25449,151,8,22,4,707.74
2645,20250313,23774,128,1,32,4,2524.31
18281,20250520,20056,193,4,29,4,1664.14
29751,20250116,24637,119,5,9,1,3893.77
1870,20250114,23836,182,1,5,3,2841.64
25758,20250429,25290,183,7,4,1,518.77
961,20250531,24652,163,6,30,2,2905.26
985,20250417,25812,151,10,15,1,401.34
25064,20250521,25379,119,4,35,2,1603.06
6435,20250428,21230,149,1,43,4,7841.56
27552,20250404,23727,111,1,22,1,4825.84
29892,20250331,22497,146,6,15,4,2929.07
19320,20250217,23968,149,9,20,3,1201.64
24656,20250108,24481,122,3,19,1,3497.51
13001,20250619,21356,142,5,47,2,1005.03
26155,20250404,24260,184,3,28,2,4999.07
28929,20250206,22775,120,1,50,5,4660.44
13252,20250119,21501,185,10,13,4,582.81
13417,20250402,20839,181,3,25,3,5799.42
15383,20250516,20286,113,4,46,3,1198.88
21157,20250210,23582,114,1,20,1,5163.16
28766,20250610,25354,121,3,49,5,2062.18
24011,20250616,20983,169,3,27,1,7694.8
16796,20250429,21091,101,6,6,2,3069.67
4388,20250222,25742,199,2,40,3,4680.04
7672,20250311,24283,156,9,7,2,527.13
9150,20250103,21994,127,4,45,3,3219.59
13583,20250418,23206,174,1,44,1,2902.82
2982,20250506,21684,193,1,8,2,5569.82
3203,20250407,22643,165,9,2,4,1409.57
20229,20250624,23148,154,2,42,4,2189.14
25224,20250508,22390,152,10,19,2,1706.46
15632,20250527,21616,187,1,13,2,7277.32
14361,20250109,24529,126,8,44,1,607.77
8478,20250116,25297,107,4,19,2,3248.58
1260,20250518,23123,116,2,7,3,2436.15
10464,20250506,20885,111,5,35,3,3345.15
8945,20250405,21639,189,7,22,5,1563.46
12514,20250519,20975,149,10,48,5,1270.25
5730,20250401,21297,121,10,17,2,1635.63
11747,20250325,21367,167,9,36,2,1857.48
11082,20250517,24509,188,4,6,5,3203.11
12934,20250413,21310,126,5,37,1,1951.94
15627,20250122,22078,114,6,9,2,1422.04
29332,20250417,23967,181,2,46,2,4513.33
15731,20250323,23319,109,4,45,1,986.02
12094,20250204,24550,192,10,39,4,1424.61
10470,20250222,24866,198,3,13,1,4356.62
5195,20250416,25865,188,6,37,3,1392.69
4058,20250613,21851,131,1,18,3,5093.69
22095,20250311,24619,198,10,37,3,663.66
9686,20250614,24494,108,10,4,4,801.59
9160,20250105,23940,133,5,39,3,1638.7
28164,20250109,22219,149,5,18,2,2135.33
7162,20250412,21647,142,4,19,5,3358.79
20210,20250101,21777,121,3,19,5,3352.8
16431,20250423,24162,199,3,32,1,2625.49
16770,20250515,23019,127,1,18,4,7703.43
22375,20250215,20853,152,9,3,3,545.81
22720,20250629,23564,190,6,35,3,3706.97
16952,20250627,22151,177,6,8,1,2434.42
14638,20250323,21267,164,3,4,1,5962.39
25015,20250427,21517,178,2,41,1,5410.86
1430,20250412,23541,177,8,36,2,672.1
17621,20250629,23657,196,3,32,2,5479.4
12190,20250330,23692,138,10,19,1,635.73
25641,20250123,20021,145,10,21,4,715.29
26379,20250319,21229,125,6,47,1,1213.18
3503,20250605,22577,177,7,30,5,1091.61
5515,20250311,21927,121,3,25,3,3087.01
9871,20250512,20700,110,8,25,3,1888.04
27222,20250319,21052,183,6,39,1,1753.37
1564,20250603,21494,131,2,47,4,7648.64
21318,20250613,24882,149,3,11,4,3835.98
24366,20250224,20405,179,3,43,1,4278.63
6984,20250119,23883,146,9,38,4,1405.18
4401,20250215,24794,189,10,23,1,251.08
8693,20250207,21300,115,8,11,1,1538.61
27893,20250629,23951,146,1,46,3,2015.47
12726,20250622,22236,114,7,7,4,1690.03
17528,20250104,21174,200,6,18,5,2636.45
28961,20250127,24366,152,9,41,5,792.47
12292,20250513,23939,117,3,32,4,6674.06
28128,20250415,20264,116,4,14,4,3379.19
25565,20250408,20583,174,5,12,1,1116.05
1612,20250507,20509,191,10,19,3,269.37
27932,20250120,22597,127,5,43,4,2516.13
15698,20250311,20963,172,6,40,2,2155.59
8345,20250115,21758,126,2,17,5,5392.62
15072,20250626,23989,144,5,10,1,2103.19
18117,20250315,21761,145,6,31,1,855.69
10743,20250601,21189,115,3,20,4,6125.59
8120,20250616,24385,156,1,39,1,6550.37
24067,20250215,21135,124,5,20,1,3794.02
14429,20250625,25399,101,9,32,1,729.17
16737,20250321,24026,178,9,12,4,1296.74
9274,20250317,23790,110,2,34,4,4000.05
12518,20250106,24529,121,7,34,5,381.98
17404,20250626,20739,194,5,23,4,2618.6
1515,20250121,21835,179,1,7,3,2563.86
9754,20250613,22595,119,4,50,3,1723.36
20942,20250605,20218,179,2,1,2,6752.06
4011,20250606,20118,131,8,9,1,1139.38
18553,20250412,21894,121,2,38,1,3759.8
140,20250618,24537,126,5,44,4,1130.5
29541,20250625,23336,122,3,47,3,4720.74
10317,20250331,22292,141,4,16,1,2075.98
26829,20250611,24362,151,1,44,4,3167.0
12536,20250103,23507,117,1,8,5,5759.69
19974,20250110,23162,193,9,22,4,203.84
29222,20250113,23566,144,1,31,2,7432.41
2255,20250307,25560,175,10,37,5,915.34
17395,20250515,20449,142,1,30,2,6322.19
18941,20250613,22787,189,10,35,2,307.37
26979,20250412,20904,167,1,43,5,6021.75
23700,20250628,23951,125,4,40,3,2471.56
6505,20250206,23813,115,9,48,4,1422.27
23999,20250217,20021,167,5,16,5,1117.87
25626,20250524,25264,122,7,43,2,399.59
8881,20250524,21495,133,10,1,2,202.08
19347,20250521,23270,127,7,9,4,816.51
3419,20250119,25859,176,4,5,5,3282.49
5688,20250605,25127,117,7,1,4,930.24
27972,20250131,24144,135,8,41,4,1064.21
20416,20250308,20575,167,6,34,4,1701.73
25573,20250426,23456,175,10,49,5,423.28
17240,20250531,23042,126,9,3,1,1167.57
21298,20250613,20106,151,5,35,2,1598.92
13083,20250222,20768,137,9,43,4,987.81
4825,20250319,24924,184,7,33,4,1177.04
3687,20250429,22356,127,10,38,1,1840.18
7758,20250404,25625,101,10,14,4,1699.16
19834,20250216,24497,182,7,42,3,1052.09
10194,20250317,23798,120,6,23,3,2024.23
20466,20250227,20433,198,7,4,3,1215.52
2291,20250629,24784,136,10,21,4,1248.28
4473,20250502,25344,187,3,21,1,2800.82
5479,20250330,25561,134,3,32,5,3173.18
19208,20250428,24230,104,6,14,5,3850.52
17312,20250306,20712,172,5,21,2,2959.14
24924,20250603,21225,169,7,36,5,908.3
10625,20250310,24903,192,7,48,3,678.89
27339,20250526,20134,136,3,32,2,2210.8
27905,20250119,23492,173,8,5,4,1121.05
4154,20250416,20274,115,1,24,2,7101.51
29325,20250422,22471,132,7,26,1,620.86
209,20250128,23082,147,10,46,5,1335.61
29621,20250525,25364,117,1,5,5,6662.99
12796,20250218,24937,167,2,11,5,6165.88
15685,20250501,25315,104,1,4,2,7121.1
23058,20250104,23045,168,6,26,4,932.09
2606,20250403,24015,133,6,21,5,3407.18
14144,20250314,21898,170,4,4,3,2338.53
2588,20250109,24530,195,1,8,1,4039.5
6663,20250523,23012,119,1,42,5,3207.84
18495,20250609,20180,180,6,46,4,3062.42
13409,20250413,24544,109,9,16,1,522.1
16163,20250307,20012,159,7,11,3,408.96
28749,20250105,23142,103,1,40,2,3682.32
11039,20250225,22601,107,4,6,1,3919.88
22461,20250205,24846,157,1,22,5,5266.4
24672,20250424,23353,191,9,27,3,348.61
13268,20250121,25677,137,10,11,3,524.82
27202,20250404,22863,112,1,15,3,4227.61
2871,20250531,25789,165,4,1,3,3250.83
21435,20250122,20764,114,1,25,2,4113.67
7572,20250404,21863,141,5,11,1,2142.51
22443,20250215,20479,191,8,43,4,782.65
10291,20250414,22658,161,10,19,5,1497.61
27023,20250430,22936,189,6,32,4,2376.19
20913,20250520,24374,104,5,36,3,1438.15
21048,20250203,24463,166,5,26,4,3948.29
2906,20250616,22599,138,10,9,4,314.89
22947,20250508,23065,192,7,42,3,1497.8
2703,20250312,25537,147,8,21,1,678.95
6073,20250521,22154,161,8,48,4,1102.1
24138,20250516,22650,103,7,23,4,1679.3
22676,20250613,22839,159,5,32,2,3074.48
2352,20250423,23391,145,7,9,5,1742.81
12362,20250521,23741,133,2,39,3,5059.21
11643,20250405,20796,174,2,25,5,6844.99
16493,20250608,23847,128,3,13,2,2135.84
12115,20250523,25189,181,3,43,1,6943.56
1752,20250507,25938,162,8,50,5,1446.9
2300,20250109,25204,164,8,16,3,1070.4
14273,20250328,20184,153,3,35,3,6126.95
5776,20250308,25313,138,8,24,3,1951.04
14186,20250215,24494,185,9,35,4,1729.45
7629,20250606,20334,145,2,34,5,7823.02
12023,20250306,22100,133,3,44,2,6569.08
17478,20250605,22935,155,9,44,1,1054.89
15377,20250523,21650,188,5,39,2,1649.82
16923,20250419,22522,155,9,14,4,720.88
24552,20250525,23136,199,6,22,5,2194.94
1641,20250416,22515,136,3,2,3,6367.58
15444,20250607,25551,171,8,17,2,1850.9
24369,20250419,20251,183,1,36,1,5463.92
15551,20250318,22312,144,9,17,2,389.05
2493,20250226,23226,149,1,47,1,4654.9
24608,20250415,20515,164,1,46,3,6107.64
5318,20250420,20318,124,6,30,2,2278.55
22495,20250512,20540,196,3,41,5,5906.0
16986,20250603,24430,181,2,6,2,5834.6
28621,20250213,23013,189,8,50,1,1200.26
12785,20250408,20781,119,2,9,2,5053.31
29880,20250221,21338,173,9,17,1,1598.57
6721,20250206,20142,127,5,29,3,1655.1
6281,20250602,22713,128,2,6,4,2213.66
22355,20250406,25472,160,7,33,3,802.92
17098,20250130,23745,145,3,8,2,2652.86
20091,20250524,25332,192,7,27,4,1300.76
20808,20250524,24621,101,4,12,2,3871.1
20972,20250130,25707,117,2,43,3,4614.34
20949,20250508,22071,170,2,33,5,5472.29
19340,20250517,20737,150,4,37,4,3079.75
19753,20250316,22637,198,2,35,4,7393.0
26687,20250505,25860,157,4,47,4,3867.53
5033,20250310,21742,109,9,6,4,1699.99
26516,20250424,24499,151,4,7,1,887.39
3111,20250128,20949,139,8,36,5,1598.92
17680,20250203,23527,132,4,3,1,1775.2
13982,20250603,24660,134,1,44,1,3133.6
23654,20250406,20455,137,4,3,5,2998.24
25619,20250324,22185,106,6,45,2,1919.38
11810,20250308,22755,128,4,48,3,3517.37
22323,20250227,23822,126,8,20,1,792.17
6804,20250509,22322,140,2,3,1,2716.18
23108,20250513,21769,133,7,6,3,262.56
25676,20250115,22499,200,8,8,4,457.59
6443,20250210,24184,150,3,22,1,3647.67
24836,20250419,21206,116,5,16,2,848.02
25354,20250524,24065,101,3,4,1,5675.62
29921,20250305,23775,183,5,17,4,2387.33
2211,20250313,23934,173,9,12,2,596.43
14145,20250219,23661,153,9,28,3,262.27
23109,20250319,21987,156,6,2,2,953.43
25704,20250420,20123,135,6,37,5,2878.04
29172,20250204,22083,164,7,45,4,945.3
21754,20250217,23129,129,4,33,4,821.01
252,20250620,22929,104,9,6,4,1830.89
22942,20250215,20630,130,9,48,3,1608.98
619,20250101,24770,135,3,50,5,7704.5
17091,20250527,25743,174,10,8,2,744.36
6363,20250104,23059,172,7,33,1,1575.4
24681,20250524,25425,197,1,12,2,7092.93
28330,20250610,22025,102,5,44,1,3314.7
15875,20250624,23673,199,6,28,4,2657.25
22654,20250626,21851,153,1,30,5,6880.43
25722,20250211,24441,146,2,6,4,5317.45
21404,20250327,25088,112,7,11,1,1077.75
8766,20250103,25810,171,2,18,5,5762.45
19012,20250211,21649,188,7,39,3,1062.72
29153,20250511,25317,191,1,16,1,7028.5
8271,20250227,25667,191,3,23,2,4583.3
18489,20250507,21279,122,1,29,1,6535.95
8337,20250331,24106,111,5,18,1,1243.42
5404,20250619,25319,111,3,23,3,3130.54
12730,20250518,21757,184,2,29,1,6775.4
1475,20250121,22273,137,1,23,2,6831.62
10541,20250607,25552,170,9,29,4,566.35
15474,20250527,24540,174,7,21,5,744.9
17935,20250508,25793,147,9,29,4,1060.71
13470,20250221,25218,129,7,37,5,1536.72
10373,20250416,23893,160,3,8,5,5122.22
9071,20250224,24922,105,4,28,1,1776.82
1714,20250331,25769,192,5,41,3,938.11
20000,20250522,20438,113,5,28,3,2560.49
3996,20250524,23429,176,1,28,1,7289.68
466,20250119,25155,153,5,49,2,2445.32
20534,20250412,25625,166,1,30,1,5282.02
19456,20250118,20457,130,5,6,2,2507.76
26408,20250302,22584,195,8,35,5,1075.19
709,20250211,23963,107,6,30,5,3504.4
22374,20250523,25973,111,1,7,2,5589.09
21359,20250603,25790,106,8,2,1,1656.86
21070,20250419,20990,157,5,25,2,2929.76
7908,20250123,21527,125,6,22,4,3443.02
1257,20250308,22936,166,7,20,1,267.17
15706,20250529,20898,162,2,15,5,5472.99
4717,20250315,24685,131,5,14,1,1051.91
13003,20250412,23283,148,4,18,1,3552.01
6419,20250606,23177,119,2,8,1,6796.54
24293,20250603,24244,167,4,3,2,1642.26
21320,20250426,25952,143,7,30,4,569.22
12348,20250121,23544,139,9,24,4,636.94
23685,20250228,23585,187,2,39,5,7525.53
16491,20250609,25528,101,9,4,3,1407.52
8294,20250204,24118,122,5,31,2,1910.58
2555,20250627,20881,141,10,46,3,238.6
11898,20250519,21869,191,8,4,3,555.38
16165,20250123,23376,173,3,39,3,7260.44
1339,20250505,24485,181,3,1,3,4160.28
27669,20250110,24644,116,6,30,3,1028.15
24722,20250121,20131,177,10,29,1,415.48
19127,20250426,22886,133,9,47,2,768.96
25204,20250118,21930,109,7,37,5,1191.75
24117,20250131,24689,161,7,31,3,1468.07
25020,20250407,21433,123,4,17,3,1043.89
5366,20250211,23710,157,8,33,2,1504.55
10723,20250506,22820,103,5,32,3,2019.03
6677,20250130,22421,194,1,30,4,3218.02
23258,20250208,20642,108,9,10,2,1205.13
16615,20250509,22505,117,7,43,1,477.44
10340,20250529,23015,166,6,14,5,1817.93
18254,20250424,22064,189,7,35,1,966.52
2866,20250416,24905,167,7,16,4,590.03
16976,20250109,20449,149,7,10,4,1954.69
21598,20250122,24154,128,4,16,5,3959.11
29274,20250107,23714,196,9,46,2,385.26
3837,20250114,21440,144,4,23,3,943.88
29037,20250213,24461,187,1,28,5,5929.08
19566,20250523,21036,181,10,8,3,389.5
18146,20250627,25594,137,8,36,2,605.28
4123,20250527,23679,161,10,3,2,844.7
21093,20250416,21393,159,10,11,1,662.59
684,20250103,23788,136,7,12,1,1036.18
16038,20250118,22203,179,1,26,1,5846.62
26464,20250310,25406,197,10,31,5,729.68
17682,20250501,22603,101,4,41,3,832.62
1292,20250201,25403,127,10,4,2,1988.38
19435,20250113,25353,186,8,12,5,343.73
19576,20250216,21841,180,9,42,3,807.06
15574,20250425,20484,111,1,33,1,2739.93
21109,20250311,24256,105,10,36,4,1971.41
16799,20250604,25348,155,10,11,1,498.01
14529,20250317,23251,145,1,25,3,7166.9
7048,20250323,24028,129,10,34,3,1585.94
10371,20250218,20883,130,6,12,5,3664.41
25856,20250122,23196,121,4,39,5,3188.12
10476,20250522,24900,180,1,50,2,6158.97
14465,20250121,24478,107,7,8,5,319.16
19023,20250306,24497,190,1,7,2,3606.37
26611,20250312,20356,173,6,5,3,3244.72
29931,20250320,25355,189,6,28,4,3956.57
29796,20250108,24852,153,9,37,4,265.72
22202,20250421,25599,185,9,31,2,927.85
26553,20250208,25075,149,1,24,4,2803.04
18246,20250510,22419,169,5,14,2,2363.45
27892,20250124,23085,189,1,40,2,6060.41
7349,20250524,25386,108,9,5,2,1889.05
25149,20250624,24416,121,8,34,1,1891.51
5475,20250114,24585,107,7,33,2,1189.18
6761,20250520,20989,109,2,7,3,3869.3
9411,20250223,25605,156,4,26,4,2946.63
8501,20250111,25950,186,4,36,5,2763.37
15354,20250115,25870,191,7,4,5,1509.12
8972,20250201,24133,161,5,1,3,3400.3
14172,20250129,23171,132,7,36,3,841.32
1384,20250605,25242,122,5,17,2,2058.5
15338,20250410,22760,164,4,5,4,3273.64
2442,20250415,24393,141,3,25,3,7102.6
22033,20250627,21483,179,3,26,3,3708.14
22564,20250224,23707,163,3,6,1,3030.29
21836,20250108,23327,111,6,15,5,1710.51
14882,20250520,20563,174,9,48,3,858.89
20554,20250424,21755,188,3,2,4,5116.67
21942,20250311,23923,169,10,37,2,1256.73
13541,20250417,25205,169,9,50,5,1435.5
24070,20250227,21310,178,9,22,1,875.52
18660,20250531,23576,164,3,41,4,5447.81
8100,20250126,23001,198,4,26,2,1244.27
27609,20250127,24270,164,6,37,5,2760.46
11380,20250506,25522,155,6,16,1,3125.33
23187,20250128,21389,183,9,41,4,1574.22
16854,20250508,20635,178,5,8,5,1977.44
20906,20250608,20687,141,8,45,1,1764.87
5526,20250101,22759,173,1,37,5,4681.73
21170,20250319,25623,196,3,43,4,6289.73
17172,20250211,20076,159,9,46,3,235.25
28919,20250122,24774,186,3,34,2,2834.34
432,20250408,23546,175,4,43,4,2336.91
11986,20250402,23663,134,9,25,3,429.05
14855,20250512,21832,109,4,44,3,3361.56
27679,20250607,25459,166,2,44,3,3156.58
2752,20250131,20555,159,6,29,3,2161.14
21492,20250425,24926,171,1,1,2,3142.89
12452,20250308,23726,194,9,10,5,864.08
6236,20250326,25690,141,5,7,4,1914.06
29615,20250216,24887,189,7,3,5,1991.48
1867,20250313,22505,177,3,13,2,2197.81
9028,20250310,23774,140,1,1,3,4383.56
7295,20250625,25077,116,3,39,5,3782.09
125,20250401,21605,187,10,40,1,732.28
452,20250614,20183,156,8,38,1,1460.5
28297,20250227,20773,165,6,33,1,1840.31
1607,20250510,25832,118,2,43,2,7152.82
17076,20250122,23247,141,9,9,5,1717.81
14970,20250129,24140,128,7,17,3,227.39
23037,20250218,23312,184,10,18,4,936.91
14218,20250318,23809,106,4,19,1,1877.36
29198,20250116,22551,160,10,37,3,1262.94
14515,20250418,23025,121,4,46,1,3375.65
29978,20250118,23508,185,3,15,5,2056.08
15886,20250628,22448,133,5,42,3,1453.77
6754,20250527,22923,174,6,40,3,1878.08
15014,20250616,20987,170,7,35,1,1094.46
14477,20250622,24135,176,6,37,4,2143.09
24436,20250302,24369,129,9,4,4,403.78
25237,20250127,25590,122,6,1,3,3793.62
6378,20250507,23505,154,6,2,1,2203.95
22874,20250117,25003,170,10,6,1,1129.93
8095,20250315,20310,172,10,35,5,798.06
21619,20250217,20090,129,6,47,5,1716.35
12291,20250625,21092,176,10,49,3,1781.36
19659,20250510,25371,105,8,4,1,1274.41
26159,20250302,20963,105,6,3,4,1611.32
19201,20250209,21658,147,8,25,3,1647.25
24981,20250529,22324,181,6,9,1,1034.96
13045,20250530,25714,108,2,22,4,7261.06
2082,20250116,25453,155,10,14,2,278.1
15261,20250426,23858,184,10,31,3,639.67
23880,20250609,23400,182,9,36,3,1777.25
20052,20250510,21867,199,1,23,4,4143.62
18431,20250305,25385,185,8,31,4,1785.48
6420,20250207,21927,106,7,17,4,1070.14
171,20250114,20932,125,7,10,3,703.88
26494,20250204,21194,175,10,35,5,1679.12
11045,20250612,21302,166,6,24,3,1099.06
13703,20250210,22879,139,8,50,4,362.25
2091,20250415,22681,153,6,1,1,3721.98
15237,20250125,24823,199,2,11,1,4359.73
8359,20250330,22452,149,1,5,2,2526.74
24435,20250613,20998,120,3,24,5,7560.35
24657,20250508,25477,131,3,33,1,5722.47
7881,20250223,21187,195,1,6,2,6830.18
11008,20250121,25320,135,6,48,5,3497.41
7470,20250510,22677,179,7,2,1,714.21
24163,20250502,22705,186,10,42,2,455.96
8953,20250514,24828,156,10,13,5,1752.34
11400,20250327,24245,173,2,9,1,4912.08
10092,20250310,24452,195,9,46,1,1142.71
23595,20250412,21674,107,7,44,5,1633.3
6499,20250403,20930,131,10,13,2,1870.04
27525,20250508,22406,169,1,22,5,6213.59
14734,20250130,24627,156,1,23,4,2084.9
21577,20250121,25792,134,10,5,5,1657.82
17038,20250311,23941,161,4,6,3,3701.76
3510,20250421,20274,146,2,47,1,5845.64
7641,20250620,24618,127,3,35,4,7003.48
25387,20250404,22357,156,9,5,4,861.99
12679,20250618,25173,176,3,24,5,6044.28
12931,20250114,23577,126,8,47,4,1039.52
22384,20250301,20159,166,5,33,5,3974.5
19780,20250405,24635,161,5,44,3,3256.58
17519,20250104,25152,155,6,30,1,1671.41
5999,20250328,25237,184,8,43,2,1920.24
4,20250410,24046,176,3,10,3,3737.82
15570,20250419,22820,139,1,25,2,7550.46
1633,20250606,25802,125,5,44,2,955.16
18116,20250317,20837,186,4,36,4,3757.77
22960,20250111,23763,105,9,11,2,292.92
7570,20250511,22025,147,8,11,5,1393.24
17037,20250322,21040,106,10,24,4,1981.91
24876,20250315,22451,147,10,28,5,1599.56
16446,20250227,24008,117,10,50,3,594.26
27155,20250601,23790,189,8,38,4,1386.75
3394,20250622,23453,128,9,48,4,1116.78
18761,20250308,23682,112,5,42,4,1574.01
467,20250527,22003,198,9,48,4,1364.29
10055,20250530,21807,120,4,33,5,2098.18
19422,20250127,21248,114,8,7,2,846.34
11910,20250615,21479,113,7,28,2,978.53
29047,20250521,20521,195,6,32,1,2261.18
23993,20250615,25614,118,5,25,5,1722.81
9808,20250122,21179,158,9,8,5,742.28
19001,20250524,25329,175,10,49,4,1246.44
4339,20250207,20810,124,5,44,3,1273.33
10581,20250328,21417,163,5,41,4,3468.74
17329,20250203,20078,159,2,3,5,4743.86
22585,20250130,25555,132,9,19,5,1674.11
3629,20250415,23330,194,9,29,5,925.86
7794,20250120,25859,116,2,41,2,2419.2
17690,20250507,25518,127,9,29,5,782.66
10207,20250509,21147,163,1,15,3,4203.62
22157,20250223,23153,125,7,31,4,347.18
15366,20250514,20658,166,1,20,3,2803.07
12158,20250313,23308,130,7,35,5,1143.49
5677,20250310,24683,186,4,50,1,3019.6
11035,20250325,21093,142,10,33,1,1992.78
15915,20250415,22036,175,1,15,5,7303.08
28845,20250101,22200,182,4,34,3,3458.0
22924,20250417,25899,187,6,29,4,943.72
24229,20250324,23076,165,6,37,3,3798.37
8541,20250331,20567,108,3,13,3,7867.23
20842,20250111,22041,174,9,3,4,1746.6
7093,20250316,22723,183,1,48,5,4444.83
27225,20250202,23839,133,4,22,2,3966.76
20473,20250216,25413,187,2,34,1,3407.64
28677,20250508,20172,116,5,9,5,1765.56
8915,20250414,25697,191,5,31,2,3264.01
845,20250109,21104,145,3,34,3,2097.55
24258,20250627,25524,141,6,11,3,2467.01
16595,20250101,25387,192,8,12,3,913.09
16497,20250130,20517,125,5,45,1,2405.89
10031,20250304,24897,137,10,32,3,1238.24
17942,20250502,23440,156,5,10,4,1450.17
7666,20250617,21882,170,4,27,3,1649.08
6504,20250525,24078,116,5,33,5,1535.96
3398,20250606,23198,143,4,29,3,3950.24
25367,20250309,22594,139,5,25,3,3155.39
1399,20250401,23815,113,3,35,1,7133.4
8102,20250202,21999,165,3,7,3,5770.56
4218,20250510,20216,106,4,29,1,2607.16
28267,20250121,22615,118,4,23,1,1516.29
26267,20250310,21388,110,3,41,4,6305.96
7482,20250208,24109,132,5,42,2,3783.09
10323,20250331,20211,172,8,19,2,1233.2
13792,20250203,20719,173,9,44,5,1040.21
11509,20250420,20331,142,10,43,1,871.4
16208,20250118,21951,143,5,2,3,2575.43
24564,20250213,24330,191,9,28,3,332.44
8933,20250425,20709,106,8,25,1,1644.1
796,20250114,25853,137,6,12,2,1631.38
8022,20250531,21989,170,9,14,5,976.11
22167,20250224,25314,189,6,1,4,1879.88
7923,20250611,23312,127,9,3,2,1591.6
19028,20250417,21288,151,8,33,3,1005.44
23996,20250123,20701,152,8,50,5,342.93
29461,20250426,23090,188,10,16,3,220.53
6747,20250222,25075,159,8,37,1,942.93
25689,20250125,25818,189,2,14,4,7167.78
6367,20250410,23297,186,7,3,2,1177.21
23295,20250406,25297,157,4,26,5,934.87
28044,20250429,23194,134,1,27,5,7809.23
24629,20250608,21395,138,2,33,1,7573.74
23159,20250507,23818,103,3,50,3,6585.05
20512,20250612,22161,157,8,19,2,1623.75
9015,20250127,25571,188,5,39,2,3115.51
24914,20250626,25304,145,6,36,2,2059.75
19600,20250525,23223,170,7,33,3,288.75
22077,20250423,21594,133,8,26,3,1679.76
16418,20250212,22899,112,1,47,4,3695.28
10990,20250121,21902,161,2,37,4,5852.17
16425,20250619,24745,138,4,31,5,3814.21
11118,20250314,22844,199,5,47,4,3800.92
24109,20250107,23869,170,9,23,1,837.86
26033,20250304,20679,157,5,2,4,2885.21
4336,20250620,20038,195,5,18,2,1550.39
13954,20250307,20976,132,7,24,2,331.49
4551,20250216,24599,116,10,32,5,1316.64
9898,20250228,22657,193,3,21,1,6787.77
3694,20250421,20677,182,5,50,4,3769.0
17156,20250530,21989,161,1,24,5,6927.33
8194,20250212,22037,122,6,43,1,2385.84
27550,20250206,20621,114,1,32,5,7249.34
20139,20250411,24682,180,7,6,5,451.28
10330,20250328,25332,165,9,35,4,359.69
21325,20250205,24670,170,7,29,3,1832.79
11399,20250217,23474,136,3,2,3,4161.06
14976,20250410,21475,101,1,16,2,5644.72
4611,20250614,23160,125,6,21,1,3579.08
14665,20250119,23321,192,2,42,5,3668.01
21194,20250214,21406,123,2,34,1,6857.44
21753,20250604,21236,124,8,17,2,844.59
25328,20250109,20215,121,9,8,1,766.01
28729,20250107,24397,178,7,23,3,1009.86
8730,20250122,20714,170,3,49,4,4082.87
28015,20250310,24439,160,2,43,3,4137.42
7651,20250119,24126,172,8,40,1,1083.39
4202,20250515,23929,183,3,43,2,3586.93
4192,20250614,20457,141,5,13,5,2919.87
11813,20250402,21222,200,1,29,1,6486.77
11450,20250613,22488,139,10,14,4,629.56
9292,20250530,20043,146,3,3,5,3716.98
29980,20250204,25797,115,9,12,1,1198.19
8797,20250408,21863,178,10,50,5,1340.82
11828,20250430,21285,193,8,16,1,274.83
3785,20250203,24299,102,9,11,2,1014.8
9677,20250408,21381,185,9,14,4,797.37
11133,20250413,22186,133,6,29,5,3410.96
22559,20250207,21414,183,9,14,4,846.3
9572,20250223,21792,186,8,19,5,837.71
25779,20250127,25724,155,6,19,4,2254.63
26545,20250622,25257,152,3,16,4,6785.61
22534,20250205,20677,152,3,11,4,6803.46
12018,20250403,20931,115,5,1,3,3478.4
22691,20250607,20998,108,5,25,1,879.62
26565,20250314,25987,148,7,12,3,1798.25
6518,20250601,22725,170,1,3,3,6141.52
5360,20250526,24698,186,3,10,3,2171.9
2910,20250422,21184,136,5,49,5,2908.41
14876,20250608,22206,105,4,22,2,3126.28
11390,20250215,20328,121,1,20,3,3835.66
21832,20250415,24642,150,1,3,3,5331.32
3417,20250311,21716,163,5,9,1,1635.43
21679,20250604,24949,106,1,19,1,2858.35
27164,20250512,21269,148,4,12,5,959.16
28922,20250407,20460,176,1,1,1,5605.79
21765,20250517,23503,145,2,46,4,3194.71
11179,20250514,25483,102,5,23,1,1691.72
14602,20250518,21752,162,8,43,4,696.92
760,20250128,24633,156,2,32,5,4189.9
21201,20250329,24472,152,3,28,1,6911.98
7103,20250607,22987,111,6,38,4,2198.77
24921,20250326,21297,101,3,37,3,5011.76
1789,20250529,21553,175,7,8,3,1822.3
27546,20250318,23503,104,2,10,4,3406.13
26638,20250504,24858,154,7,1,5,856.93
22156,20250604,22207,133,2,4,3,3178.28
23305,20250529,24303,124,10,29,5,1994.51
1351,20250121,25579,188,6,47,1,3353.18
14628,20250614,22878,116,7,47,5,1746.81
19409,20250605,25159,184,9,4,5,475.97
24390,20250118,20174,130,1,23,4,6197.71
8623,20250223,20150,124,3,22,5,2891.25
25751,20250210,24787,195,1,35,5,2298.61
15992,20250402,20370,157,8,35,4,971.1
19763,20250219,20371,123,7,23,1,1467.79
8317,20250206,23117,133,9,2,3,706.7
26714,20250414,24746,163,7,45,1,1902.66
27899,20250406,24015,129,6,18,5,3884.39
2362,20250108,23401,150,3,7,5,5822.71
1403,20250528,23374,169,4,29,1,3466.61
25084,20250110,22677,176,5,23,2,3287.75
26891,20250223,22386,142,2,2,1,4032.54
15082,20250613,24274,116,7,50,5,1449.9
12724,20250315,24582,158,7,5,1,1532.55
17416,20250320,22850,165,1,40,5,3730.93
21704,20250217,20602,148,2,8,1,7147.8
25642,20250626,21260,193,1,4,5,5540.01
6425,20250302,20172,191,1,45,3,2836.25
71,20250605,24842,177,9,20,1,546.69
5508,20250130,20921,190,3,34,5,7149.55
18365,20250517,23264,113,9,49,5,1540.02
27624,20250413,25746,152,9,29,4,1851.0
1880,20250514,23428,133,7,18,2,1070.26
8289,20250407,23877,106,9,20,5,397.58
21407,20250616,22724,106,8,49,4,1946.95
14742,20250601,24733,185,3,31,2,6416.6
21156,20250428,23977,182,10,23,3,857.15
26081,20250413,22575,116,6,38,2,2515.59
10544,20250318,23815,153,9,9,3,981.35
19270,20250524,20485,134,1,14,5,7590.74
4559,20250617,25448,164,1,49,2,5945.96
18412,20250525,22145,168,7,32,1,1226.01
23778,20250117,25834,137,7,12,4,240.6
22480,20250609,24139,179,5,37,2,2032.8
5504,20250501,21471,126,3,18,1,2686.43
2207,20250509,23623,123,3,17,4,5519.82
1810,20250205,22824,136,8,12,4,1647.79
24280,20250627,21418,188,8,40,2,1202.42
16758,20250616,24198,101,8,4,1,1796.44
28140,20250523,24717,146,3,20,3,7903.8
28214,20250504,23003,132,5,33,5,2652.11
5100,20250218,21295,194,3,22,4,5723.89
17055,20250211,20521,194,10,25,3,695.1
29702,20250422,25880,114,4,11,5,1121.99
2443,20250409,20415,188,4,44,5,1753.78
26269,20250108,22069,127,9,16,2,1509.06
13988,20250525,25678,173,2,15,1,7044.83
5124,20250213,23613,113,5,38,2,1564.95
2221,20250128,21350,141,10,1,2,216.18
6246,20250125,25382,114,10,15,4,305.91
18348,20250226,24328,177,10,32,5,1580.38
223,20250603,21532,114,8,19,5,1809.98
12138,20250307,20264,117,2,41,1,5842.81
656,20250514,23198,155,3,38,1,7318.14
17085,20250414,21813,150,8,41,1,780.77
23210,20250609,22684,149,4,40,5,2321.99
19683,20250524,20584,101,7,5,4,1483.04
9238,20250610,22206,162,9,42,1,1676.91
323,20250207,24530,123,1,47,2,7154.13
9998,20250323,21716,105,7,6,3,1867.23
13785,20250110,25596,110,10,27,4,1849.26
7785,20250114,22081,105,4,35,1,3665.07
5145,20250430,24200,199,9,44,4,694.37
14921,20250618,22047,110,5,17,4,3263.27
21934,20250113,20151,176,1,23,5,5707.89
9376,20250223,20085,107,9,45,2,1906.64
8479,20250101,21556,104,10,49,2,795.53
29710,20250224,22011,160,9,20,1,710.53
17081,20250418,24517,189,8,19,5,1258.9
15145,20250314,22733,169,10,40,2,400.0
6011,20250121,21375,122,1,34,3,3779.84
13450,20250208,21263,138,6,22,5,2353.71
9892,20250409,24463,118,4,44,1,961.45
6456,20250626,22933,160,1,4,2,7332.18
5732,20250502,25955,189,3,2,1,2326.2
370,20250417,20793,188,2,20,2,6833.22
20849,20250429,24781,198,4,13,3,3249.29
22821,20250321,21444,178,4,23,1,1861.05
4122,20250602,20566,138,8,38,5,789.51
23950,20250109,22345,138,1,14,2,4106.24
8242,20250116,22023,187,5,4,1,1867.22
16074,20250610,21879,185,3,27,4,7318.68
25657,20250504,21225,108,6,50,1,2640.4
22415,20250518,20889,194,9,17,1,908.18
9087,20250421,24532,183,8,34,1,377.75
26949,20250524,25920,111,1,37,5,2605.27
1132,20250216,20661,134,5,28,1,2983.02
2266,20250627,24159,106,4,19,1,2908.84
6138,20250526,24607,166,2,10,4,4170.0
28834,20250123,20230,151,6,14,5,2973.03
5307,20250414,25432,181,2,18,2,5379.2
374,20250504,20179,128,7,25,5,1267.68
4529,20250320,21029,187,5,7,4,2366.39
9470,20250524,20402,107,2,37,2,2656.28
22365,20250104,24975,200,4,42,3,1897.12
10647,20250227,20276,120,8,7,2,1949.93
25918,20250202,22731,135,3,43,1,6993.74
26314,20250524,23132,156,6,10,3,2453.8
8648,20250106,22450,160,8,41,1,1215.37
14305,20250101,20465,182,2,31,1,6922.7
20763,20250331,24955,115,3,28,3,3088.03
28820,20250508,25597,109,3,18,4,5798.08
5639,20250430,20505,155,7,31,3,1246.67
2076,20250525,23428,176,4,6,3,3435.88
14433,20250323,24229,147,3,22,2,5420.9
21472,20250124,20902,155,3,42,1,6052.7
27520,20250222,25351,135,2,2,3,3154.84
5964,20250202,22552,167,10,27,5,1735.82
27736,20250627,23238,104,2,7,3,2768.0
2917,20250103,23524,105,10,50,3,1626.52
12217,20250625,25591,193,7,4,3,1158.5
1419,20250208,21812,115,1,19,3,4575.15
13216,20250104,24064,152,6,42,5,1685.76
12940,20250409,22366,145,10,37,3,736.27
11680,20250505,22982,161,10,31,5,800.3
16840,20250628,20423,189,1,22,2,6328.95
26520,20250308,20740,109,8,35,3,1760.1
9921,20250216,23491,129,7,22,4,974.45
27566,20250310,23551,147,2,34,5,4048.3
25051,20250322,20830,123,1,47,3,6935.75
18207,20250514,24075,116,9,17,5,672.7
28346,20250405,21077,194,7,18,5,1739.98
116,20250608,21849,163,4,39,4,1477.27
10036,20250530,22146,173,5,47,3,3418.05
20500,20250613,23080,174,9,6,2,690.18
24706,20250207,21296,108,9,18,5,1282.45
22178,20250309,20874,187,7,22,4,604.02
21402,20250106,23312,144,1,32,1,3558.44
17555,20250415,23082,172,4,6,4,3177.46
22281,20250627,25213,128,9,4,4,1827.15
10423,20250625,22054,102,3,9,4,7503.63
22917,20250407,20439,176,5,11,2,3708.55
28935,20250302,24299,146,7,45,1,1613.61
7064,20250131,21781,173,3,37,2,6327.37
17461,20250505,24933,112,1,41,3,3218.06
24609,20250613,24628,139,6,50,2,3982.23
21275,20250504,21871,199,8,36,4,839.66
22943,20250124,22951,117,4,27,5,3747.27
20577,20250219,22694,151,4,5,2,1458.33
1555,20250118,20438,112,5,2,2,3418.12
16385,20250624,23570,110,3,34,5,6875.66
29741,20250324,24824,111,4,14,4,1863.38
25656,20250421,20761,177,7,25,4,1466.05
18578,20250131,22312,127,4,46,1,3230.16
21203,20250323,24149,168,10,49,2,961.44
23976,20250109,25902,190,6,46,1,2692.35
22258,20250604,25630,155,3,46,2,3967.34
6264,20250429,22244,107,7,15,3,1983.23
89,20250101,23434,178,5,28,5,1397.03
18388,20250408,22887,199,6,8,5,2774.79
21921,20250503,23788,198,10,33,4,584.92
8961,20250422,25044,189,3,2,5,2674.69
14578,20250218,24504,105,7,39,2,1562.18
19238,20250126,20659,145,2,31,5,7154.37
16146,20250512,22148,179,6,25,2,2284.97
3071,20250623,22352,121,8,34,5,843.04
8896,20250624,24288,178,10,11,5,931.96
26833,20250527,20503,140,5,44,4,2657.13
15277,20250603,25887,112,2,40,2,3790.14
15106,20250325,23718,167,8,47,4,1493.54
21263,20250516,20390,153,9,3,3,612.92
14002,20250613,24732,169,8,49,5,1756.62
12089,20250610,21164,111,2,26,4,4190.66
16900,20250407,22638,135,4,45,2,3037.68
18458,20250403,22928,102,4,40,3,1437.93
24392,20250119,23741,119,10,4,3,445.69
777,20250227,22214,169,10,42,1,284.38
17826,20250523,23872,153,3,39,3,2274.73
17885,20250429,24647,144,3,25,2,6777.74
14453,20250319,24266,189,8,34,3,1928.76
940,20250119,24345,171,10,9,2,449.31
10398,20250524,23549,134,10,27,5,1698.15
14823,20250509,25701,151,1,18,2,4403.46
12293,20250628,20972,195,6,20,1,1021.82
25749,20250527,25824,197,6,20,5,3508.23
12038,20250430,23517,130,7,29,4,702.3
19250,20250327,22199,129,2,33,4,2824.01
4398,20250311,20970,192,6,48,1,3124.45
12352,20250109,24397,132,2,4,1,7069.41
612,20250212,22778,127,5,44,1,2732.85
31,20250507,24920,128,2,3,1,7189.85
24993,20250606,20720,141,3,21,5,5609.68
25489,20250202,20393,119,10,22,1,1258.85
5044,20250512,20881,171,1,3,3,6539.56
3057,20250625,23857,123,1,22,5,7127.18
7173,20250413,23479,130,6,28,2,3146.87
7918,20250228,24922,109,3,41,2,6888.4
2175,20250305,24444,185,9,34,1,1432.53
12540,20250216,23366,149,10,25,3,1585.66
26143,20250501,22897,116,9,15,4,667.86
2985,20250518,24758,118,1,4,1,4485.01
2208,20250616,25094,180,4,34,4,1834.27
548,20250522,25139,159,3,4,2,6560.38
16614,20250227,21094,166,4,33,5,2909.12
11276,20250610,25289,143,4,12,1,2522.8
18013,20250516,23689,188,1,25,3,2340.59
946,20250528,25460,109,3,46,5,3351.97
26820,20250107,25956,199,8,9,1,408.59
24450,20250320,25878,197,7,6,4,1730.07
10469,20250420,25842,115,5,5,5,3405.1
13983,20250422,20798,155,2,26,1,2929.72
12310,20250312,25813,125,1,26,4,2572.15
8836,20250301,22166,106,7,24,1,1456.23
29805,20250304,20620,195,9,7,5,1489.0
3353,20250106,20216,136,7,29,5,1652.87
24440,20250130,21961,114,4,26,3,2073.24
1681,20250209,20359,137,8,16,1,630.57
25777,20250120,23313,157,4,2,1,1966.08
1558,20250501,21657,167,8,13,2,1218.41
18319,20250406,20984,114,1,33,1,2099.94
10712,20250625,20728,178,5,18,1,973.95
5864,20250222,21824,115,2,21,2,7571.9
12569,20250402,25652,156,4,23,2,2689.47
7730,20250401,21011,199,3,40,4,2511.17
19535,20250502,25970,105,5,34,1,3395.39
2699,20250215,24984,129,3,16,3,5281.63
4200,20250419,22098,132,6,41,3,1335.89
21756,20250331,23679,106,8,22,1,1176.02
29410,20250520,24430,122,10,27,5,305.96
24614,20250528,23931,146,7,15,1,1533.73
5654,20250616,25084,138,6,1,4,969.42
14049,20250403,22100,151,7,21,2,670.62
20487,20250503,23395,185,7,11,3,832.72
15830,20250420,20912,187,8,28,1,1520.21
23340,20250330,23507,129,3,1,5,6569.4
22446,20250301,24748,186,2,48,3,6957.27
8597,20250101,20323,151,10,46,4,1093.59
3733,20250316,21522,144,4,12,3,2834.55
17627,20250409,20874,138,9,11,1,786.11
14609,20250614,24087,111,8,33,2,492.15
1720,20250512,20164,195,2,8,1,5366.68
16731,20250427,25698,144,4,3,5,1073.78
18221,20250323,23060,194,4,41,2,3898.14
13531,20250622,25386,116,9,50,4,1402.7
26935,20250509,20364,121,2,2,3,5653.93
8782,20250311,24836,179,4,18,1,2424.93
18440,20250520,24216,140,10,28,3,655.69
3114,20250521,23125,142,3,3,3,4408.96
10286,20250118,22937,170,7,42,2,1989.88
28748,20250105,20452,170,5,19,3,1035.73
1499,20250221,22068,184,4,17,2,1102.4
18797,20250420,23838,174,10,8,2,1546.74
28355,20250530,22237,121,6,8,5,1117.87
28014,20250211,21586,185,10,18,5,1280.84
9299,20250526,21395,127,4,10,2,2728.76
15076,20250601,20951,118,2,25,5,4446.12
22002,20250604,20293,106,7,44,4,490.57
14808,20250221,23453,108,1,39,2,6724.49
1498,20250412,20266,135,7,35,3,921.6
27494,20250619,24929,176,9,50,4,1221.07
29600,20250627,20943,118,2,32,1,4165.89
18105,20250219,25751,126,8,20,5,1343.9
27915,20250114,20259,142,1,22,4,3127.26
26303,20250616,25377,154,1,47,3,3664.25
21013,20250410,22819,146,5,41,1,1898.96
3297,20250228,20584,186,8,14,3,1233.44
13560,20250607,20074,180,5,32,3,2352.53
11662,20250323,23684,137,8,17,1,488.0
27928,20250424,20890,116,4,40,1,1316.85
18583,20250224,24482,119,1,35,5,2907.89
21897,20250517,20453,182,8,28,4,271.22
22820,20250117,22723,104,7,8,3,1506.27
12539,20250514,24924,108,2,20,3,5862.14
564,20250121,24731,179,8,1,2,1824.59
5346,20250419,22961,125,1,26,1,2400.66
17366,20250105,25276,164,9,16,4,582.81
12087,20250623,24041,143,4,15,1,3808.96
24400,20250102,25970,154,7,9,4,306.13
5291,20250129,21046,200,9,50,3,415.08
23291,20250407,25537,146,2,11,3,2760.92
1874,20250628,24124,168,7,35,5,1020.86
13264,20250220,24760,186,1,25,5,4766.44
19249,20250613,24820,136,8,1,1,534.89
29209,20250201,22832,184,8,27,2,1965.94
25693,20250505,21954,195,6,13,2,2057.53
18448,20250615,25704,123,1,33,2,5190.68
14828,20250318,22860,185,10,13,4,558.18
8666,20250612,23236,108,10,29,2,801.84
6134,20250609,23409,179,3,48,2,4909.51
18357,20250225,23380,152,4,7,2,3456.26
13693,20250617,22350,129,4,21,4,2966.41
26887,20250522,21979,164,1,34,4,6652.95
25727,20250510,24997,200,1,48,4,4692.87
9091,20250318,20277,161,5,30,1,3297.94
14422,20250406,25592,194,9,4,2,832.0
29089,20250318,20926,136,9,2,4,882.07
350,20250521,21614,188,3,47,1,2189.16
1688,20250402,25614,156,1,36,4,2046.22
1356,20250101,21894,168,2,22,2,7343.47
20507,20250421,20886,160,6,13,2,1440.63
20679,20250228,23406,171,7,20,4,316.55
9940,20250610,25083,108,10,30,5,534.77
790,20250627,23943,162,7,6,3,1431.91
689,20250405,24467,130,4,49,5,1436.76
23106,20250206,22132,154,10,26,1,657.57
9757,20250114,23829,172,10,12,5,1668.46
26505,20250208,21113,139,10,41,1,362.46
3530,20250204,21243,176,2,48,2,3139.91
14943,20250602,20325,162,3,11,4,4327.44
26625,20250224,24030,111,8,7,1,1083.36
5684,20250429,24239,183,1,24,4,5507.99
14955,20250405,25097,182,9,48,2,1891.38
14360,20250620,25071,114,4,27,2,1757.75
19306,20250320,23521,194,5,46,1,2327.78
13154,20250603,21531,110,9,34,1,357.53
11807,20250623,21776,122,4,17,1,3893.29
29282,20250418,21919,101,6,41,5,3092.53
22724,20250503,25599,106,10,41,3,1801.88
26987,20250423,20534,158,10,16,4,1342.16
2767,20250211,21630,169,2,26,4,4540.31
19471,20250302,21297,181,1,31,4,7451.1
2027,20250129,24165,134,2,43,1,2650.97
20198,20250406,20398,185,4,21,1,2644.6
1528,20250506,23825,101,10,8,1,551.84
23205,20250214,25338,171,3,49,2,5347.71
29674,20250527,25740,102,5,10,1,1427.81
13595,20250202,20736,108,8,22,4,747.63
2704,20250514,22011,114,8,49,1,1432.01
5188,20250426,24492,163,3,3,5,7004.55
25529,20250508,20648,125,2,6,5,4615.86
27015,20250214,22133,113,3,41,1,5946.69
18084,20250411,20780,109,9,42,5,242.54
14492,20250315,23561,135,5,35,1,3430.28
23876,20250222,25031,114,6,21,5,2903.28
6709,20250122,21230,135,7,23,1,983.86
29253,20250403,21727,184,7,13,2,1549.27
10563,20250506,20945,117,5,16,5,1009.19
9297,20250616,21114,191,9,12,5,1869.34
16229,20250416,25579,134,3,40,5,5595.61
22092,20250412,20292,141,10,34,4,1131.5
29915,20250104,25114,179,8,19,4,1340.66
10720,20250430,21535,196,7,2,1,320.71
17408,20250311,23478,179,9,17,4,741.78
25430,20250313,21416,101,7,47,5,1404.48
5911,20250205,21533,198,5,12,1,2751.32
22736,20250310,20514,193,6,5,1,1672.28
16342,20250410,21754,159,8,40,4,566.36
24536,20250118,20352,105,8,49,2,784.4
4425,20250119,23891,182,3,23,5,2345.48
10928,20250108,25100,166,6,20,1,1111.85
25147,20250510,24714,118,5,7,2,3846.4
25085,20250611,23930,109,2,19,3,6092.59
12637,20250627,22128,179,1,38,1,6283.88
26621,20250615,21260,190,1,30,3,3938.43
6180,20250112,21368,165,9,38,4,644.88
16794,20250513,23159,147,6,7,3,3962.41
13702,20250303,22395,151,9,12,4,716.77
10008,20250626,22545,102,2,46,3,7364.63
12989,20250519,22609,112,9,18,3,1837.73
5555,20250422,21833,142,8,3,5,1191.19
4190,20250126,22404,131,7,20,3,1108.89
20860,20250527,22059,168,2,12,5,4292.22
14016,20250301,20915,101,2,16,2,3342.37
19959,20250221,22510,182,2,38,1,6339.16
8133,20250310,23962,138,8,39,1,375.51
3740,20250616,22515,163,3,32,2,3341.58
26272,20250315,20277,139,7,36,3,721.22
13554,20250113,20093,107,5,39,1,3252.57
9510,20250328,20623,158,6,18,2,2918.02
19747,20250507,23692,135,10,30,4,1020.11
6760,20250209,20579,184,2,27,3,4818.46
8460,20250428,24198,139,4,15,4,1922.07
28343,20250118,25220,161,7,32,4,1654.57
26150,20250501,24915,153,1,33,1,7593.32
9069,20250104,25467,114,10,39,5,1424.9
24465,20250423,23861,111,10,43,2,1577.45
6551,20250407,25744,173,10,30,4,1745.55
6179,20250325,21178,113,7,26,1,1082.9
11228,20250524,23072,113,7,25,5,410.25
12957,20250126,22106,116,3,41,4,4988.91
17325,20250214,25144,186,6,24,1,851.93
2711,20250409,25194,138,7,25,3,878.47
25038,20250529,21867,146,8,1,3,1767.3
16496,20250428,25969,113,3,45,3,3049.04
2685,20250520,23216,157,6,30,4,2658.38
1394,20250112,20348,139,10,8,3,1825.29
20398,20250115,21980,137,2,16,5,4903.96
2227,20250612,23709,165,7,17,2,1312.2
2535,20250222,22191,134,3,38,4,4720.71
10869,20250211,23086,123,10,22,4,1043.97
3337,20250607,23443,109,9,10,2,1030.13
13679,20250218,24836,182,6,28,5,949.89
27151,20250625,23966,173,6,36,5,3413.83
29510,20250502,24219,152,10,18,1,524.2
14877,20250429,21488,117,6,21,4,3768.99
17280,20250302,22973,179,4,34,4,2965.17
24774,20250117,25898,154,2,26,4,6817.41
19445,20250306,21683,129,6,24,3,1135.7
5664,20250622,20113,140,9,45,4,1142.3
8993,20250520,20040,151,3,25,3,4840.03
908,20250123,22922,143,5,38,4,1717.16
3900,20250206,21772,121,2,36,4,2801.46
18042,20250509,23170,118,10,12,2,367.25
18006,20250113,23493,145,5,45,4,2706.66
10920,20250519,25941,185,7,7,1,217.06
3618,20250311,22815,193,3,10,4,4173.81
13475,20250618,25403,156,8,21,3,636.42
24237,20250610,23422,105,2,16,1,4021.4
8891,20250206,24464,103,10,13,4,1420.68
21526,20250525,23237,163,5,15,1,1651.36
19228,20250506,20804,193,9,43,2,960.04
8011,20250404,20111,159,7,5,4,1047.04
29650,20250512,21908,173,2,30,1,7865.05
8249,20250626,23984,191,7,4,4,1188.9
14527,20250509,22318,155,9,35,3,342.64
2728,20250504,22275,131,5,29,2,2327.91
17405,20250520,22389,138,8,12,4,647.78
1605,20250416,24880,147,8,23,3,1879.0
24239,20250201,22328,155,1,40,4,7260.25
4565,20250423,23145,174,3,38,1,7997.45
28281,20250208,21311,155,9,16,1,1062.14
7734,20250313,20077,142,8,20,5,1100.39
25807,20250118,20789,149,2,21,4,4089.13
2413,20250418,25364,178,6,37,1,1246.39
25161,20250509,22309,197,6,17,2,3036.57
21948,20250126,24339,180,3,15,5,5761.96
29242,20250524,24504,173,5,26,5,1761.91
3275,20250430,25668,104,1,33,1,6300.33
6021,20250112,23174,135,6,10,5,1691.84
7657,20250519,23336,176,2,34,1,7017.58
2426,20250207,23801,112,5,25,1,3985.18
28761,20250510,21170,111,8,41,2,1279.72
27380,20250424,25029,190,6,34,3,3847.55
14356,20250322,24905,198,1,15,2,7628.5
25406,20250605,24578,196,3,49,5,7418.14
28505,20250206,25678,139,10,37,3,1498.44
17763,20250503,21862,172,4,23,2,1063.17
14779,20250510,23330,123,3,10,4,4449.47
14042,20250403,23146,147,10,9,5,447.82
29363,20250413,25642,131,3,17,5,3507.43
20880,20250310,25819,135,7,36,3,1255.0
6778,20250624,22789,199,2,34,4,2845.37
15342,20250127,25617,129,6,7,2,3223.5
11733,20250414,25420,127,2,10,5,2286.11
18745,20250409,20761,122,6,22,5,3707.49
24537,20250417,25518,138,9,27,4,310.16
13634,20250512,25030,193,6,20,5,2470.41
21520,20250421,22316,183,5,22,3,3105.41
2874,20250608,25548,126,1,14,3,2543.81
17694,20250326,22699,166,4,46,5,927.98
26596,20250506,21624,117,6,12,5,3805.39
13443,20250529,21879,159,1,40,2,4338.65
11903,20250427,22198,122,6,15,4,2886.94
3316,20250123,25295,116,9,2,2,480.9
25679,20250425,22916,183,9,11,2,467.03
607,20250605,23038,151,5,31,5,1496.14
10228,20250323,23010,186,10,19,1,341.5
11779,20250614,20269,172,2,18,2,5990.33
12625,20250418,22865,190,10,29,5,452.83
18858,20250101,22808,124,1,3,3,4794.27
14944,20250130,20484,182,4,28,5,3526.81
12554,20250612,23775,112,8,5,2,456.55
7748,20250426,23626,128,7,2,1,1388.84
857,20250227,20146,163,10,45,3,752.98
1927,20250616,21894,196,3,44,5,4230.4
13910,20250216,22879,150,3,26,2,6979.04
15522,20250323,24095,106,3,12,5,3164.63
26918,20250505,24103,185,7,23,2,1636.94
18616,20250128,20934,178,5,31,4,3283.93
28486,20250603,20695,196,6,19,5,1813.93
6805,20250628,20016,172,5,12,2,2230.98
8490,20250207,20065,130,10,32,3,370.3
7118,20250624,22420,187,4,13,2,801.47
17251,20250115,23326,117,1,29,3,4824.73
23766,20250316,21933,112,3,50,3,4849.34
9234,20250404,23442,116,10,42,5,589.15
45,20250428,25178,139,3,21,2,7042.3
2813,20250505,22305,185,1,44,1,6230.2
25986,20250620,20859,141,7,50,5,485.69
22105,20250430,25219,155,6,3,2,1016.18
9465,20250107,21403,118,5,1,2,3095.94
29498,20250520,23975,179,5,37,2,2272.97
15533,20250131,20487,130,8,1,1,760.95
360,20250404,23444,178,6,31,2,1630.53
11784,20250310,22509,180,4,37,1,2870.28
20249,20250226,21432,133,2,12,2,3431.35
18517,20250314,20573,113,8,20,2,1439.76
16765,20250208,23199,183,7,14,4,1049.0
11961,20250123,22997,200,7,11,1,551.21
19062,20250129,20344,185,6,20,3,1329.85
18407,20250412,23363,190,5,15,2,2875.98
586,20250415,22914,141,4,5,3,1658.31
4979,20250114,22818,127,5,37,4,2687.06
22956,20250402,23645,111,9,13,5,1009.41
6436,20250326,25397,110,1,47,1,7235.98
26583,20250208,25234,190,9,37,5,400.98
9615,20250105,23943,156,3,6,2,6262.01
14201,20250516,25337,146,3,18,1,4274.41
9559,20250207,22610,153,3,42,1,5168.2
29123,20250519,22220,196,3,24,2,6652.43
201,20250202,25916,102,10,41,4,1862.94
29254,20250324,20462,102,5,15,1,2544.4
4564,20250313,22383,184,8,40,3,1577.43
16325,20250116,22298,127,5,32,5,3766.58
17871,20250617,23812,175,2,7,4,4921.01
27260,20250326,24543,110,9,2,5,1198.05
2052,20250117,25510,136,9,11,1,1708.73
6294,20250608,20152,124,10,1,4,1147.48
26506,20250422,20545,107,4,50,2,3705.32
22012,20250510,25511,104,5,50,1,3323.23
22533,20250616,22957,183,3,27,4,7576.03
26620,20250115,22744,184,9,34,1,1673.29
28276,20250224,25078,118,3,5,2,5992.51
4826,20250219,25725,123,5,1,2,2727.1
3534,20250503,21619,172,5,45,4,2658.02
7628,20250127,22185,116,10,7,2,368.42
19835,20250531,25865,189,9,43,3,1666.94
2265,20250215,25331,149,8,23,5,459.06
1233,20250617,23763,120,6,15,1,3063.96
16817,20250107,21021,149,1,17,5,7254.46
26875,20250114,21556,144,10,5,5,678.09
20723,20250502,22686,101,7,35,2,1959.09
28279,20250617,25868,116,2,24,2,2125.7
27432,20250119,20549,161,3,38,5,6014.12
3927,20250301,21698,192,6,34,4,2569.01
2537,20250416,23342,181,8,21,3,1441.38
5598,20250119,21362,184,5,50,3,2155.85
18959,20250514,21143,128,9,1,3,444.76
24407,20250410,20014,178,8,39,3,492.1
12944,20250605,24687,121,2,26,3,3887.06
25356,20250511,21612,116,9,19,4,1065.03
17766,20250610,24611,156,9,35,2,1526.37
29278,20250503,25119,165,8,44,4,1423.16
6536,20250612,24312,181,2,6,5,7452.99
7402,20250131,22823,149,5,23,1,3484.21
21510,20250106,24221,137,1,31,2,2554.77
24747,20250304,24373,176,5,31,3,3674.28
7008,20250316,21102,103,1,48,1,4230.68
24543,20250518,22644,165,6,37,5,2425.54
28444,20250122,22689,180,8,34,5,887.86
11394,20250208,24296,190,6,47,4,2685.4
4073,20250411,20242,111,2,32,3,3562.59
18528,20250624,25585,165,4,48,4,3686.31
9978,20250613,25978,187,10,33,1,1516.49
11837,20250204,21643,136,3,14,1,4558.78
26636,20250625,25786,137,3,43,1,6358.5
1066,20250223,22072,140,4,40,1,2668.86
28984,20250125,25533,114,5,17,5,3956.89
2856,20250111,23952,101,3,41,2,4386.82
27695,20250614,22538,152,8,15,3,1700.53
25780,20250415,21861,111,1,17,2,2147.11
377,20250528,21484,196,2,10,5,6593.05
29041,20250316,22200,197,2,38,1,7129.92
23528,20250212,23662,188,8,40,1,1486.35
16009,20250306,20325,150,10,21,3,1931.73
27359,20250108,23945,102,6,2,1,1166.86
834,20250621,22379,158,9,10,2,402.07
18639,20250102,23970,136,6,16,2,1629.57
21216,20250616,23252,109,10,16,3,1581.26
21195,20250528,24286,102,3,43,2,5664.77
5051,20250224,24913,193,3,26,1,3712.28
14525,20250312,24124,186,2,3,2,5953.13
7169,20250309,25622,135,5,22,5,3220.29
23956,20250530,22153,159,8,9,2,1628.29
21503,20250130,21194,151,6,46,2,1937.73
11559,20250309,24085,194,4,12,4,2401.67
15704,20250511,22284,116,1,40,4,4992.44
16846,20250423,25689,191,8,38,2,861.49
3074,20250502,21120,188,3,6,4,7245.2
6276,20250508,25116,193,6,16,1,2536.87
2528,20250405,24633,152,2,32,1,5177.67
8505,20250206,22215,188,7,19,4,1748.99
4955,20250118,23490,199,9,6,4,651.98
27501,20250203,24159,132,9,9,2,1029.46
11030,20250403,25817,171,3,4,5,3946.28
6699,20250116,21943,200,2,18,2,7664.31
20799,20250312,25724,169,2,28,2,4988.47
24412,20250320,21226,200,3,19,4,4742.32
5002,20250328,21417,109,6,23,1,3005.6
12409,20250108,20686,160,10,31,2,925.09
14074,20250206,24179,151,2,18,3,4820.96
4725,20250624,22633,135,5,20,2,2435.74
6995,20250422,24903,190,7,44,1,1372.49
28972,20250604,25800,165,3,50,3,2883.25
9406,20250312,21956,181,4,35,5,2112.34
7509,20250101,23938,103,7,40,5,958.16
70,20250518,22276,161,3,21,2,3703.45
17692,20250201,23360,118,7,41,1,397.67
1740,20250408,24022,115,10,37,1,421.56
22850,20250402,22194,147,4,33,2,2039.05
23465,20250605,22779,126,8,44,1,1755.56
17532,20250130,21510,160,6,44,3,1979.2
16788,20250315,20633,170,4,37,2,1558.88
22305,20250410,24636,160,7,15,2,427.38
23307,20250318,24875,118,7,39,4,389.38
11271,20250319,21230,136,5,27,3,1580.81
16341,20250518,22750,200,1,16,5,2446.14
228,20250601,21364,193,6,32,2,1644.38
14235,20250102,24150,156,7,36,2,839.13
9210,20250501,22130,186,4,43,5,1675.39
14861,20250617,25625,110,5,28,2,806.22
12066,20250106,22234,164,7,6,3,1404.84
1865,20250323,24178,143,6,40,2,3604.39
11072,20250531,21971,124,3,31,2,7639.18
20832,20250319,21483,145,10,34,3,620.36
3430,20250107,22144,115,1,25,3,4487.03
8920,20250210,23980,134,2,1,2,5132.21
5192,20250310,24347,197,9,35,2,955.96
21202,20250106,25229,195,5,25,4,3737.67
1813,20250629,21518,129,10,36,1,1191.63
9074,20250611,24128,195,9,11,1,1902.68
384,20250514,25376,133,10,37,4,1512.38
14384,20250513,22389,144,7,17,2,1351.08
730,20250411,22647,200,8,9,5,1167.83
314,20250609,20486,155,3,37,2,2084.69
18619,20250609,20015,105,3,44,2,2165.29
14545,20250417,25782,101,9,1,5,1882.97
10169,20250407,22602,115,10,40,3,1538.87
2827,20250425,25245,191,7,30,3,1167.37
29699,20250512,20667,168,10,6,5,1007.41
22499,20250520,23908,181,10,17,5,1227.52
5674,20250211,22577,153,5,41,2,2370.21
5263,20250305,22936,176,5,33,1,2795.77
3060,20250503,25488,106,3,2,5,3248.96
17075,20250519,22201,185,5,16,3,2798.69
25178,20250510,23983,108,10,36,4,791.3
6712,20250126,20189,175,8,26,5,915.0
17622,20250330,25493,200,7,13,2,1250.87
12646,20250614,23168,119,3,28,3,2327.23
4045,20250420,24030,152,2,48,1,6532.96
25210,20250203,25286,117,10,3,5,1623.56
9280,20250614,25731,148,10,42,3,1109.4
12961,20250627,23282,123,5,16,3,2662.21
3995,20250623,21151,149,6,42,4,3147.19
8824,20250610,23235,107,4,4,4,2752.74
14579,20250321,21709,147,3,2,5,4632.05
12015,20250405,25708,119,9,38,5,1176.05
20914,20250306,25065,188,10,12,2,373.68
26035,20250514,24348,175,6,38,1,3886.49
9669,20250528,23807,146,5,43,1,3761.11
2898,20250101,25591,153,5,26,5,1095.71
11244,20250106,24171,128,4,45,4,3523.42
24185,20250308,23248,127,4,24,2,3712.8
29649,20250412,23894,200,9,20,5,1967.13
726,20250303,20426,119,4,14,5,1416.3
4619,20250126,24334,134,1,27,4,5714.65
5408,20250516,25172,141,3,38,4,3758.87
29771,20250103,24295,198,4,36,1,3991.81
6921,20250322,24277,190,4,28,1,1692.42
9277,20250429,25204,123,6,34,4,3907.6
11551,20250414,21663,141,5,35,3,3398.65
9564,20250310,22538,153,2,39,3,2089.88
8373,20250510,20822,197,7,21,3,788.96
4448,20250613,25101,148,6,26,3,2597.5
7714,20250621,23622,139,7,3,4,1429.16
15934,20250309,20335,114,3,2,1,3780.16
7812,20250308,25142,182,1,37,2,3221.59
5827,20250127,21471,154,10,22,1,1952.23
9751,20250407,25768,163,6,35,4,2128.35
23633,20250314,20497,117,10,48,1,1297.75
621,20250429,23823,116,4,4,1,1951.81
15534,20250323,24793,178,2,48,2,5970.64
27296,20250310,20729,140,1,22,5,5955.38
9255,20250328,20930,170,8,33,2,446.1
16740,20250601,20804,163,3,21,4,4100.08
26898,20250323,23411,111,8,29,1,1892.65
17474,20250406,22462,165,1,20,2,4978.06
17004,20250331,20228,161,2,19,2,7823.11
6026,20250222,24094,106,10,46,4,1810.99
5419,20250124,23953,191,8,17,1,628.26
6495,20250429,20978,177,5,14,1,3546.69
12631,20250423,24081,111,3,44,2,4585.02
1978,20250420,22374,112,8,33,4,1353.99
24899,20250411,25882,171,6,44,3,1260.0
20434,20250514,21374,192,8,32,3,1565.87
28348,20250130,23840,197,8,24,1,494.49
21712,20250405,25494,111,2,7,2,7377.27
28978,20250517,23277,141,1,50,5,3526.35
7752,20250628,22520,167,9,28,1,1484.7
10835,20250408,22577,175,9,30,5,752.42
28720,20250509,25569,180,1,8,3,7353.65
16735,20250427,20152,194,6,25,3,3647.24
14881,20250104,20907,110,8,42,1,953.36
20688,20250505,22308,155,3,21,4,3217.83
26476,20250525,25142,102,1,47,4,2493.78
7725,20250129,24739,157,7,38,4,1023.62
27387,20250518,23870,186,10,41,3,1101.9
16135,20250409,21958,151,9,7,4,1660.1
29946,20250519,24912,132,8,40,3,1525.38
2816,20250220,21175,156,7,47,2,355.36
16648,20250419,20578,146,3,41,4,6588.82
21381,20250514,23012,146,3,14,3,7678.05
2783,20250409,22541,178,1,20,5,7561.12
25218,20250412,22235,200,7,40,3,1431.35
7259,20250207,20196,167,10,19,2,1931.4
27424,20250111,23794,193,8,2,3,1968.68
5529,20250126,20145,142,10,39,2,876.52
2513,20250413,24436,194,4,38,1,3707.28
12278,20250306,22047,177,8,28,4,374.0
12919,20250602,25966,123,8,18,3,1669.02
23176,20250117,20315,125,6,50,3,944.66
18145,20250220,23409,102,7,29,4,222.87
22435,20250228,23440,144,1,12,4,4334.21
28947,20250103,22446,155,5,13,1,3659.21
20363,20250509,21756,170,8,49,1,1061.44
9285,20250408,23460,169,1,33,3,4601.79
21162,20250624,20168,127,9,15,1,973.32
24957,20250607,23045,153,7,15,3,555.13
55,20250117,25797,160,5,38,5,2356.99
18054,20250512,23853,136,5,13,5,3132.26
19193,20250625,25044,174,8,46,4,1805.46
15177,20250412,23408,167,3,6,5,6920.26
3464,20250409,25519,144,1,15,3,6970.43
6707,20250429,20767,190,7,48,4,701.59
15042,20250111,24443,139,6,49,2,2873.04
13762,20250312,24126,156,3,39,4,7454.94
2848,20250529,24067,184,8,2,4,1719.83
5486,20250616,23833,161,1,42,1,5305.7
16552,20250314,25624,121,9,2,3,280.41
10878,20250327,22933,176,7,6,4,457.65
14980,20250419,22073,101,10,30,2,1065.87
28821,20250128,22726,140,2,26,5,4607.63
4033,20250530,21165,112,6,46,5,3107.3
26139,20250217,21346,114,7,41,5,1106.42
25424,20250208,23614,122,10,42,1,786.02
29393,20250302,22358,193,8,43,5,1836.69
5071,20250131,22022,110,5,23,4,3012.55
24596,20250621,24391,115,1,27,2,5418.71
2860,20250223,21417,118,10,37,4,1612.41
13496,20250304,22490,104,3,12,5,7279.45
28383,20250127,23725,147,9,14,5,656.01
899,20250315,20175,108,1,18,4,4330.98
12748,20250131,21005,162,6,39,5,3009.49
25484,20250611,21079,101,6,9,4,3388.29
1723,20250220,21114,164,1,45,4,2293.93
15944,20250424,23822,175,1,18,1,2554.94
25439,20250213,21016,111,8,26,2,1191.13
27618,20250209,21047,169,2,30,1,4628.12
20819,20250328,23556,159,4,43,2,3282.22
16883,20250611,21366,114,4,47,2,3787.89
13591,20250516,25204,119,2,19,2,6080.36
3738,20250615,20507,187,10,29,1,835.29
7829,20250221,22116,126,8,19,5,264.61
19515,20250523,21422,115,7,17,3,1629.23
29217,20250510,23284,110,9,16,2,1602.51
10697,20250205,25252,153,7,38,3,320.5
14379,20250403,23839,152,8,3,1,1690.16
7153,20250226,25178,131,8,48,1,1990.81
20945,20250421,22093,141,6,47,4,1949.34
27165,20250515,21422,145,8,39,3,372.97
20602,20250430,23185,117,6,27,3,2189.11
24980,20250529,24752,187,7,8,4,1165.49
19694,20250218,23682,133,4,44,2,1227.74
914,20250409,25879,115,6,48,5,1486.22
21695,20250203,22570,166,5,11,2,1871.75
16099,20250219,21802,148,7,25,4,921.94
28288,20250303,20265,111,4,24,2,1048.01
18000,20250124,23391,147,10,19,1,324.49
23314,20250312,21379,160,4,22,3,1942.44
13244,20250623,20328,103,1,20,2,2450.37
20556,20250107,21532,106,4,21,4,2965.05
26000,20250109,25324,151,5,13,4,2053.12
9780,20250304,25870,195,3,15,2,4996.53
15728,20250330,22718,148,9,48,3,701.97
28786,20250518,22774,149,2,6,2,3853.93
26564,20250304,25459,172,2,21,2,3524.33
28411,20250209,24441,108,6,16,5,2652.02
18184,20250407,20136,135,5,24,3,2207.27
23785,20250401,24562,179,3,40,1,6848.58
4971,20250302,20180,185,5,1,4,1889.23
20730,20250117,23243,179,7,9,1,231.77
15799,20250222,24398,167,5,24,1,2077.51
25878,20250212,25039,156,3,15,3,3242.34
8455,20250622,25720,162,5,42,3,3431.04
28787,20250306,20502,187,8,38,3,1483.91
6843,20250624,22625,130,2,19,4,5840.81
26367,20250314,20030,105,9,47,2,1605.33
15817,20250219,21431,191,2,39,1,2878.68
20835,20250214,25046,169,2,12,1,6394.25
6914,20250111,23488,187,2,26,1,2796.1
2096,20250228,23971,151,8,27,1,1354.11
7987,20250306,21608,107,3,39,2,4327.68
18917,20250110,21971,107,2,30,1,2864.96
6291,20250319,22294,101,9,26,1,1759.35
19438,20250423,23661,135,9,32,2,409.48
18903,20250417,23854,116,10,25,1,230.01
15103,20250522,25242,157,1,19,4,3701.45
29712,20250130,22694,141,5,25,5,2850.21
17442,20250315,23416,135,10,8,5,878.64
2246,20250605,25188,130,6,21,4,3944.54
26629,20250317,24792,110,1,32,2,7916.83
3939,20250620,20509,197,2,24,3,6775.89
1154,20250413,23086,130,9,23,4,796.39
12485,20250309,21746,181,8,42,4,1329.78
26889,20250109,25448,188,10,18,2,647.88
1085,20250209,23268,167,3,4,5,5274.54
3506,20250612,25045,111,4,37,1,2964.45
11500,20250114,25444,149,2,48,3,3957.25
14274,20250210,25693,192,10,42,1,1209.8
24047,20250327,21235,177,5,1,5,3256.8
25261,20250412,25621,169,10,24,2,1085.02
27319,20250614,23873,165,10,30,5,395.72
19354,20250126,22263,168,4,2,1,2231.41
15364,20250211,25598,131,10,39,4,1067.69
25666,20250515,21704,119,10,42,4,457.14
4490,20250404,24409,121,6,32,4,2681.5
23332,20250217,20236,198,10,27,4,400.89
7610,20250606,20896,147,6,27,4,3924.38
27600,20250422,20675,122,4,10,3,2309.24
29043,20250616,21753,174,7,23,2,1163.07
5077,20250401,23590,159,10,21,5,1727.93
3827,20250517,21742,143,1,29,2,7663.55
11502,20250314,25560,183,3,4,5,4565.7
14339,20250211,24180,133,10,6,4,1339.55
16953,20250120,22604,175,8,41,5,1544.96
4306,20250618,20130,136,4,31,1,3014.16
25319,20250420,25231,107,4,42,5,2706.82
1881,20250316,22463,164,7,4,3,426.95
13605,20250531,22455,142,1,22,4,3054.24
26211,20250528,23147,103,6,7,2,2152.85
8026,20250124,24649,126,5,8,5,3579.93
3922,20250213,22552,144,5,11,2,1757.74
2999,20250313,20079,173,8,12,1,1635.62
2708,20250128,20013,172,6,42,5,2495.3
24479,20250225,25460,196,1,1,5,4168.45
24653,20250604,20907,159,8,32,4,1857.61
10455,20250319,23167,122,2,38,1,4284.85
27362,20250531,20233,161,2,41,1,4882.36
16598,20250528,20722,147,4,47,4,906.67
4967,20250513,20407,169,2,17,2,7069.42
18824,20250118,21803,164,3,20,2,5320.55
6286,20250608,23280,141,3,45,3,3521.03
4548,20250313,23028,113,2,47,1,5164.69
21257,20250420,21719,135,1,1,3,6488.06
27207,20250319,25520,181,1,12,4,4798.1
12924,20250506,25101,199,5,48,4,3694.92
9906,20250627,21114,163,8,3,2,451.46
17575,20250305,22563,134,10,2,1,1755.64
3303,20250616,20438,184,4,27,2,2440.75
23358,20250127,20363,105,6,38,2,2846.25
29439,20250211,23223,144,1,27,4,7446.95
21893,20250228,24015,185,1,40,3,3631.63
24889,20250603,22076,131,10,43,1,556.44
3975,20250521,24240,156,5,47,1,3764.5
24995,20250504,25177,200,4,42,5,3810.05
16971,20250609,24773,160,1,5,4,7602.56
14095,20250227,23788,104,2,33,5,3440.34
1329,20250223,23273,193,6,50,4,3489.8
19051,20250213,23668,163,3,16,3,2098.77
6620,20250214,23984,133,2,50,2,4904.39
28829,20250110,23012,103,10,37,3,1329.54
21028,20250107,24553,125,8,19,1,992.12
1319,20250603,24177,121,5,33,1,1087.4
1776,20250305,24676,168,1,5,1,6776.64
12417,20250508,20778,140,2,46,2,4474.66
16764,20250210,24571,144,10,19,1,902.39
7950,20250131,25610,154,4,2,2,1407.63
26550,20250106,20778,200,5,47,2,1571.96
5509,20250606,22104,177,10,46,1,1650.6
12869,20250623,24875,130,8,23,3,740.78
27941,20250313,20429,173,6,35,4,1724.39
11508,20250521,20759,120,4,17,4,1189.49
3878,20250618,22556,169,1,24,2,3579.43
29348,20250324,21286,179,9,7,1,1578.72
5494,20250509,25904,163,4,16,4,2098.42
12404,20250122,21114,169,6,42,4,3145.63
2002,20250325,22089,148,5,33,4,3463.84
10498,20250321,24857,179,6,33,4,1148.36
27352,20250626,22290,189,10,8,3,1904.48
312,20250126,21424,197,7,28,1,663.19
20273,20250108,23067,130,2,13,4,5888.33
58,20250601,25151,190,1,47,3,4215.47
1632,20250222,21419,106,2,11,4,2648.16
13506,20250420,23392,184,3,18,1,2829.07
19629,20250515,24044,165,3,12,4,3964.94
19677,20250228,23385,172,3,49,4,6302.53
15847,20250311,24064,112,2,30,4,2996.0
1535,20250408,21645,120,8,32,4,291.91
18645,20250404,21092,168,9,13,2,291.67
5421,20250222,22788,147,3,38,1,7750.0
12170,20250205,20245,143,6,37,4,1329.92
16910,20250408,24299,131,7,36,2,217.53
15885,20250328,25327,109,7,9,3,1701.43
29054,20250520,24847,178,8,25,3,593.73
22814,20250221,22508,105,9,10,5,972.93
25258,20250217,24224,198,5,34,3,1032.8
1281,20250118,25312,158,2,14,3,4489.44
28950,20250626,25771,161,6,23,4,2588.58
27559,20250605,20546,168,1,15,3,5469.08
20049,20250605,22810,185,6,30,3,2840.91
5166,20250629,21291,125,2,5,5,4862.41
21790,20250103,20393,167,9,23,2,222.37
24654,20250502,25057,157,10,24,2,262.87
21329,20250430,22367,120,1,45,2,2512.65
9914,20250619,24842,159,5,40,2,2216.35
12080,20250527,21133,183,2,41,2,7727.62
6891,20250528,22246,106,2,43,1,5754.6
5935,20250208,23322,171,5,9,1,1589.67
4511,20250611,21527,166,1,19,2,2089.16
23636,20250123,20553,195,4,4,1,2737.61
4287,20250109,21368,180,8,43,4,1036.85
885,20250403,23393,101,8,37,3,269.39
11326,20250102,21195,125,2,50,3,3694.94
15095,20250101,23770,173,9,3,1,1666.33
13095,20250520,23703,157,5,49,1,1334.13
8356,20250510,22566,108,3,29,4,5474.16
543,20250202,21245,188,7,6,4,1683.61
28365,20250326,24353,144,10,48,4,1044.12
4419,20250102,25536,118,10,43,3,1423.86
26082,20250425,23210,121,7,23,3,1200.57
27754,20250519,24709,154,3,19,2,2244.64
4227,20250202,21966,175,9,4,2,1824.71
1863,20250523,25617,104,5,32,5,1163.1
4837,20250523,21247,188,1,33,1,3208.61
1273,20250118,21549,153,1,45,3,5261.57
20971,20250522,23099,174,3,7,5,5517.05
29042,20250221,22730,138,3,21,2,6796.87
28016,20250104,21561,198,4,29,5,3131.63
2839,20250312,25474,131,2,37,4,2662.09
736,20250404,22729,104,5,31,5,3905.99
24244,20250304,24091,155,6,23,4,2510.2
25131,20250527,25790,101,3,21,5,7993.41
15003,20250410,24584,140,10,10,1,504.98
11343,20250128,20380,177,5,30,5,1119.06
15436,20250523,20963,129,5,40,1,1198.05
1522,20250527,23121,160,7,43,2,1017.54
10521,20250205,23438,197,2,22,1,3434.73
15783,20250323,25751,104,7,22,4,1057.27
18927,20250404,22268,144,4,42,4,3421.22
24923,20250426,24760,134,10,38,1,1139.86
14988,20250528,22013,156,4,26,2,3994.33
21517,20250426,22819,126,4,48,3,1246.59
18717,20250606,22262,125,2,36,3,5201.3
8247,20250519,24477,192,1,29,4,7889.08
15284,20250510,20744,144,6,29,3,3613.02
5014,20250109,20643,187,8,8,3,1190.81
28362,20250130,22440,126,7,4,5,1366.76
16488,20250323,25612,129,1,41,2,3255.43
2646,20250413,25528,126,10,33,5,960.54
15855,20250509,20430,116,8,15,4,910.61
24687,20250418,25482,153,6,5,1,1959.94
5709,20250530,25310,177,5,18,5,3223.82
28928,20250423,24690,171,6,32,2,2982.83
3249,20250112,23666,108,10,41,5,1795.93
24362,20250327,23259,166,5,49,2,3531.78
2737,20250301,22024,108,3,50,4,3130.66
25214,20250628,25935,194,2,8,4,5122.87
4389,20250525,25774,116,4,17,2,1072.48
22018,20250127,20654,149,7,34,4,1019.32
23063,20250618,21959,145,5,38,1,1812.96
21253,20250425,25266,114,1,47,1,7152.81
11130,20250622,25296,185,6,47,1,898.94
9374,20250530,24221,184,9,13,2,498.52
29190,20250529,23834,158,4,50,3,3233.15
1189,20250609,20437,142,6,36,1,2157.75
21484,20250126,20973,109,10,17,2,203.03
328,20250122,20313,188,10,42,2,870.52
29987,20250525,20726,125,7,7,3,1728.89
19307,20250114,24765,161,4,30,4,1155.88
2583,20250319,24537,186,5,49,1,1588.03
17109,20250603,25690,117,4,49,5,1375.89
2029,20250204,25706,138,8,23,2,775.61
18663,20250417,22895,191,2,40,4,6974.58
20017,20250406,25200,153,8,13,2,847.54
27874,20250404,24108,198,6,42,5,1789.75
21132,20250114,24605,193,9,3,5,1031.21
9139,20250225,22365,181,2,14,3,3903.99
17747,20250619,22590,148,1,23,1,5000.88
827,20250126,24407,177,9,14,1,1101.51
4848,20250604,24283,104,3,25,5,2684.04
3931,20250503,21058,129,3,12,2,4072.18
13579,20250503,24379,114,7,25,3,1545.62
8052,20250507,21307,199,6,17,1,3949.1
4065,20250324,21558,196,1,21,4,2207.4
18211,20250525,24796,102,9,18,4,1520.22
357,20250108,25360,186,5,35,5,2594.01
17021,20250303,25506,174,7,3,4,1387.97
22037,20250417,24472,151,9,29,5,810.51
16990,20250317,24883,186,6,10,1,1074.36
10167,20250305,22261,114,3,16,2,3026.0
24866,20250628,20921,200,3,28,4,6058.02
19618,20250404,21220,113,9,41,3,1154.12
9802,20250112,25816,134,6,42,2,1562.26
29907,20250503,20810,155,8,48,3,383.53
24788,20250312,23233,159,8,39,4,925.42
7342,20250330,20880,181,1,11,2,3385.47
8080,20250117,24666,129,8,11,4,781.48
22962,20250306,21263,109,7,4,2,427.11
2116,20250127,20377,146,7,7,3,949.14
20051,20250416,22710,104,2,49,4,2188.31
3880,20250213,22102,105,8,21,3,476.78
8041,20250604,24689,131,8,33,1,1079.48
24499,20250402,25592,101,5,50,4,2880.54
16226,20250109,25859,183,2,45,4,4220.0
19726,20250120,21660,133,2,1,1,7035.3
8688,20250210,25127,133,6,47,3,2782.1
22091,20250131,21348,142,4,28,2,1311.18
6049,20250225,24083,193,9,3,1,1002.76
6651,20250126,24623,152,6,46,3,1441.4
6965,20250605,24607,155,2,2,2,5781.65
17873,20250601,25897,141,4,45,5,3757.14
25143,20250627,24127,186,8,43,5,789.85
1357,20250501,23123,122,5,10,1,1269.24
18076,20250115,25955,152,7,43,3,1955.41
29143,20250418,24796,142,2,36,5,5718.16
4974,20250613,23094,131,1,46,2,3064.1
2253,20250503,24825,197,3,41,2,7112.6
23034,20250609,22589,163,9,21,4,252.97
29878,20250520,23082,141,3,34,2,5265.92
2790,20250110,20333,194,4,3,3,2947.82
3954,20250128,21108,138,2,19,5,6398.98
16564,20250112,21365,143,9,27,2,1486.16
2086,20250613,21775,129,5,12,3,3370.96
8816,20250609,22154,149,10,36,5,386.69
29496,20250610,20763,137,1,30,3,2739.72
25193,20250306,21371,107,1,28,1,3689.16
17237,20250517,22194,116,10,16,1,1047.79
26307,20250301,22448,114,3,41,4,7616.11
16814,20250611,24413,180,1,21,2,7963.97
8159,20250122,24947,186,3,8,1,4093.74
8967,20250106,22145,160,9,2,3,881.66
15932,20250524,21757,160,5,16,4,1878.91
21847,20250120,24124,172,7,10,5,1627.52
10135,20250512,22908,106,8,26,3,1279.94
8185,20250115,20086,137,8,31,3,1766.32
26338,20250331,23819,108,10,49,1,490.06
15427,20250618,20101,153,5,42,1,2003.32
21852,20250320,24445,177,8,14,4,1395.38
19705,20250628,22303,193,10,32,3,1166.04
22143,20250616,24127,193,5,2,4,3637.05
22100,20250408,22192,183,6,25,3,3572.32
22486,20250508,25548,158,2,7,5,6798.43
22769,20250622,24221,137,4,29,2,2868.42
2705,20250401,25948,188,2,4,5,7992.26
8671,20250227,21187,149,6,25,1,3570.6
23905,20250107,23212,196,7,32,5,1206.59
3434,20250613,21392,120,4,13,5,2070.26
9364,20250531,20483,102,1,25,1,3737.94
10595,20250615,24181,117,9,5,2,1125.27
26513,20250126,20509,164,2,50,3,5543.42
6317,20250401,21562,111,2,38,5,4438.68
219,20250208,23433,102,1,2,5,2415.46
27970,20250621,25325,147,1,5,4,2806.99
19962,20250220,24546,163,3,25,1,4487.53
18574,20250201,22451,180,5,37,5,3702.57
409,20250125,22572,150,5,14,1,1818.68
2656,20250419,22864,191,10,43,2,1925.49
24822,20250109,23520,116,7,44,2,278.11
14116,20250305,20556,190,1,43,4,5530.02
29070,20250127,24381,161,10,31,5,1901.01
12833,20250623,23238,187,10,27,4,544.84
11013,20250427,24710,179,10,47,2,972.07
12716,20250215,20278,163,10,1,5,215.96
22399,20250623,22006,162,2,24,3,4459.19
8722,20250128,20341,134,10,28,3,350.84
14506,20250607,21593,172,10,7,1,958.0
21015,20250220,21470,111,4,42,3,2475.6
11514,20250615,21732,149,10,10,3,278.33
24,20250521,21837,128,7,22,2,1427.47
26323,20250421,25354,147,3,9,2,5879.1
15040,20250505,23927,143,8,21,1,1156.4
5181,20250218,20083,133,9,14,3,1532.77
19145,20250607,25808,120,6,2,3,2324.55
7047,20250317,20261,195,9,37,4,1193.9
22042,20250608,20762,112,3,16,3,4732.91
19590,20250210,22550,108,7,42,1,1033.25
6019,20250114,22200,187,7,50,2,987.42
21302,20250202,23054,144,8,41,5,542.54
29361,20250428,23288,160,5,34,2,3225.7
26209,20250222,25307,153,1,39,2,3805.98
10931,20250131,21077,109,2,34,3,2852.81
27804,20250320,23559,129,8,22,5,1920.26
11243,20250608,21355,108,5,43,4,1668.96
12806,20250303,20485,189,5,49,2,2859.26
4100,20250414,21285,109,2,48,4,7033.38
15732,20250206,23987,158,6,14,5,1362.54
19516,20250310,25079,194,10,33,2,1273.39
7132,20250225,21830,190,2,16,4,4998.47
26466,20250429,22747,115,7,34,5,1124.5
12891,20250511,24345,158,6,8,3,3944.31
19336,20250625,24295,164,4,10,4,1611.89
14019,20250225,21561,175,2,35,5,6310.42
16220,20250118,21994,200,5,46,3,3510.12
29185,20250211,25814,167,3,48,4,3592.02
1277,20250201,22498,124,6,39,3,3604.07
11147,20250408,22575,114,8,29,5,1346.95
28767,20250426,25534,124,4,24,3,2307.68
28836,20250211,22622,122,1,6,5,4843.48
18672,20250510,24516,165,1,49,2,3681.76
11916,20250324,22464,130,6,37,1,2665.15
2578,20250629,23536,199,2,22,2,3919.06
16562,20250418,25324,177,9,44,5,661.09
5020,20250328,21128,159,6,36,4,1738.5
10828,20250626,22663,167,5,43,4,3368.15
12406,20250503,20821,140,10,46,4,1833.4
12482,20250605,23395,142,8,4,2,891.7
9286,20250530,22358,179,5,16,1,2545.64
6751,20250312,20307,117,4,47,5,3714.42
10501,20250512,20404,152,9,28,4,1020.75
9530,20250226,20541,149,5,11,2,1692.2
13497,20250403,23754,125,8,28,2,1260.4
25196,20250124,24249,122,7,23,1,1731.12
20201,20250519,23875,120,5,33,1,2502.45
18491,20250220,24277,101,5,28,1,3027.17
24422,20250122,22144,181,6,10,5,1944.3
16358,20250223,25982,156,1,26,3,7838.49
11896,20250304,25312,168,1,4,4,4334.8
5550,20250622,20395,159,10,26,4,1957.08
3795,20250116,23649,101,10,50,2,1985.84
103,20250508,24613,149,1,1,2,4305.04
7205,20250426,20251,137,3,18,3,4232.1
2333,20250622,25764,193,7,38,3,1742.51
1262,20250106,22727,144,10,22,3,499.49
23367,20250219,22792,162,6,32,5,3979.7
23966,20250512,24917,108,8,6,5,1378.74
15569,20250315,24479,109,9,1,5,260.96
29998,20250203,24532,179,10,14,3,290.38
23584,20250302,25984,156,3,37,2,4736.27
28080,20250330,22170,105,10,33,4,338.62
19011,20250529,23041,178,2,28,3,7375.13
669,20250519,21697,150,3,1,2,4657.5
14402,20250203,22623,160,9,35,5,620.87
26413,20250305,20931,135,3,21,2,7554.25
20244,20250516,21252,139,6,34,5,2788.19
22471,20250220,23420,141,1,23,4,2356.92
16228,20250425,23867,120,4,30,2,2186.96
15397,20250129,21874,185,7,15,1,687.07
17740,20250412,23560,182,1,23,2,3544.75
29342,20250128,20468,148,2,9,4,5316.27
813,20250120,24804,112,8,16,3,1587.25
24895,20250420,22253,164,2,4,4,4070.44
7450,20250404,22223,173,6,49,4,3847.14
26199,20250303,23049,151,10,8,4,1642.4
16502,20250526,22674,113,6,29,2,2113.14
8257,20250616,20315,125,1,26,1,4245.41
15724,20250529,24171,175,2,43,2,3904.18
21971,20250101,20119,132,1,29,5,2831.07
2102,20250622,25465,140,2,37,4,6297.79
24864,20250429,23930,116,3,4,3,5649.4
25957,20250409,24857,141,6,11,2,913.2
3212,20250417,22439,108,7,21,5,1545.85
9356,20250121,22322,139,6,17,3,2627.52
28202,20250502,24090,135,4,25,5,2840.31
19706,20250208,22348,146,4,11,3,3829.68
28314,20250123,23333,121,3,9,1,2280.45
21178,20250223,22582,163,8,18,5,962.6
23943,20250328,23225,155,4,13,5,827.06
1248,20250402,22592,115,6,14,5,3176.62
23623,20250331,20389,125,10,3,5,1294.91
28455,20250430,25242,180,1,25,4,3403.83
11236,20250515,22796,159,8,22,2,1308.76
18265,20250319,22872,162,2,36,5,2304.49
3388,20250429,25931,128,6,25,1,3580.59
25392,20250113,21550,108,2,16,4,7605.8
4070,20250626,21281,190,9,17,2,1785.74
5636,20250130,21157,112,6,14,3,2691.92
8909,20250403,23706,130,2,11,2,6720.73
12621,20250604,23853,189,5,40,1,1532.34
17294,20250514,24968,185,10,15,1,750.44
17099,20250617,22492,152,6,35,1,2664.61
8808,20250408,24652,141,9,20,4,1801.04
3370,20250204,23306,130,1,14,3,2496.5
20183,20250315,23059,129,1,25,2,3901.95
458,20250624,21481,127,10,19,2,1796.27
20882,20250227,20768,154,5,10,2,1766.04
5203,20250313,25860,111,8,20,2,312.02
9647,20250324,22175,189,1,40,5,4222.05
19548,20250428,21057,144,6,44,4,1072.7
3533,20250121,23292,137,10,32,4,401.5
11011,20250123,23672,108,6,28,4,1704.03
29073,20250307,20987,187,2,34,4,6719.76
23825,20250315,24835,110,4,43,5,2215.75
28136,20250401,23407,179,4,23,4,1240.36
29731,20250102,20430,184,3,32,2,5569.41
2335,20250616,25445,109,6,46,1,1439.59
1400,20250409,25359,112,6,39,3,2588.6
16147,20250605,24961,119,1,22,5,7470.84
9929,20250502,24994,102,1,42,3,6313.14
14300,20250206,22883,115,6,22,4,2370.64
9199,20250331,22722,144,7,5,3,1624.75
14129,20250212,24846,101,7,27,2,904.05
28848,20250425,23564,159,10,21,3,886.26
18439,20250622,21083,127,10,41,2,509.22
7723,20250121,20856,111,10,14,1,1321.4
23824,20250427,22782,109,6,35,3,2599.53
3009,20250122,21577,168,8,3,4,959.69
24720,20250120,24602,122,5,32,4,2860.53
22197,20250423,22087,122,4,42,4,3903.68
24425,20250319,22068,106,1,3,5,4531.67
18571,20250403,25952,135,7,27,2,757.43
13741,20250626,21388,200,5,30,1,2282.02
26062,20250428,24598,121,5,1,5,3976.74
9486,20250109,24125,191,4,1,3,3762.19
6552,20250118,21315,132,6,19,1,1979.4
29820,20250206,25465,150,4,10,4,2456.46
20100,20250517,25822,161,9,11,2,1891.83
22594,20250213,24406,196,1,36,2,4369.96
1013,20250618,21376,124,2,8,2,7269.17
11122,20250122,24703,157,2,23,4,6614.8
25740,20250528,24151,161,3,47,2,2432.16
19704,20250316,25585,172,3,32,2,5144.21
12860,20250429,24638,191,5,14,1,2819.23
15761,20250621,25288,109,9,4,3,1761.36
25148,20250403,25336,154,1,1,3,7354.43
29354,20250404,24496,116,1,4,5,5253.28
12061,20250516,21876,136,6,25,2,2456.95
26248,20250627,22434,117,4,18,1,865.57
9995,20250203,24222,111,5,5,3,1377.98
23683,20250320,21250,122,2,1,3,5820.43
20254,20250423,25761,163,7,32,4,740.54
3621,20250201,22069,149,10,1,2,642.24
19823,20250127,22005,180,1,21,2,6592.87
9772,20250421,20508,158,1,46,4,6033.39
21892,20250210,23469,180,2,41,4,6127.25
12873,20250309,25778,186,2,41,5,7615.07
29109,20250225,23771,194,3,13,1,2036.53
5764,20250415,20218,146,9,13,3,1460.74
24445,20250507,24540,133,6,17,5,3316.9
7396,20250310,20989,153,1,44,1,3040.15
7110,20250317,21273,157,8,39,4,1981.62
2599,20250411,22904,163,2,33,1,6554.08
18809,20250328,22464,103,5,29,1,3188.02
11419,20250522,23911,137,2,12,2,3464.09
19115,20250612,24218,106,2,12,4,4958.88
17441,20250130,24277,119,4,22,2,3849.51
23084,20250109,25982,147,2,34,1,7838.88
15499,20250427,20673,185,6,50,2,2809.83
20917,20250521,22234,120,1,20,1,2189.28
25580,20250218,20596,139,1,14,4,2844.79
22154,20250205,20759,166,5,35,1,1399.8
6562,20250307,24734,164,9,33,5,1000.35
1945,20250330,20981,106,3,1,2,2478.87
2894,20250126,23911,114,9,21,1,1751.36
240,20250113,22151,191,10,15,4,1531.27
2003,20250208,22380,198,7,35,4,419.49
19506,20250519,21314,108,9,43,3,409.12
23278,20250329,20996,144,10,15,2,911.82
8038,20250205,24346,181,8,3,3,307.81
9460,20250104,22063,146,5,50,2,1866.09
19696,20250413,23711,172,7,32,2,1564.16
16784,20250502,23528,159,8,17,5,1167.86
9367,20250216,23841,128,1,15,5,6042.55
20550,20250525,25057,148,10,37,3,1947.17
417,20250227,25789,138,2,1,2,4872.93
6577,20250108,21494,159,4,24,3,1684.64
652,20250620,20091,186,4,4,4,3051.5
29940,20250416,25916,176,9,49,1,1474.98
12549,20250411,24954,146,5,45,1,1587.36
16193,20250103,20887,159,5,3,4,1890.71
10158,20250428,23314,180,3,38,5,6299.88
13012,20250201,25549,192,9,50,3,1031.33
9626,20250502,24877,178,9,16,4,1084.85
6235,20250121,21550,173,10,26,3,654.62
13643,20250302,22987,179,3,27,2,5039.67
8539,20250225,24439,119,5,23,1,1501.16
16519,20250128,25681,125,9,42,4,1646.47
23605,20250507,25183,104,1,23,2,6757.0
29943,20250626,20403,149,3,49,4,7530.48
15653,20250323,23998,126,6,39,3,1436.19
19963,20250426,20202,196,8,27,5,570.11
702,20250427,23308,159,2,30,4,6536.33
14008,20250410,23169,198,2,16,5,4290.96
23673,20250414,23993,137,1,26,2,7436.9
24205,20250201,21101,179,6,45,4,3797.38
28233,20250327,24483,165,5,42,2,3286.63
14470,20250524,22806,180,5,35,2,3199.72
14472,20250629,24502,129,8,11,4,957.8
8994,20250614,23332,162,5,36,4,2566.07
26557,20250128,21587,176,4,11,1,2512.47
22122,20250418,23727,110,6,12,1,2249.15
24745,20250211,21259,191,8,32,2,367.95
12610,20250610,23113,128,3,31,4,6843.43
12114,20250617,21164,170,9,49,2,445.59
25840,20250402,24481,112,5,29,2,2288.3
7801,20250317,23150,136,9,7,2,1925.52
26191,20250306,22077,109,8,12,1,1192.22
27832,20250304,21481,143,3,47,2,7771.31
14719,20250309,25014,169,6,43,4,1126.43
12376,20250219,24105,190,8,15,3,1826.98
12267,20250426,25571,192,8,47,5,503.07
27758,20250111,22597,157,9,32,3,1782.7
12144,20250106,25552,108,4,46,2,2937.14
12274,20250405,25191,184,2,28,1,4814.38
14004,20250208,24283,177,3,8,5,6695.81
21442,20250509,23684,170,8,20,2,1099.17
20472,20250603,22990,198,7,11,2,1325.0
28397,20250203,24781,155,8,32,4,385.14
258,20250525,24387,114,4,9,3,3386.96
14696,20250409,24098,194,1,10,1,3932.91
19079,20250611,24728,131,8,27,5,1452.47
23781,20250504,24220,164,8,20,3,1223.04
7139,20250107,21669,149,5,13,2,2173.12
28818,20250502,24346,144,3,17,5,3483.59
336,20250525,24210,188,1,29,4,4153.91
23369,20250603,22263,161,9,47,5,578.32
10711,20250501,23459,166,10,35,2,867.62
2375,20250303,25888,185,8,4,3,1543.27
28395,20250318,23664,105,5,40,2,3679.98
29819,20250213,25235,129,8,24,5,1649.56
10192,20250419,25117,137,4,32,1,3157.6
28150,20250429,26000,172,1,38,4,7687.99
7827,20250525,25031,194,8,28,4,1380.37
15260,20250607,24868,139,7,31,3,1866.83
12572,20250411,23190,110,8,16,1,1048.66
27353,20250602,21619,144,1,6,3,4890.81
6608,20250111,20438,181,2,12,4,2095.22
16751,20250606,23524,105,9,2,4,898.87
12896,20250503,24794,117,7,4,5,1536.15
17689,20250409,21839,178,2,35,5,3097.12
26758,20250331,21100,199,3,23,5,2885.26
4246,20250406,22764,127,5,2,1,2818.92
3911,20250101,24521,125,2,1,4,7430.63
14439,20250330,22903,133,6,31,1,2741.54
12010,20250223,25550,147,8,37,4,1980.97
3706,20250307,21002,170,10,8,1,496.14
21274,20250401,24107,166,8,20,5,547.16
1225,20250208,21913,198,2,28,4,4653.61
16222,20250523,23443,153,9,32,4,924.44
13884,20250607,24543,172,4,29,1,1972.55
639,20250331,25045,187,1,2,1,2467.0
23071,20250114,25456,178,6,10,3,2620.64
4705,20250328,23513,175,2,20,3,4021.41
26046,20250119,22699,125,5,38,5,862.69
8443,20250607,20903,156,1,22,1,6128.73
13155,20250501,23951,143,7,9,3,1274.63
12760,20250518,23727,199,5,50,2,1667.96
7316,20250203,23510,129,8,32,4,1202.11
2688,20250125,22668,138,10,46,5,1578.04
16272,20250421,22595,164,2,33,3,7783.85
16671,20250223,20110,135,6,20,5,1619.76
16507,20250420,20814,162,7,6,5,476.66
5131,20250502,23367,121,2,12,4,2225.95
10881,20250527,20781,186,10,6,2,569.77
24692,20250408,24302,199,1,38,5,3178.11
22278,20250402,20172,133,8,28,1,1695.52
4822,20250101,25730,102,5,15,5,3836.8
26473,20250423,22468,102,10,41,1,1442.77
10520,20250109,20158,122,9,29,2,287.89
3985,20250421,25123,177,4,26,4,2504.15
7448,20250502,23943,136,9,19,4,570.03
4266,20250125,22971,116,4,45,4,3825.86
14787,20250502,24924,106,4,45,4,1213.5
22639,20250525,23373,169,10,43,2,662.52
3382,20250506,21617,129,3,24,1,5310.25
8092,20250130,21439,104,7,2,2,1208.16
11880,20250328,25019,195,5,19,4,1503.24
24636,20250116,25487,195,5,28,2,952.5
3635,20250525,25324,144,4,19,1,3414.8
27637,20250415,21813,107,10,3,4,1731.09
23978,20250402,25383,150,9,37,3,1918.71
8088,20250425,22886,108,10,7,4,215.87
11164,20250620,23606,116,7,47,2,374.97
2468,20250301,21822,185,5,13,1,2530.84
3523,20250502,24155,195,9,7,4,1402.21
12050,20250125,20847,162,5,3,2,3094.53
26787,20250119,20644,168,6,4,4,2693.68
18028,20250422,23574,154,8,11,3,1981.92
10944,20250127,25993,107,10,50,2,1170.2
12624,20250519,20273,103,6,30,2,1763.89
6137,20250226,22050,180,4,18,5,835.55
20935,20250520,25175,176,1,10,5,6637.66
28074,20250218,22714,173,1,33,1,3162.57
17526,20250210,20056,157,3,12,1,4859.46
2617,20250107,23445,117,8,37,3,345.2
23490,20250530,20974,105,10,21,3,1676.53
3288,20250614,21980,157,10,39,5,1997.74
2639,20250323,22544,153,3,6,4,7944.68
11421,20250316,21866,176,5,34,3,3050.86
22715,20250619,23888,184,9,47,3,1500.86
2324,20250410,20037,154,6,10,2,1523.91
11698,20250330,25829,116,5,21,5,3550.9
4693,20250313,21241,116,1,2,1,6368.51
6683,20250615,20123,147,5,37,4,3617.82
13397,20250503,24298,175,10,23,5,276.61
17667,20250318,21228,157,8,1,1,1733.05
26431,20250605,21167,150,8,47,2,1330.07
10549,20250317,23709,135,9,31,1,1307.72
13682,20250406,25394,181,1,24,4,4708.38
19680,20250608,23582,177,5,37,2,2407.58
1892,20250402,25648,149,2,24,1,6884.43
9734,20250525,21300,114,7,22,2,1385.29
21966,20250105,21177,124,8,41,1,1873.23
13584,20250130,22993,163,10,11,4,1978.86
10241,20250629,22900,153,10,12,4,1165.67
3423,20250109,20539,168,9,48,4,1566.64
17999,20250625,22081,115,8,30,4,669.08
25996,20250318,21412,143,6,18,5,2286.68
21623,20250219,20838,191,10,33,5,622.08
2880,20250306,20379,143,5,49,1,1812.59
24839,20250425,25303,139,8,25,3,702.06
25902,20250406,23281,192,6,11,5,3107.81
22758,20250409,23057,121,8,31,3,1188.08
17786,20250403,21714,104,10,20,5,773.35
25627,20250314,20169,130,5,15,5,950.73
13960,20250104,24418,172,8,27,1,496.71
5817,20250606,22967,149,2,22,1,7477.18
7970,20250318,21201,146,6,45,1,1451.83
29296,20250220,23626,103,5,44,5,1199.51
26786,20250502,20960,108,3,22,5,4143.95
7432,20250517,23505,117,1,17,3,6281.83
3278,20250608,20169,196,5,31,2,3542.02
19606,20250306,22531,190,3,13,5,5942.46
8450,20250330,25439,134,4,13,2,1219.46
9636,20250110,25358,107,1,37,4,4784.31
23464,20250116,20739,144,8,19,1,1071.28
13723,20250126,25523,184,10,32,3,612.01
5422,20250319,25077,112,7,23,4,1628.86
9072,20250117,24368,160,8,12,5,1381.56
10123,20250610,23438,181,6,36,4,3957.35
11932,20250319,22609,159,5,24,2,1140.38
17002,20250425,25072,200,1,44,1,4471.66
15941,20250602,21992,184,4,5,3,1452.58
10471,20250421,25359,145,10,34,2,269.71
617,20250223,25232,140,5,15,4,2875.65
17191,20250525,23269,110,8,41,2,1889.68
20346,20250215,22896,152,9,30,2,1599.31
18820,20250203,21872,116,6,36,2,1782.81
19200,20250222,25684,166,3,44,5,4992.23
4505,20250607,25292,106,9,33,1,1073.56
25308,20250107,20955,148,5,32,3,880.13
1438,20250104,21104,188,6,25,2,2663.84
8293,20250114,22757,171,1,49,3,7988.05
13438,20250603,23467,191,8,27,1,1732.94
11321,20250614,20454,172,7,24,4,815.01
11605,20250530,20654,176,4,27,5,2536.7
24762,20250618,22458,117,2,35,2,3095.13
1232,20250507,23718,145,1,49,2,6958.26
532,20250114,20515,142,6,15,1,1426.49
29896,20250414,21932,131,1,38,2,7992.64
19790,20250621,23303,159,4,3,1,1339.44
20847,20250421,20791,104,2,22,2,3874.22
23973,20250628,21727,135,3,1,4,3762.01
3208,20250427,24514,174,5,3,3,3706.65
5848,20250611,21425,196,9,1,4,1642.09
13207,20250626,23429,134,5,5,4,3014.31
13714,20250618,24393,160,8,8,1,426.53
9023,20250306,23900,186,9,30,5,1229.22
3356,20250209,24052,172,4,37,1,2771.93
14667,20250111,20063,183,3,35,3,2894.89
2863,20250405,22390,131,8,42,1,1587.54
9323,20250529,24503,146,9,30,5,337.93
15267,20250412,25795,105,1,7,3,5004.16
28927,20250620,21814,127,3,12,2,7678.41
23627,20250305,22470,122,9,10,3,1026.55
5803,20250214,24496,158,8,46,5,854.44
9881,20250506,21145,176,10,39,3,621.35
22160,20250116,20108,109,7,29,5,1571.54
9264,20250401,24756,167,9,29,4,486.27
26021,20250608,21651,159,2,36,1,3669.82
5505,20250123,23055,142,6,35,5,3210.56
12383,20250310,24913,136,4,36,3,2763.51
6915,20250509,20215,189,6,35,3,3590.82
28366,20250116,20983,165,5,15,3,1111.82
15209,20250601,20487,131,7,25,5,570.96
176,20250613,20559,108,1,19,1,3715.05
7423,20250422,23096,194,2,44,2,4931.07
22893,20250123,25606,172,8,26,5,1131.97
19293,20250520,24369,105,7,3,1,1344.05
16464,20250424,21039,179,4,14,3,2726.06
17322,20250206,23851,170,10,12,5,1975.33
2931,20250106,22684,193,6,43,3,1341.29
17100,20250529,22651,117,3,2,3,7834.44
17181,20250416,22856,191,5,10,4,3530.66
13801,20250528,22346,111,9,5,1,549.51
24933,20250322,24398,119,7,35,2,652.15
20650,20250328,22545,116,7,36,2,223.03
23544,20250114,22094,199,5,14,5,2233.35
21447,20250306,23404,125,6,13,1,1468.99
6418,20250501,25260,104,7,43,5,951.97
7704,20250505,24544,123,8,5,5,464.42
24965,20250428,20111,173,7,12,1,1297.42
9806,20250330,24625,142,2,5,5,7720.08
17390,20250127,20596,200,6,10,4,3903.8
17132,20250429,25750,115,3,11,4,5019.78
3654,20250416,23728,187,5,12,4,3159.77
2520,20250523,25849,154,6,29,1,2206.89
3148,20250105,25018,157,7,36,4,1306.0
25929,20250616,25804,177,4,3,4,3048.58
28564,20250206,23930,143,1,2,2,4213.63
25105,20250505,25497,200,9,50,2,1872.23
6649,20250130,23934,112,4,20,4,2189.35
10762,20250205,21067,147,4,35,1,3895.63
17604,20250404,23094,148,2,13,1,7055.0
8603,20250123,22897,127,9,5,3,1173.58
7721,20250211,21399,125,7,25,2,1714.22
16601,20250319,21196,159,3,34,3,7193.64
7096,20250207,24765,116,2,11,4,7060.52
29558,20250604,22876,172,8,41,2,937.17
20657,20250326,22580,160,10,22,4,747.38
20276,20250517,21425,164,9,2,2,1831.82
8318,20250204,24899,129,4,12,2,3883.53
1575,20250115,25033,102,8,13,1,532.47
6816,20250607,25158,185,2,29,5,6683.24
1350,20250511,23065,197,3,38,4,2567.62
28168,20250420,24014,114,2,31,2,2230.52
25670,20250518,22353,172,2,4,3,5364.68
7583,20250331,20700,117,6,26,3,1000.98
12067,20250109,24162,106,9,17,5,1216.47
14830,20250327,25889,145,2,8,4,2173.46
5072,20250408,23540,164,6,6,2,1427.15
6128,20250310,20105,186,9,34,5,1051.3
3224,20250413,22074,102,9,49,1,693.64
16452,20250211,21644,105,1,41,4,5612.55
266,20250102,25886,178,6,12,3,3276.38
15507,20250427,20598,146,8,42,5,813.2
11397,20250615,24706,172,2,36,3,4185.46
19654,20250113,21106,137,3,41,3,7762.65
21887,20250429,24244,113,7,46,2,440.72
13084,20250307,23639,147,1,32,3,2707.05
6951,20250309,24788,139,4,45,1,2384.89
6040,20250515,20071,187,9,14,4,559.46
15579,20250129,22769,149,3,7,1,6781.28
19477,20250402,24593,160,6,3,5,1496.19
13080,20250111,20301,160,6,5,1,2276.73
18892,20250417,20071,157,10,35,1,1971.28
27660,20250316,23270,162,5,11,3,1266.07
25602,20250107,25770,132,7,9,2,366.49
5513,20250101,25734,112,5,37,5,874.23
13923,20250222,24207,153,1,14,4,4455.7
25133,20250129,23096,119,3,15,1,2140.24
21023,20250518,22757,103,10,14,3,615.39
25357,20250413,22960,183,5,5,3,2654.78
9057,20250404,25631,105,5,29,1,1140.13
17456,20250520,22639,184,1,30,3,3129.25
13308,20250602,24145,133,8,38,3,477.36
23438,20250614,25047,154,8,45,5,1047.79
2128,20250404,21478,104,4,1,2,1106.56
15504,20250327,20850,117,6,46,2,2764.39
23152,20250624,25381,200,1,9,1,6456.31
84,20250107,25519,130,9,30,5,1356.46
21760,20250310,21340,174,3,17,2,7548.09
28145,20250213,25822,110,6,14,4,3521.14
7577,20250216,22017,165,6,35,3,3621.01
27945,20250324,25241,166,10,13,4,1148.17
10900,20250129,25155,200,10,23,4,1654.16
6934,20250121,24416,164,1,45,4,4061.6
11286,20250213,22535,163,4,48,2,3519.98
17053,20250427,21740,104,3,10,5,5415.32
3245,20250616,25660,121,8,1,3,1508.92
14620,20250201,22254,103,3,28,1,5525.74
4958,20250403,23123,179,3,7,3,2120.42
12611,20250103,25290,114,3,19,1,4881.03
7005,20250323,21247,149,6,14,2,3185.01
29953,20250430,22406,199,7,33,1,1428.29
10076,20250514,22948,106,10,18,4,1862.3
13166,20250613,21799,167,5,13,4,2638.68
901,20250612,24784,167,7,38,3,1594.82
17821,20250530,24489,104,9,35,5,392.08
23612,20250109,21686,195,8,1,5,1297.83
5358,20250412,24469,156,8,14,3,775.58
26895,20250313,24510,127,7,17,4,1023.61
14820,20250209,23779,147,3,25,3,5639.18
25437,20250317,21946,121,3,3,3,7176.86
1831,20250402,24960,102,7,22,1,612.88
14205,20250419,22678,187,8,14,5,1086.52
17429,20250323,23870,155,6,20,2,3471.58
20194,20250129,24621,112,4,49,4,957.22
13543,20250302,22651,187,2,47,5,6488.81
28580,20250616,24758,199,7,38,1,769.44
3020,20250122,25442,170,5,15,2,2986.19
21174,20250423,21472,138,10,30,2,879.04
6355,20250529,23075,118,2,2,2,4521.98
22052,20250626,22720,156,8,13,5,1149.56
1234,20250223,20964,151,7,2,2,1560.62
11310,20250207,24233,187,1,32,1,3325.6
23344,20250310,25944,134,7,46,2,710.55
6771,20250522,22255,177,1,36,3,4059.26
14195,20250608,23035,174,1,19,3,7976.4
7729,20250211,20910,118,8,29,1,587.37
11759,20250426,22860,186,7,16,5,1230.83
25026,20250131,25504,189,5,35,5,2144.09
27888,20250528,25700,101,1,22,3,5396.48
27732,20250117,23563,185,1,1,4,7114.54
425,20250328,23413,136,7,1,5,1383.27
18638,20250131,24571,192,6,15,4,833.56
22183,20250428,22740,128,2,44,1,4565.51
29466,20250318,22338,104,3,36,5,5558.17
18182,20250409,20590,133,4,48,2,2434.31
8937,20250629,22745,152,4,3,2,3418.77
26940,20250202,22079,113,9,42,5,247.23
27408,20250108,21048,187,5,15,5,3891.05
810,20250615,25629,187,5,20,3,1286.03
15529,20250303,20934,108,10,49,5,315.55
23410,20250425,22572,107,4,23,4,2946.91
25405,20250302,21977,170,3,13,2,4368.2
25136,20250308,20054,181,9,25,4,633.69
27886,20250525,22722,188,10,35,2,1756.42
27217,20250618,25939,124,7,24,5,858.18
18990,20250605,25146,131,10,4,1,1335.6
3342,20250217,25702,130,5,1,1,3745.91
17423,20250108,23750,126,7,28,2,658.8
24642,20250512,24281,106,1,14,3,4824.31
19321,20250415,22820,129,4,10,4,3388.65
17984,20250623,23549,139,2,18,1,4167.4
3126,20250421,20114,111,1,45,4,6779.2
13912,20250330,20702,130,4,12,4,3693.29
10784,20250618,24405,118,1,8,5,5172.65
8493,20250606,23015,131,9,46,2,755.67
12981,20250326,20036,154,2,42,5,2733.54
21434,20250609,23534,200,9,35,4,1872.66
23885,20250604,21790,121,3,9,3,2909.25
7516,20250412,21566,188,5,43,2,3514.09
6035,20250205,22515,180,6,29,3,1538.61
16374,20250327,24670,157,3,31,1,6332.39
19639,20250625,25806,169,1,25,1,6589.24
715,20250624,20203,198,5,14,5,3818.47
7949,20250518,25437,185,8,8,2,1297.97
3220,20250602,24934,136,3,47,3,3620.6
12314,20250423,25352,199,2,9,2,5606.63
6053,20250223,23637,102,1,48,3,2407.57
8332,20250306,24416,168,8,47,1,1087.18
2549,20250223,24193,171,1,41,1,6125.32
22773,20250217,21225,158,8,46,4,1234.71
18728,20250609,22254,142,8,10,5,323.67
1930,20250508,24846,134,4,37,4,2167.62
19672,20250209,20614,193,4,41,2,1100.66
16398,20250602,24844,172,2,33,5,6005.58
8198,20250126,24456,184,9,38,2,923.04
20551,20250510,22011,145,4,16,1,3924.79
9501,20250523,22452,139,2,31,4,7034.57
29014,20250520,22921,124,9,12,5,339.9
14863,20250202,24486,116,6,37,1,2738.38
3589,20250216,23424,103,9,24,2,542.97
8073,20250111,23325,148,6,49,2,1891.17
14706,20250422,23536,125,7,21,3,1790.3
27167,20250513,21788,105,9,30,3,1958.74
2609,20250622,25236,161,5,33,5,3489.28
11389,20250520,23978,151,9,39,4,1741.24
21533,20250611,24027,146,8,44,1,859.91
12779,20250103,24786,135,5,19,3,1608.95
7782,20250124,21397,123,6,46,5,2332.51
11119,20250330,22822,172,5,30,5,2333.14
3129,20250403,23741,156,5,7,5,3916.54
19764,20250518,23224,182,4,27,1,1936.23
15289,20250421,25826,125,7,10,1,515.05
15986,20250322,23152,129,4,15,4,2088.84
8301,20250506,20916,151,9,38,3,359.13
26945,20250128,23093,120,9,50,1,211.03
4569,20250106,21180,160,6,29,4,1683.34
15424,20250423,22511,151,8,43,3,1156.2
29794,20250506,21828,177,9,15,3,209.47
9454,20250517,21449,158,4,39,1,3234.66
27502,20250102,23422,166,5,35,1,1455.89
6600,20250328,21902,186,1,24,5,2542.18
1848,20250202,20169,136,1,13,3,3257.75
21659,20250131,24385,195,2,16,1,6997.05
21746,20250321,21455,170,4,39,2,3030.21
27580,20250110,21038,116,2,37,2,3778.93
2189,20250419,21602,192,9,39,5,921.59
17993,20250406,23890,176,2,49,1,6976.01
26176,20250301,24531,122,9,11,1,593.14
1299,20250528,23748,147,4,20,2,993.12
12051,20250305,22726,194,8,23,5,441.81
19873,20250319,22101,167,4,5,4,3498.35
2782,20250503,20190,152,3,37,5,2780.74
28041,20250206,22348,177,9,9,4,513.41
25361,20250528,20914,118,1,43,3,6497.06
7707,20250619,23622,150,4,13,3,1763.33
24707,20250316,23609,107,1,28,1,7218.91
12241,20250107,22948,110,7,5,5,1111.34
25145,20250531,24789,183,10,40,4,565.14
29870,20250219,22821,131,5,35,3,3712.26
28923,20250319,23101,102,6,39,4,2622.58
10278,20250210,24913,113,2,45,4,5117.0
27290,20250528,23608,161,5,47,1,1682.04
9508,20250327,21764,109,6,47,2,1506.67
25604,20250222,25288,178,3,50,4,3677.64
5613,20250307,23280,172,10,26,2,1504.69
23283,20250420,21866,124,8,11,5,1325.68
18255,20250312,25994,192,6,46,1,2037.85
19388,20250501,25488,108,6,9,1,3251.8
28230,20250504,21482,108,7,1,5,1062.18
19408,20250520,21887,181,6,38,4,2721.81
1787,20250530,24978,135,5,33,1,1312.1
5164,20250616,23308,120,7,2,5,1736.22
14079,20250506,20829,135,10,28,3,1211.52
16638,20250308,21553,139,3,29,1,3690.28
8158,20250608,22856,104,5,26,5,982.47
9925,20250302,24241,105,8,13,2,520.72
17340,20250102,21348,199,3,10,1,6667.56
25596,20250610,23066,129,4,28,5,3426.15
20614,20250110,24432,177,3,2,3,3732.33
12382,20250321,20360,195,1,2,4,3474.16
1444,20250508,21083,127,2,6,2,7381.08
6871,20250109,25355,187,6,10,5,3746.12
21961,20250223,21050,190,1,49,4,7559.32
18816,20250312,21383,186,9,23,3,782.52
7257,20250214,23238,185,4,20,1,1401.92
5866,20250613,21813,158,2,23,1,5830.55
26090,20250128,21126,177,7,35,5,305.28
26180,20250515,21830,101,10,21,4,321.39
20738,20250222,23584,187,5,33,1,3901.35
5929,20250523,24324,178,2,2,1,2518.36
1834,20250623,21414,128,4,41,5,3627.26
24583,20250102,21151,119,4,18,2,3970.2
25796,20250115,23277,102,6,30,5,3250.78
11287,20250124,23830,121,1,32,3,6136.57
20203,20250220,20440,176,9,5,5,1885.87
21146,20250605,25031,103,5,18,2,3248.09
4873,20250320,23104,194,3,44,1,6185.8
29935,20250307,25198,145,1,18,1,6107.11
10789,20250123,20660,152,2,2,5,6098.64
13074,20250508,22640,115,2,17,1,6565.48
1473,20250618,25365,105,7,31,3,431.11
20089,20250305,21005,181,8,2,5,1911.99
3234,20250205,21271,146,10,42,3,1144.53
25651,20250511,20149,149,3,50,2,6952.17
24870,20250220,25808,184,7,10,3,258.24
1027,20250112,23702,152,5,38,2,1153.02
6693,20250423,23901,105,9,5,3,1894.52
3560,20250502,22391,110,7,45,4,847.52
29814,20250203,23402,116,1,48,4,5729.6
1175,20250629,25603,129,7,38,4,1138.17
28879,20250506,20987,162,7,4,5,580.08
23121,20250603,22920,122,6,18,5,1495.88
3133,20250210,23707,123,3,48,3,2664.47
27067,20250127,22287,189,5,39,1,1778.77
14931,20250105,22975,144,4,43,4,982.02
19122,20250501,20969,108,9,16,4,1542.02
20088,20250523,23652,109,3,48,5,6252.38
10460,20250326,23789,112,5,24,5,3045.09
11671,20250427,25059,161,6,15,4,2010.54
11403,20250604,20837,157,6,31,4,3892.59
18722,20250618,24045,163,10,27,1,443.35
2268,20250406,22392,137,4,6,5,995.7
8727,20250109,25363,105,4,39,3,1424.27
21036,20250110,23182,162,7,32,5,1532.92
1198,20250315,20609,172,9,15,5,856.19
14911,20250104,22203,134,4,3,5,2993.04
23336,20250103,21243,115,7,12,5,1558.7
4578,20250514,20257,196,3,14,1,5574.52
28948,20250224,22334,200,6,45,4,820.87
5820,20250204,24861,130,1,23,1,6254.47
12579,20250519,20309,102,5,12,3,1476.33
9213,20250508,25375,192,1,39,5,3161.89
6535,20250215,22999,132,5,48,1,3992.12
3255,20250416,20122,121,5,33,3,1054.5
22520,20250219,20144,123,1,24,3,6589.91
24717,20250422,22585,131,9,42,1,1105.22
13161,20250413,25550,179,5,2,2,1754.84
6877,20250228,25520,118,6,23,4,3543.09
555,20250503,22159,158,6,26,5,3511.03
9381,20250105,21063,112,4,21,4,2947.25
29094,20250406,24539,165,3,18,3,4371.66
23682,20250401,25190,191,2,25,5,6046.06
19412,20250407,25551,114,7,21,2,407.64
1441,20250202,22213,152,5,36,5,2709.65
19497,20250221,20841,129,10,40,1,487.77
20844,20250330,23171,184,3,20,4,4887.43
18229,20250523,24964,141,5,7,3,3905.98
16353,20250306,21248,159,9,32,4,1259.35
1207,20250315,20079,195,5,45,2,3609.77
20979,20250201,25810,182,6,12,5,2462.5
13371,20250331,23753,148,9,5,4,1930.54
17798,20250122,23669,101,2,20,5,3804.32
16848,20250609,24503,193,7,29,5,381.1
26927,20250624,21306,103,6,6,2,1947.98
15485,20250114,20459,195,10,14,4,282.47
23308,20250330,22844,133,6,42,4,1224.82
3849,20250219,23105,107,5,17,5,3810.67
265,20250320,24306,155,2,3,1,5889.72
3741,20250418,20617,190,6,6,3,3096.74
24396,20250529,21514,154,8,34,4,1871.62
6947,20250627,22939,160,10,15,4,999.0
4183,20250320,24220,130,2,11,3,2664.1
19733,20250406,21813,192,1,23,3,4283.44
19138,20250130,22076,179,10,25,1,396.28
29822,20250313,23209,105,7,33,5,369.51
24797,20250125,21376,121,10,33,5,1348.55
21595,20250217,23902,185,3,26,2,5957.71
17123,20250419,25873,125,4,2,4,3547.5
24945,20250225,22980,188,1,27,2,3877.62
29487,20250321,21982,121,6,39,3,1141.7
3350,20250406,24670,153,4,41,2,2914.12
13311,20250114,23382,191,10,48,1,1661.73
20618,20250622,23966,124,6,17,5,1765.14
3335,20250622,21661,114,8,39,5,1295.81
20993,20250518,20003,157,7,28,1,1308.65
23669,20250629,22314,127,8,16,3,422.15
8342,20250317,22826,149,3,35,5,5225.49
26308,20250215,20970,162,10,20,3,1705.8
25481,20250610,23579,149,1,8,3,5183.45
18472,20250512,23086,147,7,5,5,1001.09
19700,20250606,23837,115,10,9,5,1907.99
13793,20250122,25540,120,3,7,4,6638.64
1573,20250331,23789,128,9,28,3,1714.57
13739,20250108,24776,109,1,16,2,2372.26
26441,20250506,20564,152,10,25,3,737.16
9211,20250111,20398,139,6,20,1,3422.16
17669,20250510,23515,112,9,17,1,1391.1
16843,20250330,25619,111,10,19,1,1570.72
17666,20250225,24350,140,5,9,3,3543.97
11041,20250624,23886,126,6,1,1,2402.47
13900,20250511,23980,160,9,47,3,1266.2
4220,20250125,20542,119,3,31,1,2768.82
15469,20250223,21630,173,9,23,4,1673.74
21185,20250217,24679,165,5,38,5,2527.75
10204,20250510,20555,125,9,48,2,1044.6
16187,20250119,20647,171,2,29,5,5971.43
412,20250529,24411,160,6,9,3,3622.17
821,20250322,20341,138,7,10,1,1891.19
8711,20250610,20057,178,3,5,5,5041.38
19660,20250208,21026,119,3,28,4,4050.5
5091,20250524,25889,171,3,9,1,4929.12
622,20250327,25272,133,2,30,4,2738.42
21176,20250202,23416,162,8,50,1,1637.38
13713,20250617,21434,102,9,8,1,1463.23
18695,20250422,24432,166,9,11,5,1011.85
5576,20250310,25713,191,10,22,3,1822.77
13589,20250328,24151,133,9,50,2,884.55
745,20250103,21921,125,5,49,2,1167.54
3081,20250503,22107,164,3,35,4,5038.55
10154,20250103,24054,160,2,11,4,3125.87
29181,20250315,20147,182,1,43,1,2882.9
27993,20250317,25888,146,3,30,2,6717.03
17585,20250216,20368,147,2,19,1,6948.73
10352,20250222,25824,156,9,30,4,295.72
3289,20250326,21336,190,8,42,2,1090.34
6858,20250316,25334,191,6,6,1,1300.17
10390,20250327,20716,151,9,4,4,626.55
26722,20250308,22081,174,1,44,5,4511.51
6310,20250106,20841,121,1,5,4,3702.69
13353,20250207,21900,199,1,50,2,5641.25
8075,20250218,21282,107,6,20,2,2885.23
19131,20250523,23534,131,1,45,1,2910.65
18775,20250418,22730,193,10,9,2,1089.02
7407,20250527,22990,192,7,32,3,1433.45
23948,20250314,23959,157,3,42,4,6015.35
14518,20250519,24440,175,10,14,1,487.11
7769,20250617,25267,148,2,2,4,3896.37
8664,20250322,24847,136,7,35,1,834.31
15599,20250207,25939,182,9,18,5,587.62
2166,20250521,21936,117,2,1,3,7080.5
16872,20250406,22481,192,8,4,2,477.91
16067,20250622,21854,102,3,48,1,6762.5
6718,20250201,25800,163,10,12,3,1655.24
13556,20250102,25000,177,8,24,4,484.94
1585,20250101,22006,104,6,29,5,1647.16
7052,20250614,25651,111,1,16,2,3385.51
16694,20250112,25453,192,5,31,3,1084.9
24434,20250219,22826,121,5,32,1,3488.96
3139,20250104,24583,170,7,3,2,372.87
23401,20250607,22680,124,6,21,1,1827.13
29320,20250621,22549,150,4,33,1,2851.22
15964,20250215,25830,110,4,30,2,961.57
20481,20250306,23250,181,2,49,2,3997.36
11424,20250419,21904,158,3,46,5,7462.29
19768,20250422,21594,180,5,16,4,1435.73
13650,20250216,23263,110,7,34,3,641.63
19067,20250106,20418,186,3,26,2,3753.96
1288,20250525,22472,172,1,19,1,7138.61
18534,20250416,22424,113,4,12,2,3231.42
12438,20250401,23097,135,4,47,1,1813.45
10502,20250309,24230,172,6,24,2,1821.72
16061,20250324,23366,121,4,27,1,2323.68
6601,20250209,20146,105,5,14,2,2627.38
7299,20250501,20406,148,4,21,3,3621.69
23659,20250515,20929,170,1,43,2,5167.94
15795,20250621,23599,181,9,4,4,993.41
18685,20250130,23266,183,4,31,4,1468.44
12402,20250610,24168,123,1,14,1,5623.59
18610,20250312,25570,163,1,14,4,7806.87
2239,20250422,20209,118,6,34,3,3913.87
8871,20250420,21363,194,3,18,4,6635.83
16278,20250118,24663,153,8,6,3,1977.71
7417,20250426,20634,117,2,23,3,5900.42
8114,20250626,24061,161,10,44,4,1837.64
10463,20250120,21767,124,7,32,1,390.84
16721,20250603,21641,149,7,46,1,1975.37
21246,20250329,23956,120,7,15,2,247.57
22848,20250131,22019,187,2,7,1,4836.12
8310,20250517,24092,141,10,5,1,1257.15
9890,20250214,24756,111,7,45,5,1506.82
18900,20250425,24740,119,2,29,2,3739.6
10297,20250125,21952,163,3,24,5,7267.42
14826,20250505,21812,107,8,31,1,1280.59
19675,20250627,22081,156,5,49,1,3753.58
26049,20250619,21797,106,1,4,5,6041.89
21128,20250206,21058,164,9,30,2,557.38
24189,20250323,20806,170,6,47,1,1911.13
21247,20250201,21876,198,10,18,1,1116.68
29693,20250529,24072,147,5,35,2,3136.54
24349,20250601,23110,169,7,47,3,1056.21
15960,20250507,23426,129,2,16,1,4817.23
24569,20250411,22895,131,3,45,1,6981.85
14982,20250623,22601,137,4,6,5,3517.92
12728,20250416,20335,159,4,21,5,2017.35
11700,20250521,23184,180,9,31,3,1503.72
5117,20250531,24144,190,10,29,2,1327.23
24339,20250203,20035,127,10,24,1,1877.86
28381,20250620,24238,197,5,37,2,963.29
18064,20250526,22708,151,8,31,3,1833.54
19891,20250607,22543,103,7,33,4,693.76
16189,20250325,20157,109,9,3,2,1956.45
21796,20250501,23024,112,9,3,5,746.06
28811,20250119,24481,114,8,28,2,1381.7
2216,20250104,23488,154,5,48,5,2822.09
26258,20250416,24185,197,10,49,2,764.23
19655,20250628,22764,176,7,42,2,453.16
24734,20250603,21838,185,3,38,1,3441.66
8020,20250520,24831,102,4,7,4,3002.51
14414,20250417,23750,159,6,31,1,3948.4
13823,20250510,20817,125,9,28,2,992.82
1705,20250629,25099,122,3,36,2,4046.05
21603,20250313,21101,196,1,11,2,6821.65
28027,20250420,25192,139,2,25,3,3702.76
7764,20250114,21182,128,8,49,1,1725.98
11858,20250515,22786,126,5,8,2,2880.38
23112,20250426,20858,147,5,4,3,1549.34
13603,20250620,20882,118,8,7,5,496.66
19117,20250325,24754,108,1,32,5,6151.44
3438,20250110,23813,164,4,10,4,3411.07
7248,20250203,23553,183,5,46,1,917.32
18484,20250523,20897,109,5,50,1,3113.63
18854,20250516,20769,149,1,46,2,5167.95
1275,20250502,23797,105,4,1,4,3589.14
24328,20250216,20995,129,3,34,1,4100.98
25310,20250315,25316,197,8,34,5,1825.53
19740,20250530,22268,147,4,50,3,1393.98
12886,20250204,21605,176,3,34,2,6959.78
6211,20250508,23960,183,8,38,5,1275.04
18680,20250121,21692,175,8,40,1,1077.35
11314,20250623,21879,200,1,44,3,6198.77
7076,20250108,23330,134,9,43,3,446.92
24757,20250426,22006,171,10,35,3,997.06
22477,20250424,21231,102,2,5,1,2332.52
2274,20250331,22448,143,7,40,1,760.07
6028,20250129,22014,167,4,35,4,2020.97
3700,20250409,23093,192,8,45,3,731.37
12552,20250404,21503,191,8,32,2,320.96
1330,20250219,21115,164,10,28,2,1875.27
16787,20250426,21983,156,7,16,2,1908.99
14193,20250323,23101,197,6,31,4,3354.74
19894,20250319,21011,182,6,24,1,2034.18
20275,20250311,21456,108,8,6,4,1735.66
1572,20250512,21608,102,9,15,3,1515.35
18422,20250511,25978,106,4,45,5,3377.46
3166,20250121,20753,157,3,36,5,3517.35
10690,20250615,23154,133,2,13,3,6972.5
8311,20250601,22045,187,10,13,2,713.37
11193,20250510,23684,114,9,32,4,320.25
2075,20250225,23214,135,7,19,3,652.13
7051,20250215,21507,120,6,18,4,2029.5
19211,20250119,21645,112,7,38,1,1282.59
13509,20250325,24479,102,7,43,4,1134.64
10512,20250621,23033,130,5,23,4,1357.53
22498,20250406,22756,112,2,48,4,2551.12
23221,20250201,24583,170,5,11,3,2378.77
14284,20250329,22813,169,1,38,5,6071.27
26130,20250625,20807,118,6,44,2,3950.71
23088,20250516,23568,192,9,13,3,1067.08
2203,20250121,25176,171,5,35,3,1333.44
9705,20250606,24621,122,6,12,5,1777.49
12566,20250116,25072,196,7,39,1,1085.17
8266,20250506,22535,155,6,21,1,2766.54
24898,20250207,24538,152,9,45,5,1331.69
4661,20250126,22460,130,1,25,4,2931.94
6301,20250626,20143,139,5,49,1,3265.63
696,20250226,22777,198,10,39,4,221.48
23016,20250128,22743,133,1,20,5,2455.49
26719,20250131,23747,156,10,13,5,640.53
485,20250418,24568,161,8,19,1,900.73
25279,20250503,23895,198,1,14,1,2351.93
3734,20250408,24411,175,8,37,4,999.66
15757,20250626,25468,153,1,7,5,6801.74
12655,20250121,24677,127,2,6,3,6172.32
25797,20250129,24514,164,5,5,3,3057.51
28965,20250618,22924,101,2,4,5,2316.41
22439,20250608,25872,121,6,29,4,2404.01
28066,20250411,23042,200,5,40,5,2164.49
2451,20250421,21963,133,2,42,2,5790.13
6794,20250419,21609,170,7,46,2,1459.79
1505,20250403,24526,181,6,46,3,2654.03
19972,20250318,24096,114,7,49,1,1888.88
20846,20250416,21501,181,8,1,3,657.0
25936,20250419,20449,144,4,2,3,3980.6
4835,20250526,21235,185,4,28,4,1113.74
12670,20250601,23949,152,1,29,3,4308.12
29100,20250203,23151,104,9,5,2,919.56
10199,20250227,20843,192,9,41,2,1960.73
21135,20250509,24419,134,10,37,2,1069.11
4130,20250425,21581,173,3,9,1,6703.91
9748,20250119,20495,145,9,48,2,1578.06
2307,20250402,23835,115,9,45,3,326.43
16266,20250128,21161,142,10,6,1,1582.55
767,20250212,20159,160,2,22,4,3694.53
804,20250228,23467,140,1,7,2,3084.73
11628,20250404,20540,195,2,3,3,4026.25
7225,20250122,23148,142,9,47,4,1880.12
17568,20250205,22131,165,3,41,1,4687.3
27445,20250226,23815,122,3,3,2,6756.9
17556,20250530,24937,187,9,49,5,206.49
11324,20250403,20774,132,7,31,5,767.97
23289,20250211,24600,139,8,27,4,392.24
13250,20250216,25780,174,2,24,4,7516.65
15292,20250412,23314,164,3,7,3,5685.46
28298,20250503,25932,188,7,50,5,1069.05
18500,20250404,23131,154,10,10,5,370.87
3690,20250302,25206,113,1,37,4,6092.4
1062,20250625,21506,120,10,4,5,231.27
29813,20250325,24464,165,5,7,4,3453.18
42,20250204,25779,113,2,38,3,3219.67
22918,20250617,22018,157,3,12,4,6380.53
12587,20250330,22477,165,7,42,1,910.15
23143,20250427,24264,164,6,22,4,1492.48
12082,20250217,23040,198,10,44,1,617.58
19522,20250330,21114,128,9,36,1,1652.02
3214,20250523,20071,190,9,14,4,1097.66
23643,20250502,20046,155,1,15,2,6977.51
6596,20250310,20447,147,2,20,2,7068.39
23202,20250302,23922,135,1,37,4,5938.25
8230,20250221,24485,112,4,36,5,2683.93
12710,20250210,22528,119,2,34,2,2768.46
10825,20250302,20639,143,3,15,2,5012.2
2924,20250508,21970,131,8,18,2,751.6
26540,20250128,22260,165,8,31,4,593.61
11877,20250521,20171,103,3,10,3,7801.77
7305,20250402,21669,189,7,25,1,1092.34
26109,20250303,20992,158,8,30,5,1950.13
2054,20250405,20119,198,1,48,5,4927.16
4937,20250420,22207,166,3,20,5,3107.29
27484,20250306,24994,190,4,40,3,1272.12
10326,20250126,23939,188,7,8,4,1293.44
16950,20250120,24850,165,5,17,3,2937.75
2546,20250626,23840,114,10,29,4,1987.19
12388,20250201,24470,111,7,25,3,1257.78
22623,20250616,25552,140,5,40,2,3609.11
102,20250328,22584,159,2,19,5,3965.77
16961,20250124,22408,170,9,14,2,273.12
28470,20250120,23681,199,6,23,3,2796.84
6385,20250522,23472,172,9,19,3,679.53
20268,20250118,22245,187,10,7,5,778.55
24413,20250420,24333,130,5,21,4,2383.29
2826,20250511,21013,175,6,41,3,3716.87
14588,20250526,20605,153,10,38,4,830.87
7687,20250602,20515,123,2,24,3,3640.51
12789,20250225,20865,155,8,29,5,1729.61
1944,20250514,21770,178,3,27,5,6292.71
27714,20250317,20266,106,4,40,1,1134.64
5956,20250522,20446,155,1,49,4,2777.77
20061,20250122,24147,127,3,20,2,2929.5
11608,20250406,24957,115,2,37,4,7741.25
14991,20250616,21441,148,9,19,3,1739.94
29226,20250621,25722,164,2,22,5,6081.74
12375,20250312,22548,167,1,41,1,3199.53
22125,20250313,21905,172,9,10,2,1036.81
11306,20250411,20133,130,5,34,1,2896.16
10153,20250410,25411,197,1,3,5,3732.65
25060,20250615,23477,190,9,22,1,1312.32
11097,20250209,24341,162,7,37,1,1584.0
6085,20250108,24319,194,5,10,3,1002.76
6953,20250204,23068,142,6,19,5,1298.51
8452,20250220,20060,119,3,22,5,6062.82
2448,20250411,21248,166,2,50,1,4814.54
20440,20250626,21851,180,7,22,4,1065.68
17241,20250319,25584,152,9,14,4,335.75
4421,20250118,24963,184,5,44,2,2909.94
2734,20250324,24510,147,8,19,1,614.21
29801,20250328,21026,101,8,2,3,1359.88
8514,20250427,25225,107,3,2,4,5814.57
15081,20250608,21006,174,2,37,5,5545.95
15616,20250619,22469,175,3,2,5,4078.2
13644,20250228,23612,134,4,8,4,989.59
8009,20250114,23355,183,7,50,2,920.22
3520,20250601,21443,152,9,26,2,1160.83
830,20250625,22894,154,6,39,1,1083.5
7809,20250124,23491,106,9,46,5,358.54
18155,20250308,22931,189,7,18,5,1109.42
27795,20250501,21259,145,1,10,5,5801.81
4654,20250319,23335,145,9,30,4,1727.67
186,20250526,24680,161,7,25,4,403.08
22587,20250414,21389,183,7,11,4,760.49
4491,20250530,25074,117,1,9,4,6159.05
27921,20250325,23066,155,7,37,5,339.75
19442,20250531,21875,176,7,11,4,1030.65
25342,20250327,24923,159,10,33,4,609.61
19846,20250211,20071,120,2,32,1,2703.96
14942,20250117,21440,193,4,26,4,2949.2
6293,20250330,25568,183,10,9,1,753.45
18454,20250420,20460,110,5,43,4,3309.11
28071,20250205,20038,130,1,12,4,6410.71
4575,20250410,21859,107,9,12,1,334.16
25062,20250221,25799,161,8,21,1,560.6
12167,20250426,23959,127,2,18,2,3246.12
12065,20250610,22006,139,6,19,2,959.64
18581,20250401,25923,178,6,33,2,2447.05
14801,20250519,24124,126,4,41,5,2093.17
14407,20250127,25056,171,3,44,4,4131.58
17170,20250315,20532,111,7,14,5,1310.97
27681,20250401,21350,162,5,34,3,3007.73
15870,20250114,23413,163,3,39,3,4841.0
21795,20250102,20767,161,3,21,5,5986.15
13228,20250403,22756,152,2,37,3,5248.86
20076,20250219,25892,123,9,24,1,1785.94
20202,20250406,25838,126,5,33,3,3686.2
5765,20250326,25230,157,7,19,1,1853.37
21861,20250628,25484,161,7,17,1,825.11
8451,20250625,21726,123,5,42,1,2749.3
434,20250526,22049,112,9,5,5,890.7
11918,20250611,23600,132,9,34,2,881.74
354,20250615,23983,155,10,31,2,1471.58
8366,20250614,24473,102,2,37,4,6003.14
605,20250106,25518,164,9,30,3,642.62
17853,20250519,20100,141,6,26,2,1365.85
14641,20250526,22843,116,9,37,1,533.9
29133,20250425,20776,190,1,22,3,6815.38
21424,20250412,23088,140,8,3,3,1852.62
4276,20250109,25349,145,2,12,5,6839.29
4954,20250203,24210,156,5,16,3,1134.31
16603,20250228,25766,134,5,47,5,3449.95
3572,20250511,25950,104,5,20,2,808.17
8453,20250105,21787,152,4,41,1,1587.68
16440,20250511,25908,177,4,44,2,1789.26
14097,20250504,21875,153,1,13,2,4432.64
16593,20250123,21020,133,2,11,4,5562.71
13513,20250425,23888,119,7,1,5,426.32
7547,20250303,23301,127,9,39,1,670.42
24453,20250120,21605,181,10,47,1,1557.12
28568,20250615,22400,137,8,38,3,703.61
1040,20250302,21550,153,6,38,5,1704.07
14584,20250112,23026,145,4,40,5,1096.16
12565,20250421,22402,101,3,13,1,7983.04
18176,20250604,24869,170,8,46,4,534.95
29010,20250617,21362,199,7,31,2,1903.09
14056,20250524,20725,106,1,43,4,3764.85
5332,20250616,20414,105,2,2,3,2253.8
15923,20250606,21432,185,6,26,4,3137.56
11449,20250429,25801,142,1,3,1,5079.23
3959,20250108,22321,173,10,39,2,511.38
29174,20250215,24590,138,4,6,1,2815.14
8483,20250421,20058,156,4,46,2,1068.18
18474,20250416,21387,196,2,39,3,6064.09
541,20250116,25754,194,10,34,2,367.91
29287,20250409,25477,166,7,34,5,656.34
1750,20250327,20067,132,8,37,3,1119.23
12142,20250116,23399,133,5,12,1,3325.35
28196,20250406,21337,198,10,23,4,1641.94
29084,20250409,20551,185,2,21,1,5693.5
6665,20250105,23269,166,2,38,5,5998.87
27158,20250317,20330,176,4,45,3,2581.18
24879,20250216,21880,179,6,47,4,3940.57
22922,20250611,20672,173,10,43,5,1111.81
5924,20250202,24643,168,5,46,2,2840.15
17778,20250513,21281,139,9,19,5,860.57
20474,20250613,25476,184,5,43,1,3472.11
17504,20250320,20755,152,1,29,5,5342.68
23661,20250629,21143,176,8,33,1,1638.53
29581,20250127,22576,138,3,39,2,3434.1
24791,20250522,24005,143,9,33,1,1745.22
29959,20250301,20372,116,8,43,1,838.56
18827,20250121,25573,124,3,28,2,5592.31
10903,20250504,22376,153,6,32,4,3415.34
4949,20250219,24998,162,1,10,5,7191.53
12300,20250623,20807,134,2,29,5,6467.0
28056,20250212,21588,183,3,48,1,5380.6
24084,20250617,20612,106,6,10,2,3850.69
22212,20250317,20179,105,6,37,4,2374.82
25461,20250116,21031,113,9,16,1,456.77
27825,20250106,24026,106,8,2,4,589.05
19970,20250601,23477,111,10,47,1,1257.64
4032,20250216,24287,184,1,20,4,6474.0
17050,20250413,24148,176,10,50,4,394.36
21172,20250423,25175,162,8,12,5,1349.79
9435,20250316,20566,199,4,8,1,1554.55
25866,20250411,23046,136,9,38,1,586.62
20700,20250407,25233,179,7,15,3,1106.12
11327,20250601,24660,120,6,32,3,2747.43
22507,20250209,22803,193,10,33,4,641.14
12118,20250127,21194,138,4,11,2,2605.07
22343,20250311,21581,183,9,29,4,1554.18
124,20250315,22008,157,5,1,1,2211.49
1406,20250523,25861,147,3,2,4,6507.28
27509,20250622,20872,157,9,18,5,1374.68
13608,20250514,23019,122,1,29,3,4742.86
11475,20250626,22146,162,10,16,5,379.49
29924,20250204,22263,175,1,19,1,7913.65
22184,20250607,21109,171,5,41,3,1795.5
25923,20250304,25346,163,6,12,2,2626.81
21833,20250313,22155,152,3,42,1,4505.89
1769,20250614,20758,153,6,19,2,2065.99
23007,20250623,24169,120,4,24,4,2960.54
2323,20250624,25338,103,7,34,3,638.69
25321,20250407,20244,165,10,32,3,754.0
18311,20250104,22872,139,8,21,1,1247.31
22793,20250408,24994,123,8,15,1,1329.11
27539,20250308,23680,116,3,28,1,2523.36
13053,20250624,23224,180,10,26,2,1467.47
2256,20250227,25446,167,1,22,3,2853.25
2807,20250308,22326,145,6,44,5,1393.14
2682,20250509,20886,112,5,14,3,3485.68
6975,20250501,20240,119,3,37,1,6118.35
13502,20250318,25873,118,9,40,1,1025.03
23272,20250129,23393,107,1,7,1,5758.4
3961,20250428,20329,186,3,18,2,2440.31
3315,20250424,20482,142,6,44,1,817.73
15822,20250520,21003,130,9,25,5,1621.75
14809,20250213,21562,106,7,5,4,1734.7
8875,20250626,21353,186,1,23,3,2074.39
24347,20250609,21412,132,3,37,3,3286.73
21983,20250611,24992,183,1,15,4,2682.5
29685,20250513,20785,143,1,41,3,2634.27
10507,20250205,24219,200,7,35,3,329.18
6701,20250320,22829,104,1,36,2,7594.61
26012,20250102,21157,194,6,40,1,3289.63
29653,20250410,20966,113,8,2,5,491.83
6078,20250319,21183,145,3,3,3,7898.53
12801,20250224,21972,194,5,30,1,2862.34
28995,20250302,24349,138,10,29,4,285.1
7953,20250331,21720,107,3,33,1,6361.46
12786,20250509,21109,139,10,48,3,395.38
6063,20250120,20096,151,9,45,5,400.17
14468,20250422,23689,198,6,25,4,1146.03
22849,20250508,22813,146,2,34,4,6631.27
18733,20250302,24824,112,1,22,1,2438.06
12535,20250211,25232,115,1,50,1,6651.58
3238,20250529,21319,153,5,10,4,3463.79
26324,20250325,25182,171,4,13,2,1849.67
28215,20250113,22100,170,6,40,1,3878.08
28229,20250131,20385,147,3,42,3,2723.98
27814,20250418,25957,191,8,23,5,1091.62
27483,20250518,22293,185,1,10,4,6813.42
14737,20250430,21487,162,8,5,1,1355.54
22025,20250320,22703,146,8,1,5,306.99
27183,20250414,20409,182,10,2,3,664.53
15952,20250501,23567,162,5,20,5,2719.98
29535,20250124,22191,181,5,10,1,2745.1
21050,20250329,23313,107,7,12,4,580.89
6650,20250214,25532,117,3,39,3,7279.65
11637,20250320,24683,144,4,35,4,1115.77
1078,20250311,24023,153,3,1,5,6443.91
25288,20250521,25198,188,7,35,2,1063.8
25112,20250610,23512,170,6,8,1,3046.75
5858,20250429,23237,196,2,26,1,7753.72
6062,20250621,25899,141,7,35,1,357.02
28337,20250226,24159,163,3,19,1,7227.6
13218,20250129,20438,120,7,12,3,412.5
9574,20250320,24615,138,1,32,3,6915.05
2151,20250129,20926,156,7,30,5,1002.68
14359,20250107,21572,152,10,44,5,1658.71
3490,20250128,22056,131,6,34,2,3247.07
24043,20250504,25500,198,5,45,3,2147.43
5888,20250408,22058,187,8,34,4,1980.87
26080,20250409,21517,131,8,44,3,1927.94
26047,20250122,24174,108,3,17,2,5919.35
29632,20250615,25819,135,3,9,3,4757.73
2381,20250529,25502,108,1,3,4,2153.45
27181,20250425,23722,175,3,31,5,7905.87
13848,20250422,21051,194,4,22,2,1717.76
15643,20250516,25989,165,5,4,1,2246.55
27959,20250430,24302,162,8,27,5,876.49
22378,20250316,23872,158,2,29,1,3763.93
29908,20250328,20841,150,6,16,1,1750.6
27691,20250412,20176,134,8,47,2,564.58
6979,20250609,23209,146,2,49,5,4015.21
7590,20250219,25348,128,5,28,1,3826.76
17758,20250314,21231,167,10,1,5,944.8
8070,20250428,24787,173,1,32,5,2362.79
29078,20250508,23384,190,1,34,3,2827.69
6594,20250602,24448,128,7,15,5,776.8
20969,20250321,25053,121,10,25,4,1469.14
3725,20250323,25583,200,4,30,4,992.25
29345,20250213,21452,123,3,47,4,6173.42
23115,20250517,23942,172,2,19,1,5768.86
29895,20250602,21567,171,10,22,2,1934.74
13876,20250315,20167,158,4,38,2,2579.5
18466,20250105,23226,188,2,15,5,6672.42
25966,20250101,21543,188,9,5,4,665.95
7835,20250222,23079,175,9,42,2,918.16
1366,20250222,22336,165,3,29,3,7682.44
18480,20250617,23358,109,5,3,5,3655.13
29854,20250609,20788,196,1,41,4,7205.39
576,20250422,24178,166,6,22,4,1470.94
3205,20250606,24995,159,5,39,4,1122.76
4443,20250115,25273,108,7,32,5,586.29
13934,20250407,22361,197,3,5,1,5557.65
9858,20250224,20886,165,2,12,3,4365.59
8977,20250207,22625,183,3,49,2,7281.53
2066,20250226,25215,132,4,37,1,3631.05
21979,20250104,24152,183,9,21,5,947.64
22325,20250202,25732,123,9,7,2,1787.3
5062,20250410,20422,140,8,42,2,203.07
1860,20250502,21842,105,1,18,3,3666.41
510,20250517,23183,149,4,3,3,3602.15
19565,20250606,20630,168,9,43,1,1765.04
24913,20250601,21063,146,3,33,1,2024.78
1492,20250205,21328,171,8,10,1,879.73
7640,20250212,24214,136,5,23,1,1582.39
9464,20250228,25408,185,8,40,3,1462.73
27138,20250514,25530,131,10,45,1,1530.42
2815,20250314,21270,142,4,23,3,1927.37
14421,20250419,23395,115,2,44,2,4308.96
15357,20250618,22157,169,8,8,1,1193.29
16091,20250119,25800,200,9,44,2,218.1
13326,20250225,23639,112,9,23,4,1106.39
2698,20250422,21598,101,1,43,2,7217.76
24527,20250321,22302,126,3,2,5,4306.88
25255,20250307,24217,127,2,32,3,4075.57
10799,20250209,21953,133,4,37,5,1015.01
16433,20250308,22008,198,8,23,1,605.65
6625,20250409,21930,189,2,34,2,5796.99
7073,20250620,20870,177,7,42,1,634.8
15233,20250314,21363,140,4,20,1,3995.52
7713,20250316,23528,101,10,34,3,1479.19
29104,20250412,22503,143,1,43,1,7571.32
11711,20250509,23418,162,4,34,2,1062.05
26057,20250610,23339,189,8,41,1,1778.25
19975,20250207,23522,115,1,11,2,4825.46
28490,20250627,23867,191,9,42,2,321.89
5720,20250423,22203,129,9,10,1,581.64
903,20250107,20439,159,7,30,1,1654.62
6502,20250607,24066,171,6,34,2,1194.58
8193,20250423,22307,150,10,40,1,670.82
26778,20250318,21738,172,8,1,5,301.17
514,20250105,25507,122,5,47,2,1702.48
7360,20250314,24958,131,10,32,1,1260.9
13038,20250129,25886,182,8,22,2,1920.21
24431,20250129,24103,119,3,32,1,6483.26
3502,20250627,25192,141,5,48,3,1586.19
5653,20250308,25780,118,3,2,1,4979.61
8444,20250108,22211,162,7,12,1,1178.42
28572,20250111,23450,112,8,4,2,1000.74
2916,20250301,20808,156,4,49,3,3236.0
24300,20250604,24888,177,7,5,4,1158.5
27587,20250518,24303,186,10,47,2,506.8
17997,20250205,21928,180,2,6,3,4713.97
5889,20250327,24297,200,3,50,2,6289.6
1602,20250317,24199,171,1,19,5,6947.34
12884,20250204,20833,131,3,13,3,4316.85
2339,20250119,25326,132,8,11,4,515.34
3158,20250528,20194,121,8,30,4,1378.74
18502,20250222,25938,167,1,16,4,4478.19
14983,20250415,24497,197,5,35,1,3779.58
12054,20250310,24143,125,3,39,5,6855.64
21411,20250107,22877,114,4,37,4,2934.63
28102,20250428,20740,194,9,31,1,300.57
15183,20250131,20116,151,6,7,1,1945.61
26715,20250412,20900,119,6,17,1,3490.92
14914,20250206,23195,190,3,32,1,5438.16
26983,20250329,23096,184,9,40,3,1187.97
1098,20250521,24744,148,4,47,4,1519.79
19665,20250414,25102,173,10,46,4,227.85
24592,20250419,20862,193,6,18,4,1220.28
13530,20250423,20399,185,4,48,5,2801.76
10722,20250626,25068,102,3,38,3,2799.75
19828,20250303,23306,103,9,3,5,650.18
28956,20250531,23867,128,3,1,2,5519.59
7720,20250303,21535,105,7,20,1,349.07
10193,20250314,22301,179,9,40,5,1653.88
15202,20250106,20126,110,10,40,4,1558.84
16596,20250618,21079,170,10,10,5,582.44
3822,20250624,22339,162,10,44,1,1361.94
14150,20250313,21522,108,8,9,5,1585.84
27280,20250126,24910,160,6,3,5,1750.32
7089,20250315,20370,135,9,1,2,1462.9
22607,20250525,24536,115,8,29,1,1372.48
26237,20250501,24612,103,3,20,2,7212.68
16450,20250109,24860,166,3,34,2,5342.18
9724,20250117,25863,110,5,1,4,1240.51
14138,20250331,24503,148,4,7,2,2936.81
3013,20250128,22771,103,1,29,1,3849.65
9073,20250308,22576,108,8,44,3,285.83
4310,20250509,25097,136,7,37,3,1980.85
11415,20250123,25432,183,5,31,1,1616.69
20891,20250424,20941,155,2,31,2,7067.74
15536,20250221,22708,137,7,43,1,1293.75
26193,20250620,25851,144,9,32,2,1768.69
28540,20250514,22892,110,7,23,2,1384.25
29821,20250624,23664,146,4,1,1,2519.79
11087,20250529,25015,198,10,35,5,1158.59
27747,20250424,22557,103,2,3,4,2926.34
29529,20250119,23954,185,4,21,4,948.05
11769,20250610,20511,182,6,47,5,3629.5
20827,20250222,22236,160,2,10,3,3994.28
25142,20250404,23172,158,6,19,3,3578.29
24927,20250418,24345,117,10,13,1,1208.79
21297,20250413,21345,141,10,19,3,1957.12
28293,20250515,21815,121,3,28,1,2149.54
811,20250121,24864,180,7,11,3,749.99
17061,20250502,22577,177,3,3,2,2501.68
14100,20250215,24113,190,6,21,4,2333.57
3715,20250322,21754,125,9,17,2,208.03
18634,20250109,20839,105,8,19,5,1866.1
26721,20250313,21267,175,4,5,5,2664.77
225,20250410,22324,187,7,16,2,1972.91
3847,20250429,25889,112,10,6,5,1028.48
13907,20250516,20646,107,9,44,4,1519.87
20840,20250302,24560,104,8,5,3,1041.21
29246,20250108,21332,107,7,10,3,293.92
25648,20250627,24680,199,8,18,4,301.56
3019,20250404,25273,165,10,39,2,954.96
29367,20250411,24360,130,8,3,4,1604.07
16890,20250323,22016,108,4,14,2,3135.83
3262,20250207,24860,190,4,20,3,1529.28
11106,20250320,22951,121,4,20,4,1548.11
29178,20250524,24631,103,4,10,4,3148.59
29131,20250426,20294,177,1,22,2,4940.11
16776,20250421,20406,133,5,16,4,879.21
23377,20250305,20053,105,2,27,2,6364.58
4160,20250109,22728,198,3,41,4,6304.95
11215,20250301,21199,160,10,45,2,1939.96
10225,20250131,23045,178,7,12,5,1572.6
17614,20250305,24865,104,10,13,3,1507.01
26456,20250325,21191,172,9,23,4,288.06
13481,20250228,21410,188,1,26,3,2965.44
20525,20250131,25005,157,3,28,5,3222.61
23299,20250220,25018,182,2,33,4,5790.61
7592,20250109,23651,132,1,31,2,5779.75
15192,20250622,25710,112,9,13,2,603.9
13416,20250420,21279,142,6,12,5,2017.98
10377,20250329,21089,176,3,6,4,7440.54
3512,20250303,23617,133,4,47,2,2168.83
7820,20250116,22935,149,10,2,2,1590.97
25227,20250625,22685,196,4,21,2,2366.76
19619,20250214,22227,191,9,24,4,1791.91
6604,20250626,22984,147,9,23,1,838.73
21281,20250309,21823,131,6,23,4,3263.87
11226,20250312,20031,193,1,50,5,7596.36
28918,20250128,21395,147,2,14,2,5983.19
16877,20250418,20778,149,5,40,4,3672.45
1536,20250331,24871,151,8,17,3,1384.14
2879,20250626,23678,116,2,39,5,4852.15
5141,20250125,22218,107,9,35,1,1265.93
6308,20250411,20086,158,5,13,4,2829.72
3653,20250116,21806,198,3,49,5,6909.24
17717,20250427,20958,186,5,9,3,2357.06
6341,20250504,21520,140,4,50,2,2377.49
25981,20250104,20796,114,4,9,3,3874.49
10431,20250407,20215,125,2,10,4,4253.36
10091,20250412,20647,196,6,29,1,2635.38
18477,20250414,20018,115,8,14,4,874.51
28402,20250620,25595,154,4,16,5,3090.4
20395,20250131,22942,144,10,15,3,1603.19
28256,20250319,24730,154,4,12,4,2961.13
18506,20250413,21630,179,7,20,4,1479.74
5715,20250330,25424,146,2,20,3,6674.86
19246,20250130,20192,148,1,20,1,5984.22
29136,20250622,25241,105,7,35,2,731.32
26229,20250611,25008,181,1,23,1,6852.86
9202,20250528,21942,114,3,42,3,2616.72
6813,20250111,25810,121,1,13,4,3818.37
12492,20250619,20557,131,7,18,2,559.76
26645,20250617,23921,106,1,23,5,2583.34
21720,20250306,22477,176,9,27,2,398.11
8798,20250626,23331,195,9,22,1,1651.44
29966,20250626,20073,115,8,30,5,465.16
29546,20250128,20158,164,1,49,4,3942.26
20458,20250419,23123,114,10,27,5,1618.05
25244,20250106,20365,135,5,33,3,3709.87
16599,20250215,22725,163,1,24,3,5077.27
25211,20250425,24716,129,9,48,3,1568.61
13916,20250218,21541,126,1,39,3,4855.23
246,20250421,24074,126,1,39,4,7172.11
5484,20250305,22728,179,9,45,3,1820.46
5325,20250102,20111,190,5,8,2,826.75
12378,20250412,25454,165,9,44,2,1511.13
14946,20250618,21171,184,5,41,2,2922.79
19348,20250415,23550,123,5,36,2,2192.68
11270,20250513,22292,131,6,1,3,3003.17
309,20250128,23406,159,8,13,2,535.66
27401,20250410,25792,150,4,32,4,2601.07
23601,20250225,22229,172,1,43,3,3348.99
15843,20250616,20799,126,5,49,2,3641.05
17647,20250314,23504,133,9,50,4,656.43
20779,20250212,21985,166,3,17,5,3490.35
10570,20250329,23418,110,4,13,1,1449.45
8166,20250228,22597,196,5,3,2,3724.09
9348,20250624,21958,151,3,18,4,4983.16
7202,20250114,20216,195,3,32,2,5694.45
19063,20250503,25896,190,1,17,3,4368.56
12308,20250405,21092,193,8,27,5,914.89
27223,20250109,20244,179,9,8,5,1854.69
60,20250207,21510,158,9,41,1,733.24
17648,20250227,23608,119,10,32,3,1822.13
7261,20250621,24153,155,2,17,3,3894.01
15895,20250604,20508,159,5,41,4,3487.15
28554,20250507,21957,175,8,37,5,504.79
27048,20250531,22700,162,5,25,3,3789.38
24150,20250610,23789,128,1,28,1,5753.05
1363,20250124,20129,185,1,10,4,2897.7
11207,20250515,25681,104,9,17,1,1468.77
14387,20250612,20723,150,8,12,3,807.62
16308,20250511,23110,107,1,29,3,4455.11
18252,20250119,21026,159,3,1,2,2095.65
18559,20250401,23160,105,10,41,2,1305.37
24039,20250209,23106,152,6,9,4,1370.53
23692,20250124,22767,159,8,23,2,1773.1
26067,20250215,23250,165,4,35,2,3340.08
1871,20250618,22287,124,4,4,3,2267.64
13115,20250404,21257,177,7,16,5,485.4
26416,20250505,21252,142,6,26,5,3389.6
1167,20250121,20060,153,5,12,5,2200.42
6537,20250101,20890,112,5,9,5,838.23
13628,20250428,21016,158,9,18,5,1404.62
21229,20250606,21094,150,4,46,2,3662.12
13652,20250620,21385,114,8,36,2,384.27
25939,20250127,24736,151,3,13,3,3198.39
1420,20250618,25633,165,10,45,5,974.85
29326,20250411,20178,170,5,16,5,2573.35
14203,20250408,25448,120,1,7,5,6211.76
24545,20250520,22010,176,5,40,1,2142.07
17022,20250208,22611,101,6,44,2,3300.69
19140,20250125,20690,194,5,46,5,2190.84
25899,20250415,22325,118,2,3,3,4787.78
25590,20250406,24185,130,8,22,1,344.48
2206,20250214,22062,185,8,25,3,1355.03
25111,20250515,23032,148,7,47,1,1190.42
5937,20250620,22026,123,1,32,1,6154.64
25078,20250122,22693,138,9,10,4,410.12
16268,20250114,23902,184,9,36,4,1278.29
6422,20250622,25180,193,1,7,4,6486.49
10701,20250408,25877,126,9,31,4,654.8
27773,20250108,21651,175,3,50,4,6766.45
13283,20250106,23061,103,1,43,5,2021.03
18987,20250601,21154,191,9,30,2,1587.09
6661,20250528,24309,156,8,28,4,288.42
1206,20250303,21412,193,6,6,2,2986.25
6678,20250527,23246,190,1,12,4,3649.71
21548,20250414,25571,117,9,8,2,1534.49
9823,20250416,21395,120,4,39,5,3697.48
20549,20250407,21773,198,1,15,5,7775.09
9223,20250329,24075,139,1,11,1,6643.18
11362,20250303,22391,144,6,38,2,3360.96
15309,20250210,20289,169,4,50,1,3297.23
16046,20250101,21589,195,8,41,3,1528.7
4291,20250122,24794,176,6,3,4,3591.44
25750,20250123,24770,140,9,17,4,978.69
6196,20250620,25139,147,8,27,2,1558.6
2928,20250102,24617,128,6,31,1,956.1
11305,20250123,23704,188,2,9,2,7281.24
6840,20250503,20708,176,4,38,3,1993.66
12660,20250203,24179,147,7,42,4,250.62
4592,20250511,25099,163,5,15,1,3521.51
26360,20250121,24051,121,3,15,5,5955.47
5626,20250206,21146,110,2,40,5,2750.68
8543,20250529,22322,120,9,34,2,537.92
587,20250129,25009,152,7,29,5,759.22
11839,20250601,20704,102,10,13,3,867.1
10338,20250609,22513,153,3,7,3,5340.09
28917,20250305,21351,101,2,47,5,4665.01
3044,20250617,23879,150,6,49,4,3070.46
15777,20250513,25840,135,4,21,2,2988.32
22318,20250615,21856,116,5,27,3,3798.22
26079,20250129,23996,195,2,44,4,3094.04
9675,20250331,24599,146,8,35,2,542.24
22146,20250210,22637,155,10,31,4,586.45
20673,20250302,23866,182,8,11,3,465.15
11477,20250513,20147,188,7,49,5,491.86
11366,20250603,22098,116,6,7,4,1542.64
16583,20250526,22308,119,6,50,3,3862.08
14846,20250408,23076,136,7,36,4,1801.42
16630,20250125,23172,199,5,18,4,3766.99
14695,20250305,22379,124,5,16,2,3216.74
19756,20250317,24649,152,8,50,3,1323.47
27725,20250608,23776,196,4,44,3,847.92
19762,20250420,20368,178,5,45,4,3730.64
1188,20250407,21178,170,8,15,2,364.01
19517,20250404,22268,148,10,19,1,1558.19
21445,20250516,24789,115,7,25,2,1216.29
8930,20250628,22659,153,1,2,1,6615.82
28996,20250308,23758,124,7,31,4,1600.97
23971,20250502,25132,153,3,17,1,2887.12
13596,20250131,23630,114,10,26,3,1468.99
13647,20250128,21523,181,2,34,4,4136.96
10676,20250515,24594,123,7,20,4,1470.41
25925,20250104,25699,133,1,26,3,6304.3
29960,20250120,22708,191,2,10,3,2041.47
15878,20250125,21268,186,8,33,5,1755.55
18329,20250329,25999,185,10,14,5,1205.49
17613,20250123,20514,129,7,29,4,1373.69
14938,20250402,20728,161,4,1,4,1268.78
13191,20250514,22489,172,2,23,2,5597.8
17562,20250418,23102,190,7,29,3,1446.34
3718,20250607,23557,138,8,46,1,824.99
13254,20250513,24475,152,7,19,4,1251.32
1145,20250430,20232,185,1,27,3,7796.53
27961,20250315,24974,128,3,38,1,5765.76
4631,20250525,21606,135,2,47,5,6403.63
23306,20250608,23044,142,1,36,5,7109.78
1159,20250210,25675,169,3,19,4,5221.14
25814,20250615,24911,127,4,16,3,1773.36
8979,20250208,23921,155,4,2,2,1474.36
28933,20250504,23494,145,7,43,5,435.32
13170,20250530,25706,199,7,21,2,1312.96
23203,20250204,21285,181,5,11,2,3887.95
21884,20250101,21518,189,4,24,2,2730.15
7739,20250507,24545,113,3,47,2,6556.14
3883,20250612,21353,126,8,18,1,854.82
26966,20250307,23130,115,6,19,2,1715.75
14652,20250610,23335,145,1,6,1,5715.17
26845,20250226,22208,176,10,13,2,1917.21
26731,20250328,24673,153,1,8,1,4772.63
3873,20250407,21705,132,3,47,3,5897.32
23028,20250131,24037,136,3,4,5,7014.53
4808,20250614,24995,123,3,7,1,7770.92
18497,20250508,20064,173,5,27,5,1639.98
9249,20250403,21942,158,6,1,5,3206.06
2947,20250217,20285,157,1,39,2,5655.21
19510,20250507,25131,171,3,49,3,3728.63
7604,20250121,23409,173,7,14,1,1778.89
21002,20250529,20908,103,4,1,3,2259.33
20785,20250218,21824,141,7,15,1,840.49
24690,20250419,23139,182,9,3,4,947.13
27099,20250602,20269,141,6,26,4,2852.13
17769,20250316,23298,156,7,17,5,1717.15
5319,20250303,22854,107,2,10,3,4548.3
27661,20250204,24863,113,8,32,5,1633.38
13214,20250219,21476,115,9,48,4,1954.98
29191,20250318,25704,197,1,42,3,3726.37
11505,20250109,22659,180,2,27,1,4271.5
28250,20250521,25299,172,8,11,5,730.81
4206,20250129,22001,114,8,19,3,1128.25
14364,20250121,20644,189,10,10,2,1806.26
10616,20250228,22901,174,1,34,5,2956.56
5031,20250502,20281,117,4,33,5,1448.64
22775,20250122,23321,110,9,22,5,1243.04
26514,20250504,20004,186,9,17,4,1271.57
8411,20250110,20843,138,4,28,4,3443.06
18366,20250412,21528,126,3,15,4,6145.27
9481,20250505,21486,177,7,17,5,304.55
9153,20250401,25618,165,2,10,2,5779.75
3729,20250504,21655,184,3,29,1,7592.66
2967,20250305,24427,101,9,13,4,1616.13
10429,20250109,20387,111,4,31,1,2972.56
14546,20250610,23496,116,4,32,5,2745.46
23761,20250107,20091,135,5,41,2,1254.48
15205,20250219,25867,182,5,30,3,3783.03
16779,20250414,23637,145,10,37,2,1803.38
19855,20250318,24642,160,8,36,1,1848.57
10665,20250414,21583,120,8,43,5,1264.9
16265,20250606,20068,123,1,13,2,3115.99
29770,20250315,20460,175,4,45,1,3044.56
26076,20250314,20276,182,10,42,4,841.31
17932,20250514,22088,124,6,47,3,976.03
9442,20250504,22485,196,3,34,4,3623.39
16073,20250330,25022,200,9,39,1,1402.57
23920,20250227,22363,150,10,18,3,918.42
17138,20250504,21085,179,7,2,5,586.74
19864,20250119,22479,127,10,29,1,1612.71
26751,20250508,20428,109,1,28,3,7171.94
14775,20250508,24752,179,3,5,1,2935.78
3942,20250322,24657,152,5,20,4,3838.93
17855,20250510,20828,131,3,28,3,3394.03
96,20250219,23924,193,1,26,5,5072.17
6280,20250331,22605,200,10,11,1,1711.11
26429,20250604,22252,136,9,27,4,842.04
28466,20250606,22125,127,2,24,1,3256.78
27623,20250508,21625,184,6,43,2,2841.18
28377,20250224,22431,126,7,39,2,1796.39
10918,20250314,25093,114,6,18,3,1000.99
27235,20250420,25747,179,9,18,1,274.28
15172,20250324,23282,158,2,16,5,2527.06
963,20250330,20553,173,10,42,2,768.52
26241,20250413,25101,113,5,16,3,1341.59
13176,20250210,22461,166,7,40,4,1591.28
27088,20250320,21529,111,7,24,4,1985.37
13399,20250211,23080,175,7,25,1,1655.75
26091,20250202,20229,136,6,23,4,3112.29
25325,20250201,25611,106,10,48,2,1683.38
6809,20250325,25013,112,1,12,5,3587.8
18128,20250613,24017,117,7,41,3,1654.83
22888,20250530,22809,186,2,34,3,5457.93
18318,20250331,22812,115,6,9,2,3713.55
22376,20250526,24392,191,2,5,4,6361.77
21019,20250329,25067,165,7,45,3,1696.55
12803,20250311,20581,116,4,50,5,1753.98
29141,20250112,25976,178,3,29,5,7379.61
18202,20250418,21667,190,5,46,2,3385.72
2350,20250312,24810,160,2,29,4,3968.04
27616,20250430,23447,129,3,23,1,3381.9
17334,20250519,22139,180,10,39,4,438.14
29783,20250621,25682,195,10,5,1,1901.97
8829,20250523,20922,102,8,16,2,1263.98
8811,20250607,22770,173,6,27,2,3001.28
2622,20250619,23498,160,9,37,1,976.13
28636,20250613,24799,156,1,20,1,7822.19
9571,20250328,23985,114,1,10,5,4531.87
14182,20250506,23242,181,1,44,1,2945.5
17662,20250419,22611,136,8,21,1,947.5
13873,20250610,22870,185,4,50,2,1707.07
11204,20250402,23749,102,6,49,5,3592.03
3583,20250108,23536,149,7,8,4,211.93
18248,20250110,23346,137,2,37,5,3754.19
14815,20250313,23237,113,3,31,3,2812.3
3296,20250326,21835,125,2,14,1,4166.7
22107,20250315,23579,157,8,12,2,459.97
4402,20250124,22490,157,2,17,4,6698.28
29523,20250106,23544,190,7,42,3,1822.55
2404,20250116,21279,168,1,29,3,7247.43
15363,20250425,21097,118,7,18,2,1980.26
23298,20250522,21845,140,2,7,5,4588.1
25449,20250129,23831,138,5,14,3,1525.42
12580,20250414,20272,127,2,22,3,6255.88
9578,20250524,25733,139,7,49,4,481.42
19670,20250517,21847,200,6,29,4,2521.38
2110,20250327,24746,124,1,22,4,5176.27
22149,20250202,24770,103,7,43,5,734.82
28103,20250209,20729,119,5,3,3,1433.03
26204,20250513,22624,109,1,25,3,6400.82
10710,20250310,21668,122,7,26,5,1835.73
411,20250531,23512,190,10,43,3,283.05
6550,20250409,24614,148,1,18,3,5312.46
10689,20250126,22253,189,2,44,1,4732.5
14841,20250120,22659,177,1,22,5,3383.42
2190,20250315,24373,137,5,18,2,3250.53
20546,20250121,20147,190,9,23,3,1009.28
25661,20250301,24987,193,7,24,3,381.69
2817,20250307,21007,189,2,24,3,3246.93
28283,20250423,20854,136,10,35,2,399.14
12262,20250531,24858,200,6,48,4,2275.19
10232,20250613,25910,118,4,17,5,1757.58
19898,20250413,22999,162,8,43,5,1804.46
12600,20250513,25522,108,8,22,2,1284.14
28137,20250625,20862,135,7,31,4,1719.4
26182,20250607,23191,124,4,49,3,3640.04
23879,20250309,23748,187,7,18,2,1101.71
4586,20250409,21030,122,7,27,4,1013.41
18516,20250310,23168,198,8,39,4,863.98
12551,20250426,23766,172,5,31,2,2757.25
23827,20250609,20734,147,4,34,5,2984.63
21802,20250207,24421,170,6,7,4,3971.1
23762,20250327,23451,136,4,47,4,3691.98
11356,20250608,21979,180,9,31,4,923.77
4418,20250302,24438,172,3,16,4,7552.65
12055,20250413,25493,110,2,44,3,2848.54
8966,20250508,23911,162,8,40,2,405.49
29032,20250319,24337,183,10,32,5,1280.23
12951,20250610,21285,178,2,36,2,7235.55
17545,20250509,25421,127,5,47,5,2121.38
4042,20250527,20132,102,5,11,3,1375.11
16574,20250224,21864,156,3,45,3,3147.92
1655,20250622,25836,109,1,14,5,7887.49
28828,20250627,23050,186,9,41,5,244.25
16707,20250401,21890,109,5,11,1,1900.01
13789,20250504,21182,188,9,50,4,1453.03
25397,20250206,24121,111,10,25,3,1941.57
21514,20250501,21225,117,5,44,2,1688.51
11977,20250207,24137,123,5,31,2,936.92
15220,20250623,21198,176,8,3,4,325.3
13151,20250428,22360,140,3,22,5,3262.37
3063,20250126,24524,101,5,6,4,2795.26
22074,20250503,20389,185,1,39,3,2289.42
14336,20250403,22913,124,3,5,3,6670.57
11275,20250616,24625,139,3,22,5,3921.94
15727,20250404,24706,138,6,42,5,2974.55
27839,20250203,20740,138,8,21,4,779.89
15341,20250412,20153,139,9,42,5,1615.92
19610,20250109,20909,119,5,32,2,1883.48
2248,20250601,22711,105,8,29,4,1574.81
6358,20250626,21128,126,6,21,3,3824.78
1136,20250326,22402,136,8,22,5,1893.27
21838,20250504,24376,157,2,40,1,6130.01
26566,20250612,25993,199,6,3,2,2813.01
19546,20250214,20422,172,10,39,4,618.97
6492,20250407,22365,174,2,12,2,5595.71
4715,20250625,25257,117,10,47,5,1267.01
18944,20250504,25832,162,5,33,3,2311.5
23267,20250206,21655,178,1,18,1,2772.87
24655,20250127,22045,152,2,8,2,2427.08
9977,20250121,24732,198,1,16,4,2938.1
7004,20250411,21018,187,1,4,1,6579.15
9930,20250623,23574,113,3,44,2,4309.18
18457,20250218,21262,114,10,20,3,1937.43
15585,20250607,20899,199,4,40,1,1509.99
28728,20250621,21932,128,5,41,2,2009.21
10131,20250215,21477,168,3,10,1,7568.19
7483,20250302,21300,181,4,25,1,1775.0
22697,20250227,20505,175,7,40,2,1882.27
29957,20250318,25406,122,8,38,1,1768.73
18420,20250318,23949,125,8,28,3,1890.24
22269,20250602,22323,190,5,34,3,3345.82
8252,20250604,24138,118,7,13,4,1858.41
6307,20250608,25196,181,8,22,1,616.65
24602,20250523,22125,192,10,19,5,906.47
12256,20250321,21708,176,5,3,1,2441.53
13133,20250502,24568,160,1,33,3,5664.18
28105,20250410,24781,131,4,20,2,1573.11
26518,20250512,23655,199,6,20,5,3947.71
2459,20250613,20852,157,7,17,5,1264.05
29829,20250627,23322,135,10,29,3,462.22
9762,20250613,23942,107,6,5,5,2351.05
10854,20250322,24751,144,9,19,3,1484.66
15134,20250401,20343,170,10,13,5,219.35
19525,20250414,21050,195,5,23,5,1051.93
5218,20250610,24875,105,3,10,5,2413.76
27686,20250426,22877,125,6,40,3,3716.45
14276,20250415,23412,200,3,37,1,7493.94
23632,20250301,21527,131,5,30,5,3353.83
19604,20250511,22941,106,8,13,4,1934.49
15539,20250110,24166,118,4,10,3,1142.79
26609,20250317,25393,124,6,50,3,940.03
12799,20250326,20436,176,4,35,1,3994.01
13315,20250205,21296,105,8,14,1,607.09
10622,20250331,20805,145,7,9,4,1700.95
25501,20250205,24724,115,6,14,5,2349.5
3473,20250421,25448,139,2,29,1,3584.7
4681,20250417,21855,189,7,42,1,1657.73
26877,20250302,23997,123,3,39,3,5299.86
16939,20250503,22151,142,2,40,1,5722.59
9044,20250518,20995,132,2,13,1,7933.52
21049,20250618,20387,193,5,41,2,2549.9
2147,20250409,21313,147,3,10,1,6268.39
22806,20250126,21714,178,1,4,2,7513.0
27615,20250330,21673,180,6,21,3,1817.51
12797,20250120,25151,101,9,47,5,1735.61
17546,20250320,22946,119,4,13,3,3637.45
21179,20250415,21344,156,1,34,5,2507.29
19180,20250227,20875,165,7,11,4,363.56
611,20250623,25637,136,2,20,1,2919.06
7947,20250117,25260,153,4,17,2,2804.98
14225,20250116,20043,121,2,33,2,3794.7
6519,20250321,20381,138,2,42,4,5072.39
23814,20250301,20916,197,2,38,2,7892.37
5352,20250126,20696,195,7,36,2,925.27
644,20250413,25545,132,10,23,2,963.6
1465,20250118,23817,168,4,44,5,1846.19
9620,20250514,24732,123,9,25,4,1312.66
12828,20250411,25880,153,6,15,1,1049.9
25036,20250414,22576,127,4,8,4,2811.83
22175,20250516,21766,150,4,37,1,2333.14
23478,20250405,20452,125,6,17,3,3108.66
7859,20250621,20865,138,5,44,5,1679.45
19598,20250429,23014,105,5,10,2,1727.01
5334,20250303,25105,128,8,41,2,1295.1
28858,20250321,21688,165,8,7,3,547.24
21912,20250608,22542,187,7,44,3,1821.34
11855,20250228,24905,127,4,15,4,3635.5
25480,20250308,24911,141,3,27,2,6459.49
22185,20250512,25869,153,5,23,2,1352.14
6546,20250528,20012,174,8,6,2,752.37
20031,20250124,21417,113,4,12,4,1372.89
11661,20250212,23023,177,7,14,4,225.1
26862,20250525,25708,109,1,23,1,4317.46
24360,20250114,24355,112,10,48,1,596.06
22740,20250531,25690,177,7,36,2,984.34
6271,20250108,22073,186,4,21,1,3611.05
25491,20250206,25906,113,4,31,2,1308.88
16845,20250121,21084,158,4,21,3,3308.85
19789,20250106,23708,169,1,41,3,7920.78
22141,20250108,20169,114,5,40,5,2818.56
12251,20250228,20924,192,4,48,3,1015.82
29353,20250103,20377,105,8,28,2,1499.74
29918,20250129,21995,182,3,27,3,3526.3
26282,20250225,22208,174,2,36,4,5007.34
14469,20250527,25209,143,8,8,2,1961.67
23040,20250202,25328,113,1,14,2,7655.9
361,20250328,23191,115,10,39,2,911.77
21066,20250110,21330,191,5,48,3,2482.28
14463,20250109,22044,199,1,43,2,2702.8
2911,20250116,25278,155,3,19,2,2761.58
15938,20250418,22424,119,4,9,2,2791.7
2200,20250131,25345,140,6,14,3,1961.82
24154,20250625,22514,184,2,18,2,7971.21
6872,20250120,20625,165,7,16,4,223.57
6406,20250104,20598,121,8,40,5,1650.38
26994,20250604,23208,197,1,6,3,3826.27
27954,20250520,23769,130,5,7,4,1482.11
15197,20250523,21744,128,8,32,5,1068.91
4140,20250302,20313,140,7,47,1,1123.14
7945,20250220,24764,188,1,9,2,7121.01
22783,20250530,25188,168,5,7,1,1970.13
27632,20250411,25729,189,10,41,3,1819.61
25864,20250429,24456,182,4,33,1,2710.47
10506,20250216,23386,165,8,50,4,537.2
9415,20250414,22862,105,3,40,4,4689.07
20012,20250413,24722,111,9,19,5,1513.08
12515,20250320,24104,192,9,19,2,624.19
6757,20250128,25292,161,2,50,1,5275.3
1523,20250110,24785,187,7,26,1,1013.76
21034,20250220,22343,115,3,10,4,6084.95
19830,20250214,22965,164,2,48,5,2128.93
21878,20250328,24311,170,5,42,4,2868.47
2183,20250324,21554,194,8,10,1,1382.81
3497,20250413,24854,119,8,45,1,1035.05
25203,20250312,21433,164,4,41,1,1519.34
24373,20250427,20955,144,4,6,3,3058.1
13091,20250629,24838,128,8,18,4,304.91
14676,20250521,21876,124,4,31,2,1110.32
19016,20250114,21165,127,5,15,5,2513.56
18886,20250329,24604,180,8,20,3,984.36
3376,20250312,20817,187,8,24,1,929.72
17760,20250601,25815,129,3,16,2,3888.19
12327,20250613,21736,171,2,35,3,3431.03
14238,20250502,22131,169,4,48,1,1426.34
8843,20250322,23322,107,3,10,2,5996.42
21446,20250319,20606,171,4,11,3,1481.25
18442,20250303,24230,104,7,41,5,1440.07
15591,20250403,22637,137,8,27,5,701.67
11844,20250131,23267,199,5,24,3,2382.97
22981,20250415,23112,200,4,43,4,1574.8
18130,20250408,25769,136,4,24,4,2376.87
20756,20250608,21244,190,5,12,1,3890.22
17842,20250310,22039,177,10,10,1,1689.92
27163,20250426,22672,194,7,22,3,729.22
21221,20250406,21903,183,6,8,4,939.77
18737,20250611,25274,195,6,38,2,2303.53
24100,20250514,21293,135,6,39,1,1180.09
9953,20250426,21904,174,3,14,1,6188.79
13853,20250627,24639,148,4,7,4,3720.44
29527,20250204,24668,189,10,42,1,1378.52
1761,20250529,25270,135,4,18,1,3276.83
14544,20250604,20613,164,5,48,4,1417.03
17216,20250430,21233,173,10,39,5,342.55
17605,20250619,25361,195,5,9,4,1499.48
19194,20250513,21149,114,3,40,5,5866.47
21578,20250518,24370,152,3,37,5,2773.43
14752,20250421,23327,106,3,50,5,4105.95
17896,20250214,23803,118,4,42,5,2673.25
10629,20250508,23315,113,9,44,2,1598.74
15656,20250123,25407,190,4,38,2,2684.48
18760,20250613,20178,119,4,9,2,3264.21
12086,20250516,21208,103,1,21,2,7807.66
8897,20250530,23718,175,7,15,3,1214.77
21073,20250410,23074,113,1,9,4,6143.86
8065,20250521,21553,144,4,34,1,3221.63
11178,20250209,22737,128,10,27,1,244.36
16927,20250420,21279,196,1,46,4,4571.77
4039,20250614,25292,105,4,40,1,2008.78
4864,20250522,25546,191,1,20,2,4790.45
26919,20250304,21267,195,10,16,1,289.97
20719,20250301,24648,148,7,9,5,1524.92
13209,20250320,23314,113,8,36,5,1170.11
27704,20250601,25140,200,7,34,4,1040.57
4506,20250214,21415,195,4,4,5,2960.21
11959,20250116,21391,103,10,27,2,1086.32
10810,20250109,23439,150,9,22,2,1986.71
14753,20250414,24090,170,7,45,2,708.59
11300,20250527,23570,127,3,31,1,3798.31
5474,20250625,25558,131,9,1,3,1768.7
20135,20250108,21154,115,3,50,1,6868.87
2800,20250423,23297,176,7,33,4,394.41
2236,20250501,22555,193,8,41,1,982.19
5717,20250624,25219,180,9,32,3,1834.64
17812,20250513,20004,133,8,13,1,1841.28
3169,20250402,20759,138,2,7,2,5077.29
8299,20250401,24760,175,4,50,2,3728.24
17382,20250318,20801,107,1,2,2,6406.62
29264,20250303,22792,194,9,41,2,587.46
15666,20250106,23112,143,4,25,4,3218.24
19319,20250511,21916,192,10,25,4,1984.68
14645,20250325,23736,162,10,18,3,1120.78
20647,20250216,22824,136,3,37,4,6993.06
9056,20250218,24895,102,7,49,3,1022.88
27639,20250407,21631,165,4,20,4,2101.3
22393,20250217,23822,102,10,43,5,581.51
22309,20250304,25655,186,6,40,4,3898.86
8498,20250522,25735,147,7,46,1,680.51
12370,20250326,25010,129,1,36,5,6526.81
22228,20250413,25225,155,2,10,4,6853.04
25386,20250123,20444,192,9,22,5,697.58
5690,20250514,25309,157,2,2,5,6321.01
19073,20250426,21627,136,6,23,3,3090.88
6716,20250530,22927,196,5,20,1,1485.95
22206,20250228,24553,181,6,44,3,2426.54
16997,20250208,24016,143,7,19,2,1478.7
4025,20250330,24007,191,1,34,5,5460.82
22470,20250515,22735,104,6,28,3,1974.54
17287,20250328,20946,166,1,17,3,7233.99
24524,20250328,22139,129,9,27,4,1967.54
10250,20250203,21801,190,10,29,2,1744.84
17319,20250123,23398,105,1,46,3,6263.74
19599,20250529,20227,167,4,22,4,981.11
1749,20250205,24744,129,3,6,4,6803.86
11625,20250412,24695,155,1,17,4,6529.61
28113,20250318,25808,178,7,10,3,258.96
10139,20250612,25902,153,5,43,4,1995.35
6686,20250413,24594,118,4,37,3,812.75
13313,20250605,23159,192,10,36,4,556.54
585,20250608,24039,155,2,17,3,6739.45
12960,20250610,24544,132,6,34,1,1468.41
6226,20250428,25873,177,10,17,4,1910.82
22677,20250615,23957,181,1,34,1,4057.64
5012,20250128,22754,183,4,3,3,3707.19
14930,20250409,20291,107,8,23,2,1231.07
15422,20250109,24603,200,2,17,1,7888.85
2316,20250319,24306,162,10,37,5,1074.95
23357,20250322,24624,149,2,49,4,7097.11
6171,20250604,21231,148,10,2,4,1370.78
7878,20250116,21801,135,10,31,4,1565.01
13827,20250303,25603,153,4,41,2,3397.27
15826,20250304,20745,196,8,45,1,1513.42
18107,20250610,24714,103,7,7,3,1210.83
4014,20250507,22778,183,5,13,1,1402.48
25011,20250511,20418,188,8,48,4,845.26
8888,20250205,24307,165,1,13,3,2075.88
24671,20250417,20616,150,9,48,4,1917.62
6467,20250326,22031,112,5,44,1,3498.43
7094,20250423,24500,109,9,19,4,534.5
1021,20250623,22890,119,9,33,3,1787.47
10827,20250217,23602,186,3,21,2,5297.67
1534,20250628,21594,153,5,18,3,3453.69
484,20250425,23766,133,6,2,2,3515.01
21238,20250420,21528,130,10,17,2,409.54
708,20250519,20760,145,4,25,1,3499.83
2713,20250228,21628,162,10,37,2,935.16
4338,20250508,23834,161,7,49,3,555.56
10880,20250606,25420,163,8,15,5,1882.7
19396,20250604,22317,132,6,36,3,2339.71
10379,20250412,24836,182,3,36,3,4984.49
10842,20250422,24746,175,7,28,5,1643.46
23902,20250423,21290,137,5,26,3,1533.18
27468,20250112,25521,161,8,8,3,1768.87
28227,20250226,21026,139,5,25,5,2070.91
10446,20250628,22418,150,5,35,3,2667.55
578,20250413,22282,142,9,36,2,233.25
15726,20250228,21585,147,5,45,4,3273.35
14730,20250309,20521,121,6,10,4,1011.28
6668,20250524,22625,115,9,45,3,1978.93
4915,20250616,21867,122,3,6,1,3506.99
27337,20250609,25031,144,5,8,3,3322.26
3948,20250416,24371,132,2,42,1,4010.9
19085,20250624,22581,118,4,26,4,3059.14
12349,20250604,24479,193,10,9,1,1407.94
4270,20250315,21778,111,8,44,1,1688.26
10367,20250514,24156,117,5,24,5,2454.53
21697,20250119,24136,111,6,15,3,1067.05
18487,20250507,25469,175,9,23,5,1039.22
7662,20250429,20298,196,2,4,1,5212.93
1625,20250529,20751,104,5,33,4,3963.24
9542,20250510,22030,200,5,38,5,3040.77
24777,20250627,25375,167,9,13,5,357.83
9976,20250605,20019,182,7,38,1,1290.07
3541,20250321,24898,102,3,31,2,5065.4
23126,20250531,24112,178,3,18,2,7966.65
29180,20250317,22475,101,7,25,4,940.43
1577,20250122,23507,164,4,48,5,3165.94
16853,20250123,20088,134,9,28,4,268.29
21057,20250101,21587,166,10,6,3,1374.93
21069,20250422,22343,167,9,11,2,1689.34
11308,20250115,21893,154,8,14,1,361.81
12855,20250221,21909,174,3,1,4,2948.04
6233,20250328,25363,191,3,26,2,7954.0
28712,20250429,21611,199,8,6,1,350.0
26750,20250601,23595,142,7,16,4,1418.45
24262,20250222,21172,133,7,28,5,1912.89
10037,20250625,23156,117,1,16,4,4238.05
14519,20250606,23626,147,6,21,5,2669.04
2113,20250319,25881,153,8,35,5,641.09
7357,20250509,23733,200,2,49,3,7857.94
13460,20250202,22292,116,5,25,4,3072.69
24588,20250603,22310,109,1,10,2,6295.39
22353,20250502,20381,171,1,6,3,2882.3
17704,20250119,24012,192,4,36,2,2671.82
3480,20250521,22197,171,1,11,5,4105.97
29930,20250528,23406,135,10,14,3,981.06
7459,20250502,25232,157,10,26,4,1342.0
19772,20250514,22493,163,5,30,5,3041.8
3616,20250609,22338,179,6,4,3,2669.07
2004,20250213,24007,165,5,24,2,1014.62
15264,20250505,21369,153,7,47,2,1961.57
10270,20250202,25369,154,6,1,2,2242.71
11869,20250316,25370,163,5,3,1,2829.52
14533,20250304,21168,168,2,20,5,5289.17
19485,20250620,22162,182,6,40,3,3744.73
11849,20250608,22414,186,2,39,5,7458.37
11791,20250521,25147,200,6,26,5,2795.1
16752,20250319,23389,113,2,29,2,5513.49
16802,20250408,24779,158,6,14,4,2731.77
24560,20250419,21242,104,4,7,4,3107.87
21214,20250214,24682,140,5,9,1,3281.79
5563,20250625,21825,106,3,18,4,3945.77
4875,20250404,20491,161,1,27,5,2814.87
11934,20250105,23407,160,5,33,1,3275.51
32,20250124,20850,152,5,1,3,3707.87
698,20250416,24099,158,4,4,5,904.51
6046,20250618,21152,123,10,14,1,457.33
632,20250303,21749,195,4,48,3,2113.74
10409,20250301,24768,184,1,44,4,5910.87
8288,20250225,20607,130,9,10,1,1786.26
19519,20250314,24442,183,8,39,3,1616.61
4768,20250328,21953,183,5,34,2,1077.69
18752,20250304,20992,128,10,49,2,454.67
25799,20250523,20352,180,10,8,4,1587.08
25150,20250120,21642,109,5,47,2,923.29
20910,20250612,23778,112,5,38,2,941.53
995,20250211,25803,143,2,24,2,3979.38
12239,20250327,23791,192,1,4,1,4449.82
4601,20250211,25178,175,6,42,1,3147.68
21544,20250311,24977,161,2,50,4,4673.31
3818,20250628,23061,182,6,27,5,3982.27
22285,20250323,21076,148,1,50,1,2412.7
17632,20250207,23976,129,4,46,5,898.27
20744,20250110,24274,111,3,25,5,5187.0
19134,20250409,23578,164,5,1,5,2278.91
7659,20250303,20423,104,10,19,3,524.46
24953,20250311,24097,192,2,31,2,5899.76
8019,20250523,22455,133,5,36,2,1335.11
7291,20250129,20665,171,3,2,2,7967.74
21171,20250109,25415,114,1,12,4,3686.18
1349,20250121,25681,148,4,2,2,2968.7
3265,20250504,21232,195,5,33,2,3723.24
29832,20250130,21061,165,1,12,2,6959.12
14907,20250527,20767,115,8,37,5,614.69
6162,20250415,21228,110,5,47,3,3230.84
29902,20250126,21422,183,9,36,3,1295.97
3389,20250401,24412,118,9,44,2,308.88
3311,20250322,25559,174,7,49,4,1387.57
26933,20250529,21248,156,3,34,4,4289.11
26926,20250308,23164,178,5,32,2,3278.43
20794,20250217,20572,180,7,8,2,1842.31
24173,20250526,22568,147,6,24,4,1770.52
10844,20250310,22727,126,2,35,5,7321.07
6884,20250510,23021,142,3,28,5,2960.61
26496,20250214,24630,109,3,2,1,5794.62
16204,20250328,23034,154,2,39,1,2654.66
12894,20250113,22199,198,9,19,4,730.44
5710,20250212,21759,188,3,13,2,7944.74
24865,20250308,22989,149,5,43,5,877.18
28569,20250101,21018,182,10,26,4,275.93
15768,20250622,23787,190,9,1,5,658.69
22528,20250604,21240,127,3,20,5,7013.95
26359,20250329,20707,103,3,29,4,7431.67
28423,20250308,25575,116,4,3,1,2019.31
12707,20250425,21666,160,4,24,2,868.83
22253,20250115,23736,115,7,18,4,1855.07
2499,20250406,21085,189,8,28,4,1953.69
12762,20250101,20049,182,5,22,1,3708.87
20685,20250127,25048,124,7,48,4,1888.33
5503,20250226,23291,129,4,23,5,1972.81
23754,20250326,25928,167,8,32,5,1685.39
5996,20250321,23129,163,5,38,4,1626.37
6229,20250501,23291,150,8,43,1,1224.34
26333,20250428,22221,107,10,47,4,250.01
17136,20250323,22366,113,8,19,2,683.66
15259,20250220,21442,177,3,5,1,6517.42
1200,20250116,23713,186,3,50,5,6854.03
27459,20250312,20230,177,1,9,2,6307.24
14508,20250228,23904,178,9,7,5,490.9
1693,20250418,22711,161,6,4,4,3898.62
20668,20250101,22183,147,5,45,4,2131.81
1710,20250118,20469,188,1,23,3,6580.84
14226,20250409,25199,167,1,27,2,4304.51
10672,20250309,24153,126,10,49,1,893.04
29524,20250604,22314,121,6,2,2,2847.7
4170,20250522,24547,153,3,37,3,2310.46
23538,20250319,25063,181,7,27,3,1619.58
27281,20250415,21443,104,2,20,3,6089.94
22750,20250325,23453,104,2,47,1,7118.13
27419,20250620,20378,161,2,10,2,6440.55
18037,20250503,23127,136,2,41,2,5031.93
18535,20250330,25227,117,8,37,2,959.7
6622,20250525,25501,112,8,13,4,1202.65
15779,20250329,25781,177,9,38,4,562.73
1609,20250311,23049,174,8,12,3,1880.79
19075,20250218,25431,133,10,44,1,1904.09
15547,20250124,24267,145,7,2,2,405.93
27744,20250411,23016,142,7,4,5,565.26
26113,20250618,20763,179,5,11,1,1569.42
3016,20250228,21281,190,1,16,1,6144.69
27499,20250416,21843,111,5,13,3,2845.86
2989,20250324,20497,199,6,28,3,3613.05
22881,20250314,24184,185,10,2,2,1959.26
4591,20250608,25366,151,4,3,2,2343.32
19453,20250524,20825,156,3,2,4,5772.8
26501,20250425,22651,188,7,37,2,851.63
26197,20250421,23180,108,7,17,3,888.32
115,20250530,20400,114,7,37,2,371.4
26960,20250528,24741,125,10,14,5,477.25
20975,20250112,20695,174,2,36,4,3454.81
2481,20250602,24785,176,6,18,2,1622.05
16263,20250612,20550,189,8,21,4,1114.24
16657,20250519,20348,147,8,45,2,1014.52
23674,20250522,21767,193,10,49,2,1252.05
28446,20250612,24074,126,10,34,1,1917.96
22291,20250104,25773,164,3,7,2,3231.27
687,20250527,20206,171,3,46,5,2678.49
2998,20250405,25657,186,6,21,4,3693.39
28792,20250125,21337,179,9,23,5,1424.16
19685,20250422,23986,138,4,15,4,2296.13
13610,20250605,21346,191,5,30,1,3488.07
9196,20250402,22365,116,2,41,3,7409.85
9357,20250227,21465,191,1,13,1,7140.04
12321,20250324,24848,134,2,12,5,5657.34
18730,20250129,25931,154,10,25,1,645.02
28223,20250404,20558,191,2,3,2,2712.54
22514,20250319,22591,119,3,47,2,5810.4
20750,20250203,23720,158,7,9,3,1073.32
27676,20250419,20090,142,7,39,3,1827.22
27435,20250324,20946,110,2,12,4,3777.58
12488,20250118,21739,187,3,39,4,4818.96
13816,20250225,21114,111,6,35,1,2807.52
14164,20250312,20686,132,8,37,4,1845.0
17327,20250620,23854,186,8,48,1,371.4
6145,20250327,21748,139,4,17,4,3805.03
839,20250121,22132,150,4,31,3,2117.3
18999,20250219,22348,123,7,43,5,1534.69
6525,20250523,21429,169,2,37,1,2706.79
15482,20250402,22446,141,4,5,3,3305.85
25851,20250504,20717,143,3,27,2,3735.64
416,20250420,23710,104,8,31,2,545.8
28876,20250530,20379,119,9,40,4,811.23
6875,20250129,20361,137,9,30,1,299.04
25589,20250117,25181,162,6,19,4,2359.69
6487,20250129,20095,185,9,8,4,343.45
10907,20250622,20004,176,2,48,1,2156.11
21583,20250502,22128,159,1,12,3,7600.09
25968,20250325,20520,192,2,8,1,7808.2
28920,20250301,23247,144,10,32,2,766.62
16214,20250129,21054,123,10,42,1,762.97
7656,20250308,21721,187,10,6,4,1872.64
14092,20250614,23523,169,5,17,3,1476.31
1433,20250402,23722,184,1,29,4,3742.14
18895,20250610,23975,119,8,17,4,1861.9
26574,20250410,23532,182,4,38,4,2582.44
26782,20250510,24510,128,2,9,2,4297.55
9935,20250405,24667,152,7,21,2,1122.79
24094,20250118,21003,124,1,22,4,2458.24
6511,20250529,21903,101,9,41,5,539.88
243,20250527,22483,200,9,30,3,320.2
25915,20250204,20359,168,5,12,1,2803.88
26867,20250217,22886,103,10,29,1,620.79
4573,20250502,25267,131,4,36,3,2673.88
29429,20250110,24706,142,2,9,1,2880.42
27245,20250502,21308,104,7,38,1,1135.44
4377,20250420,23983,166,3,14,3,5706.45
5447,20250122,20778,161,1,10,5,4948.72
23755,20250525,24137,191,9,31,4,1259.48
6675,20250213,26000,135,2,41,1,5753.86
9923,20250310,20921,153,1,35,2,6959.99
22600,20250105,25628,129,5,12,4,3158.23
20102,20250307,25454,150,5,20,4,3576.33
23492,20250403,23982,195,3,3,3,2133.47
4272,20250602,22724,165,10,37,2,1876.12
5836,20250621,21564,140,9,35,3,1498.93
28236,20250512,22198,163,1,28,1,7117.99
13590,20250617,25626,116,6,20,5,2591.24
19743,20250111,25392,172,6,41,4,1046.27
19921,20250514,21603,172,2,48,2,2046.8
10902,20250307,25427,127,10,47,4,380.0
19172,20250604,23358,158,6,41,1,3315.76
8704,20250416,25601,123,8,16,5,1751.79
9130,20250430,20359,183,5,43,3,3617.13
18423,20250214,21990,161,1,43,3,3409.98
20429,20250206,23602,165,1,46,4,6168.19
23729,20250224,24677,157,7,28,1,1565.45
16727,20250310,21039,143,2,26,2,6473.21
23012,20250408,23242,163,2,38,2,7113.93
25838,20250423,21984,105,7,28,3,1379.89
8105,20250108,23569,145,9,45,3,612.44
15681,20250324,20749,140,9,9,2,692.31
16637,20250212,21306,153,6,29,5,2311.34
24666,20250413,22384,189,10,14,4,1888.27
13434,20250623,21731,121,9,22,3,1541.17
7865,20250120,23012,189,2,6,5,4820.42
16215,20250121,22272,150,6,21,3,2741.28
1187,20250627,20962,131,10,47,5,1120.97
12246,20250422,20236,148,7,6,4,1057.94
21251,20250426,22263,114,1,22,3,7855.86
7676,20250605,22949,178,4,25,2,2436.43
12332,20250309,22755,153,7,35,4,1060.26
18700,20250426,20776,117,1,39,2,6512.47
25801,20250525,23053,141,8,39,5,1419.32
21037,20250126,25422,166,9,45,4,622.88
25686,20250101,20319,104,4,15,5,1368.11
14096,20250610,20263,135,1,50,3,3563.58
22144,20250625,24128,166,5,11,5,3067.17
24935,20250402,23361,199,3,26,2,4221.89
27563,20250216,21169,175,8,2,1,1627.86
21410,20250423,20649,178,4,31,5,853.53
17939,20250126,24560,156,7,45,2,821.46
11369,20250311,21597,127,9,7,1,789.84
3469,20250331,22499,161,7,13,3,1494.02
21312,20250615,22032,150,5,15,2,2110.02
8883,20250318,23027,150,4,28,2,2035.78
18133,20250219,22409,197,8,19,5,215.08
21011,20250112,23007,165,4,50,4,1862.15
24615,20250219,24661,121,5,34,3,1540.45
22911,20250523,21814,107,2,40,4,5240.78
23448,20250326,20191,165,2,48,1,7759.76
3838,20250329,22043,131,7,19,4,1353.93
23739,20250401,22666,191,8,20,4,1457.82
18931,20250515,23150,160,1,44,1,6564.55
301,20250618,22889,174,2,2,3,2853.42
5293,20250616,25305,124,10,20,3,1466.23
750,20250516,24082,180,2,9,1,4390.09
9505,20250209,22624,198,9,36,5,1643.95
22752,20250430,24704,162,7,10,2,1178.76
23607,20250606,20395,198,5,18,3,2317.48
29733,20250419,22188,159,6,32,2,1554.55
6782,20250224,24931,195,4,26,2,1113.03
1195,20250606,24670,148,6,24,1,2618.71
18070,20250219,25643,186,9,12,1,1491.11
1713,20250108,24253,178,5,46,3,2859.47
5863,20250103,23734,171,8,49,2,1538.06
23984,20250621,25434,158,10,16,3,1193.86
22098,20250604,20551,158,7,35,5,1761.74
1901,20250403,21054,123,1,5,3,6704.36
13178,20250417,21975,137,8,11,4,403.73
26769,20250626,22992,131,9,42,1,320.12
24784,20250527,21568,119,5,22,1,2749.73
3079,20250303,24180,186,8,34,5,1260.53
22223,20250622,21424,173,4,8,1,2615.7
25849,20250331,24603,162,1,5,2,5875.76
3210,20250612,21110,150,8,4,2,1848.77
1254,20250503,25831,135,5,7,4,2455.23
7467,20250412,22010,164,1,1,4,6563.46
18307,20250223,24430,124,2,10,3,5387.84
27606,20250105,25738,122,8,30,3,1391.75
1209,20250215,25870,112,10,36,1,650.93
9479,20250516,23950,143,2,20,3,6179.36
440,20250510,23561,200,5,24,3,3141.3
16544,20250302,23270,158,2,14,4,5163.59
6105,20250112,25459,186,1,45,3,3301.94
5594,20250224,21486,140,1,18,5,2999.15
6892,20250421,23875,118,8,15,5,676.65
28604,20250219,20642,177,7,39,1,1637.07
24211,20250107,22831,175,6,39,2,2569.69
69,20250522,21214,124,3,12,5,3376.21
21542,20250216,21083,132,10,33,2,615.49
27865,20250625,23326,116,5,4,4,1804.71
19086,20250110,25694,102,9,10,1,1582.93
1067,20250502,21341,115,8,25,2,985.56
22792,20250402,21234,157,2,25,2,6216.25
20495,20250519,23708,195,8,10,1,633.55
15074,20250214,20207,169,9,40,4,1354.0
11984,20250527,22003,143,3,17,1,6619.09
674,20250125,24088,119,7,3,3,533.98
4280,20250413,24497,133,9,27,1,1426.28
17782,20250515,22046,107,2,35,2,5730.6
12273,20250111,22075,159,10,11,1,571.7
10670,20250616,24083,135,2,37,4,4555.27
11732,20250310,24545,149,1,42,1,7334.2
18955,20250322,20223,136,9,27,5,689.08
15924,20250102,21671,111,8,21,1,836.83
13936,20250115,24123,187,7,24,5,587.07
12526,20250203,21725,138,8,12,5,546.17
16520,20250609,25346,182,2,2,2,2314.53
13905,20250422,20681,145,2,43,2,7373.57
24353,20250611,25507,168,7,15,5,540.35
17745,20250405,20562,118,1,6,1,6914.94
21936,20250603,23038,184,7,13,4,1575.86
6799,20250321,24229,115,10,41,2,1687.32
10516,20250413,24767,150,2,26,4,7353.6
13594,20250209,20875,102,8,11,1,354.53
18916,20250621,22606,148,3,17,3,3372.89
978,20250625,25812,103,6,2,3,1862.45
23837,20250512,25428,183,1,42,5,2502.43
14448,20250626,20863,146,7,31,1,877.35
24158,20250222,24725,104,9,21,5,718.73
26680,20250325,20716,127,8,25,1,1685.34
6736,20250602,23831,141,8,26,4,1315.29
4702,20250201,21810,113,8,48,1,1652.06
8150,20250204,21653,110,5,17,4,2324.23
22457,20250317,25309,119,2,18,3,5709.48
29151,20250606,21306,161,3,16,2,2560.44
7002,20250505,25732,137,3,40,4,7850.71
26470,20250611,22965,153,10,19,3,1748.65
23274,20250612,23842,121,7,41,1,1363.8
16105,20250507,24040,149,1,39,5,4016.48
25685,20250122,25754,160,1,47,4,4904.09
12568,20250104,22399,163,10,25,4,1672.0
27662,20250208,25171,145,10,35,3,1756.06
7377,20250420,24956,101,7,4,5,1801.92
8281,20250411,23461,152,7,40,5,1362.08
3802,20250208,24223,184,8,15,3,1721.42
5615,20250613,24770,125,2,36,2,6564.58
12130,20250204,21285,148,4,41,3,3600.72
20851,20250206,20532,169,3,23,2,4841.02
11100,20250406,23595,144,2,18,1,3468.97
14187,20250531,24390,101,2,38,2,6675.28
11969,20250129,21162,128,6,48,5,3473.61
13626,20250406,20216,153,9,34,5,595.25
842,20250401,23532,106,2,23,5,4549.92
29623,20250202,22117,141,7,23,5,1246.22
28180,20250215,25018,187,2,31,1,3895.5
21747,20250408,22112,168,6,7,4,3425.64
24584,20250621,25161,129,6,40,2,3556.89
20702,20250405,21894,162,10,41,3,1293.89
6424,20250209,20316,170,3,25,1,3002.54
14885,20250126,21490,148,1,25,5,7635.45
10273,20250126,23748,199,1,22,1,2819.72
7548,20250127,21735,166,8,40,5,1683.78
4366,20250128,25283,149,2,29,5,5695.17
11257,20250426,20605,141,8,30,5,1747.41
18169,20250109,23817,163,7,33,5,1302.32
20866,20250110,21909,162,1,6,4,7281.28
3459,20250410,23781,161,10,41,3,1864.98
19822,20250120,21839,160,8,9,1,796.66
15602,20250420,21007,153,4,29,5,3797.4
18631,20250620,22958,153,8,8,3,1833.98
15645,20250412,24042,160,2,11,5,3050.78
20648,20250506,23953,172,3,21,4,4287.44
2306,20250624,20428,155,2,26,5,7756.83
26032,20250414,25995,107,6,48,3,3886.8
16409,20250529,25032,151,8,18,5,634.0
19220,20250126,21371,144,5,45,5,2906.42
5897,20250624,21122,130,4,1,1,3684.52
11809,20250531,25666,113,3,27,2,7124.91
16467,20250508,21546,134,10,33,4,1446.56
21858,20250210,22863,190,1,15,4,3279.61
29669,20250118,23338,137,6,38,4,1057.84
11533,20250418,23953,143,6,35,3,3313.47
13849,20250226,23550,156,9,22,2,696.98
1489,20250412,24552,160,9,20,4,593.02
10496,20250211,24431,108,10,20,4,1023.36
26455,20250319,23948,143,1,16,5,5615.63
11655,20250214,21899,108,1,21,1,4327.7
18380,20250107,22335,130,2,3,1,2502.71
20073,20250512,21871,180,4,46,3,3054.1
20513,20250518,25170,144,5,46,2,2851.85
8188,20250119,20289,112,4,1,5,2524.22
4780,20250511,24083,192,8,42,5,1115.79
577,20250624,23461,163,9,27,4,1509.49
13777,20250314,21876,106,8,6,4,1641.46
24060,20250331,24831,140,6,28,3,1742.62
17292,20250124,21783,154,7,23,4,860.26
18339,20250227,24078,107,3,15,5,2595.77
29137,20250628,24498,114,6,3,2,3704.84
23196,20250304,25809,152,9,34,5,672.86
20221,20250424,23556,105,8,33,1,1315.37
16718,20250504,22749,129,6,33,2,2923.45
25246,20250127,25637,172,5,9,3,904.3
14161,20250612,22796,149,7,46,1,1462.23
13953,20250621,21590,159,9,5,1,1511.74
2178,20250328,21059,135,2,37,4,5506.83
1836,20250401,22517,187,10,29,3,1550.21
25128,20250520,23692,111,8,28,3,1139.01
18818,20250427,24453,189,5,13,2,3718.64
14020,20250324,20439,113,4,5,5,1332.2
7862,20250201,25142,156,3,28,1,6584.14
6593,20250510,22445,126,7,13,1,1116.81
15395,20250209,21951,117,6,47,4,1644.95
13675,20250603,25654,145,2,30,5,2021.73
27246,20250305,23953,176,4,36,1,1883.76
14526,20250201,22331,117,3,32,4,5044.03
23556,20250626,20064,138,7,35,2,612.38
11793,20250219,24231,163,1,21,1,4540.94
13967,20250520,20953,172,7,11,5,331.15
17226,20250207,20324,152,10,3,5,607.29
28779,20250102,20661,157,9,40,1,1283.88
6204,20250203,24666,151,9,35,4,1000.81
818,20250105,23528,116,5,48,4,2110.65
13341,20250602,25269,121,3,46,5,4247.56
2678,20250110,24777,141,5,5,5,1513.49
6791,20250310,22327,117,10,15,3,1629.1
6706,20250307,21353,143,7,1,3,1946.86
2393,20250421,20298,181,8,25,2,900.54
24344,20250211,25106,167,3,7,2,4354.29
4374,20250618,20507,179,5,23,4,1214.49
24092,20250110,21420,151,3,33,1,3515.66
5729,20250413,21268,136,8,35,1,1290.08
8101,20250604,25837,163,5,27,5,3659.65
3577,20250319,20265,122,4,44,4,1209.3
10753,20250104,22982,182,1,31,5,5286.44
24257,20250308,24758,127,4,36,5,2905.89
4517,20250211,21330,107,4,6,3,2107.22
20815,20250618,24236,195,8,40,4,376.78
2797,20250623,21480,171,7,7,3,1284.93
21758,20250218,24647,199,2,46,3,3466.52
29984,20250512,23313,175,3,43,5,7485.41
73,20250130,21870,148,8,7,1,1289.61
9595,20250420,24495,104,7,19,4,1105.8
23694,20250414,24028,138,6,18,2,3654.01
23403,20250312,21887,137,8,8,1,1360.79
28035,20250309,25555,157,2,29,2,7548.43
10982,20250516,21015,157,2,50,2,7863.22
10100,20250624,25514,106,4,28,5,3200.92
11439,20250325,25735,119,1,44,5,7732.44
1326,20250512,22809,119,6,42,2,1076.93
22682,20250209,25764,109,4,50,2,3828.4
4454,20250324,25546,164,6,32,1,3675.69
10222,20250111,22545,174,2,49,5,6639.71
20439,20250208,20031,106,9,8,3,433.3
16820,20250531,23461,199,5,36,3,3072.09
17904,20250411,25052,164,5,29,4,1989.47
8362,20250308,25979,116,2,41,5,5981.64
14963,20250520,25949,134,10,8,3,1690.52
18531,20250227,20423,164,9,20,4,964.89
15756,20250406,20505,136,10,24,2,1737.65
18022,20250204,24013,148,4,44,4,2337.36
28237,20250227,25887,145,2,1,5,4315.36
28993,20250322,23842,101,9,12,2,1641.04
19026,20250401,20671,199,7,27,4,1760.15
10915,20250529,24078,200,7,29,5,1678.77
29511,20250621,23352,162,4,39,4,3952.42
25469,20250420,25715,147,4,12,4,2082.0
14426,20250310,24698,159,7,21,2,574.15
26745,20250114,21732,136,10,30,4,897.3
18504,20250212,21030,169,2,28,2,5826.4
15265,20250205,22459,170,4,11,4,3916.9
1822,20250522,22438,173,1,19,5,6339.29
23122,20250531,22714,109,3,17,5,2558.34
15057,20250507,25858,195,1,36,2,6516.06
18460,20250306,23920,113,8,49,4,920.88
12910,20250609,25448,184,5,47,5,3632.77
8175,20250126,25030,169,9,25,4,880.72
3498,20250201,20143,143,10,1,4,1757.12
24169,20250506,24343,197,1,33,4,6814.28
2726,20250309,25921,177,5,25,1,3869.41
8957,20250320,21163,195,5,36,2,2777.94
20092,20250102,25671,200,10,26,4,1672.44
15206,20250312,20044,116,5,46,3,3233.32
23532,20250520,23519,177,1,30,4,2670.55
24920,20250615,22724,123,10,30,4,1142.31
5087,20250314,21661,150,5,32,4,2989.48
20319,20250405,24715,154,3,14,3,7740.41
7807,20250330,23363,118,1,34,3,6939.6
20155,20250530,25080,173,7,19,3,976.58
9623,20250212,21466,175,1,22,4,2186.83
2610,20250511,21024,176,6,12,1,2606.72
6339,20250225,25053,191,4,31,5,1029.67
25271,20250322,22778,142,8,25,5,611.25
12359,20250110,24209,200,2,29,3,4539.89
24556,20250302,25331,155,5,46,4,2608.47
17197,20250503,20521,153,2,9,1,6580.55
15466,20250105,24889,135,1,33,5,3192.28
3573,20250610,21285,156,8,40,5,659.83
28055,20250118,22136,153,3,15,1,6115.6
21913,20250428,24636,177,1,31,2,2512.39
6748,20250518,21775,198,1,17,1,3924.84
11757,20250605,24185,145,7,48,1,498.51
4488,20250224,22991,113,10,11,5,696.07
9263,20250206,23507,164,4,34,2,3960.86
18476,20250503,23640,139,7,35,5,1556.02
18905,20250217,22718,116,4,29,2,3219.73
16322,20250320,20524,123,5,17,4,1065.51
712,20250426,22966,138,8,44,3,905.97
725,20250617,21376,137,1,13,2,4441.2
26796,20250614,20898,178,2,42,1,2138.99
28685,20250202,21371,156,4,13,2,3153.67
10481,20250209,21335,158,6,42,3,2573.03
3435,20250619,23677,105,1,12,1,2450.97
12680,20250623,20566,190,8,41,2,927.6
4463,20250210,21479,143,1,12,1,5836.39
23264,20250407,23466,186,10,26,5,277.52
922,20250614,20830,162,6,15,3,1964.28
1395,20250225,21776,148,9,9,5,1283.92
4329,20250131,24776,191,4,6,5,3157.82
5060,20250616,21747,131,2,8,4,4815.09
29400,20250319,21429,197,3,22,1,3527.95
7074,20250223,25994,115,2,28,4,4086.76
20574,20250314,22307,173,7,47,5,1275.1
7587,20250329,22221,145,1,4,4,5404.95
11567,20250414,24598,172,10,28,1,1651.32
581,20250330,25601,191,8,22,5,780.28
22640,20250603,20584,123,6,40,2,3721.89
10510,20250503,22591,164,9,35,4,1121.02
19143,20250403,25287,163,9,24,2,935.25
21826,20250101,21939,170,6,5,2,1109.63
16974,20250610,25510,194,6,27,3,2983.29
23498,20250420,20562,178,2,24,3,2706.95
3673,20250405,25791,145,6,47,4,3260.71
9813,20250424,25083,156,3,7,4,7469.45
19632,20250427,24749,135,10,3,3,228.03
27302,20250214,22643,162,8,41,5,413.81
18452,20250115,24977,129,8,7,5,1193.33
