SalesKey,DateKey,ProductKey,CustomerKey,EmployeeKey,BranchKey,StoreKey,PromotionKey,Quantity,UnitPrice,Discount,TotalAmount,SaleDate
1,109,75,187,10,3,1,2,3,3319.29,20,7966.3,18-04-2024
2,,16,46,41,1,1,5,1,3023.54,20,2418.83,25-05-2024
3,111,82,183,,2,1,8,3,1039.81,20,2495.54,20-04-2024
4,228,94,268,17,2,1,2,1,1398.07,20,1118.46,15-08-2024
5,111,48,296,44,2,1,8,1,4248.06,20,3398.45,20-04-2024
6,34,119,100,45,3,1,1,3,1071.78,10,2893.81,03-02-2024
7,111,10,78,30,3,1,5,1,,20,2796.3,20-04-2024
8,264,82,272,44,2,1,4,2,1039.81,20,1663.7,20-09-2024
9,236,38,162,10,3,1,3,4,2960.25,20,9472.8,23-08-2024
10,83,19,44,19,3,1,5,2,4161.96,20,6659.14,23-03-2024
11,42,36,,29,1,1,5,4,2090.7,20,6690.24,11-02-2024
12,101,59,134,2,2,1,5,2,2890.15,20,4624.24,10-04-2024
13,6,63,192,36,2,1,5,4,3101.45,20,9924.64,
14,180,77,278,19,3,1,8,1,1458.15,20,1166.52,28-06-2024
15,282,120,18,7,2,1,4,3,2937.73,20,7050.55,08-10-2024
16,320,46,12,26,2,1,4,3,2320.89,20,5570.14,15-11-2024
17,226,3,180,15,2,1,8,5,4480.05,20,17920.2,13-08-2024
18,315,74,123,38,3,1,3,4,2478.51,20,7931.23,10-11-2024
19,365,102,246,3,3,1,4,5,1803.1,20,7212.4,30-12-2024
20,229,65,222,38,3,1,4,5,918.67,20,3674.68,16-08-2024
21,289,119,51,16,1,1,1,4,1071.78,10,3858.41,15-10-2024
22,150,120,71,2,2,1,7,3,2937.73,30,6169.23,29-05-2024
23,277,91,48,31,1,1,1,4,1599.77,10,5759.17,03-10-2024
24,198,110,19,28,3,1,7,1,1763.23,30,1234.26,16-07-2024
25,70,8,262,7,1,1,2,5,2219.29,20,8877.16,10-03-2024
26,112,51,84,30,2,1,3,5,3316.12,20,13264.48,21-04-2024
27,4,110,155,43,2,1,7,4,1763.23,30,4937.04,04-01-2024
28,350,106,53,7,3,1,1,5,3378.6,10,15203.7,15-12-2024
29,331,81,107,36,3,1,3,3,1800.9,20,4322.16,26-11-2024
30,318,73,135,29,1,1,3,5,2983.91,20,11935.64,13-11-2024
31,350,6,69,24,3,1,5,4,2678.02,20,8569.66,15-12-2024
32,95,107,11,39,1,1,6,3,1109.5,20,2662.8,04-04-2024
33,152,89,143,4,2,1,6,3,2546.15,20,6110.76,31-05-2024
34,311,39,192,29,2,1,6,5,4429.19,20,17716.76,06-11-2024
35,137,113,69,44,2,1,3,4,4264.61,20,13646.75,16-05-2024
36,247,60,23,5,2,1,5,5,1967.44,20,7869.76,03-09-2024
37,243,28,181,29,2,1,2,1,3666.79,20,2933.43,30-08-2024
38,31,97,293,30,1,1,2,1,3472.54,20,2778.03,31-01-2024
39,40,54,9,29,2,1,6,3,1963.05,20,4711.32,09-02-2024
40,229,37,271,26,1,1,2,5,2889.95,20,11559.8,16-08-2024
41,36,9,93,19,2,1,5,1,3579.01,20,2863.21,05-02-2024
42,223,82,17,26,1,1,6,2,1039.81,20,1663.7,10-08-2024
43,6,56,154,37,1,1,7,1,3955.21,30,2768.65,06-01-2024
44,322,59,149,27,1,1,7,5,2890.15,30,10115.52,17-11-2024
45,220,85,267,30,3,1,5,5,2075.94,20,8303.76,07-08-2024
46,75,2,106,30,1,1,8,1,2514.33,20,2011.46,15-03-2024
47,4,61,35,3,1,1,2,5,2411.21,20,9644.84,04-01-2024
48,335,58,119,43,2,1,6,5,3452.08,20,13808.32,30-11-2024
49,134,107,14,7,1,1,7,2,1109.5,30,1553.3,13-05-2024
50,118,60,14,9,1,1,5,3,1967.44,20,4721.86,27-04-2024
51,94,102,266,41,3,1,4,5,1803.1,20,7212.4,03-04-2024
52,62,40,140,42,2,1,7,4,1171.25,30,3279.5,02-03-2024
53,194,36,294,13,3,1,4,3,2090.7,20,5017.68,12-07-2024
54,335,114,119,15,3,1,5,3,3197.77,20,7674.65,30-11-2024
55,203,107,238,5,3,1,5,4,1109.5,20,3550.4,21-07-2024
56,26,37,34,29,1,1,1,1,2889.95,10,2600.96,26-01-2024
57,173,79,169,35,3,1,7,2,3920.16,30,5488.22,21-06-2024
58,300,92,10,27,3,1,1,5,2380.87,10,10713.92,26-10-2024
59,133,18,122,27,2,1,3,1,2652.27,20,2121.82,12-05-2024
60,326,98,145,8,2,1,7,4,1047.84,30,2933.95,21-11-2024
61,118,63,223,32,2,1,6,2,3101.45,20,4962.32,27-04-2024
62,324,22,257,20,2,1,3,2,3222.37,20,5155.79,19-11-2024
63,275,11,268,10,3,1,3,2,2009.02,20,3214.43,01-10-2024
64,212,58,4,13,2,1,2,4,3452.08,20,11046.66,30-07-2024
65,225,57,106,29,1,1,4,1,1391.84,20,1113.47,12-08-2024
66,20,77,85,35,3,1,2,5,1458.15,20,5832.6,20-01-2024
67,113,4,214,8,2,1,6,2,1533.33,20,2453.33,22-04-2024
68,140,86,121,29,3,1,5,2,3880.33,20,6208.53,19-05-2024
69,47,7,132,31,2,1,1,1,1543.76,10,1389.38,16-02-2024
70,1,61,197,41,3,1,6,2,2411.21,20,3857.94,01-01-2024
71,90,107,19,30,2,1,5,2,1109.5,20,1775.2,30-03-2024
72,142,54,130,22,1,1,6,4,1963.05,20,6281.76,21-05-2024
73,320,88,12,21,2,1,5,3,4374.91,20,10499.78,15-11-2024
74,38,68,81,12,3,1,7,1,1155.39,30,808.77,07-02-2024
75,293,92,262,11,3,1,1,1,2380.87,10,2142.78,19-10-2024
76,139,79,125,2,1,1,5,1,3920.16,20,3136.13,18-05-2024
77,356,1,267,41,3,1,3,4,2648.21,20,8474.27,21-12-2024
78,333,55,140,2,1,1,6,4,2061.18,20,6595.78,28-11-2024
79,259,3,2,34,3,1,1,5,4480.05,10,20160.23,15-09-2024
80,161,78,8,3,3,1,5,4,4434.63,20,14190.82,09-06-2024
81,178,38,250,16,1,1,3,1,2960.25,20,2368.2,26-06-2024
82,10,114,139,4,3,1,3,5,3197.77,20,12791.08,10-01-2024
83,261,1,124,23,3,1,7,3,2648.21,30,5561.24,17-09-2024
84,138,102,228,20,1,1,4,2,1803.1,20,2884.96,17-05-2024
85,172,38,10,25,2,1,3,2,2960.25,20,4736.4,20-06-2024
86,13,85,212,30,1,1,2,5,2075.94,20,8303.76,13-01-2024
87,168,112,112,18,3,1,1,3,1558.32,10,4207.46,16-06-2024
88,130,29,8,42,2,1,1,2,1056.97,10,1902.55,09-05-2024
89,84,5,292,11,2,1,8,5,965.07,20,3860.28,24-03-2024
90,321,113,253,29,2,1,1,4,4264.61,10,15352.6,16-11-2024
91,319,74,14,17,1,1,5,1,2478.51,20,1982.81,14-11-2024
92,101,92,240,26,2,1,6,3,2380.87,20,5714.09,10-04-2024
93,329,21,242,23,2,1,5,2,2160.28,20,3456.45,24-11-2024
94,273,114,149,20,2,1,2,1,3197.77,20,2558.22,29-09-2024
95,265,71,236,45,3,1,8,5,4091.82,20,16367.28,21-09-2024
96,38,67,167,2,1,1,6,2,1599.39,20,2559.02,07-02-2024
97,94,109,20,24,1,1,7,1,2492.47,30,1744.73,03-04-2024
98,95,47,216,31,3,1,3,4,3939.17,20,12605.34,04-04-2024
99,305,84,135,27,2,1,8,3,2833.5,20,6800.4,31-10-2024
100,69,83,129,2,3,1,5,5,1991.76,20,7967.04,09-03-2024
101,318,35,294,14,3,1,6,2,4331.06,20,6929.7,13-11-2024
102,236,68,246,4,2,1,3,4,1155.39,20,3697.25,23-08-2024
103,334,69,189,13,2,1,6,3,2328.42,20,5588.21,29-11-2024
104,137,1,44,36,1,1,3,3,2648.21,20,6355.7,16-05-2024
105,76,68,86,35,2,1,6,4,1155.39,20,3697.25,16-03-2024
106,35,12,44,44,3,1,5,2,2853.14,20,4565.02,04-02-2024
107,1,60,145,8,3,1,8,3,1967.44,20,4721.86,01-01-2024
108,296,27,51,2,2,1,5,5,2959.22,20,11836.88,22-10-2024
109,320,56,242,6,1,1,2,1,3955.21,20,3164.17,15-11-2024
110,60,106,294,31,3,1,7,5,3378.6,30,11825.1,29-02-2024
111,320,23,51,10,2,1,7,3,3308.13,30,6947.07,15-11-2024
112,349,25,266,44,1,1,4,1,1728.67,20,1382.94,14-12-2024
113,328,21,120,21,1,1,1,4,2160.28,10,7777.01,23-11-2024
114,267,61,200,42,3,1,5,1,2411.21,20,1928.97,23-09-2024
115,361,63,248,10,3,1,5,1,3101.45,20,2481.16,26-12-2024
116,229,52,70,23,1,1,3,1,2191.13,20,1752.9,16-08-2024
117,270,88,57,3,1,1,4,3,4374.91,20,10499.78,26-09-2024
118,316,25,39,32,1,1,7,2,1728.67,30,2420.14,11-11-2024
119,286,109,289,20,2,1,5,3,2492.47,20,5981.93,12-10-2024
120,291,55,18,10,3,1,6,2,2061.18,20,3297.89,17-10-2024
121,213,46,220,29,1,1,7,4,2320.89,30,6498.49,31-07-2024
122,165,32,244,41,3,1,4,4,1906.42,20,6100.54,13-06-2024
123,5,55,298,34,3,1,1,4,2061.18,10,7420.25,05-01-2024
124,339,96,283,37,3,1,6,4,4390.33,20,14049.06,04-12-2024
125,78,5,74,20,1,1,3,4,965.07,20,3088.22,18-03-2024
126,62,36,110,8,2,1,2,5,2090.7,20,8362.8,02-03-2024
127,132,110,180,7,1,1,6,3,1763.23,20,4231.75,11-05-2024
128,89,106,32,6,3,1,8,2,3378.6,20,5405.76,29-03-2024
129,237,49,234,11,1,1,7,4,1153.5,30,3229.8,24-08-2024
130,42,106,282,44,1,1,8,5,3378.6,20,13514.4,11-02-2024
131,89,58,25,18,3,1,1,5,3452.08,10,15534.36,29-03-2024
132,296,39,279,42,3,1,6,5,4429.19,20,17716.76,22-10-2024
133,328,80,226,29,1,1,4,3,3997.46,20,9593.9,23-11-2024
134,295,97,57,25,1,1,4,4,3472.54,20,11112.13,21-10-2024
135,104,113,180,21,1,1,1,5,4264.61,10,19190.74,13-04-2024
136,14,85,232,3,1,1,7,5,2075.94,30,7265.79,14-01-2024
137,288,61,287,18,2,1,4,4,2411.21,20,7715.87,14-10-2024
138,179,9,64,24,1,1,6,3,3579.01,20,8589.62,27-06-2024
139,125,6,232,38,2,1,2,5,2678.02,20,10712.08,04-05-2024
140,353,115,289,10,3,1,6,2,2760.11,20,4416.18,18-12-2024
141,23,109,213,27,2,1,2,1,2492.47,20,1993.98,23-01-2024
142,63,35,258,12,3,1,4,1,4331.06,20,3464.85,03-03-2024
143,143,39,18,7,2,1,6,1,4429.19,20,3543.35,22-05-2024
144,153,22,175,17,3,1,4,3,3222.37,20,7733.69,01-06-2024
145,145,41,229,1,1,1,7,5,2000.51,30,7001.78,24-05-2024
146,225,118,226,26,2,1,2,1,3528.14,20,2822.51,12-08-2024
147,309,5,84,15,2,1,7,1,965.07,30,675.55,04-11-2024
148,104,42,291,33,3,1,4,4,1587.28,20,5079.3,13-04-2024
149,104,87,246,37,3,1,5,5,1877.55,20,7510.2,13-04-2024
150,39,81,110,31,2,1,3,5,1800.9,20,7203.6,08-02-2024
151,198,76,254,35,3,1,6,4,2081.35,20,6660.32,16-07-2024
152,134,87,88,1,1,1,5,5,1877.55,20,7510.2,13-05-2024
153,67,80,72,8,2,1,7,2,3997.46,30,5596.44,07-03-2024
154,179,67,30,12,1,1,8,3,1599.39,20,3838.54,27-06-2024
155,42,30,172,19,2,1,4,4,4480.38,20,14337.22,11-02-2024
156,15,57,177,25,1,1,4,1,1391.84,20,1113.47,15-01-2024
157,111,86,139,32,2,1,3,5,3880.33,20,15521.32,20-04-2024
158,157,73,194,12,3,1,4,2,2983.91,20,4774.26,05-06-2024
159,289,29,186,13,2,1,3,2,1056.97,20,1691.15,15-10-2024
160,231,111,218,28,1,1,6,3,1237.94,20,2971.06,18-08-2024
161,157,37,164,1,2,1,2,2,2889.95,20,4623.92,05-06-2024
162,38,87,161,6,1,1,3,5,1877.55,20,7510.2,07-02-2024
163,97,13,13,8,1,1,3,5,2731.73,20,10926.92,06-04-2024
164,289,32,296,4,1,1,5,2,1906.42,20,3050.27,15-10-2024
165,254,46,89,5,3,1,4,5,2320.89,20,9283.56,10-09-2024
166,196,116,42,25,2,1,6,5,3265.6,20,13062.4,14-07-2024
167,86,111,210,22,1,1,2,1,1237.94,20,990.35,26-03-2024
168,322,112,229,28,3,1,1,4,1558.32,10,5609.95,17-11-2024
169,10,23,275,39,1,1,7,5,3308.13,30,11578.46,10-01-2024
170,5,45,279,23,2,1,3,5,2241.67,20,8966.68,05-01-2024
171,123,17,251,4,3,1,1,3,4424.01,10,11944.83,02-05-2024
172,330,119,208,4,1,1,4,4,1071.78,20,3429.7,25-11-2024
173,353,104,140,21,1,1,7,4,1191.14,30,3335.19,18-12-2024
174,118,85,280,37,1,1,3,4,2075.94,20,6643.01,27-04-2024
175,294,66,34,41,2,1,8,2,3160.42,20,5056.67,20-10-2024
176,159,101,18,2,3,1,8,1,3578.55,20,2862.84,07-06-2024
177,303,6,57,7,3,1,1,1,2678.02,10,2410.22,29-10-2024
178,228,108,112,16,3,1,5,3,4194.77,20,10067.45,15-08-2024
179,365,18,5,17,1,1,1,4,2652.27,10,9548.17,30-12-2024
180,216,94,182,20,3,1,7,4,1398.07,30,3914.6,03-08-2024
181,184,22,13,23,1,1,5,5,3222.37,20,12889.48,02-07-2024
182,15,118,285,34,2,1,7,2,3528.14,30,4939.4,15-01-2024
183,157,33,259,11,3,1,2,2,4080.58,20,6528.93,05-06-2024
184,136,30,90,34,1,1,4,3,4480.38,20,10752.91,15-05-2024
185,261,81,104,33,3,1,8,1,1800.9,20,1440.72,17-09-2024
186,157,107,186,26,3,1,6,4,1109.5,20,3550.4,05-06-2024
187,47,32,250,2,2,1,1,3,1906.42,10,5147.33,16-02-2024
188,324,42,255,23,3,1,3,2,1587.28,20,2539.65,19-11-2024
189,332,115,76,41,2,1,7,2,2760.11,30,3864.15,27-11-2024
190,173,78,108,22,3,1,7,2,4434.63,30,6208.48,21-06-2024
191,130,10,156,34,3,1,4,4,3495.38,20,11185.22,09-05-2024
192,95,111,82,15,3,1,1,4,1237.94,10,4456.58,04-04-2024
193,115,115,77,10,3,1,3,4,2760.11,20,8832.35,24-04-2024
194,243,36,258,15,3,1,3,5,2090.7,20,8362.8,30-08-2024
195,292,34,127,42,3,1,7,1,3591.79,30,2514.25,18-10-2024
196,282,73,282,29,2,1,6,2,2983.91,20,4774.26,08-10-2024
197,299,106,88,23,2,1,7,2,3378.6,30,4730.04,25-10-2024
198,283,28,204,17,1,1,6,5,3666.79,20,14667.16,09-10-2024
199,69,11,16,9,3,1,7,2,2009.02,30,2812.63,09-03-2024
200,148,78,151,36,2,1,7,2,4434.63,30,6208.48,27-05-2024
201,11,39,254,9,3,1,3,4,4429.19,20,14173.41,11-01-2024
202,254,119,188,16,3,1,6,4,1071.78,20,3429.7,10-09-2024
203,330,47,32,36,2,1,3,1,3939.17,20,3151.34,25-11-2024
204,360,118,271,33,3,1,1,2,3528.14,10,6350.65,25-12-2024
205,38,19,5,31,2,1,7,3,4161.96,30,8740.12,07-02-2024
206,134,118,169,6,2,1,2,2,3528.14,20,5645.02,13-05-2024
207,200,15,181,10,1,1,6,2,1801.66,20,2882.66,18-07-2024
208,23,28,178,16,1,1,5,1,3666.79,20,2933.43,23-01-2024
209,303,24,143,4,1,1,8,3,4011,20,9626.4,29-10-2024
210,346,72,248,22,1,1,5,2,999.42,20,1599.07,11-12-2024
211,302,107,127,13,3,1,5,3,1109.5,20,2662.8,28-10-2024
212,363,9,263,16,3,1,2,4,3579.01,20,11452.83,28-12-2024
213,218,47,40,29,1,1,3,4,3939.17,20,12605.34,05-08-2024
214,141,33,255,6,2,1,3,3,4080.58,20,9793.39,20-05-2024
215,104,62,143,26,2,1,8,2,1822.34,20,2915.74,13-04-2024
216,210,97,240,11,2,1,8,3,3472.54,20,8334.1,28-07-2024
217,111,19,228,24,2,1,4,3,4161.96,20,9988.7,20-04-2024
218,104,67,198,29,3,1,8,4,1599.39,20,5118.05,13-04-2024
219,316,74,65,3,2,1,5,3,2478.51,20,5948.42,11-11-2024
220,171,40,11,10,2,1,5,5,1171.25,20,4685,19-06-2024
221,356,47,108,1,1,1,3,5,3939.17,20,15756.68,21-12-2024
222,324,106,26,43,2,1,5,4,3378.6,20,10811.52,19-11-2024
223,133,65,151,26,3,1,3,2,918.67,20,1469.87,12-05-2024
224,293,29,221,12,2,1,7,2,1056.97,30,1479.76,19-10-2024
225,328,50,237,14,2,1,7,4,1652.11,30,4625.91,23-11-2024
226,127,98,237,25,3,1,3,2,1047.84,20,1676.54,06-05-2024
227,106,115,219,8,1,1,6,1,2760.11,20,2208.09,15-04-2024
228,92,13,151,43,3,1,3,5,2731.73,20,10926.92,01-04-2024
229,287,118,123,4,1,1,1,1,3528.14,10,3175.33,13-10-2024
230,51,1,144,28,2,1,1,1,2648.21,10,2383.39,20-02-2024
231,29,34,189,7,1,1,1,1,3591.79,10,3232.61,29-01-2024
232,296,93,255,10,1,1,1,4,3418.24,10,12305.66,22-10-2024
233,297,48,68,36,1,1,2,1,4248.06,20,3398.45,23-10-2024
234,214,111,104,2,2,1,4,3,1237.94,20,2971.06,01-08-2024
235,267,77,159,26,1,1,4,2,1458.15,20,2333.04,23-09-2024
236,257,48,300,14,1,1,3,4,4248.06,20,13593.79,13-09-2024
237,302,49,90,16,2,1,7,3,1153.5,30,2422.35,28-10-2024
238,101,117,256,43,3,1,5,3,2468.42,20,5924.21,10-04-2024
239,346,64,220,42,3,1,1,5,1193.74,10,5371.83,11-12-2024
240,110,61,9,17,3,1,4,5,2411.21,20,9644.84,19-04-2024
241,182,29,12,22,2,1,4,3,1056.97,20,2536.73,30-06-2024
242,313,39,244,4,2,1,1,5,4429.19,10,19931.36,08-11-2024
243,1,88,182,19,3,1,7,2,4374.91,30,6124.87,01-01-2024
244,319,26,284,2,1,1,2,2,2697.1,20,4315.36,14-11-2024
245,55,17,99,39,3,1,2,5,4424.01,20,17696.04,24-02-2024
246,149,71,197,9,2,1,8,1,4091.82,20,3273.46,28-05-2024
247,309,13,226,19,1,1,4,3,2731.73,20,6556.15,04-11-2024
248,137,69,103,16,1,1,8,2,2328.42,20,3725.47,16-05-2024
249,202,26,106,25,2,1,2,5,2697.1,20,10788.4,20-07-2024
250,313,49,58,18,1,1,6,5,1153.5,20,4614,08-11-2024
251,117,67,78,23,3,1,1,2,1599.39,10,2878.9,26-04-2024
252,154,7,75,21,2,1,7,2,1543.76,30,2161.26,02-06-2024
253,291,58,42,11,2,1,4,1,3452.08,20,2761.66,17-10-2024
254,63,49,181,39,2,1,1,5,1153.5,10,5190.75,03-03-2024
255,244,103,33,41,2,1,2,5,1563.6,20,6254.4,31-08-2024
256,25,53,71,4,1,1,1,4,1814.99,10,6533.96,25-01-2024
257,90,65,56,25,2,1,2,1,918.67,20,734.94,30-03-2024
258,75,113,105,32,2,1,7,2,4264.61,30,5970.45,15-03-2024
259,294,62,200,30,1,1,2,2,1822.34,20,2915.74,20-10-2024
260,210,17,101,45,2,1,1,3,4424.01,10,11944.83,28-07-2024
261,347,43,256,26,1,1,7,2,1866.51,30,2613.11,12-12-2024
262,17,25,74,36,1,1,2,5,1728.67,20,6914.68,17-01-2024
263,128,3,171,34,2,1,8,2,4480.05,20,7168.08,07-05-2024
264,364,79,143,9,3,1,6,5,3920.16,20,15680.64,29-12-2024
265,251,29,166,12,2,1,3,5,1056.97,20,4227.88,07-09-2024
266,179,117,261,2,3,1,1,1,2468.42,10,2221.58,27-06-2024
267,182,107,221,38,1,1,3,2,1109.5,20,1775.2,30-06-2024
268,152,32,83,5,3,1,1,1,1906.42,10,1715.78,31-05-2024
269,25,26,182,5,2,1,2,5,2697.1,20,10788.4,25-01-2024
270,180,16,10,22,2,1,2,2,3023.54,20,4837.66,28-06-2024
271,198,25,4,5,3,1,7,2,1728.67,30,2420.14,16-07-2024
272,344,54,292,4,2,1,4,1,1963.05,20,1570.44,09-12-2024
273,161,28,281,9,3,1,6,1,3666.79,20,2933.43,09-06-2024
274,177,73,215,29,1,1,8,5,2983.91,20,11935.64,25-06-2024
275,285,120,98,22,3,1,4,5,2937.73,20,11750.92,11-10-2024
276,63,56,101,27,3,1,3,2,3955.21,20,6328.34,03-03-2024
277,150,65,9,10,3,1,2,2,918.67,20,1469.87,29-05-2024
278,154,93,61,16,3,1,4,4,3418.24,20,10938.37,02-06-2024
279,156,86,146,42,1,1,2,4,3880.33,20,12417.06,04-06-2024
280,49,80,63,42,1,1,1,3,3997.46,10,10793.14,18-02-2024
281,337,41,121,10,1,1,4,5,2000.51,20,8002.04,02-12-2024
282,84,115,226,6,3,1,3,3,2760.11,20,6624.26,24-03-2024
283,361,108,105,5,1,1,7,3,4194.77,30,8809.02,26-12-2024
284,177,51,260,6,2,1,4,1,3316.12,20,2652.9,25-06-2024
285,148,118,255,25,1,1,2,1,3528.14,20,2822.51,27-05-2024
286,118,105,207,4,3,1,5,4,2441.93,20,7814.18,27-04-2024
287,342,71,28,40,2,1,5,3,4091.82,20,9820.37,07-12-2024
288,63,78,170,32,3,1,7,4,4434.63,30,12416.96,03-03-2024
289,189,29,76,35,2,1,7,5,1056.97,30,3699.4,07-07-2024
290,360,83,116,10,3,1,6,2,1991.76,20,3186.82,25-12-2024
291,49,19,69,34,3,1,7,1,4161.96,30,2913.37,18-02-2024
292,327,66,234,36,2,1,2,5,3160.42,20,12641.68,22-11-2024
293,257,41,1,6,1,1,8,5,2000.51,20,8002.04,13-09-2024
294,224,45,167,43,2,1,1,1,2241.67,10,2017.5,11-08-2024
295,141,15,218,16,2,1,4,1,1801.66,20,1441.33,20-05-2024
296,215,3,273,19,2,1,7,3,4480.05,30,9408.1,02-08-2024
297,211,11,251,34,2,1,5,4,2009.02,20,6428.86,29-07-2024
298,318,53,174,25,2,1,1,5,1814.99,10,8167.46,13-11-2024
299,32,46,170,31,3,1,8,3,2320.89,20,5570.14,01-02-2024
300,158,30,246,41,3,1,2,3,4480.38,20,10752.91,06-06-2024
301,285,57,90,17,1,1,1,5,1391.84,10,6263.28,11-10-2024
302,305,104,49,30,1,1,2,5,1191.14,20,4764.56,31-10-2024
303,286,18,294,39,2,1,8,2,2652.27,20,4243.63,12-10-2024
304,144,51,150,31,1,1,8,4,3316.12,20,10611.58,23-05-2024
305,19,48,132,19,1,1,6,5,4248.06,20,16992.24,19-01-2024
306,18,66,59,35,2,1,4,1,3160.42,20,2528.34,18-01-2024
307,257,96,199,29,3,1,1,2,4390.33,10,7902.59,13-09-2024
308,78,8,215,1,3,1,8,4,2219.29,20,7101.73,18-03-2024
309,175,22,49,4,1,1,4,1,3222.37,20,2577.9,23-06-2024
310,194,6,232,28,3,1,1,1,2678.02,10,2410.22,12-07-2024
311,113,76,247,18,3,1,2,4,2081.35,20,6660.32,22-04-2024
312,114,111,239,26,1,1,8,2,1237.94,20,1980.7,23-04-2024
313,222,57,168,40,2,1,2,1,1391.84,20,1113.47,09-08-2024
314,166,104,48,19,1,1,1,3,1191.14,10,3216.08,14-06-2024
315,319,36,51,6,1,1,6,4,2090.7,20,6690.24,14-11-2024
316,132,79,299,1,1,1,2,4,3920.16,20,12544.51,11-05-2024
317,264,92,98,8,2,1,3,5,2380.87,20,9523.48,20-09-2024
318,55,116,216,33,2,1,3,2,3265.6,20,5224.96,24-02-2024
319,359,57,177,43,2,1,4,3,1391.84,20,3340.42,24-12-2024
320,131,49,80,21,2,1,7,3,1153.5,30,2422.35,10-05-2024
321,288,45,185,24,1,1,3,5,2241.67,20,8966.68,14-10-2024
322,266,82,27,25,3,1,3,1,1039.81,20,831.85,22-09-2024
323,162,66,195,43,1,1,6,1,3160.42,20,2528.34,10-06-2024
324,87,77,214,19,2,1,6,3,1458.15,20,3499.56,27-03-2024
325,55,45,114,29,3,1,7,2,2241.67,30,3138.34,24-02-2024
326,288,118,242,10,1,1,5,1,3528.14,20,2822.51,14-10-2024
327,178,79,124,12,3,1,7,4,3920.16,30,10976.45,26-06-2024
328,349,20,76,33,2,1,5,5,2463.82,20,9855.28,14-12-2024
329,8,64,196,7,3,1,6,2,1193.74,20,1909.98,08-01-2024
330,321,93,44,17,3,1,5,1,3418.24,20,2734.59,16-11-2024
331,313,106,186,10,2,1,6,3,3378.6,20,8108.64,08-11-2024
332,247,93,246,31,3,1,5,5,3418.24,20,13672.96,03-09-2024
333,323,67,84,6,1,1,2,1,1599.39,20,1279.51,18-11-2024
334,255,83,207,17,3,1,6,3,1991.76,20,4780.22,11-09-2024
335,328,3,151,37,1,1,7,1,4480.05,30,3136.04,23-11-2024
336,54,54,156,18,3,1,4,5,1963.05,20,7852.2,23-02-2024
337,249,78,16,26,3,1,4,4,4434.63,20,14190.82,05-09-2024
338,239,64,165,16,2,1,6,4,1193.74,20,3819.97,26-08-2024
339,229,40,145,8,2,1,3,3,1171.25,20,2811,16-08-2024
340,67,59,37,24,1,1,8,4,2890.15,20,9248.48,07-03-2024
341,51,55,45,13,2,1,4,5,2061.18,20,8244.72,20-02-2024
342,97,62,206,29,2,1,7,3,1822.34,30,3826.91,06-04-2024
343,92,4,62,32,2,1,3,1,1533.33,20,1226.66,01-04-2024
344,264,60,19,24,2,1,4,2,1967.44,20,3147.9,20-09-2024
345,291,116,300,16,2,1,8,1,3265.6,20,2612.48,17-10-2024
346,96,75,7,11,1,1,1,5,3319.29,10,14936.8,05-04-2024
347,88,95,249,32,1,1,1,3,1377.88,10,3720.28,28-03-2024
348,78,107,117,6,2,1,6,1,1109.5,20,887.6,18-03-2024
349,288,96,68,35,2,1,8,3,4390.33,20,10536.79,14-10-2024
350,120,91,34,33,1,1,7,4,1599.77,30,4479.36,29-04-2024
351,302,30,194,18,3,1,7,2,4480.38,30,6272.53,28-10-2024
352,165,107,55,37,1,1,4,5,1109.5,20,4438,13-06-2024
353,182,2,266,13,3,1,2,1,2514.33,20,2011.46,30-06-2024
354,223,62,42,10,2,1,3,2,1822.34,20,2915.74,10-08-2024
355,311,49,297,37,2,1,8,5,1153.5,20,4614,06-11-2024
356,7,9,231,26,1,1,4,5,3579.01,20,14316.04,07-01-2024
357,330,92,10,17,2,1,6,4,2380.87,20,7618.78,25-11-2024
358,263,31,128,1,3,1,8,3,2591.8,20,6220.32,19-09-2024
359,161,98,179,25,3,1,3,3,1047.84,20,2514.82,09-06-2024
360,151,61,193,34,1,1,5,2,2411.21,20,3857.94,30-05-2024
361,85,120,92,39,3,1,6,4,2937.73,20,9400.74,25-03-2024
362,147,79,231,10,1,1,4,5,3920.16,20,15680.64,26-05-2024
363,112,48,78,20,1,1,2,4,4248.06,20,13593.79,21-04-2024
364,36,25,85,7,3,1,8,4,1728.67,20,5531.74,05-02-2024
365,285,36,30,16,3,1,5,2,2090.7,20,3345.12,11-10-2024
366,188,8,213,37,3,1,6,3,2219.29,20,5326.3,06-07-2024
367,82,73,49,29,3,1,4,4,2983.91,20,9548.51,22-03-2024
368,2,58,265,12,3,1,1,4,3452.08,10,12427.49,02-01-2024
369,303,101,145,17,3,1,7,4,3578.55,30,10019.94,29-10-2024
370,197,112,69,20,3,1,4,1,1558.32,20,1246.66,15-07-2024
371,11,45,58,26,2,1,1,4,2241.67,10,8070.01,11-01-2024
372,234,62,185,19,1,1,1,4,1822.34,10,6560.42,21-08-2024
373,195,39,62,12,1,1,6,5,4429.19,20,17716.76,13-07-2024
374,119,96,296,21,3,1,4,1,4390.33,20,3512.26,28-04-2024
375,20,58,166,42,1,1,7,4,3452.08,30,9665.82,20-01-2024
376,261,116,171,34,3,1,4,4,3265.6,20,10449.92,17-09-2024
377,293,81,63,7,2,1,1,2,1800.9,10,3241.62,19-10-2024
378,256,99,147,45,1,1,3,2,2335.76,20,3737.22,12-09-2024
379,222,101,161,35,1,1,5,1,3578.55,20,2862.84,09-08-2024
380,226,83,141,15,2,1,2,5,1991.76,20,7967.04,13-08-2024
381,53,64,97,1,2,1,4,1,1193.74,20,954.99,22-02-2024
382,355,44,221,26,2,1,5,1,2647.01,20,2117.61,20-12-2024
383,342,29,43,35,1,1,5,2,1056.97,20,1691.15,07-12-2024
384,364,59,292,25,1,1,8,2,2890.15,20,4624.24,29-12-2024
385,280,71,108,42,2,1,3,5,4091.82,20,16367.28,06-10-2024
386,81,92,266,15,2,1,5,4,2380.87,20,7618.78,21-03-2024
387,202,9,95,22,2,1,4,5,3579.01,20,14316.04,20-07-2024
388,158,92,262,6,2,1,6,4,2380.87,20,7618.78,06-06-2024
389,120,6,71,15,2,1,6,3,2678.02,20,6427.25,29-04-2024
390,59,29,219,24,3,1,8,2,1056.97,20,1691.15,28-02-2024
391,215,58,21,21,2,1,5,3,3452.08,20,8284.99,02-08-2024
392,128,17,92,7,3,1,4,3,4424.01,20,10617.62,07-05-2024
393,224,16,127,29,1,1,4,2,3023.54,20,4837.66,11-08-2024
394,209,87,80,32,1,1,1,3,1877.55,10,5069.38,27-07-2024
395,115,95,238,32,3,1,3,1,1377.88,20,1102.3,24-04-2024
396,209,3,182,5,2,1,7,4,4480.05,30,12544.14,27-07-2024
397,14,21,25,4,1,1,2,5,2160.28,20,8641.12,14-01-2024
398,9,64,156,22,2,1,7,2,1193.74,30,1671.24,09-01-2024
399,40,90,5,18,2,1,8,1,3931.28,20,3145.02,09-02-2024
400,237,36,120,35,3,1,1,5,2090.7,10,9408.15,24-08-2024
401,281,106,277,17,1,1,2,5,3378.6,20,13514.4,07-10-2024
402,359,101,18,24,1,1,7,5,3578.55,30,12524.92,24-12-2024
403,201,117,198,2,3,1,4,3,2468.42,20,5924.21,19-07-2024
404,246,86,57,13,2,1,6,3,3880.33,20,9312.79,02-09-2024
405,278,62,93,15,2,1,1,3,1822.34,10,4920.32,04-10-2024
406,235,42,19,5,1,1,7,3,1587.28,30,3333.29,22-08-2024
407,4,76,193,3,3,1,8,1,2081.35,20,1665.08,04-01-2024
408,154,42,237,37,3,1,5,3,1587.28,20,3809.47,02-06-2024
409,29,61,277,37,2,1,8,2,2411.21,20,3857.94,29-01-2024
410,109,13,227,37,2,1,8,5,2731.73,20,10926.92,18-04-2024
411,98,11,233,3,3,1,8,1,2009.02,20,1607.22,07-04-2024
412,215,54,40,35,1,1,5,3,1963.05,20,4711.32,02-08-2024
413,293,16,153,23,2,1,2,5,3023.54,20,12094.16,19-10-2024
414,75,8,127,28,3,1,4,1,2219.29,20,1775.43,15-03-2024
415,326,104,237,30,3,1,6,5,1191.14,20,4764.56,21-11-2024
416,146,59,55,18,3,1,2,1,2890.15,20,2312.12,25-05-2024
417,128,57,172,36,1,1,7,4,1391.84,30,3897.15,07-05-2024
418,341,40,109,33,2,1,7,1,1171.25,30,819.88,06-12-2024
419,42,109,184,26,2,1,6,3,2492.47,20,5981.93,11-02-2024
420,356,59,198,40,2,1,7,5,2890.15,30,10115.52,21-12-2024
421,41,2,87,17,1,1,3,5,2514.33,20,10057.32,10-02-2024
422,34,94,201,40,2,1,6,5,1398.07,20,5592.28,03-02-2024
423,17,94,275,7,2,1,5,2,1398.07,20,2236.91,17-01-2024
424,165,76,211,8,2,1,7,2,2081.35,30,2913.89,13-06-2024
425,153,10,118,31,2,1,7,3,3495.38,30,7340.3,01-06-2024
426,76,44,191,12,1,1,1,4,2647.01,10,9529.24,16-03-2024
427,87,11,42,31,3,1,1,2,2009.02,10,3616.24,27-03-2024
428,117,79,42,44,3,1,1,1,3920.16,10,3528.14,26-04-2024
429,362,80,276,19,2,1,6,3,3997.46,20,9593.9,27-12-2024
430,342,81,17,10,2,1,5,4,1800.9,20,5762.88,07-12-2024
431,27,90,283,39,2,1,6,1,3931.28,20,3145.02,27-01-2024
432,313,2,258,12,1,1,8,5,2514.33,20,10057.32,08-11-2024
433,287,50,63,20,2,1,4,2,1652.11,20,2643.38,13-10-2024
434,134,12,62,37,1,1,5,1,2853.14,20,2282.51,13-05-2024
435,219,115,100,41,2,1,5,4,2760.11,20,8832.35,06-08-2024
436,168,90,19,7,2,1,8,3,3931.28,20,9435.07,16-06-2024
437,98,23,17,14,3,1,6,1,3308.13,20,2646.5,07-04-2024
438,268,18,246,11,2,1,6,3,2652.27,20,6365.45,24-09-2024
439,237,62,251,7,1,1,1,5,1822.34,10,8200.53,24-08-2024
440,309,96,81,29,3,1,5,4,4390.33,20,14049.06,04-11-2024
441,173,113,39,10,1,1,1,4,4264.61,10,15352.6,21-06-2024
442,190,62,36,29,3,1,4,2,1822.34,20,2915.74,08-07-2024
443,122,38,197,9,1,1,3,4,2960.25,20,9472.8,01-05-2024
444,46,111,158,36,3,1,1,1,1237.94,10,1114.15,15-02-2024
445,64,67,204,10,1,1,6,1,1599.39,20,1279.51,04-03-2024
446,130,38,196,19,1,1,7,1,2960.25,30,2072.17,09-05-2024
447,310,67,216,31,2,1,2,5,1599.39,20,6397.56,05-11-2024
448,363,94,285,17,3,1,3,4,1398.07,20,4473.82,28-12-2024
449,193,61,196,9,3,1,4,4,2411.21,20,7715.87,11-07-2024
450,307,1,152,45,2,1,7,1,2648.21,30,1853.75,02-11-2024
451,181,94,14,33,1,1,6,2,1398.07,20,2236.91,29-06-2024
452,292,45,146,34,1,1,3,2,2241.67,20,3586.67,18-10-2024
453,282,96,57,45,3,1,8,4,4390.33,20,14049.06,08-10-2024
454,29,28,211,24,1,1,6,4,3666.79,20,11733.73,29-01-2024
455,149,21,268,9,3,1,1,3,2160.28,10,5832.76,28-05-2024
456,267,110,210,7,3,1,7,4,1763.23,30,4937.04,23-09-2024
457,296,13,17,16,1,1,6,1,2731.73,20,2185.38,22-10-2024
458,11,27,286,19,1,1,7,5,2959.22,30,10357.27,11-01-2024
459,164,100,203,39,1,1,4,4,2460.67,20,7874.14,12-06-2024
460,113,7,99,6,2,1,2,4,1543.76,20,4940.03,22-04-2024
461,187,22,279,11,3,1,1,1,3222.37,10,2900.13,05-07-2024
462,295,74,209,12,1,1,1,3,2478.51,10,6691.98,21-10-2024
463,232,103,129,42,2,1,7,4,1563.6,30,4378.08,19-08-2024
464,227,53,288,13,1,1,4,2,1814.99,20,2903.98,14-08-2024
465,310,79,252,12,3,1,4,2,3920.16,20,6272.26,05-11-2024
466,98,79,265,21,2,1,3,2,3920.16,20,6272.26,07-04-2024
467,55,4,271,10,3,1,2,5,1533.33,20,6133.32,24-02-2024
468,111,96,188,20,1,1,6,5,4390.33,20,17561.32,20-04-2024
469,152,23,214,36,1,1,3,4,3308.13,20,10586.02,31-05-2024
470,246,119,283,28,1,1,6,4,1071.78,20,3429.7,02-09-2024
471,69,70,211,24,2,1,6,4,1082.77,20,3464.86,09-03-2024
472,312,88,76,5,2,1,6,5,4374.91,20,17499.64,07-11-2024
473,289,84,148,37,2,1,3,4,2833.5,20,9067.2,15-10-2024
474,250,101,213,12,2,1,1,1,3578.55,10,3220.7,06-09-2024
475,36,84,109,35,1,1,4,3,2833.5,20,6800.4,05-02-2024
476,239,76,129,40,1,1,1,2,2081.35,10,3746.43,26-08-2024
477,148,33,10,2,1,1,2,2,4080.58,20,6528.93,27-05-2024
478,227,28,47,41,2,1,3,1,3666.79,20,2933.43,14-08-2024
479,244,8,96,45,2,1,8,4,2219.29,20,7101.73,31-08-2024
480,337,1,103,39,1,1,2,5,2648.21,20,10592.84,02-12-2024
481,365,37,146,42,1,1,4,4,2889.95,20,9247.84,30-12-2024
482,201,63,27,9,2,1,4,4,3101.45,20,9924.64,19-07-2024
483,154,22,220,22,3,1,5,2,3222.37,20,5155.79,02-06-2024
484,73,70,18,5,1,1,2,2,1082.77,20,1732.43,13-03-2024
485,201,21,167,12,1,1,8,5,2160.28,20,8641.12,19-07-2024
486,296,96,82,1,1,1,1,2,4390.33,10,7902.59,22-10-2024
487,17,35,72,44,2,1,7,4,4331.06,30,12126.97,17-01-2024
488,129,79,254,22,1,1,8,1,3920.16,20,3136.13,08-05-2024
489,217,5,162,38,1,1,2,5,965.07,20,3860.28,04-08-2024
490,61,60,38,19,1,1,3,1,1967.44,20,1573.95,01-03-2024
491,104,120,201,16,1,1,4,4,2937.73,20,9400.74,13-04-2024
492,42,46,200,31,1,1,4,5,2320.89,20,9283.56,11-02-2024
493,25,50,255,3,3,1,2,1,1652.11,20,1321.69,25-01-2024
494,39,48,179,23,3,1,8,5,4248.06,20,16992.24,08-02-2024
495,291,6,35,42,1,1,2,4,2678.02,20,8569.66,17-10-2024
496,131,89,82,18,1,1,6,5,2546.15,20,10184.6,10-05-2024
497,229,56,220,26,1,1,2,4,3955.21,20,12656.67,16-08-2024
498,108,110,158,13,1,1,6,5,1763.23,20,7052.92,17-04-2024
499,172,59,4,18,2,1,8,5,2890.15,20,11560.6,20-06-2024
500,102,120,167,3,2,1,3,2,2937.73,20,4700.37,11-04-2024
501,354,104,204,23,2,1,3,4,1191.14,20,3811.65,19-12-2024
502,12,29,194,3,3,1,1,3,1056.97,10,2853.82,12-01-2024
503,275,71,235,25,1,1,2,5,4091.82,20,16367.28,01-10-2024
504,101,104,206,27,2,1,8,1,1191.14,20,952.91,10-04-2024
505,44,77,150,44,1,1,8,2,1458.15,20,2333.04,13-02-2024
506,305,102,159,27,1,1,1,2,1803.1,10,3245.58,31-10-2024
507,17,18,279,39,3,1,7,5,2652.27,30,9282.94,17-01-2024
508,330,2,166,25,3,1,8,3,2514.33,20,6034.39,25-11-2024
509,57,8,68,24,2,1,5,2,2219.29,20,3550.86,26-02-2024
510,311,75,88,8,2,1,3,4,3319.29,20,10621.73,06-11-2024
511,303,97,217,9,3,1,4,5,3472.54,20,13890.16,29-10-2024
512,12,54,1,37,3,1,6,5,1963.05,20,7852.2,12-01-2024
513,318,38,135,30,1,1,5,3,2960.25,20,7104.6,13-11-2024
514,80,48,185,19,1,1,4,4,4248.06,20,13593.79,20-03-2024
515,216,27,140,16,2,1,5,4,2959.22,20,9469.5,03-08-2024
516,339,20,106,24,2,1,1,3,2463.82,10,6652.31,04-12-2024
517,264,12,133,44,3,1,1,1,2853.14,10,2567.83,20-09-2024
518,149,43,108,21,2,1,6,4,1866.51,20,5972.83,28-05-2024
519,81,61,178,36,1,1,3,1,2411.21,20,1928.97,21-03-2024
520,215,31,298,40,3,1,7,1,2591.8,30,1814.26,02-08-2024
521,198,91,146,39,1,1,8,5,1599.77,20,6399.08,16-07-2024
522,200,96,74,6,3,1,6,5,4390.33,20,17561.32,18-07-2024
523,25,61,108,5,3,1,7,2,2411.21,30,3375.69,25-01-2024
524,89,74,122,14,1,1,4,5,2478.51,20,9914.04,29-03-2024
525,268,67,17,45,2,1,8,4,1599.39,20,5118.05,24-09-2024
526,143,109,196,42,2,1,5,4,2492.47,20,7975.9,22-05-2024
527,59,91,297,4,2,1,6,1,1599.77,20,1279.82,28-02-2024
528,365,35,252,8,2,1,7,4,4331.06,30,12126.97,30-12-2024
529,26,95,119,24,1,1,2,5,1377.88,20,5511.52,26-01-2024
530,47,15,162,11,3,1,2,5,1801.66,20,7206.64,16-02-2024
531,288,16,198,17,1,1,3,5,3023.54,20,12094.16,14-10-2024
532,266,13,45,21,2,1,7,3,2731.73,30,5736.63,22-09-2024
533,16,113,179,26,2,1,6,4,4264.61,20,13646.75,16-01-2024
534,199,35,44,43,1,1,4,2,4331.06,20,6929.7,17-07-2024
535,282,116,271,44,3,1,2,4,3265.6,20,10449.92,08-10-2024
536,86,75,78,45,1,1,3,4,3319.29,20,10621.73,26-03-2024
537,250,59,178,27,1,1,6,3,2890.15,20,6936.36,06-09-2024
538,270,21,3,16,1,1,3,4,2160.28,20,6912.9,26-09-2024
539,335,115,214,26,3,1,4,1,2760.11,20,2208.09,30-11-2024
540,117,54,74,33,1,1,2,5,1963.05,20,7852.2,26-04-2024
541,7,75,51,31,1,1,8,5,3319.29,20,13277.16,07-01-2024
542,137,30,67,6,2,1,2,3,4480.38,20,10752.91,16-05-2024
543,176,48,93,44,1,1,2,5,4248.06,20,16992.24,24-06-2024
544,328,117,176,8,2,1,7,1,2468.42,30,1727.89,23-11-2024
545,315,35,145,7,2,1,1,3,4331.06,10,11693.86,10-11-2024
546,215,86,7,34,2,1,7,2,3880.33,30,5432.46,02-08-2024
547,82,38,269,44,3,1,2,5,2960.25,20,11841,22-03-2024
548,223,31,4,14,2,1,5,4,2591.8,20,8293.76,10-08-2024
549,103,78,138,16,1,1,1,1,4434.63,10,3991.17,12-04-2024
550,273,24,231,43,1,1,8,1,4011,20,3208.8,29-09-2024
551,14,114,88,9,2,1,6,5,3197.77,20,12791.08,14-01-2024
552,159,49,17,10,2,1,7,2,1153.5,30,1614.9,07-06-2024
553,152,96,52,17,1,1,1,4,4390.33,10,15805.19,31-05-2024
554,108,100,134,12,2,1,1,2,2460.67,10,4429.21,17-04-2024
555,188,32,211,6,3,1,7,2,1906.42,30,2668.99,06-07-2024
556,301,55,219,19,2,1,7,5,2061.18,30,7214.13,27-10-2024
557,98,79,205,43,3,1,1,4,3920.16,10,14112.58,07-04-2024
558,131,107,211,41,3,1,3,5,1109.5,20,4438,10-05-2024
559,293,58,277,29,3,1,8,5,3452.08,20,13808.32,19-10-2024
560,171,99,24,6,2,1,5,1,2335.76,20,1868.61,19-06-2024
561,183,3,4,25,3,1,4,5,4480.05,20,17920.2,01-07-2024
562,364,80,152,24,3,1,2,3,3997.46,20,9593.9,29-12-2024
563,39,69,259,25,2,1,8,4,2328.42,20,7450.94,08-02-2024
564,15,85,168,16,3,1,7,1,2075.94,30,1453.16,15-01-2024
565,4,10,176,16,2,1,1,4,3495.38,10,12583.37,04-01-2024
566,349,83,291,6,1,1,4,1,1991.76,20,1593.41,14-12-2024
567,210,25,56,37,3,1,7,3,1728.67,30,3630.21,28-07-2024
568,161,68,108,21,2,1,3,5,1155.39,20,4621.56,09-06-2024
569,16,61,296,4,1,1,4,1,2411.21,20,1928.97,16-01-2024
570,108,29,141,34,3,1,1,1,1056.97,10,951.27,17-04-2024
571,311,19,155,28,3,1,8,1,4161.96,20,3329.57,06-11-2024
572,227,43,262,38,2,1,6,3,1866.51,20,4479.62,14-08-2024
573,170,66,273,41,1,1,8,4,3160.42,20,10113.34,18-06-2024
574,34,74,232,28,2,1,8,3,2478.51,20,5948.42,03-02-2024
575,251,61,241,17,3,1,5,1,2411.21,20,1928.97,07-09-2024
576,247,43,258,14,3,1,4,1,1866.51,20,1493.21,03-09-2024
577,269,25,249,7,3,1,7,5,1728.67,30,6050.34,25-09-2024
578,141,20,77,22,3,1,1,3,2463.82,10,6652.31,20-05-2024
579,274,48,180,1,1,1,7,3,4248.06,30,8920.93,30-09-2024
580,96,83,66,29,1,1,1,2,1991.76,10,3585.17,05-04-2024
581,227,87,171,31,2,1,2,4,1877.55,20,6008.16,14-08-2024
582,39,24,22,30,2,1,6,2,4011,20,6417.6,08-02-2024
583,302,11,107,15,2,1,2,2,2009.02,20,3214.43,28-10-2024
584,29,110,227,18,3,1,8,4,1763.23,20,5642.34,29-01-2024
585,318,98,216,35,2,1,6,5,1047.84,20,4191.36,13-11-2024
586,245,55,69,30,1,1,5,5,2061.18,20,8244.72,01-09-2024
587,236,28,84,34,2,1,2,4,3666.79,20,11733.73,23-08-2024
588,185,69,103,42,2,1,5,4,2328.42,20,7450.94,03-07-2024
589,272,63,39,11,1,1,7,3,3101.45,30,6513.04,28-09-2024
590,236,59,13,27,1,1,8,3,2890.15,20,6936.36,23-08-2024
591,239,5,297,24,3,1,3,3,965.07,20,2316.17,26-08-2024
592,266,51,181,35,1,1,3,3,3316.12,20,7958.69,22-09-2024
593,359,21,268,39,1,1,6,1,2160.28,20,1728.22,24-12-2024
594,340,12,13,8,2,1,6,1,2853.14,20,2282.51,05-12-2024
595,65,50,120,18,1,1,2,5,1652.11,20,6608.44,05-03-2024
596,177,4,57,13,3,1,3,1,1533.33,20,1226.66,25-06-2024
597,3,118,40,45,2,1,4,1,3528.14,20,2822.51,03-01-2024
598,142,113,128,24,3,1,4,3,4264.61,20,10235.06,21-05-2024
599,158,42,173,23,1,1,7,3,1587.28,30,3333.29,06-06-2024
600,324,84,35,12,3,1,4,4,2833.5,20,9067.2,19-11-2024
601,146,38,259,30,3,1,7,3,2960.25,30,6216.52,25-05-2024
602,293,25,5,31,1,1,3,4,1728.67,20,5531.74,19-10-2024
603,153,14,218,28,1,1,4,4,3190.8,20,10210.56,01-06-2024
604,193,75,11,22,2,1,5,1,3319.29,20,2655.43,11-07-2024
605,73,32,117,44,2,1,1,3,1906.42,10,5147.33,13-03-2024
606,305,11,184,28,2,1,6,1,2009.02,20,1607.22,31-10-2024
607,344,61,116,13,1,1,8,3,2411.21,20,5786.9,09-12-2024
608,140,18,162,25,3,1,2,1,2652.27,20,2121.82,19-05-2024
609,187,27,67,44,3,1,7,1,2959.22,30,2071.45,05-07-2024
610,293,55,200,7,2,1,5,1,2061.18,20,1648.94,19-10-2024
611,61,54,31,45,2,1,4,5,1963.05,20,7852.2,01-03-2024
612,198,82,75,6,1,1,8,1,1039.81,20,831.85,16-07-2024
613,295,120,237,24,3,1,8,2,2937.73,20,4700.37,21-10-2024
614,319,87,66,19,2,1,1,2,1877.55,10,3379.59,14-11-2024
615,302,75,70,19,1,1,2,2,3319.29,20,5310.86,28-10-2024
616,344,21,297,36,2,1,5,4,2160.28,20,6912.9,09-12-2024
617,11,44,20,9,1,1,2,1,2647.01,20,2117.61,11-01-2024
618,62,5,226,36,3,1,7,2,965.07,30,1351.1,02-03-2024
619,333,87,199,38,1,1,7,4,1877.55,30,5257.14,28-11-2024
620,226,41,39,40,2,1,6,2,2000.51,20,3200.82,13-08-2024
621,153,59,145,29,2,1,3,3,2890.15,20,6936.36,01-06-2024
622,199,89,45,24,3,1,7,5,2546.15,30,8911.52,17-07-2024
623,52,105,91,5,3,1,4,1,2441.93,20,1953.54,21-02-2024
624,260,54,238,42,2,1,8,5,1963.05,20,7852.2,16-09-2024
625,59,74,70,45,2,1,5,5,2478.51,20,9914.04,28-02-2024
626,72,22,166,26,2,1,5,3,3222.37,20,7733.69,12-03-2024
627,148,83,130,14,3,1,1,3,1991.76,10,5377.75,27-05-2024
628,349,65,214,39,2,1,8,3,918.67,20,2204.81,14-12-2024
629,63,64,89,29,3,1,1,4,1193.74,10,4297.46,03-03-2024
630,310,71,252,6,2,1,1,2,4091.82,10,7365.28,05-11-2024
631,243,4,72,7,1,1,8,1,1533.33,20,1226.66,30-08-2024
632,330,65,165,37,1,1,2,3,918.67,20,2204.81,25-11-2024
633,107,15,49,18,2,1,4,1,1801.66,20,1441.33,16-04-2024
634,226,104,52,23,1,1,2,1,1191.14,20,952.91,13-08-2024
635,313,76,289,44,3,1,4,1,2081.35,20,1665.08,08-11-2024
636,218,22,278,38,1,1,5,3,3222.37,20,7733.69,05-08-2024
637,241,86,114,1,1,1,7,3,3880.33,30,8148.69,28-08-2024
638,259,114,239,4,3,1,7,2,3197.77,30,4476.88,15-09-2024
639,262,47,133,44,1,1,2,3,3939.17,20,9454.01,18-09-2024
640,5,81,274,35,1,1,2,3,1800.9,20,4322.16,05-01-2024
641,261,93,166,23,2,1,2,1,3418.24,20,2734.59,17-09-2024
642,54,46,293,27,3,1,3,2,2320.89,20,3713.42,23-02-2024
643,47,14,243,26,3,1,6,5,3190.8,20,12763.2,16-02-2024
644,215,50,138,8,2,1,8,3,1652.11,20,3965.06,02-08-2024
645,177,20,79,43,2,1,4,3,2463.82,20,5913.17,25-06-2024
646,9,50,170,16,1,1,7,5,1652.11,30,5782.38,09-01-2024
647,99,112,123,41,1,1,4,1,1558.32,20,1246.66,08-04-2024
648,20,33,176,3,1,1,2,2,4080.58,20,6528.93,20-01-2024
649,241,119,300,32,2,1,3,1,1071.78,20,857.42,28-08-2024
650,61,59,82,5,3,1,2,4,2890.15,20,9248.48,01-03-2024
651,178,43,87,20,1,1,4,3,1866.51,20,4479.62,26-06-2024
652,338,79,225,14,2,1,6,4,3920.16,20,12544.51,03-12-2024
653,62,12,16,32,3,1,7,3,2853.14,30,5991.59,02-03-2024
654,145,40,163,26,2,1,6,4,1171.25,20,3748,24-05-2024
655,216,118,98,6,1,1,8,5,3528.14,20,14112.56,03-08-2024
656,3,20,156,36,2,1,5,3,2463.82,20,5913.17,03-01-2024
657,160,94,2,40,2,1,3,3,1398.07,20,3355.37,08-06-2024
658,227,38,169,5,2,1,6,4,2960.25,20,9472.8,14-08-2024
659,269,3,92,13,2,1,3,2,4480.05,20,7168.08,25-09-2024
660,120,28,181,32,3,1,2,4,3666.79,20,11733.73,29-04-2024
661,89,56,231,16,1,1,5,3,3955.21,20,9492.5,29-03-2024
662,329,90,148,1,3,1,4,3,3931.28,20,9435.07,24-11-2024
663,68,94,280,13,2,1,6,2,1398.07,20,2236.91,08-03-2024
664,357,13,189,11,2,1,6,1,2731.73,20,2185.38,22-12-2024
665,98,77,128,8,1,1,1,2,1458.15,10,2624.67,07-04-2024
666,267,66,7,25,1,1,7,1,3160.42,30,2212.29,23-09-2024
667,105,37,47,40,3,1,4,3,2889.95,20,6935.88,14-04-2024
668,323,49,53,32,3,1,6,5,1153.5,20,4614,18-11-2024
669,123,102,187,24,1,1,6,5,1803.1,20,7212.4,02-05-2024
670,29,66,38,28,3,1,4,4,3160.42,20,10113.34,29-01-2024
671,137,36,226,14,2,1,5,2,2090.7,20,3345.12,16-05-2024
672,195,54,53,45,2,1,3,2,1963.05,20,3140.88,13-07-2024
673,226,26,224,3,1,1,4,5,2697.1,20,10788.4,13-08-2024
674,332,75,154,36,3,1,3,1,3319.29,20,2655.43,27-11-2024
675,170,72,48,27,2,1,5,2,999.42,20,1599.07,18-06-2024
676,9,108,147,20,1,1,5,1,4194.77,20,3355.82,09-01-2024
677,40,40,64,15,3,1,8,1,1171.25,20,937,09-02-2024
678,25,43,182,27,2,1,2,1,1866.51,20,1493.21,25-01-2024
679,261,22,125,45,3,1,1,1,3222.37,10,2900.13,17-09-2024
680,226,20,179,41,3,1,5,4,2463.82,20,7884.22,13-08-2024
681,124,8,39,28,3,1,8,4,2219.29,20,7101.73,03-05-2024
682,38,29,260,25,1,1,8,5,1056.97,20,4227.88,07-02-2024
683,328,40,3,42,2,1,8,4,1171.25,20,3748,23-11-2024
684,251,90,64,44,1,1,5,2,3931.28,20,6290.05,07-09-2024
685,176,30,29,33,2,1,3,4,4480.38,20,14337.22,24-06-2024
686,90,81,11,14,2,1,5,2,1800.9,20,2881.44,30-03-2024
687,37,84,97,8,1,1,4,2,2833.5,20,4533.6,06-02-2024
688,316,116,203,14,1,1,2,1,3265.6,20,2612.48,11-11-2024
689,176,55,21,1,2,1,2,5,2061.18,20,8244.72,24-06-2024
690,284,16,39,16,2,1,4,1,3023.54,20,2418.83,10-10-2024
691,81,46,223,18,2,1,6,1,2320.89,20,1856.71,21-03-2024
692,114,62,102,7,3,1,5,4,1822.34,20,5831.49,23-04-2024
693,40,107,46,15,2,1,7,4,1109.5,30,3106.6,09-02-2024
694,301,7,66,24,1,1,1,2,1543.76,10,2778.77,27-10-2024
695,224,80,91,13,1,1,8,4,3997.46,20,12791.87,11-08-2024
696,318,45,164,9,1,1,5,4,2241.67,20,7173.34,13-11-2024
697,349,59,111,15,2,1,2,3,2890.15,20,6936.36,14-12-2024
698,115,111,123,35,2,1,1,2,1237.94,10,2228.29,24-04-2024
699,186,56,193,24,3,1,7,2,3955.21,30,5537.29,04-07-2024
700,323,48,99,33,3,1,6,3,4248.06,20,10195.34,18-11-2024
701,56,27,291,16,1,1,3,2,2959.22,20,4734.75,25-02-2024
702,40,53,159,8,3,1,3,5,1814.99,20,7259.96,09-02-2024
703,354,87,103,29,3,1,7,5,1877.55,30,6571.42,19-12-2024
704,40,88,281,23,1,1,5,3,4374.91,20,10499.78,09-02-2024
705,347,73,43,45,2,1,5,4,2983.91,20,9548.51,12-12-2024
706,237,35,84,31,3,1,1,5,4331.06,10,19489.77,24-08-2024
707,289,51,191,40,2,1,1,3,3316.12,10,8953.52,15-10-2024
708,262,84,51,14,1,1,6,5,2833.5,20,11334,18-09-2024
709,216,37,210,30,1,1,5,1,2889.95,20,2311.96,03-08-2024
710,147,106,126,39,3,1,2,3,3378.6,20,8108.64,26-05-2024
711,336,81,69,27,1,1,3,2,1800.9,20,2881.44,01-12-2024
712,168,111,265,16,1,1,6,5,1237.94,20,4951.76,16-06-2024
713,92,95,258,6,1,1,8,2,1377.88,20,2204.61,01-04-2024
714,353,119,188,33,3,1,1,3,1071.78,10,2893.81,18-12-2024
715,59,57,230,44,3,1,8,5,1391.84,20,5567.36,28-02-2024
716,59,8,189,18,3,1,2,2,2219.29,20,3550.86,28-02-2024
717,304,79,10,16,1,1,5,4,3920.16,20,12544.51,30-10-2024
718,169,95,114,12,2,1,4,4,1377.88,20,4409.22,17-06-2024
719,269,117,76,20,1,1,1,1,2468.42,10,2221.58,25-09-2024
720,363,94,164,45,3,1,6,3,1398.07,20,3355.37,28-12-2024
721,45,110,85,40,2,1,4,2,1763.23,20,2821.17,14-02-2024
722,345,20,49,29,2,1,2,1,2463.82,20,1971.06,10-12-2024
723,181,103,177,30,3,1,8,3,1563.6,20,3752.64,29-06-2024
724,170,53,218,26,2,1,7,4,1814.99,30,5081.97,18-06-2024
725,356,119,189,22,2,1,3,2,1071.78,20,1714.85,21-12-2024
726,191,12,230,33,3,1,7,5,2853.14,30,9985.99,09-07-2024
727,155,49,255,39,2,1,7,4,1153.5,30,3229.8,03-06-2024
728,188,17,236,29,2,1,7,5,4424.01,30,15484.04,06-07-2024
729,7,64,26,22,3,1,2,5,1193.74,20,4774.96,07-01-2024
730,133,42,72,45,2,1,3,2,1587.28,20,2539.65,12-05-2024
731,235,94,261,13,2,1,2,2,1398.07,20,2236.91,22-08-2024
732,45,29,254,9,2,1,7,5,1056.97,30,3699.4,14-02-2024
733,314,19,271,24,2,1,1,1,4161.96,10,3745.76,09-11-2024
734,249,110,123,15,3,1,7,5,1763.23,30,6171.3,05-09-2024
735,31,11,144,36,1,1,1,5,2009.02,10,9040.59,31-01-2024
736,23,98,257,13,1,1,6,2,1047.84,20,1676.54,23-01-2024
737,160,50,144,27,2,1,7,3,1652.11,30,3469.43,08-06-2024
738,363,71,259,44,3,1,4,4,4091.82,20,13093.82,28-12-2024
739,158,108,47,37,3,1,2,2,4194.77,20,6711.63,06-06-2024
740,39,58,13,7,2,1,7,1,3452.08,30,2416.46,08-02-2024
741,82,34,208,8,1,1,2,4,3591.79,20,11493.73,22-03-2024
742,356,20,235,37,2,1,8,2,2463.82,20,3942.11,21-12-2024
743,258,50,149,41,3,1,7,2,1652.11,30,2312.95,14-09-2024
744,206,102,155,14,3,1,4,3,1803.1,20,4327.44,24-07-2024
745,77,88,166,12,1,1,7,1,4374.91,30,3062.44,17-03-2024
746,12,10,90,36,3,1,5,1,3495.38,20,2796.3,12-01-2024
747,295,32,186,40,3,1,6,2,1906.42,20,3050.27,21-10-2024
748,224,52,174,17,3,1,8,3,2191.13,20,5258.71,11-08-2024
749,13,15,217,40,1,1,2,2,1801.66,20,2882.66,13-01-2024
750,46,101,264,29,3,1,8,5,3578.55,20,14314.2,15-02-2024
751,155,84,97,27,2,1,6,5,2833.5,20,11334,03-06-2024
752,113,3,117,1,1,1,2,3,4480.05,20,10752.12,22-04-2024
753,233,37,199,34,2,1,2,2,2889.95,20,4623.92,20-08-2024
754,17,40,21,4,2,1,5,3,1171.25,20,2811,17-01-2024
755,360,72,200,24,1,1,7,2,999.42,30,1399.19,25-12-2024
756,223,40,248,21,2,1,1,2,1171.25,10,2108.25,10-08-2024
757,354,108,276,33,1,1,6,5,4194.77,20,16779.08,19-12-2024
758,188,56,264,7,2,1,4,4,3955.21,20,12656.67,06-07-2024
759,344,23,58,1,1,1,6,1,3308.13,20,2646.5,09-12-2024
760,365,104,31,41,3,1,7,1,1191.14,30,833.8,30-12-2024
761,163,11,249,3,3,1,5,3,2009.02,20,4821.65,11-06-2024
762,326,110,93,44,2,1,3,1,1763.23,20,1410.58,21-11-2024
763,74,64,265,15,3,1,8,5,1193.74,20,4774.96,14-03-2024
764,233,8,271,31,1,1,3,4,2219.29,20,7101.73,20-08-2024
765,224,93,94,16,2,1,5,2,3418.24,20,5469.18,11-08-2024
766,319,94,154,10,3,1,8,2,1398.07,20,2236.91,14-11-2024
767,60,56,285,29,3,1,7,5,3955.21,30,13843.23,29-02-2024
768,335,60,80,6,2,1,5,1,1967.44,20,1573.95,30-11-2024
769,222,10,292,29,3,1,1,2,3495.38,10,6291.68,09-08-2024
770,37,39,84,17,3,1,6,1,4429.19,20,3543.35,06-02-2024
771,278,28,37,22,2,1,7,5,3666.79,30,12833.76,04-10-2024
772,196,49,232,24,3,1,8,2,1153.5,20,1845.6,14-07-2024
773,352,36,93,17,3,1,6,3,2090.7,20,5017.68,17-12-2024
774,242,13,102,21,3,1,3,4,2731.73,20,8741.54,29-08-2024
775,324,96,166,11,3,1,7,1,4390.33,30,3073.23,19-11-2024
776,219,36,159,7,2,1,4,1,2090.7,20,1672.56,06-08-2024
777,192,101,14,42,1,1,6,1,3578.55,20,2862.84,10-07-2024
778,17,26,225,39,1,1,2,1,2697.1,20,2157.68,17-01-2024
779,12,86,73,5,3,1,8,5,3880.33,20,15521.32,12-01-2024
780,193,4,249,44,3,1,2,5,1533.33,20,6133.32,11-07-2024
781,22,95,91,21,1,1,1,5,1377.88,10,6200.46,22-01-2024
782,120,82,216,18,3,1,8,5,1039.81,20,4159.24,29-04-2024
783,210,64,90,35,1,1,7,2,1193.74,30,1671.24,28-07-2024
784,306,38,29,20,2,1,8,5,2960.25,20,11841,01-11-2024
785,270,88,220,15,2,1,1,2,4374.91,10,7874.84,26-09-2024
786,192,120,215,5,2,1,8,3,2937.73,20,7050.55,10-07-2024
787,175,87,221,13,2,1,7,5,1877.55,30,6571.42,23-06-2024
788,285,22,42,12,2,1,3,3,3222.37,20,7733.69,11-10-2024
789,204,2,135,21,2,1,4,5,2514.33,20,10057.32,22-07-2024
790,164,31,42,37,1,1,4,3,2591.8,20,6220.32,12-06-2024
791,251,119,164,6,3,1,5,4,1071.78,20,3429.7,07-09-2024
792,227,11,283,7,1,1,1,3,2009.02,10,5424.35,14-08-2024
793,7,92,58,26,2,1,7,2,2380.87,30,3333.22,07-01-2024
794,29,46,25,42,3,1,6,1,2320.89,20,1856.71,29-01-2024
795,33,96,73,8,3,1,2,3,4390.33,20,10536.79,02-02-2024
796,134,62,129,9,2,1,6,1,1822.34,20,1457.87,13-05-2024
797,79,69,87,27,2,1,2,4,2328.42,20,7450.94,19-03-2024
798,58,64,153,4,2,1,3,4,1193.74,20,3819.97,27-02-2024
799,26,102,182,21,2,1,2,2,1803.1,20,2884.96,26-01-2024
800,226,10,125,31,2,1,6,2,3495.38,20,5592.61,13-08-2024
801,285,40,67,21,2,1,8,3,1171.25,20,2811,11-10-2024
802,4,110,6,40,3,1,6,5,1763.23,20,7052.92,04-01-2024
803,99,24,125,25,2,1,4,4,4011,20,12835.2,08-04-2024
804,39,99,53,39,2,1,7,1,2335.76,30,1635.03,08-02-2024
805,271,44,66,15,3,1,4,5,2647.01,20,10588.04,27-09-2024
806,285,112,82,35,1,1,1,4,1558.32,10,5609.95,11-10-2024
807,157,60,87,43,2,1,8,3,1967.44,20,4721.86,05-06-2024
808,75,62,2,41,3,1,6,4,1822.34,20,5831.49,15-03-2024
809,288,87,204,37,3,1,8,2,1877.55,20,3004.08,14-10-2024
810,130,17,150,42,1,1,8,1,4424.01,20,3539.21,09-05-2024
811,175,65,293,28,2,1,7,1,918.67,30,643.07,23-06-2024
812,84,119,103,14,2,1,3,2,1071.78,20,1714.85,24-03-2024
813,22,95,24,4,2,1,2,5,1377.88,20,5511.52,22-01-2024
814,27,95,212,20,3,1,1,2,1377.88,10,2480.18,27-01-2024
815,195,106,65,34,2,1,5,1,3378.6,20,2702.88,13-07-2024
816,337,57,209,12,2,1,8,3,1391.84,20,3340.42,02-12-2024
817,236,55,251,33,2,1,5,5,2061.18,20,8244.72,23-08-2024
818,92,106,117,24,2,1,7,4,3378.6,30,9460.08,01-04-2024
819,21,53,116,20,1,1,2,3,1814.99,20,4355.98,21-01-2024
820,303,56,237,5,1,1,2,5,3955.21,20,15820.84,29-10-2024
821,357,98,105,38,1,1,7,1,1047.84,30,733.49,22-12-2024
822,84,9,259,30,2,1,2,1,3579.01,20,2863.21,24-03-2024
823,262,22,46,24,2,1,4,3,3222.37,20,7733.69,18-09-2024
824,147,13,216,43,3,1,2,5,2731.73,20,10926.92,26-05-2024
825,257,89,24,40,3,1,5,4,2546.15,20,8147.68,13-09-2024
826,58,48,35,7,3,1,2,4,4248.06,20,13593.79,27-02-2024
827,15,18,24,36,2,1,6,2,2652.27,20,4243.63,15-01-2024
828,162,115,28,38,1,1,7,3,2760.11,30,5796.23,10-06-2024
829,163,76,16,16,1,1,3,5,2081.35,20,8325.4,11-06-2024
830,320,40,59,15,1,1,5,3,1171.25,20,2811,15-11-2024
831,281,17,243,23,2,1,3,4,4424.01,20,14156.83,07-10-2024
832,280,15,207,12,1,1,5,5,1801.66,20,7206.64,06-10-2024
833,12,106,271,29,3,1,8,1,3378.6,20,2702.88,12-01-2024
834,274,15,249,44,3,1,1,1,1801.66,10,1621.49,30-09-2024
835,271,79,267,15,1,1,6,5,3920.16,20,15680.64,27-09-2024
836,208,63,193,29,3,1,5,3,3101.45,20,7443.48,26-07-2024
837,27,119,218,45,1,1,8,3,1071.78,20,2572.27,27-01-2024
838,72,39,115,43,1,1,6,1,4429.19,20,3543.35,12-03-2024
839,60,13,68,21,3,1,5,1,2731.73,20,2185.38,29-02-2024
840,145,81,299,15,3,1,3,4,1800.9,20,5762.88,24-05-2024
841,93,32,75,14,3,1,3,5,1906.42,20,7625.68,02-04-2024
842,309,9,103,42,3,1,7,3,3579.01,30,7515.92,04-11-2024
843,8,40,297,44,1,1,5,4,1171.25,20,3748,08-01-2024
844,79,20,178,16,3,1,5,3,2463.82,20,5913.17,19-03-2024
845,27,90,215,15,3,1,4,1,3931.28,20,3145.02,27-01-2024
846,174,91,39,42,2,1,6,5,1599.77,20,6399.08,22-06-2024
847,50,85,259,4,3,1,6,2,2075.94,20,3321.5,19-02-2024
848,199,82,204,27,3,1,6,5,1039.81,20,4159.24,17-07-2024
849,349,77,7,23,1,1,6,2,1458.15,20,2333.04,14-12-2024
850,181,80,49,29,1,1,1,4,3997.46,10,14390.86,29-06-2024
851,24,73,26,41,2,1,1,2,2983.91,10,5371.04,24-01-2024
852,316,63,161,9,3,1,8,2,3101.45,20,4962.32,11-11-2024
853,46,76,176,43,3,1,2,4,2081.35,20,6660.32,15-02-2024
854,15,44,79,43,3,1,5,5,2647.01,20,10588.04,15-01-2024
855,153,38,2,7,3,1,5,4,2960.25,20,9472.8,01-06-2024
856,222,83,132,42,3,1,5,1,1991.76,20,1593.41,09-08-2024
857,206,60,276,4,3,1,5,1,1967.44,20,1573.95,24-07-2024
858,273,71,117,5,2,1,6,2,4091.82,20,6546.91,29-09-2024
859,236,99,164,5,3,1,6,4,2335.76,20,7474.43,23-08-2024
860,340,48,288,11,3,1,1,4,4248.06,10,15293.02,05-12-2024
861,228,18,28,41,3,1,3,4,2652.27,20,8487.26,15-08-2024
862,9,16,1,28,2,1,4,5,3023.54,20,12094.16,09-01-2024
863,166,55,188,16,3,1,6,3,2061.18,20,4946.83,14-06-2024
864,319,39,56,41,2,1,6,3,4429.19,20,10630.06,14-11-2024
865,214,68,35,30,1,1,7,3,1155.39,30,2426.32,01-08-2024
866,117,59,112,4,3,1,6,5,2890.15,20,11560.6,26-04-2024
867,344,89,286,2,2,1,3,4,2546.15,20,8147.68,09-12-2024
868,72,96,36,3,1,1,3,3,4390.33,20,10536.79,12-03-2024
869,64,62,217,21,2,1,1,4,1822.34,10,6560.42,04-03-2024
870,205,104,80,6,2,1,6,2,1191.14,20,1905.82,23-07-2024
871,209,13,83,43,1,1,8,3,2731.73,20,6556.15,27-07-2024
872,72,109,65,18,3,1,7,2,2492.47,30,3489.46,12-03-2024
873,277,81,128,44,3,1,4,5,1800.9,20,7203.6,03-10-2024
874,274,113,22,5,2,1,5,1,4264.61,20,3411.69,30-09-2024
875,320,101,216,9,1,1,6,5,3578.55,20,14314.2,15-11-2024
876,338,6,107,20,3,1,1,5,2678.02,10,12051.09,03-12-2024
877,95,83,109,28,2,1,1,5,1991.76,10,8962.92,04-04-2024
878,166,77,181,26,1,1,8,3,1458.15,20,3499.56,14-06-2024
879,32,60,164,18,2,1,4,2,1967.44,20,3147.9,01-02-2024
880,11,90,68,19,1,1,7,3,3931.28,30,8255.69,11-01-2024
881,301,14,292,3,3,1,2,1,3190.8,20,2552.64,27-10-2024
882,217,95,180,9,3,1,1,5,1377.88,10,6200.46,04-08-2024
883,289,54,181,36,2,1,3,4,1963.05,20,6281.76,15-10-2024
884,102,4,169,31,3,1,3,1,1533.33,20,1226.66,11-04-2024
885,267,39,22,17,3,1,5,2,4429.19,20,7086.7,23-09-2024
886,214,72,66,23,1,1,1,1,999.42,10,899.48,01-08-2024
887,179,25,21,34,3,1,7,3,1728.67,30,3630.21,27-06-2024
888,88,77,100,41,1,1,5,4,1458.15,20,4666.08,28-03-2024
889,41,32,300,41,1,1,1,3,1906.42,10,5147.33,10-02-2024
890,76,59,103,5,2,1,4,5,2890.15,20,11560.6,16-03-2024
891,46,102,47,15,1,1,6,5,1803.1,20,7212.4,15-02-2024
892,160,63,39,3,3,1,7,1,3101.45,30,2171.02,08-06-2024
893,80,38,285,19,1,1,1,5,2960.25,10,13321.12,20-03-2024
894,310,120,90,28,1,1,7,5,2937.73,30,10282.05,05-11-2024
895,86,92,85,3,2,1,2,2,2380.87,20,3809.39,26-03-2024
896,92,53,273,38,3,1,7,2,1814.99,30,2540.99,01-04-2024
897,148,94,188,4,3,1,7,3,1398.07,30,2935.95,27-05-2024
898,161,67,159,24,3,1,3,3,1599.39,20,3838.54,09-06-2024
899,202,28,243,31,1,1,4,2,3666.79,20,5866.86,20-07-2024
900,242,3,73,45,3,1,6,1,4480.05,20,3584.04,29-08-2024
901,353,109,49,45,3,1,6,2,2492.47,20,3987.95,18-12-2024
902,2,118,101,11,1,1,3,3,3528.14,20,8467.54,02-01-2024
903,225,98,2,37,2,1,7,4,1047.84,30,2933.95,12-08-2024
904,289,80,244,1,2,1,6,5,3997.46,20,15989.84,15-10-2024
905,233,22,176,9,1,1,5,4,3222.37,20,10311.58,20-08-2024
906,77,96,238,17,2,1,4,4,4390.33,20,14049.06,17-03-2024
907,116,38,59,1,2,1,2,5,2960.25,20,11841,25-04-2024
908,154,72,99,3,2,1,3,2,999.42,20,1599.07,02-06-2024
909,103,119,2,26,3,1,1,1,1071.78,10,964.6,12-04-2024
910,194,72,243,31,2,1,1,4,999.42,10,3597.91,12-07-2024
911,166,62,297,26,3,1,1,1,1822.34,10,1640.11,14-06-2024
912,359,57,211,23,2,1,8,3,1391.84,20,3340.42,24-12-2024
913,90,6,123,30,3,1,4,4,2678.02,20,8569.66,30-03-2024
914,174,78,229,10,1,1,2,3,4434.63,20,10643.11,22-06-2024
915,122,32,82,8,1,1,6,2,1906.42,20,3050.27,01-05-2024
916,143,99,144,44,2,1,2,4,2335.76,20,7474.43,22-05-2024
917,106,10,140,25,3,1,2,3,3495.38,20,8388.91,15-04-2024
918,305,3,29,22,1,1,3,3,4480.05,20,10752.12,31-10-2024
919,360,59,270,15,1,1,4,2,2890.15,20,4624.24,25-12-2024
920,317,76,247,41,1,1,1,1,2081.35,10,1873.22,12-11-2024
921,123,49,12,10,1,1,3,1,1153.5,20,922.8,02-05-2024
922,9,59,106,20,2,1,6,4,2890.15,20,9248.48,09-01-2024
923,262,31,32,41,3,1,2,2,2591.8,20,4146.88,18-09-2024
924,73,93,74,23,1,1,7,4,3418.24,30,9571.07,13-03-2024
925,359,69,171,1,2,1,1,1,2328.42,10,2095.58,24-12-2024
926,223,62,69,2,1,1,8,2,1822.34,20,2915.74,10-08-2024
927,41,52,137,19,1,1,4,5,2191.13,20,8764.52,10-02-2024
928,204,89,100,14,1,1,5,2,2546.15,20,4073.84,22-07-2024
929,264,41,146,8,1,1,8,2,2000.51,20,3200.82,20-09-2024
930,328,31,9,38,2,1,2,5,2591.8,20,10367.2,23-11-2024
931,178,85,62,12,3,1,2,3,2075.94,20,4982.26,26-06-2024
932,348,84,185,26,2,1,2,3,2833.5,20,6800.4,13-12-2024
933,318,103,29,27,2,1,2,3,1563.6,20,3752.64,13-11-2024
934,84,22,114,29,2,1,1,1,3222.37,10,2900.13,24-03-2024
935,318,4,143,15,1,1,4,2,1533.33,20,2453.33,13-11-2024
936,111,13,120,1,3,1,8,5,2731.73,20,10926.92,20-04-2024
937,251,45,170,43,1,1,3,1,2241.67,20,1793.34,07-09-2024
938,7,42,157,28,2,1,1,5,1587.28,10,7142.76,07-01-2024
939,84,114,260,3,1,1,4,1,3197.77,20,2558.22,24-03-2024
940,208,49,82,18,3,1,8,1,1153.5,20,922.8,26-07-2024
941,314,20,242,34,3,1,3,1,2463.82,20,1971.06,09-11-2024
942,22,116,172,32,1,1,2,5,3265.6,20,13062.4,22-01-2024
943,3,77,231,29,2,1,4,4,1458.15,20,4666.08,03-01-2024
944,127,81,208,25,1,1,2,1,1800.9,20,1440.72,06-05-2024
945,297,54,75,26,2,1,7,3,1963.05,30,4122.4,23-10-2024
946,188,36,270,39,3,1,4,2,2090.7,20,3345.12,06-07-2024
947,362,97,114,8,1,1,6,4,3472.54,20,11112.13,27-12-2024
948,14,1,62,19,3,1,5,4,2648.21,20,8474.27,14-01-2024
949,12,15,102,42,2,1,2,5,1801.66,20,7206.64,12-01-2024
950,87,77,210,22,2,1,2,4,1458.15,20,4666.08,27-03-2024
951,12,17,255,29,1,1,2,5,4424.01,20,17696.04,12-01-2024
952,25,24,20,33,1,1,6,5,4011,20,16044,25-01-2024
953,301,58,58,38,1,1,1,3,3452.08,10,9320.62,27-10-2024
954,243,72,112,45,3,1,3,1,999.42,20,799.54,30-08-2024
955,122,114,196,35,2,1,2,4,3197.77,20,10232.86,01-05-2024
956,147,91,92,43,2,1,2,1,1599.77,20,1279.82,26-05-2024
957,55,109,52,3,3,1,8,1,2492.47,20,1993.98,24-02-2024
958,238,23,293,19,1,1,8,1,3308.13,20,2646.5,25-08-2024
959,356,46,8,10,1,1,1,5,2320.89,10,10444,21-12-2024
960,173,72,300,27,3,1,1,1,999.42,10,899.48,21-06-2024
961,221,8,98,15,2,1,5,4,2219.29,20,7101.73,08-08-2024
962,119,59,236,11,2,1,4,5,2890.15,20,11560.6,28-04-2024
963,309,90,69,26,2,1,2,4,3931.28,20,12580.1,04-11-2024
964,183,111,45,24,2,1,4,5,1237.94,20,4951.76,01-07-2024
965,288,59,137,13,3,1,7,2,2890.15,30,4046.21,14-10-2024
966,307,13,234,32,2,1,1,2,2731.73,10,4917.11,02-11-2024
967,300,39,32,37,3,1,1,2,4429.19,10,7972.54,26-10-2024
968,82,101,289,4,1,1,5,2,3578.55,20,5725.68,22-03-2024
969,211,113,126,13,3,1,3,5,4264.61,20,17058.44,29-07-2024
970,150,28,67,9,2,1,6,1,3666.79,20,2933.43,29-05-2024
971,37,89,30,34,1,1,6,3,2546.15,20,6110.76,06-02-2024
972,352,61,114,37,3,1,6,3,2411.21,20,5786.9,17-12-2024
973,312,16,204,7,3,1,1,2,3023.54,10,5442.37,07-11-2024
974,361,119,29,1,3,1,2,1,1071.78,20,857.42,26-12-2024
975,59,2,131,12,1,1,8,4,2514.33,20,8045.86,28-02-2024
976,131,118,185,21,3,1,5,1,3528.14,20,2822.51,10-05-2024
977,202,82,253,11,2,1,3,4,1039.81,20,3327.39,20-07-2024
978,243,17,286,44,1,1,7,3,4424.01,30,9290.42,30-08-2024
979,35,30,62,44,1,1,6,1,4480.38,20,3584.3,04-02-2024
980,93,103,3,44,3,1,5,1,1563.6,20,1250.88,02-04-2024
981,207,13,68,14,2,1,8,3,2731.73,20,6556.15,25-07-2024
982,353,96,25,34,1,1,8,1,4390.33,20,3512.26,18-12-2024
983,332,114,179,34,3,1,1,4,3197.77,10,11511.97,27-11-2024
984,305,93,141,25,2,1,6,1,3418.24,20,2734.59,31-10-2024
985,350,110,231,4,3,1,3,4,1763.23,20,5642.34,15-12-2024
986,213,94,300,26,3,1,7,2,1398.07,30,1957.3,31-07-2024
987,159,82,163,16,1,1,4,1,1039.81,20,831.85,07-06-2024
988,24,13,130,10,1,1,8,4,2731.73,20,8741.54,24-01-2024
989,293,43,246,45,3,1,8,3,1866.51,20,4479.62,19-10-2024
990,4,85,297,2,1,1,7,2,2075.94,30,2906.32,04-01-2024
991,220,94,172,35,1,1,8,1,1398.07,20,1118.46,07-08-2024
992,364,21,64,19,2,1,3,4,2160.28,20,6912.9,29-12-2024
993,20,112,31,6,2,1,7,1,1558.32,30,1090.82,20-01-2024
994,152,55,47,19,3,1,2,4,2061.18,20,6595.78,31-05-2024
995,50,81,130,8,3,1,6,1,1800.9,20,1440.72,19-02-2024
996,177,40,110,14,3,1,6,2,1171.25,20,1874,25-06-2024
997,96,83,69,10,3,1,4,2,1991.76,20,3186.82,05-04-2024
998,105,116,58,3,2,1,7,1,3265.6,30,2285.92,14-04-2024
999,250,15,106,38,1,1,4,1,1801.66,20,1441.33,06-09-2024
1000,117,73,300,29,2,1,7,5,2983.91,30,10443.68,26-04-2024
1001,354,52,256,15,3,1,6,1,2191.13,20,1752.9,19-12-2024
1002,228,74,171,23,3,1,2,1,2478.51,20,1982.81,15-08-2024
1003,66,108,162,23,2,1,8,2,4194.77,20,6711.63,06-03-2024
1004,335,95,286,18,2,1,7,1,1377.88,30,964.52,30-11-2024
1005,262,53,71,19,3,1,4,3,1814.99,20,4355.98,18-09-2024
1006,295,87,255,28,1,1,1,1,1877.55,10,1689.8,21-10-2024
1007,243,52,55,26,3,1,8,5,2191.13,20,8764.52,30-08-2024
1008,186,30,3,10,2,1,6,4,4480.38,20,14337.22,04-07-2024
1009,246,33,26,4,3,1,3,2,4080.58,20,6528.93,02-09-2024
1010,125,57,126,2,3,1,3,3,1391.84,20,3340.42,04-05-2024
1011,268,52,53,3,1,1,8,4,2191.13,20,7011.62,24-09-2024
1012,131,9,198,7,3,1,2,3,3579.01,20,8589.62,10-05-2024
1013,237,54,299,16,3,1,1,2,1963.05,10,3533.49,24-08-2024
1014,18,111,188,31,3,1,4,5,1237.94,20,4951.76,18-01-2024
1015,40,1,186,10,2,1,7,2,2648.21,30,3707.49,09-02-2024
1016,21,44,298,19,2,1,6,3,2647.01,20,6352.82,21-01-2024
1017,225,99,204,28,1,1,3,3,2335.76,20,5605.82,12-08-2024
1018,355,75,11,17,3,1,3,2,3319.29,20,5310.86,20-12-2024
1019,282,98,146,28,2,1,3,1,1047.84,20,838.27,08-10-2024
1020,8,80,85,19,1,1,3,2,3997.46,20,6395.94,08-01-2024
1021,100,9,100,37,3,1,5,5,3579.01,20,14316.04,09-04-2024
1022,240,32,104,23,1,1,2,2,1906.42,20,3050.27,27-08-2024
1023,87,15,46,20,1,1,4,4,1801.66,20,5765.31,27-03-2024
1024,298,12,44,13,1,1,6,1,2853.14,20,2282.51,24-10-2024
1025,14,97,278,13,1,1,6,4,3472.54,20,11112.13,14-01-2024
1026,334,109,181,43,1,1,6,2,2492.47,20,3987.95,29-11-2024
1027,2,78,187,11,1,1,4,1,4434.63,20,3547.7,02-01-2024
1028,293,57,114,15,1,1,2,4,1391.84,20,4453.89,19-10-2024
1029,325,8,255,17,3,1,8,4,2219.29,20,7101.73,20-11-2024
1030,41,72,30,28,3,1,8,1,999.42,20,799.54,10-02-2024
1031,318,27,264,19,1,1,1,1,2959.22,10,2663.3,13-11-2024
1032,316,62,98,4,3,1,7,3,1822.34,30,3826.91,11-11-2024
1033,111,12,115,22,1,1,8,1,2853.14,20,2282.51,20-04-2024
1034,14,65,276,22,3,1,7,2,918.67,30,1286.14,14-01-2024
1035,231,107,281,37,2,1,2,5,1109.5,20,4438,18-08-2024
1036,84,104,275,39,1,1,3,3,1191.14,20,2858.74,24-03-2024
1037,130,42,261,34,2,1,7,1,1587.28,30,1111.1,09-05-2024
1038,231,62,207,33,1,1,3,5,1822.34,20,7289.36,18-08-2024
1039,326,115,211,44,1,1,2,3,2760.11,20,6624.26,21-11-2024
1040,145,11,215,42,2,1,2,2,2009.02,20,3214.43,24-05-2024
1041,345,103,40,40,2,1,4,5,1563.6,20,6254.4,10-12-2024
1042,28,43,26,33,2,1,4,1,1866.51,20,1493.21,28-01-2024
1043,66,95,27,12,1,1,5,1,1377.88,20,1102.3,06-03-2024
1044,163,17,190,2,2,1,6,2,4424.01,20,7078.42,11-06-2024
1045,229,97,83,28,2,1,5,3,3472.54,20,8334.1,16-08-2024
1046,261,32,170,10,3,1,6,5,1906.42,20,7625.68,17-09-2024
1047,164,93,167,22,3,1,3,2,3418.24,20,5469.18,12-06-2024
1048,301,85,188,17,2,1,5,3,2075.94,20,4982.26,27-10-2024
1049,303,85,169,26,2,1,5,4,2075.94,20,6643.01,29-10-2024
1050,287,40,289,3,2,1,1,4,1171.25,10,4216.5,13-10-2024
1051,10,23,229,7,2,1,2,3,3308.13,20,7939.51,10-01-2024
1052,195,56,97,44,3,1,4,1,3955.21,20,3164.17,13-07-2024
1053,118,6,16,8,1,1,5,1,2678.02,20,2142.42,27-04-2024
1054,270,86,279,20,2,1,4,4,3880.33,20,12417.06,26-09-2024
1055,80,50,135,12,2,1,6,1,1652.11,20,1321.69,20-03-2024
1056,93,102,26,35,3,1,5,1,1803.1,20,1442.48,02-04-2024
1057,266,37,12,17,2,1,6,3,2889.95,20,6935.88,22-09-2024
1058,332,109,72,28,2,1,8,3,2492.47,20,5981.93,27-11-2024
1059,350,64,133,41,3,1,8,1,1193.74,20,954.99,15-12-2024
1060,361,115,106,10,2,1,5,3,2760.11,20,6624.26,26-12-2024
1061,257,54,220,22,2,1,8,5,1963.05,20,7852.2,13-09-2024
1062,133,72,177,38,3,1,7,4,999.42,30,2798.38,12-05-2024
1063,276,105,282,33,1,1,3,5,2441.93,20,9767.72,02-10-2024
1064,264,49,133,22,2,1,1,5,1153.5,10,5190.75,20-09-2024
1065,171,99,22,44,2,1,6,1,2335.76,20,1868.61,19-06-2024
1066,1,115,269,37,1,1,2,1,2760.11,20,2208.09,01-01-2024
1067,313,11,161,13,3,1,2,5,2009.02,20,8036.08,08-11-2024
1068,64,88,107,27,1,1,3,5,4374.91,20,17499.64,04-03-2024
1069,284,49,279,15,2,1,8,2,1153.5,20,1845.6,10-10-2024
1070,121,21,235,22,1,1,3,2,2160.28,20,3456.45,30-04-2024
1071,107,115,18,30,3,1,8,4,2760.11,20,8832.35,16-04-2024
1072,175,66,242,43,2,1,7,5,3160.42,30,11061.47,23-06-2024
1073,204,63,117,40,3,1,2,3,3101.45,20,7443.48,22-07-2024
1074,165,104,286,37,3,1,6,2,1191.14,20,1905.82,13-06-2024
1075,305,83,282,34,1,1,2,1,1991.76,20,1593.41,31-10-2024
1076,120,103,144,44,1,1,1,5,1563.6,10,7036.2,29-04-2024
1077,44,28,205,34,3,1,5,3,3666.79,20,8800.3,13-02-2024
1078,312,17,39,35,3,1,8,3,4424.01,20,10617.62,07-11-2024
1079,156,6,154,42,2,1,1,3,2678.02,10,7230.65,04-06-2024
1080,207,19,176,19,3,1,7,1,4161.96,30,2913.37,25-07-2024
1081,108,56,241,8,3,1,7,2,3955.21,30,5537.29,17-04-2024
1082,251,102,134,39,1,1,8,3,1803.1,20,4327.44,07-09-2024
1083,334,28,46,33,3,1,8,2,3666.79,20,5866.86,29-11-2024
1084,130,66,50,44,3,1,2,4,3160.42,20,10113.34,09-05-2024
1085,293,38,166,28,1,1,5,1,2960.25,20,2368.2,19-10-2024
1086,20,119,106,37,2,1,2,2,1071.78,20,1714.85,20-01-2024
1087,282,37,216,25,1,1,1,2,2889.95,10,5201.91,08-10-2024
1088,285,115,146,36,1,1,1,3,2760.11,10,7452.3,11-10-2024
1089,1,116,72,17,3,1,8,3,3265.6,20,7837.44,01-01-2024
1090,119,68,273,24,3,1,6,1,1155.39,20,924.31,28-04-2024
1091,35,86,247,21,2,1,6,2,3880.33,20,6208.53,04-02-2024
1092,198,90,186,2,3,1,1,5,3931.28,10,17690.76,16-07-2024
1093,245,49,70,31,2,1,5,3,1153.5,20,2768.4,01-09-2024
1094,59,43,150,44,2,1,8,3,1866.51,20,4479.62,28-02-2024
1095,325,36,246,33,2,1,7,4,2090.7,30,5853.96,20-11-2024
1096,161,58,262,30,2,1,6,1,3452.08,20,2761.66,09-06-2024
1097,179,13,26,12,3,1,6,2,2731.73,20,4370.77,27-06-2024
1098,206,52,140,44,1,1,4,2,2191.13,20,3505.81,24-07-2024
1099,12,58,99,12,1,1,4,2,3452.08,20,5523.33,12-01-2024
1100,276,32,278,24,3,1,6,3,1906.42,20,4575.41,02-10-2024
1101,181,81,51,24,3,1,2,1,1800.9,20,1440.72,29-06-2024
1102,242,105,151,11,2,1,5,2,2441.93,20,3907.09,29-08-2024
1103,216,100,104,13,3,1,3,5,2460.67,20,9842.68,03-08-2024
1104,251,119,89,27,1,1,6,4,1071.78,20,3429.7,07-09-2024
1105,299,60,141,8,3,1,4,4,1967.44,20,6295.81,25-10-2024
1106,126,110,213,10,3,1,5,2,1763.23,20,2821.17,05-05-2024
1107,217,83,233,8,2,1,5,3,1991.76,20,4780.22,04-08-2024
1108,306,58,183,20,2,1,4,4,3452.08,20,11046.66,01-11-2024
1109,285,99,251,8,2,1,8,4,2335.76,20,7474.43,11-10-2024
1110,185,110,9,9,2,1,5,4,1763.23,20,5642.34,03-07-2024
1111,39,104,79,7,1,1,8,4,1191.14,20,3811.65,08-02-2024
1112,223,56,52,14,3,1,5,2,3955.21,20,6328.34,10-08-2024
1113,184,28,269,28,3,1,4,1,3666.79,20,2933.43,02-07-2024
1114,178,1,226,2,2,1,1,1,2648.21,10,2383.39,26-06-2024
1115,294,42,51,43,1,1,6,3,1587.28,20,3809.47,20-10-2024
1116,340,82,186,8,1,1,2,5,1039.81,20,4159.24,05-12-2024
1117,151,48,34,13,3,1,8,1,4248.06,20,3398.45,30-05-2024
1118,126,40,291,21,2,1,3,5,1171.25,20,4685,05-05-2024
1119,301,97,230,28,3,1,2,1,3472.54,20,2778.03,27-10-2024
1120,308,63,131,35,3,1,1,1,3101.45,10,2791.3,03-11-2024
1121,336,76,120,23,1,1,7,3,2081.35,30,4370.83,01-12-2024
1122,234,72,247,15,1,1,1,4,999.42,10,3597.91,21-08-2024
1123,8,88,192,2,3,1,5,3,4374.91,20,10499.78,08-01-2024
1124,341,80,210,12,2,1,2,1,3997.46,20,3197.97,06-12-2024
1125,129,114,103,36,2,1,8,4,3197.77,20,10232.86,08-05-2024
1126,264,4,133,3,3,1,8,4,1533.33,20,4906.66,20-09-2024
1127,157,38,139,5,3,1,1,4,2960.25,10,10656.9,05-06-2024
1128,352,108,121,3,2,1,2,5,4194.77,20,16779.08,17-12-2024
1129,358,27,94,19,2,1,1,1,2959.22,10,2663.3,23-12-2024
1130,5,9,129,2,2,1,3,2,3579.01,20,5726.42,05-01-2024
1131,86,111,91,44,3,1,1,3,1237.94,10,3342.44,26-03-2024
1132,175,16,92,37,1,1,2,5,3023.54,20,12094.16,23-06-2024
1133,290,56,63,17,2,1,5,3,3955.21,20,9492.5,16-10-2024
1134,193,76,29,14,2,1,2,2,2081.35,20,3330.16,11-07-2024
1135,311,31,210,28,2,1,4,4,2591.8,20,8293.76,06-11-2024
1136,119,88,12,27,3,1,2,2,4374.91,20,6999.86,28-04-2024
1137,218,119,297,10,1,1,3,3,1071.78,20,2572.27,05-08-2024
1138,114,14,130,3,1,1,6,2,3190.8,20,5105.28,23-04-2024
1139,145,109,293,36,2,1,3,1,2492.47,20,1993.98,24-05-2024
1140,26,25,173,38,3,1,3,2,1728.67,20,2765.87,26-01-2024
1141,136,34,208,25,1,1,1,1,3591.79,10,3232.61,15-05-2024
1142,303,67,24,22,3,1,3,2,1599.39,20,2559.02,29-10-2024
1143,232,24,99,39,1,1,2,1,4011,20,3208.8,19-08-2024
1144,76,118,139,30,2,1,8,1,3528.14,20,2822.51,16-03-2024
1145,328,106,174,21,3,1,6,2,3378.6,20,5405.76,23-11-2024
1146,345,73,29,30,2,1,8,5,2983.91,20,11935.64,10-12-2024
1147,302,26,143,28,1,1,7,4,2697.1,30,7551.88,28-10-2024
1148,289,20,42,31,1,1,5,4,2463.82,20,7884.22,15-10-2024
1149,1,64,299,26,2,1,7,4,1193.74,30,3342.47,01-01-2024
1150,147,104,208,43,1,1,3,1,1191.14,20,952.91,26-05-2024
1151,287,10,192,22,2,1,8,4,3495.38,20,11185.22,13-10-2024
1152,142,83,160,21,2,1,2,1,1991.76,20,1593.41,21-05-2024
1153,53,67,64,1,2,1,1,5,1599.39,10,7197.26,22-02-2024
1154,304,24,243,37,1,1,1,2,4011,10,7219.8,30-10-2024
1155,69,5,258,13,3,1,5,2,965.07,20,1544.11,09-03-2024
1156,361,67,152,21,2,1,5,1,1599.39,20,1279.51,26-12-2024
1157,90,58,215,9,3,1,2,1,3452.08,20,2761.66,30-03-2024
1158,220,27,166,17,1,1,5,5,2959.22,20,11836.88,07-08-2024
1159,192,80,31,21,1,1,8,4,3997.46,20,12791.87,10-07-2024
1160,63,113,232,31,3,1,8,5,4264.61,20,17058.44,03-03-2024
1161,73,15,282,39,2,1,5,2,1801.66,20,2882.66,13-03-2024
1162,161,35,29,22,1,1,1,2,4331.06,10,7795.91,09-06-2024
1163,169,76,195,12,2,1,2,4,2081.35,20,6660.32,17-06-2024
1164,89,105,256,6,2,1,6,2,2441.93,20,3907.09,29-03-2024
1165,176,53,281,16,3,1,5,1,1814.99,20,1451.99,24-06-2024
1166,269,44,294,26,1,1,2,2,2647.01,20,4235.22,25-09-2024
1167,73,26,87,5,3,1,3,3,2697.1,20,6473.04,13-03-2024
1168,245,47,149,9,1,1,1,4,3939.17,10,14181.01,01-09-2024
1169,77,34,249,40,3,1,6,4,3591.79,20,11493.73,17-03-2024
1170,159,87,283,14,1,1,8,4,1877.55,20,6008.16,07-06-2024
1171,324,95,198,44,1,1,1,3,1377.88,10,3720.28,19-11-2024
1172,98,50,44,42,1,1,1,5,1652.11,10,7434.5,07-04-2024
1173,102,84,28,30,2,1,8,1,2833.5,20,2266.8,11-04-2024
1174,132,12,17,26,2,1,4,4,2853.14,20,9130.05,11-05-2024
1175,102,87,127,45,3,1,2,2,1877.55,20,3004.08,11-04-2024
1176,19,4,168,29,3,1,8,1,1533.33,20,1226.66,19-01-2024
1177,82,87,244,19,1,1,3,2,1877.55,20,3004.08,22-03-2024
1178,279,48,76,8,1,1,5,1,4248.06,20,3398.45,05-10-2024
1179,339,55,231,23,2,1,3,1,2061.18,20,1648.94,04-12-2024
1180,365,112,204,42,2,1,2,2,1558.32,20,2493.31,30-12-2024
1181,331,1,248,35,2,1,8,2,2648.21,20,4237.14,26-11-2024
1182,129,118,214,31,3,1,1,1,3528.14,10,3175.33,08-05-2024
1183,344,89,215,35,2,1,8,4,2546.15,20,8147.68,09-12-2024
1184,310,66,158,32,3,1,4,2,3160.42,20,5056.67,05-11-2024
1185,89,30,69,5,2,1,2,3,4480.38,20,10752.91,29-03-2024
1186,213,3,85,16,2,1,6,3,4480.05,20,10752.12,31-07-2024
1187,143,21,267,17,1,1,6,1,2160.28,20,1728.22,22-05-2024
1188,65,89,69,32,3,1,2,5,2546.15,20,10184.6,05-03-2024
1189,76,84,99,38,2,1,5,1,2833.5,20,2266.8,16-03-2024
1190,199,49,216,32,1,1,3,1,1153.5,20,922.8,17-07-2024
1191,143,116,161,20,3,1,3,4,3265.6,20,10449.92,22-05-2024
1192,316,86,94,2,3,1,5,4,3880.33,20,12417.06,11-11-2024
1193,93,85,174,20,2,1,4,5,2075.94,20,8303.76,02-04-2024
1194,305,62,165,18,3,1,1,5,1822.34,10,8200.53,31-10-2024
1195,224,97,115,1,1,1,7,5,3472.54,30,12153.89,11-08-2024
1196,291,116,220,29,1,1,7,5,3265.6,30,11429.6,17-10-2024
1197,102,38,31,29,3,1,1,5,2960.25,10,13321.12,11-04-2024
1198,267,15,11,19,1,1,6,1,1801.66,20,1441.33,23-09-2024
1199,355,110,130,44,3,1,4,1,1763.23,20,1410.58,20-12-2024
1200,110,52,105,40,1,1,5,3,2191.13,20,5258.71,19-04-2024
1201,330,79,27,6,3,1,7,3,3920.16,30,8232.34,25-11-2024
1202,265,46,227,44,3,1,2,2,2320.89,20,3713.42,21-09-2024
1203,3,25,2,39,3,1,8,1,1728.67,20,1382.94,03-01-2024
1204,85,21,101,8,1,1,3,5,2160.28,20,8641.12,25-03-2024
1205,282,88,21,24,3,1,8,2,4374.91,20,6999.86,08-10-2024
1206,328,5,58,20,3,1,2,4,965.07,20,3088.22,23-11-2024
1207,304,70,180,14,2,1,3,1,1082.77,20,866.22,30-10-2024
1208,117,113,20,5,2,1,2,3,4264.61,20,10235.06,26-04-2024
1209,221,107,255,41,3,1,5,1,1109.5,20,887.6,08-08-2024
1210,154,112,38,40,2,1,5,1,1558.32,20,1246.66,02-06-2024
1211,153,108,148,34,3,1,4,1,4194.77,20,3355.82,01-06-2024
1212,12,47,25,16,2,1,2,1,3939.17,20,3151.34,12-01-2024
1213,133,87,121,45,1,1,2,4,1877.55,20,6008.16,12-05-2024
1214,304,68,26,7,1,1,4,3,1155.39,20,2772.94,30-10-2024
1215,293,91,169,16,3,1,4,1,1599.77,20,1279.82,19-10-2024
1216,300,18,225,7,3,1,8,4,2652.27,20,8487.26,26-10-2024
1217,228,21,1,27,1,1,5,2,2160.28,20,3456.45,15-08-2024
1218,271,92,261,14,1,1,8,1,2380.87,20,1904.7,27-09-2024
1219,43,99,13,14,2,1,5,4,2335.76,20,7474.43,12-02-2024
1220,343,86,48,44,3,1,8,5,3880.33,20,15521.32,08-12-2024
1221,326,104,291,33,1,1,6,2,1191.14,20,1905.82,21-11-2024
1222,302,23,94,33,1,1,2,3,3308.13,20,7939.51,28-10-2024
1223,364,64,261,44,3,1,8,1,1193.74,20,954.99,29-12-2024
1224,21,67,278,20,2,1,8,1,1599.39,20,1279.51,21-01-2024
1225,107,40,205,36,2,1,5,4,1171.25,20,3748,16-04-2024
1226,336,114,185,7,2,1,7,3,3197.77,30,6715.32,01-12-2024
1227,303,10,175,32,2,1,5,5,3495.38,20,13981.52,29-10-2024
1228,117,89,69,3,1,1,2,2,2546.15,20,4073.84,26-04-2024
1229,124,52,104,39,3,1,4,3,2191.13,20,5258.71,03-05-2024
1230,281,113,246,29,3,1,2,1,4264.61,20,3411.69,07-10-2024
1231,292,72,161,24,1,1,7,4,999.42,30,2798.38,18-10-2024
1232,203,119,200,22,1,1,1,5,1071.78,10,4823.01,21-07-2024
1233,51,75,216,6,1,1,2,4,3319.29,20,10621.73,20-02-2024
1234,271,61,212,24,3,1,1,2,2411.21,10,4340.18,27-09-2024
1235,324,64,16,40,3,1,8,3,1193.74,20,2864.98,19-11-2024
1236,277,5,205,23,3,1,2,4,965.07,20,3088.22,03-10-2024
1237,141,109,39,38,2,1,7,4,2492.47,30,6978.92,20-05-2024
1238,275,53,89,10,1,1,1,1,1814.99,10,1633.49,01-10-2024
1239,290,55,256,16,1,1,1,4,2061.18,10,7420.25,16-10-2024
1240,334,37,254,11,1,1,7,5,2889.95,30,10114.82,29-11-2024
1241,52,56,216,32,3,1,2,3,3955.21,20,9492.5,21-02-2024
1242,27,59,172,45,1,1,6,2,2890.15,20,4624.24,27-01-2024
1243,157,109,137,6,1,1,5,4,2492.47,20,7975.9,05-06-2024
1244,239,102,178,24,2,1,3,5,1803.1,20,7212.4,26-08-2024
1245,156,93,77,33,3,1,5,2,3418.24,20,5469.18,04-06-2024
1246,291,69,188,12,1,1,1,5,2328.42,10,10477.89,17-10-2024
1247,136,73,15,27,3,1,8,4,2983.91,20,9548.51,15-05-2024
1248,144,59,292,38,3,1,2,4,2890.15,20,9248.48,23-05-2024
1249,106,112,214,18,3,1,2,3,1558.32,20,3739.97,15-04-2024
1250,158,2,208,45,2,1,8,1,2514.33,20,2011.46,06-06-2024
1251,146,65,169,39,3,1,2,5,918.67,20,3674.68,25-05-2024
1252,2,104,280,13,3,1,2,1,1191.14,20,952.91,02-01-2024
1253,77,60,146,40,3,1,6,1,1967.44,20,1573.95,17-03-2024
1254,132,51,263,30,1,1,3,2,3316.12,20,5305.79,11-05-2024
1255,90,30,4,41,2,1,4,2,4480.38,20,7168.61,30-03-2024
1256,345,11,90,13,1,1,1,5,2009.02,10,9040.59,10-12-2024
1257,350,92,60,34,2,1,3,1,2380.87,20,1904.7,15-12-2024
1258,263,108,16,36,2,1,5,3,4194.77,20,10067.45,19-09-2024
1259,351,76,227,30,3,1,4,1,2081.35,20,1665.08,16-12-2024
1260,108,39,29,25,3,1,4,2,4429.19,20,7086.7,17-04-2024
1261,74,90,151,2,1,1,8,1,3931.28,20,3145.02,14-03-2024
1262,39,77,245,36,2,1,2,4,1458.15,20,4666.08,08-02-2024
1263,159,72,270,18,3,1,3,4,999.42,20,3198.14,07-06-2024
1264,71,63,79,5,3,1,8,3,3101.45,20,7443.48,11-03-2024
1265,312,64,289,19,3,1,5,5,1193.74,20,4774.96,07-11-2024
1266,241,61,153,42,3,1,2,1,2411.21,20,1928.97,28-08-2024
1267,298,54,277,18,1,1,2,4,1963.05,20,6281.76,24-10-2024
1268,36,92,279,32,1,1,7,5,2380.87,30,8333.04,05-02-2024
1269,84,94,57,21,3,1,7,4,1398.07,30,3914.6,24-03-2024
1270,263,73,186,10,3,1,7,5,2983.91,30,10443.68,19-09-2024
1271,310,103,93,37,3,1,6,5,1563.6,20,6254.4,05-11-2024
1272,172,95,276,22,3,1,8,4,1377.88,20,4409.22,20-06-2024
1273,173,58,158,13,3,1,1,2,3452.08,10,6213.74,21-06-2024
1274,362,85,275,17,2,1,4,5,2075.94,20,8303.76,27-12-2024
1275,47,56,181,9,2,1,5,1,3955.21,20,3164.17,16-02-2024
1276,141,111,77,24,2,1,4,4,1237.94,20,3961.41,20-05-2024
1277,118,34,151,44,2,1,3,2,3591.79,20,5746.86,27-04-2024
1278,277,119,238,14,3,1,1,4,1071.78,10,3858.41,03-10-2024
1279,214,31,289,8,2,1,2,3,2591.8,20,6220.32,01-08-2024
1280,220,52,231,37,2,1,1,1,2191.13,10,1972.02,07-08-2024
1281,26,89,18,19,1,1,2,3,2546.15,20,6110.76,26-01-2024
1282,9,76,73,28,2,1,8,5,2081.35,20,8325.4,09-01-2024
1283,271,1,189,41,2,1,7,5,2648.21,30,9268.73,27-09-2024
1284,10,55,17,30,3,1,1,3,2061.18,10,5565.19,10-01-2024
1285,121,22,19,7,2,1,2,3,3222.37,20,7733.69,30-04-2024
1286,125,40,219,26,2,1,4,5,1171.25,20,4685,04-05-2024
1287,170,101,120,40,3,1,7,2,3578.55,30,5009.97,18-06-2024
1288,72,111,101,11,2,1,7,1,1237.94,30,866.56,12-03-2024
1289,152,1,34,14,3,1,7,4,2648.21,30,7414.99,31-05-2024
1290,208,65,84,21,2,1,4,3,918.67,20,2204.81,26-07-2024
1291,49,63,196,8,1,1,4,1,3101.45,20,2481.16,18-02-2024
1292,154,106,202,3,1,1,4,4,3378.6,20,10811.52,02-06-2024
1293,347,54,11,28,2,1,7,4,1963.05,30,5496.54,12-12-2024
1294,293,42,218,29,1,1,1,3,1587.28,10,4285.66,19-10-2024
1295,68,21,253,23,3,1,2,2,2160.28,20,3456.45,08-03-2024
1296,50,79,222,18,2,1,4,2,3920.16,20,6272.26,19-02-2024
1297,152,81,80,35,3,1,1,1,1800.9,10,1620.81,31-05-2024
1298,19,22,7,13,1,1,2,1,3222.37,20,2577.9,19-01-2024
1299,100,38,272,12,3,1,7,5,2960.25,30,10360.88,09-04-2024
1300,60,99,227,5,1,1,1,2,2335.76,10,4204.37,29-02-2024
1301,167,109,16,39,1,1,7,1,2492.47,30,1744.73,15-06-2024
1302,202,80,12,11,1,1,6,5,3997.46,20,15989.84,20-07-2024
1303,345,8,291,11,3,1,4,4,2219.29,20,7101.73,10-12-2024
1304,146,62,241,42,1,1,3,1,1822.34,20,1457.87,25-05-2024
1305,164,47,21,31,2,1,1,5,3939.17,10,17726.26,12-06-2024
1306,242,17,178,31,1,1,4,2,4424.01,20,7078.42,29-08-2024
1307,69,17,228,13,2,1,5,4,4424.01,20,14156.83,09-03-2024
1308,175,118,273,14,2,1,2,1,3528.14,20,2822.51,23-06-2024
1309,49,90,288,45,2,1,6,2,3931.28,20,6290.05,18-02-2024
1310,108,13,297,42,2,1,4,4,2731.73,20,8741.54,17-04-2024
1311,226,17,134,25,3,1,5,3,4424.01,20,10617.62,13-08-2024
1312,161,38,283,33,2,1,1,2,2960.25,10,5328.45,09-06-2024
1313,119,81,153,33,1,1,1,3,1800.9,10,4862.43,28-04-2024
1314,149,112,66,15,2,1,5,1,1558.32,20,1246.66,28-05-2024
1315,150,78,137,16,1,1,6,5,4434.63,20,17738.52,29-05-2024
1316,293,45,92,44,3,1,5,1,2241.67,20,1793.34,19-10-2024
1317,143,6,259,38,2,1,2,2,2678.02,20,4284.83,22-05-2024
1318,160,35,103,6,1,1,1,3,4331.06,10,11693.86,08-06-2024
1319,11,110,55,44,3,1,5,3,1763.23,20,4231.75,11-01-2024
1320,138,14,257,25,3,1,3,4,3190.8,20,10210.56,17-05-2024
1321,78,111,101,15,1,1,3,1,1237.94,20,990.35,18-03-2024
1322,77,72,198,4,2,1,5,1,999.42,20,799.54,17-03-2024
1323,254,61,226,4,3,1,2,2,2411.21,20,3857.94,10-09-2024
1324,258,15,237,30,1,1,1,3,1801.66,10,4864.48,14-09-2024
1325,320,54,26,34,2,1,3,2,1963.05,20,3140.88,15-11-2024
1326,291,27,121,27,3,1,5,2,2959.22,20,4734.75,17-10-2024
1327,263,13,182,31,1,1,7,3,2731.73,30,5736.63,19-09-2024
1328,85,113,199,32,3,1,5,2,4264.61,20,6823.38,25-03-2024
1329,146,31,255,44,3,1,4,3,2591.8,20,6220.32,25-05-2024
1330,323,117,122,39,1,1,5,2,2468.42,20,3949.47,18-11-2024
1331,42,120,31,9,3,1,2,5,2937.73,20,11750.92,11-02-2024
1332,125,35,285,41,1,1,3,2,4331.06,20,6929.7,04-05-2024
1333,167,60,106,8,2,1,4,2,1967.44,20,3147.9,15-06-2024
1334,241,6,224,14,1,1,3,5,2678.02,20,10712.08,28-08-2024
1335,280,69,273,33,2,1,3,1,2328.42,20,1862.74,06-10-2024
1336,188,86,232,23,3,1,2,3,3880.33,20,9312.79,06-07-2024
1337,302,58,256,21,1,1,5,4,3452.08,20,11046.66,28-10-2024
1338,19,49,24,12,1,1,2,5,1153.5,20,4614,19-01-2024
1339,68,23,109,2,1,1,5,1,3308.13,20,2646.5,08-03-2024
1340,218,89,191,13,1,1,4,2,2546.15,20,4073.84,05-08-2024
1341,102,34,25,4,2,1,2,1,3591.79,20,2873.43,11-04-2024
1342,42,26,187,20,2,1,2,5,2697.1,20,10788.4,11-02-2024
1343,288,47,288,14,3,1,7,2,3939.17,30,5514.84,14-10-2024
1344,167,5,116,30,3,1,6,1,965.07,20,772.06,15-06-2024
1345,109,90,37,29,3,1,1,4,3931.28,10,14152.61,18-04-2024
1346,36,20,282,8,3,1,2,3,2463.82,20,5913.17,05-02-2024
1347,232,6,137,12,1,1,6,3,2678.02,20,6427.25,19-08-2024
1348,229,70,227,41,2,1,8,5,1082.77,20,4331.08,16-08-2024
1349,353,59,182,38,2,1,1,2,2890.15,10,5202.27,18-12-2024
1350,164,64,86,26,2,1,7,2,1193.74,30,1671.24,12-06-2024
1351,73,114,53,2,2,1,5,3,3197.77,20,7674.65,13-03-2024
1352,136,18,235,40,3,1,8,1,2652.27,20,2121.82,15-05-2024
1353,353,4,267,14,1,1,5,2,1533.33,20,2453.33,18-12-2024
1354,70,17,287,6,2,1,5,4,4424.01,20,14156.83,10-03-2024
1355,196,14,100,42,1,1,6,4,3190.8,20,10210.56,14-07-2024
1356,269,78,87,40,1,1,6,2,4434.63,20,7095.41,25-09-2024
1357,49,13,15,31,1,1,1,2,2731.73,10,4917.11,18-02-2024
1358,316,7,101,17,1,1,5,3,1543.76,20,3705.02,11-11-2024
1359,130,44,165,25,2,1,3,5,2647.01,20,10588.04,09-05-2024
1360,5,119,29,32,2,1,8,3,1071.78,20,2572.27,05-01-2024
1361,27,15,114,12,2,1,2,5,1801.66,20,7206.64,27-01-2024
1362,160,19,107,13,3,1,6,4,4161.96,20,13318.27,08-06-2024
1363,149,63,130,19,2,1,6,5,3101.45,20,12405.8,28-05-2024
1364,264,107,84,44,3,1,6,3,1109.5,20,2662.8,20-09-2024
1365,230,111,271,25,3,1,1,2,1237.94,10,2228.29,17-08-2024
1366,200,108,244,31,3,1,5,5,4194.77,20,16779.08,18-07-2024
1367,50,35,214,37,2,1,3,3,4331.06,20,10394.54,19-02-2024
1368,67,81,166,25,2,1,2,4,1800.9,20,5762.88,07-03-2024
1369,300,35,279,16,2,1,2,5,4331.06,20,17324.24,26-10-2024
1370,58,19,59,38,3,1,5,4,4161.96,20,13318.27,27-02-2024
1371,259,20,90,43,3,1,3,4,2463.82,20,7884.22,15-09-2024
1372,342,100,194,23,1,1,1,1,2460.67,10,2214.6,07-12-2024
1373,326,35,123,14,3,1,6,5,4331.06,20,17324.24,21-11-2024
1374,130,32,136,6,3,1,6,3,1906.42,20,4575.41,09-05-2024
1375,215,48,139,25,2,1,8,5,4248.06,20,16992.24,02-08-2024
1376,172,44,229,23,1,1,8,5,2647.01,20,10588.04,20-06-2024
1377,258,104,274,43,1,1,8,4,1191.14,20,3811.65,14-09-2024
1378,102,24,50,12,1,1,7,4,4011,30,11230.8,11-04-2024
1379,209,61,118,13,2,1,5,4,2411.21,20,7715.87,27-07-2024
1380,291,17,202,36,1,1,2,4,4424.01,20,14156.83,17-10-2024
1381,354,71,191,39,1,1,6,3,4091.82,20,9820.37,19-12-2024
1382,286,107,181,34,2,1,7,2,1109.5,30,1553.3,12-10-2024
1383,116,50,78,6,1,1,2,1,1652.11,20,1321.69,25-04-2024
1384,264,65,75,38,3,1,2,4,918.67,20,2939.74,20-09-2024
1385,150,99,295,40,3,1,5,4,2335.76,20,7474.43,29-05-2024
1386,300,32,281,8,3,1,4,1,1906.42,20,1525.14,26-10-2024
1387,36,36,21,8,3,1,8,4,2090.7,20,6690.24,05-02-2024
1388,333,13,171,40,3,1,7,2,2731.73,30,3824.42,28-11-2024
1389,287,70,15,33,3,1,4,5,1082.77,20,4331.08,13-10-2024
1390,303,58,211,34,3,1,4,1,3452.08,20,2761.66,29-10-2024
1391,311,14,48,44,3,1,7,3,3190.8,30,6700.68,06-11-2024
1392,208,37,86,15,3,1,3,1,2889.95,20,2311.96,26-07-2024
1393,106,112,149,36,2,1,8,2,1558.32,20,2493.31,15-04-2024
1394,158,79,188,35,2,1,5,3,3920.16,20,9408.38,06-06-2024
1395,121,111,151,22,3,1,7,5,1237.94,30,4332.79,30-04-2024
1396,55,68,141,23,2,1,2,4,1155.39,20,3697.25,24-02-2024
1397,12,40,69,40,2,1,7,1,1171.25,30,819.88,12-01-2024
1398,145,59,260,45,3,1,6,3,2890.15,20,6936.36,24-05-2024
1399,136,80,9,22,3,1,7,1,3997.46,30,2798.22,15-05-2024
1400,3,92,121,5,2,1,3,5,2380.87,20,9523.48,03-01-2024
1401,144,16,101,31,3,1,8,1,3023.54,20,2418.83,23-05-2024
1402,30,62,149,13,3,1,8,3,1822.34,20,4373.62,30-01-2024
1403,237,4,146,28,3,1,4,2,1533.33,20,2453.33,24-08-2024
1404,279,45,243,20,3,1,1,3,2241.67,10,6052.51,05-10-2024
1405,348,90,241,33,2,1,8,1,3931.28,20,3145.02,13-12-2024
1406,115,28,43,16,1,1,8,5,3666.79,20,14667.16,24-04-2024
1407,104,96,95,29,2,1,3,4,4390.33,20,14049.06,13-04-2024
1408,118,109,226,23,1,1,3,4,2492.47,20,7975.9,27-04-2024
1409,5,66,6,24,1,1,5,5,3160.42,20,12641.68,05-01-2024
1410,360,31,214,34,1,1,6,1,2591.8,20,2073.44,25-12-2024
1411,248,3,206,7,2,1,3,5,4480.05,20,17920.2,04-09-2024
1412,364,118,67,38,2,1,7,1,3528.14,30,2469.7,29-12-2024
1413,321,8,100,37,2,1,6,3,2219.29,20,5326.3,16-11-2024
1414,121,24,12,4,2,1,5,2,4011,20,6417.6,30-04-2024
1415,286,15,237,34,2,1,7,1,1801.66,30,1261.16,12-10-2024
1416,149,43,258,42,1,1,8,4,1866.51,20,5972.83,28-05-2024
1417,84,31,135,22,2,1,1,4,2591.8,10,9330.48,24-03-2024
1418,231,73,222,5,1,1,2,2,2983.91,20,4774.26,18-08-2024
1419,288,103,156,42,2,1,2,1,1563.6,20,1250.88,14-10-2024
1420,161,45,142,23,2,1,4,2,2241.67,20,3586.67,09-06-2024
1421,272,66,158,15,3,1,8,3,3160.42,20,7585.01,28-09-2024
1422,38,8,262,31,1,1,4,2,2219.29,20,3550.86,07-02-2024
1423,226,71,283,9,2,1,1,3,4091.82,10,11047.91,13-08-2024
1424,142,120,229,43,2,1,2,4,2937.73,20,9400.74,21-05-2024
1425,292,108,280,25,2,1,4,3,4194.77,20,10067.45,18-10-2024
1426,151,115,290,25,3,1,8,1,2760.11,20,2208.09,30-05-2024
1427,114,103,168,21,1,1,6,1,1563.6,20,1250.88,23-04-2024
1428,237,106,47,9,2,1,3,1,3378.6,20,2702.88,24-08-2024
1429,66,57,203,38,2,1,5,1,1391.84,20,1113.47,06-03-2024
1430,361,80,214,22,2,1,7,5,3997.46,30,13991.11,26-12-2024
1431,341,99,246,43,3,1,4,3,2335.76,20,5605.82,06-12-2024
1432,258,30,24,23,2,1,1,1,4480.38,10,4032.34,14-09-2024
1433,249,74,274,4,1,1,7,2,2478.51,30,3469.91,05-09-2024
1434,331,102,44,29,1,1,2,2,1803.1,20,2884.96,26-11-2024
1435,323,18,156,15,1,1,8,5,2652.27,20,10609.08,18-11-2024
1436,180,114,199,1,1,1,1,3,3197.77,10,8633.98,28-06-2024
1437,190,69,162,30,2,1,5,3,2328.42,20,5588.21,08-07-2024
1438,154,117,234,29,3,1,5,3,2468.42,20,5924.21,02-06-2024
1439,196,93,163,20,3,1,1,5,3418.24,10,15382.08,14-07-2024
1440,311,39,116,33,3,1,4,3,4429.19,20,10630.06,06-11-2024
1441,262,60,93,41,2,1,4,3,1967.44,20,4721.86,18-09-2024
1442,143,98,42,44,3,1,2,1,1047.84,20,838.27,22-05-2024
1443,342,43,284,36,1,1,6,3,1866.51,20,4479.62,07-12-2024
1444,316,45,210,22,2,1,2,1,2241.67,20,1793.34,11-11-2024
1445,101,23,206,13,3,1,3,1,3308.13,20,2646.5,10-04-2024
1446,244,69,220,7,1,1,6,3,2328.42,20,5588.21,31-08-2024
1447,12,94,280,8,1,1,8,2,1398.07,20,2236.91,12-01-2024
1448,239,6,136,28,2,1,7,4,2678.02,30,7498.46,26-08-2024
1449,49,56,106,45,2,1,8,2,3955.21,20,6328.34,18-02-2024
1450,42,110,118,43,3,1,3,3,1763.23,20,4231.75,11-02-2024
1451,166,108,237,9,3,1,2,3,4194.77,20,10067.45,14-06-2024
1452,82,4,100,25,3,1,6,2,1533.33,20,2453.33,22-03-2024
1453,291,93,261,16,2,1,6,3,3418.24,20,8203.78,17-10-2024
1454,158,23,286,10,3,1,3,1,3308.13,20,2646.5,06-06-2024
1455,216,6,103,11,3,1,8,5,2678.02,20,10712.08,03-08-2024
1456,158,32,63,31,1,1,1,3,1906.42,10,5147.33,06-06-2024
1457,134,106,175,12,1,1,4,3,3378.6,20,8108.64,13-05-2024
1458,67,18,282,31,1,1,6,2,2652.27,20,4243.63,07-03-2024
1459,336,15,293,14,3,1,7,1,1801.66,30,1261.16,01-12-2024
1460,7,40,226,44,2,1,7,2,1171.25,30,1639.75,07-01-2024
1461,14,96,7,32,1,1,6,2,4390.33,20,7024.53,14-01-2024
1462,73,73,127,17,2,1,3,3,2983.91,20,7161.38,13-03-2024
1463,163,101,92,35,3,1,6,1,3578.55,20,2862.84,11-06-2024
1464,66,74,190,1,3,1,8,3,2478.51,20,5948.42,06-03-2024
1465,347,84,53,29,1,1,3,3,2833.5,20,6800.4,12-12-2024
1466,130,6,242,4,2,1,1,3,2678.02,10,7230.65,09-05-2024
1467,206,112,132,23,1,1,7,3,1558.32,30,3272.47,24-07-2024
1468,276,120,112,28,3,1,6,5,2937.73,20,11750.92,02-10-2024
1469,256,63,7,16,2,1,5,4,3101.45,20,9924.64,12-09-2024
1470,266,67,230,12,1,1,2,1,1599.39,20,1279.51,22-09-2024
1471,25,106,156,21,3,1,7,5,3378.6,30,11825.1,25-01-2024
1472,281,11,197,45,1,1,1,4,2009.02,10,7232.47,07-10-2024
1473,253,43,223,17,2,1,5,4,1866.51,20,5972.83,09-09-2024
1474,310,17,250,40,2,1,7,4,4424.01,30,12387.23,05-11-2024
1475,289,96,83,13,2,1,1,5,4390.33,10,19756.48,15-10-2024
1476,164,4,240,32,2,1,4,1,1533.33,20,1226.66,12-06-2024
1477,95,63,263,37,2,1,1,2,3101.45,10,5582.61,04-04-2024
1478,270,68,189,15,1,1,1,4,1155.39,10,4159.4,26-09-2024
1479,321,81,290,12,1,1,4,2,1800.9,20,2881.44,16-11-2024
1480,110,41,58,15,1,1,6,2,2000.51,20,3200.82,19-04-2024
1481,336,83,9,34,1,1,2,3,1991.76,20,4780.22,01-12-2024
1482,310,5,115,6,3,1,8,2,965.07,20,1544.11,05-11-2024
1483,238,32,210,17,3,1,5,3,1906.42,20,4575.41,25-08-2024
1484,25,86,41,20,1,1,7,1,3880.33,30,2716.23,25-01-2024
1485,141,120,173,9,3,1,8,1,2937.73,20,2350.18,20-05-2024
1486,117,70,234,5,3,1,3,3,1082.77,20,2598.65,26-04-2024
1487,25,35,281,23,2,1,2,1,4331.06,20,3464.85,25-01-2024
1488,79,22,78,33,1,1,8,4,3222.37,20,10311.58,19-03-2024
1489,68,65,108,38,3,1,7,1,918.67,30,643.07,08-03-2024
1490,173,84,281,14,3,1,1,3,2833.5,10,7650.45,21-06-2024
1491,12,22,39,17,1,1,8,4,3222.37,20,10311.58,12-01-2024
1492,288,112,119,19,2,1,3,2,1558.32,20,2493.31,14-10-2024
1493,128,119,27,33,1,1,4,2,1071.78,20,1714.85,07-05-2024
1494,96,11,104,1,2,1,8,2,2009.02,20,3214.43,05-04-2024
1495,92,77,74,13,3,1,2,3,1458.15,20,3499.56,01-04-2024
1496,141,106,191,27,2,1,6,2,3378.6,20,5405.76,20-05-2024
1497,31,3,147,6,2,1,5,1,4480.05,20,3584.04,31-01-2024
1498,334,9,255,6,1,1,2,2,3579.01,20,5726.42,29-11-2024
1499,20,60,284,33,3,1,2,5,1967.44,20,7869.76,20-01-2024
1500,146,76,213,30,1,1,6,5,2081.35,20,8325.4,25-05-2024
1501,316,87,123,35,1,1,3,2,1877.55,20,3004.08,11-11-2024
1502,160,14,206,23,3,1,4,2,3190.8,20,5105.28,08-06-2024
1503,349,97,240,10,1,1,6,5,3472.54,20,13890.16,14-12-2024
1504,43,18,286,19,1,1,7,2,2652.27,30,3713.18,12-02-2024
1505,254,113,22,28,2,1,4,4,4264.61,20,13646.75,10-09-2024
1506,130,105,259,23,1,1,6,5,2441.93,20,9767.72,09-05-2024
1507,60,73,105,4,3,1,2,3,2983.91,20,7161.38,29-02-2024
1508,151,23,258,20,1,1,4,5,3308.13,20,13232.52,30-05-2024
1509,287,74,204,19,2,1,3,1,2478.51,20,1982.81,13-10-2024
1510,5,83,262,42,1,1,3,4,1991.76,20,6373.63,05-01-2024
1511,266,47,107,27,1,1,5,3,3939.17,20,9454.01,22-09-2024
1512,345,69,251,34,1,1,4,2,2328.42,20,3725.47,10-12-2024
1513,130,47,221,4,2,1,5,1,3939.17,20,3151.34,09-05-2024
1514,267,116,222,38,3,1,7,1,3265.6,30,2285.92,23-09-2024
1515,178,87,258,7,3,1,6,4,1877.55,20,6008.16,26-06-2024
1516,253,30,201,7,2,1,1,3,4480.38,10,12097.03,09-09-2024
1517,56,25,258,26,2,1,7,1,1728.67,30,1210.07,25-02-2024
1518,83,28,225,26,1,1,3,3,3666.79,20,8800.3,23-03-2024
1519,99,98,202,19,3,1,2,3,1047.84,20,2514.82,08-04-2024
1520,149,109,226,9,2,1,8,1,2492.47,20,1993.98,28-05-2024
1521,329,120,236,20,3,1,3,3,2937.73,20,7050.55,24-11-2024
1522,156,112,183,42,1,1,1,4,1558.32,10,5609.95,04-06-2024
1523,190,111,200,45,2,1,2,1,1237.94,20,990.35,08-07-2024
1524,263,25,246,16,3,1,4,4,1728.67,20,5531.74,19-09-2024
1525,80,74,111,17,3,1,8,4,2478.51,20,7931.23,20-03-2024
1526,252,78,6,22,1,1,4,3,4434.63,20,10643.11,08-09-2024
1527,97,106,236,13,2,1,7,3,3378.6,30,7095.06,06-04-2024
1528,260,110,127,12,3,1,8,1,1763.23,20,1410.58,16-09-2024
1529,260,58,104,10,1,1,3,2,3452.08,20,5523.33,16-09-2024
1530,103,94,237,1,3,1,2,1,1398.07,20,1118.46,12-04-2024
1531,40,119,155,32,1,1,6,4,1071.78,20,3429.7,09-02-2024
1532,273,41,257,30,3,1,8,3,2000.51,20,4801.22,29-09-2024
1533,101,25,235,8,3,1,2,4,1728.67,20,5531.74,10-04-2024
1534,359,78,289,21,1,1,5,5,4434.63,20,17738.52,24-12-2024
1535,308,99,40,22,2,1,1,5,2335.76,10,10510.92,03-11-2024
1536,221,116,288,18,1,1,7,4,3265.6,30,9143.68,08-08-2024
1537,308,48,197,2,2,1,4,2,4248.06,20,6796.9,03-11-2024
1538,124,98,273,44,3,1,3,2,1047.84,20,1676.54,03-05-2024
1539,231,10,264,9,3,1,2,1,3495.38,20,2796.3,18-08-2024
1540,178,99,57,3,1,1,4,1,2335.76,20,1868.61,26-06-2024
1541,63,75,298,26,1,1,3,1,3319.29,20,2655.43,03-03-2024
1542,116,11,98,21,2,1,8,3,2009.02,20,4821.65,25-04-2024
1543,191,85,137,30,2,1,4,2,2075.94,20,3321.5,09-07-2024
1544,62,21,87,28,2,1,3,4,2160.28,20,6912.9,02-03-2024
1545,256,86,242,36,1,1,4,5,3880.33,20,15521.32,12-09-2024
1546,7,45,199,26,3,1,6,2,2241.67,20,3586.67,07-01-2024
1547,155,7,84,34,1,1,5,2,1543.76,20,2470.02,03-06-2024
1548,92,119,242,8,3,1,1,2,1071.78,10,1929.2,01-04-2024
1549,14,81,281,10,1,1,4,1,1800.9,20,1440.72,14-01-2024
1550,229,64,252,43,1,1,1,3,1193.74,10,3223.1,16-08-2024
1551,86,64,190,14,2,1,4,4,1193.74,20,3819.97,26-03-2024
1552,133,2,152,40,3,1,7,1,2514.33,30,1760.03,12-05-2024
1553,183,76,278,15,1,1,2,3,2081.35,20,4995.24,01-07-2024
1554,62,42,139,17,1,1,5,2,1587.28,20,2539.65,02-03-2024
1555,219,82,176,18,3,1,7,3,1039.81,30,2183.6,06-08-2024
1556,246,54,8,32,1,1,6,1,1963.05,20,1570.44,02-09-2024
1557,230,75,295,38,3,1,5,2,3319.29,20,5310.86,17-08-2024
1558,79,16,235,23,2,1,1,1,3023.54,10,2721.19,19-03-2024
1559,149,113,163,23,2,1,2,4,4264.61,20,13646.75,28-05-2024
1560,138,115,49,35,3,1,3,2,2760.11,20,4416.18,17-05-2024
1561,314,18,38,39,2,1,7,3,2652.27,30,5569.77,09-11-2024
1562,65,99,136,15,3,1,5,1,2335.76,20,1868.61,05-03-2024
1563,13,117,219,24,1,1,6,5,2468.42,20,9873.68,13-01-2024
1564,213,59,296,28,1,1,7,3,2890.15,30,6069.32,31-07-2024
1565,242,90,34,16,3,1,2,3,3931.28,20,9435.07,29-08-2024
1566,213,16,79,16,1,1,2,2,3023.54,20,4837.66,31-07-2024
1567,181,6,236,40,2,1,1,3,2678.02,10,7230.65,29-06-2024
1568,338,57,273,39,1,1,6,1,1391.84,20,1113.47,03-12-2024
1569,173,108,161,6,1,1,2,5,4194.77,20,16779.08,21-06-2024
1570,160,107,175,2,3,1,8,4,1109.5,20,3550.4,08-06-2024
1571,164,47,221,13,2,1,2,5,3939.17,20,15756.68,12-06-2024
1572,188,111,9,44,1,1,3,1,1237.94,20,990.35,06-07-2024
1573,191,48,289,9,1,1,1,2,4248.06,10,7646.51,09-07-2024
1574,308,42,113,34,3,1,1,1,1587.28,10,1428.55,03-11-2024
1575,256,76,205,17,3,1,6,3,2081.35,20,4995.24,12-09-2024
1576,183,60,186,27,2,1,2,2,1967.44,20,3147.9,01-07-2024
1577,117,77,197,29,1,1,3,4,1458.15,20,4666.08,26-04-2024
1578,282,4,266,37,3,1,4,4,1533.33,20,4906.66,08-10-2024
1579,196,103,262,43,3,1,5,1,1563.6,20,1250.88,14-07-2024
1580,34,118,248,22,3,1,8,3,3528.14,20,8467.54,03-02-2024
1581,52,2,115,24,2,1,7,4,2514.33,30,7040.12,21-02-2024
1582,112,90,121,7,3,1,1,5,3931.28,10,17690.76,21-04-2024
1583,252,59,141,34,2,1,3,2,2890.15,20,4624.24,08-09-2024
1584,82,27,65,12,2,1,6,5,2959.22,20,11836.88,22-03-2024
1585,232,27,276,23,1,1,3,4,2959.22,20,9469.5,19-08-2024
1586,227,79,239,15,1,1,2,4,3920.16,20,12544.51,14-08-2024
1587,233,72,10,33,2,1,8,1,999.42,20,799.54,20-08-2024
1588,221,7,233,13,1,1,5,1,1543.76,20,1235.01,08-08-2024
1589,42,63,195,23,1,1,1,2,3101.45,10,5582.61,11-02-2024
1590,21,111,12,38,3,1,4,1,1237.94,20,990.35,21-01-2024
1591,42,119,177,32,1,1,2,3,1071.78,20,2572.27,11-02-2024
1592,113,46,177,45,2,1,1,2,2320.89,10,4177.6,22-04-2024
1593,105,63,217,35,1,1,7,3,3101.45,30,6513.04,14-04-2024
1594,192,104,11,1,3,1,6,1,1191.14,20,952.91,10-07-2024
1595,17,12,118,45,2,1,1,2,2853.14,10,5135.65,17-01-2024
1596,120,13,164,5,1,1,3,4,2731.73,20,8741.54,29-04-2024
1597,129,43,39,13,2,1,7,5,1866.51,30,6532.78,08-05-2024
1598,130,17,53,5,1,1,5,4,4424.01,20,14156.83,09-05-2024
1599,60,63,218,32,3,1,8,3,3101.45,20,7443.48,29-02-2024
1600,48,81,206,21,1,1,4,4,1800.9,20,5762.88,17-02-2024
1601,29,120,56,24,2,1,5,4,2937.73,20,9400.74,29-01-2024
1602,97,36,118,18,2,1,3,5,2090.7,20,8362.8,06-04-2024
1603,10,85,253,21,2,1,4,5,2075.94,20,8303.76,10-01-2024
1604,242,8,286,10,1,1,4,4,2219.29,20,7101.73,29-08-2024
1605,314,69,268,24,1,1,8,5,2328.42,20,9313.68,09-11-2024
1606,232,90,291,40,1,1,2,4,3931.28,20,12580.1,19-08-2024
1607,277,80,180,21,3,1,4,2,3997.46,20,6395.94,03-10-2024
1608,284,36,235,25,3,1,1,4,2090.7,10,7526.52,10-10-2024
1609,203,28,196,23,3,1,5,1,3666.79,20,2933.43,21-07-2024
1610,247,118,80,22,2,1,6,5,3528.14,20,14112.56,03-09-2024
1611,290,93,135,4,2,1,6,5,3418.24,20,13672.96,16-10-2024
1612,264,47,22,34,2,1,5,3,3939.17,20,9454.01,20-09-2024
1613,214,76,225,6,2,1,2,3,2081.35,20,4995.24,01-08-2024
1614,200,101,58,28,2,1,4,1,3578.55,20,2862.84,18-07-2024
1615,79,30,93,31,1,1,3,5,4480.38,20,17921.52,19-03-2024
1616,343,23,192,35,2,1,7,5,3308.13,30,11578.46,08-12-2024
1617,344,16,103,39,1,1,7,3,3023.54,30,6349.43,09-12-2024
1618,173,14,7,42,3,1,1,3,3190.8,10,8615.16,21-06-2024
1619,69,74,128,23,3,1,2,4,2478.51,20,7931.23,09-03-2024
1620,87,71,55,6,3,1,7,5,4091.82,30,14321.37,27-03-2024
1621,101,109,231,16,3,1,8,5,2492.47,20,9969.88,10-04-2024
1622,8,52,62,2,3,1,8,4,2191.13,20,7011.62,08-01-2024
1623,333,37,240,24,2,1,4,5,2889.95,20,11559.8,28-11-2024
1624,200,29,90,17,2,1,6,1,1056.97,20,845.58,18-07-2024
1625,87,67,232,45,2,1,3,3,1599.39,20,3838.54,27-03-2024
1626,43,15,233,1,3,1,4,3,1801.66,20,4323.98,12-02-2024
1627,109,100,292,6,3,1,2,3,2460.67,20,5905.61,18-04-2024
1628,152,47,152,5,1,1,8,2,3939.17,20,6302.67,31-05-2024
1629,17,46,145,45,2,1,3,1,2320.89,20,1856.71,17-01-2024
1630,133,52,130,29,3,1,7,1,2191.13,30,1533.79,12-05-2024
1631,148,19,141,12,3,1,3,4,4161.96,20,13318.27,27-05-2024
1632,277,77,93,39,3,1,3,2,1458.15,20,2333.04,03-10-2024
1633,232,106,114,3,1,1,3,5,3378.6,20,13514.4,19-08-2024
1634,314,21,284,1,3,1,8,1,2160.28,20,1728.22,09-11-2024
1635,228,64,143,27,1,1,7,2,1193.74,30,1671.24,15-08-2024
1636,139,37,223,24,1,1,4,2,2889.95,20,4623.92,18-05-2024
1637,211,27,232,44,2,1,3,1,2959.22,20,2367.38,29-07-2024
1638,28,55,33,19,3,1,4,4,2061.18,20,6595.78,28-01-2024
1639,51,116,276,8,1,1,3,2,3265.6,20,5224.96,20-02-2024
1640,261,29,170,44,3,1,8,3,1056.97,20,2536.73,17-09-2024
1641,261,20,140,2,2,1,3,2,2463.82,20,3942.11,17-09-2024
1642,350,25,201,30,2,1,2,5,1728.67,20,6914.68,15-12-2024
1643,352,70,23,30,1,1,4,1,1082.77,20,866.22,17-12-2024
1644,8,63,224,39,2,1,6,5,3101.45,20,12405.8,08-01-2024
1645,320,36,270,45,2,1,8,4,2090.7,20,6690.24,15-11-2024
1646,138,2,153,32,2,1,4,3,2514.33,20,6034.39,17-05-2024
1647,38,22,85,1,3,1,8,1,3222.37,20,2577.9,07-02-2024
1648,111,96,109,38,3,1,5,2,4390.33,20,7024.53,20-04-2024
1649,220,16,31,13,1,1,7,3,3023.54,30,6349.43,07-08-2024
1650,337,18,229,11,1,1,6,2,2652.27,20,4243.63,02-12-2024
1651,223,69,240,10,2,1,2,4,2328.42,20,7450.94,10-08-2024
1652,136,54,141,26,2,1,4,1,1963.05,20,1570.44,15-05-2024
1653,256,100,156,20,1,1,2,4,2460.67,20,7874.14,12-09-2024
1654,360,30,299,17,2,1,6,4,4480.38,20,14337.22,25-12-2024
1655,329,45,99,17,1,1,2,4,2241.67,20,7173.34,24-11-2024
1656,49,19,47,4,3,1,2,4,4161.96,20,13318.27,18-02-2024
1657,292,87,67,5,2,1,1,2,1877.55,10,3379.59,18-10-2024
1658,324,34,62,23,2,1,4,5,3591.79,20,14367.16,19-11-2024
1659,78,13,109,10,2,1,2,2,2731.73,20,4370.77,18-03-2024
1660,105,43,167,28,3,1,1,3,1866.51,10,5039.58,14-04-2024
1661,169,62,37,33,3,1,1,4,1822.34,10,6560.42,17-06-2024
1662,217,118,119,43,2,1,8,3,3528.14,20,8467.54,04-08-2024
1663,119,93,86,26,1,1,3,2,3418.24,20,5469.18,28-04-2024
1664,190,100,52,29,3,1,3,4,2460.67,20,7874.14,08-07-2024
1665,255,22,91,27,2,1,7,2,3222.37,30,4511.32,11-09-2024
1666,266,52,289,18,2,1,6,4,2191.13,20,7011.62,22-09-2024
1667,149,52,298,40,3,1,4,2,2191.13,20,3505.81,28-05-2024
1668,164,111,204,10,1,1,3,1,1237.94,20,990.35,12-06-2024
1669,140,36,238,42,2,1,6,5,2090.7,20,8362.8,19-05-2024
1670,347,73,155,5,1,1,4,5,2983.91,20,11935.64,12-12-2024
1671,258,103,240,10,1,1,6,4,1563.6,20,5003.52,14-09-2024
1672,269,115,136,21,3,1,7,1,2760.11,30,1932.08,25-09-2024
1673,181,19,64,24,2,1,7,3,4161.96,30,8740.12,29-06-2024
1674,160,38,123,38,2,1,1,1,2960.25,10,2664.22,08-06-2024
1675,351,70,254,3,1,1,1,4,1082.77,10,3897.97,16-12-2024
1676,288,116,114,40,3,1,4,1,3265.6,20,2612.48,14-10-2024
1677,288,111,20,31,3,1,6,3,1237.94,20,2971.06,14-10-2024
1678,226,79,16,41,3,1,6,4,3920.16,20,12544.51,13-08-2024
1679,11,57,145,37,1,1,3,5,1391.84,20,5567.36,11-01-2024
1680,10,20,208,2,1,1,3,1,2463.82,20,1971.06,10-01-2024
1681,271,9,19,2,2,1,4,5,3579.01,20,14316.04,27-09-2024
1682,273,32,166,39,3,1,5,5,1906.42,20,7625.68,29-09-2024
1683,183,4,38,42,1,1,3,2,1533.33,20,2453.33,01-07-2024
1684,153,50,181,44,3,1,2,3,1652.11,20,3965.06,01-06-2024
1685,315,82,105,34,1,1,3,1,1039.81,20,831.85,10-11-2024
1686,334,5,100,42,2,1,5,5,965.07,20,3860.28,29-11-2024
1687,124,20,90,20,3,1,6,5,2463.82,20,9855.28,03-05-2024
1688,114,87,300,33,1,1,1,3,1877.55,10,5069.38,23-04-2024
1689,278,75,79,4,3,1,8,5,3319.29,20,13277.16,04-10-2024
1690,213,37,73,45,1,1,8,5,2889.95,20,11559.8,31-07-2024
1691,172,22,176,44,1,1,1,5,3222.37,10,14500.66,20-06-2024
1692,288,58,96,11,1,1,6,5,3452.08,20,13808.32,14-10-2024
1693,174,68,103,42,3,1,1,2,1155.39,10,2079.7,22-06-2024
1694,113,93,224,5,1,1,3,2,3418.24,20,5469.18,22-04-2024
1695,122,44,6,25,2,1,7,4,2647.01,30,7411.63,01-05-2024
1696,32,34,122,37,3,1,1,1,3591.79,10,3232.61,01-02-2024
1697,222,77,236,34,2,1,7,3,1458.15,30,3062.12,09-08-2024
1698,119,42,116,9,2,1,5,4,1587.28,20,5079.3,28-04-2024
1699,39,9,163,6,3,1,7,2,3579.01,30,5010.61,08-02-2024
1700,268,106,226,18,1,1,5,2,3378.6,20,5405.76,24-09-2024
1701,233,95,230,14,2,1,3,2,1377.88,20,2204.61,20-08-2024
1702,18,7,182,19,3,1,6,4,1543.76,20,4940.03,18-01-2024
1703,149,68,249,14,1,1,2,2,1155.39,20,1848.62,28-05-2024
1704,149,19,210,40,3,1,3,4,4161.96,20,13318.27,28-05-2024
1705,126,106,144,17,3,1,1,2,3378.6,10,6081.48,05-05-2024
1706,302,94,96,35,3,1,3,5,1398.07,20,5592.28,28-10-2024
1707,360,31,244,29,1,1,8,5,2591.8,20,10367.2,25-12-2024
1708,238,35,86,42,2,1,8,1,4331.06,20,3464.85,25-08-2024
1709,135,57,184,17,2,1,5,2,1391.84,20,2226.94,14-05-2024
1710,151,85,121,43,3,1,3,1,2075.94,20,1660.75,30-05-2024
1711,236,61,92,8,3,1,3,4,2411.21,20,7715.87,23-08-2024
1712,224,31,70,1,1,1,2,1,2591.8,20,2073.44,11-08-2024
1713,203,83,133,45,3,1,5,2,1991.76,20,3186.82,21-07-2024
1714,256,95,279,36,3,1,4,4,1377.88,20,4409.22,12-09-2024
1715,86,53,137,7,3,1,4,4,1814.99,20,5807.97,26-03-2024
1716,150,32,187,5,2,1,5,5,1906.42,20,7625.68,29-05-2024
1717,235,66,221,24,3,1,4,4,3160.42,20,10113.34,22-08-2024
1718,345,59,46,28,2,1,1,4,2890.15,10,10404.54,10-12-2024
1719,22,116,278,43,1,1,4,1,3265.6,20,2612.48,22-01-2024
1720,348,10,192,17,1,1,8,4,3495.38,20,11185.22,13-12-2024
1721,285,2,8,37,2,1,1,3,2514.33,10,6788.69,11-10-2024
1722,269,66,276,20,2,1,5,5,3160.42,20,12641.68,25-09-2024
1723,258,60,179,3,2,1,4,5,1967.44,20,7869.76,14-09-2024
1724,29,88,39,37,2,1,4,4,4374.91,20,13999.71,29-01-2024
1725,213,17,293,26,3,1,6,1,4424.01,20,3539.21,31-07-2024
1726,283,96,178,15,2,1,7,5,4390.33,30,15366.16,09-10-2024
1727,50,16,162,8,2,1,1,5,3023.54,10,13605.93,19-02-2024
1728,95,16,104,13,2,1,1,3,3023.54,10,8163.56,04-04-2024
1729,88,46,161,3,3,1,3,4,2320.89,20,7426.85,28-03-2024
1730,44,39,287,1,3,1,2,5,4429.19,20,17716.76,13-02-2024
1731,278,117,123,9,3,1,8,5,2468.42,20,9873.68,04-10-2024
1732,171,31,54,31,1,1,4,5,2591.8,20,10367.2,19-06-2024
1733,189,107,34,41,3,1,6,5,1109.5,20,4438,07-07-2024
1734,353,88,242,26,2,1,2,1,4374.91,20,3499.93,18-12-2024
1735,184,1,113,17,3,1,7,2,2648.21,30,3707.49,02-07-2024
1736,3,11,23,34,3,1,7,3,2009.02,30,4218.94,03-01-2024
1737,191,119,46,9,2,1,8,1,1071.78,20,857.42,09-07-2024
1738,118,85,135,13,3,1,6,3,2075.94,20,4982.26,27-04-2024
1739,19,4,118,5,1,1,2,5,1533.33,20,6133.32,19-01-2024
1740,23,71,189,41,3,1,8,3,4091.82,20,9820.37,23-01-2024
1741,30,26,131,13,1,1,8,4,2697.1,20,8630.72,30-01-2024
1742,295,111,212,1,1,1,8,4,1237.94,20,3961.41,21-10-2024
1743,108,50,113,25,1,1,8,2,1652.11,20,2643.38,17-04-2024
1744,281,12,44,4,2,1,4,2,2853.14,20,4565.02,07-10-2024
1745,128,95,128,36,3,1,7,3,1377.88,30,2893.55,07-05-2024
1746,229,81,158,10,1,1,8,1,1800.9,20,1440.72,16-08-2024
1747,111,97,273,28,1,1,6,1,3472.54,20,2778.03,20-04-2024
1748,136,75,45,6,3,1,1,5,3319.29,10,14936.8,15-05-2024
1749,362,92,108,27,2,1,3,1,2380.87,20,1904.7,27-12-2024
1750,186,96,219,12,2,1,6,2,4390.33,20,7024.53,04-07-2024
1751,144,65,177,3,1,1,5,1,918.67,20,734.94,23-05-2024
1752,72,47,228,33,2,1,7,5,3939.17,30,13787.09,12-03-2024
1753,129,92,191,10,3,1,8,4,2380.87,20,7618.78,08-05-2024
1754,364,53,160,31,2,1,7,1,1814.99,30,1270.49,29-12-2024
1755,261,106,267,15,3,1,8,1,3378.6,20,2702.88,17-09-2024
1756,3,71,190,7,1,1,4,2,4091.82,20,6546.91,03-01-2024
1757,104,2,175,36,3,1,4,3,2514.33,20,6034.39,13-04-2024
1758,224,106,290,14,1,1,5,4,3378.6,20,10811.52,11-08-2024
1759,320,24,145,14,3,1,7,3,4011,30,8423.1,15-11-2024
1760,362,4,232,3,3,1,8,5,1533.33,20,6133.32,27-12-2024
1761,354,108,204,3,2,1,2,5,4194.77,20,16779.08,19-12-2024
1762,10,19,213,22,3,1,3,3,4161.96,20,9988.7,10-01-2024
1763,302,26,40,19,1,1,2,2,2697.1,20,4315.36,28-10-2024
1764,231,75,275,35,3,1,5,2,3319.29,20,5310.86,18-08-2024
1765,219,40,82,12,1,1,5,2,1171.25,20,1874,06-08-2024
1766,66,50,181,5,1,1,3,4,1652.11,20,5286.75,06-03-2024
1767,112,43,83,10,3,1,5,5,1866.51,20,7466.04,21-04-2024
1768,13,75,262,41,2,1,5,5,3319.29,20,13277.16,13-01-2024
1769,86,109,272,33,3,1,7,5,2492.47,30,8723.64,26-03-2024
1770,234,67,200,13,3,1,6,4,1599.39,20,5118.05,21-08-2024
1771,90,12,240,35,2,1,8,5,2853.14,20,11412.56,30-03-2024
1772,314,67,180,32,1,1,7,3,1599.39,30,3358.72,09-11-2024
1773,54,106,171,11,3,1,3,1,3378.6,20,2702.88,23-02-2024
1774,12,27,295,38,2,1,4,4,2959.22,20,9469.5,12-01-2024
1775,209,113,177,24,2,1,2,1,4264.61,20,3411.69,27-07-2024
1776,14,54,237,35,1,1,4,3,1963.05,20,4711.32,14-01-2024
1777,121,66,138,19,2,1,4,2,3160.42,20,5056.67,30-04-2024
1778,20,49,129,6,1,1,6,2,1153.5,20,1845.6,20-01-2024
1779,75,16,49,40,3,1,2,2,3023.54,20,4837.66,15-03-2024
1780,243,2,164,45,2,1,4,4,2514.33,20,8045.86,30-08-2024
1781,223,60,277,44,3,1,8,2,1967.44,20,3147.9,10-08-2024
1782,70,54,293,42,2,1,3,4,1963.05,20,6281.76,10-03-2024
1783,312,30,116,35,2,1,2,4,4480.38,20,14337.22,07-11-2024
1784,211,84,24,4,3,1,1,1,2833.5,10,2550.15,29-07-2024
1785,101,38,25,33,2,1,6,2,2960.25,20,4736.4,10-04-2024
1786,186,28,127,13,3,1,8,5,3666.79,20,14667.16,04-07-2024
1787,132,25,234,36,3,1,4,2,1728.67,20,2765.87,11-05-2024
1788,111,96,209,43,1,1,8,2,4390.33,20,7024.53,20-04-2024
1789,132,10,93,19,3,1,8,2,3495.38,20,5592.61,11-05-2024
1790,20,60,94,43,1,1,5,5,1967.44,20,7869.76,20-01-2024
1791,24,42,225,12,3,1,2,5,1587.28,20,6349.12,24-01-2024
1792,227,40,280,11,2,1,1,4,1171.25,10,4216.5,14-08-2024
1793,154,97,11,6,3,1,5,5,3472.54,20,13890.16,02-06-2024
1794,293,77,12,12,2,1,8,4,1458.15,20,4666.08,19-10-2024
1795,230,120,35,27,1,1,1,1,2937.73,10,2643.96,17-08-2024
1796,310,105,228,41,2,1,8,4,2441.93,20,7814.18,05-11-2024
1797,359,118,220,25,3,1,4,2,3528.14,20,5645.02,24-12-2024
1798,202,42,141,42,2,1,8,3,1587.28,20,3809.47,20-07-2024
1799,38,47,23,3,1,1,5,3,3939.17,20,9454.01,07-02-2024
1800,260,37,83,3,2,1,4,2,2889.95,20,4623.92,16-09-2024
1801,188,118,229,20,2,1,5,4,3528.14,20,11290.05,06-07-2024
1802,57,80,80,28,3,1,2,2,3997.46,20,6395.94,26-02-2024
1803,20,109,290,23,3,1,8,5,2492.47,20,9969.88,20-01-2024
1804,273,22,159,3,2,1,7,4,3222.37,30,9022.64,29-09-2024
1805,119,57,128,42,1,1,3,2,1391.84,20,2226.94,28-04-2024
1806,71,84,190,24,2,1,7,5,2833.5,30,9917.25,11-03-2024
1807,4,114,31,43,1,1,3,5,3197.77,20,12791.08,04-01-2024
1808,221,107,15,40,1,1,7,4,1109.5,30,3106.6,08-08-2024
1809,14,27,75,6,1,1,1,1,2959.22,10,2663.3,14-01-2024
1810,3,41,34,20,2,1,6,1,2000.51,20,1600.41,03-01-2024
1811,216,80,196,11,1,1,5,5,3997.46,20,15989.84,03-08-2024
1812,229,34,29,32,2,1,4,1,3591.79,20,2873.43,16-08-2024
1813,336,32,194,27,1,1,6,5,1906.42,20,7625.68,01-12-2024
1814,186,90,16,21,1,1,2,1,3931.28,20,3145.02,04-07-2024
1815,55,89,77,44,2,1,2,5,2546.15,20,10184.6,24-02-2024
1816,254,66,293,13,3,1,2,5,3160.42,20,12641.68,10-09-2024
1817,24,12,81,22,3,1,3,5,2853.14,20,11412.56,24-01-2024
1818,162,40,124,35,2,1,4,5,1171.25,20,4685,10-06-2024
1819,158,73,19,22,2,1,2,3,2983.91,20,7161.38,06-06-2024
1820,82,76,102,28,3,1,2,1,2081.35,20,1665.08,22-03-2024
1821,159,90,77,21,3,1,7,5,3931.28,30,13759.48,07-06-2024
1822,188,73,229,18,3,1,1,2,2983.91,10,5371.04,06-07-2024
1823,60,10,297,31,2,1,5,4,3495.38,20,11185.22,29-02-2024
1824,305,96,203,37,1,1,5,2,4390.33,20,7024.53,31-10-2024
1825,319,98,61,21,2,1,8,2,1047.84,20,1676.54,14-11-2024
1826,211,48,26,14,3,1,5,3,4248.06,20,10195.34,29-07-2024
1827,152,20,71,25,1,1,6,1,2463.82,20,1971.06,31-05-2024
1828,109,39,103,27,2,1,7,3,4429.19,30,9301.3,18-04-2024
1829,76,60,157,40,3,1,7,1,1967.44,30,1377.21,16-03-2024
1830,30,66,194,23,2,1,1,5,3160.42,10,14221.89,30-01-2024
1831,314,65,275,31,1,1,3,3,918.67,20,2204.81,09-11-2024
1832,117,51,186,29,3,1,6,4,3316.12,20,10611.58,26-04-2024
1833,356,36,113,30,2,1,1,1,2090.7,10,1881.63,21-12-2024
1834,192,24,165,26,1,1,2,3,4011,20,9626.4,10-07-2024
1835,19,118,61,20,1,1,4,4,3528.14,20,11290.05,19-01-2024
1836,173,27,92,38,2,1,6,2,2959.22,20,4734.75,21-06-2024
1837,228,2,286,19,1,1,6,5,2514.33,20,10057.32,15-08-2024
1838,350,31,153,27,3,1,2,5,2591.8,20,10367.2,15-12-2024
1839,183,57,225,25,1,1,2,2,1391.84,20,2226.94,01-07-2024
1840,113,78,127,40,2,1,4,3,4434.63,20,10643.11,22-04-2024
1841,183,66,193,38,3,1,5,2,3160.42,20,5056.67,01-07-2024
1842,146,29,115,23,1,1,6,4,1056.97,20,3382.3,25-05-2024
1843,319,15,262,29,1,1,1,1,1801.66,10,1621.49,14-11-2024
1844,116,12,18,15,3,1,3,3,2853.14,20,6847.54,25-04-2024
1845,113,101,10,3,3,1,2,1,3578.55,20,2862.84,22-04-2024
1846,251,28,92,10,1,1,2,2,3666.79,20,5866.86,07-09-2024
1847,251,84,139,15,3,1,3,5,2833.5,20,11334,07-09-2024
1848,303,103,52,16,2,1,1,1,1563.6,10,1407.24,29-10-2024
1849,313,24,195,17,1,1,8,1,4011,20,3208.8,08-11-2024
1850,118,21,206,19,2,1,2,5,2160.28,20,8641.12,27-04-2024
1851,301,10,287,11,1,1,3,1,3495.38,20,2796.3,27-10-2024
1852,161,110,93,5,2,1,7,1,1763.23,30,1234.26,09-06-2024
1853,198,78,145,5,2,1,2,5,4434.63,20,17738.52,16-07-2024
1854,260,101,86,14,3,1,5,5,3578.55,20,14314.2,16-09-2024
1855,148,18,153,26,1,1,5,2,2652.27,20,4243.63,27-05-2024
1856,240,88,2,8,3,1,2,2,4374.91,20,6999.86,27-08-2024
1857,47,14,260,5,3,1,7,1,3190.8,30,2233.56,16-02-2024
1858,198,34,164,7,1,1,2,3,3591.79,20,8620.3,16-07-2024
1859,47,58,6,16,2,1,8,2,3452.08,20,5523.33,16-02-2024
1860,78,76,149,14,1,1,8,2,2081.35,20,3330.16,18-03-2024
1861,124,22,205,37,1,1,5,3,3222.37,20,7733.69,03-05-2024
1862,75,120,118,41,1,1,8,3,2937.73,20,7050.55,15-03-2024
1863,359,70,89,4,3,1,7,5,1082.77,30,3789.7,24-12-2024
1864,137,36,154,36,1,1,8,2,2090.7,20,3345.12,16-05-2024
1865,90,45,167,17,1,1,2,4,2241.67,20,7173.34,30-03-2024
1866,325,36,161,36,1,1,7,4,2090.7,30,5853.96,20-11-2024
1867,61,22,270,6,2,1,1,1,3222.37,10,2900.13,01-03-2024
1868,138,78,56,16,2,1,1,2,4434.63,10,7982.33,17-05-2024
1869,50,80,228,29,2,1,4,4,3997.46,20,12791.87,19-02-2024
1870,259,61,149,36,2,1,1,2,2411.21,10,4340.18,15-09-2024
1871,107,100,46,38,3,1,6,2,2460.67,20,3937.07,16-04-2024
1872,113,56,144,37,3,1,7,4,3955.21,30,11074.59,22-04-2024
1873,350,89,238,10,1,1,6,2,2546.15,20,4073.84,15-12-2024
1874,254,96,272,41,3,1,6,3,4390.33,20,10536.79,10-09-2024
1875,118,33,120,36,2,1,2,1,4080.58,20,3264.46,27-04-2024
1876,198,45,220,29,1,1,2,5,2241.67,20,8966.68,16-07-2024
1877,337,36,8,14,1,1,3,4,2090.7,20,6690.24,02-12-2024
1878,365,20,275,4,2,1,7,5,2463.82,30,8623.37,30-12-2024
1879,51,18,66,44,2,1,6,1,2652.27,20,2121.82,20-02-2024
1880,245,38,79,42,2,1,6,3,2960.25,20,7104.6,01-09-2024
1881,35,67,86,36,3,1,1,3,1599.39,10,4318.35,04-02-2024
1882,302,23,124,45,1,1,5,3,3308.13,20,7939.51,28-10-2024
1883,69,96,202,13,2,1,7,3,4390.33,30,9219.69,09-03-2024
1884,349,109,150,18,1,1,5,4,2492.47,20,7975.9,14-12-2024
1885,320,16,46,33,1,1,7,4,3023.54,30,8465.91,15-11-2024
1886,49,59,113,21,3,1,7,2,2890.15,30,4046.21,18-02-2024
1887,74,69,91,16,1,1,4,2,2328.42,20,3725.47,14-03-2024
1888,192,68,141,15,2,1,3,1,1155.39,20,924.31,10-07-2024
1889,261,21,289,5,2,1,5,2,2160.28,20,3456.45,17-09-2024
1890,356,104,218,6,1,1,4,1,1191.14,20,952.91,21-12-2024
1891,70,115,77,38,1,1,1,1,2760.11,10,2484.1,10-03-2024
1892,90,78,152,3,3,1,3,1,4434.63,20,3547.7,30-03-2024
1893,260,103,239,12,2,1,3,3,1563.6,20,3752.64,16-09-2024
1894,126,95,115,36,2,1,6,5,1377.88,20,5511.52,05-05-2024
1895,231,78,94,33,1,1,7,5,4434.63,30,15521.2,18-08-2024
1896,295,70,48,36,1,1,8,4,1082.77,20,3464.86,21-10-2024
1897,129,12,191,33,1,1,7,1,2853.14,30,1997.2,08-05-2024
1898,280,16,12,31,2,1,2,3,3023.54,20,7256.5,06-10-2024
1899,313,81,156,21,1,1,7,2,1800.9,30,2521.26,08-11-2024
1900,100,109,172,27,3,1,7,2,2492.47,30,3489.46,09-04-2024
1901,326,87,296,27,3,1,7,4,1877.55,30,5257.14,21-11-2024
1902,297,14,177,8,1,1,6,4,3190.8,20,10210.56,23-10-2024
1903,182,61,57,37,3,1,1,1,2411.21,10,2170.09,30-06-2024
1904,174,71,203,32,3,1,7,1,4091.82,30,2864.27,22-06-2024
1905,316,46,185,26,3,1,8,2,2320.89,20,3713.42,11-11-2024
1906,364,32,121,2,3,1,6,2,1906.42,20,3050.27,29-12-2024
1907,188,15,226,12,3,1,8,2,1801.66,20,2882.66,06-07-2024
1908,57,44,202,22,2,1,3,2,2647.01,20,4235.22,26-02-2024
1909,31,17,216,17,1,1,6,5,4424.01,20,17696.04,31-01-2024
1910,84,41,43,7,3,1,7,1,2000.51,30,1400.36,24-03-2024
1911,152,54,23,43,1,1,4,1,1963.05,20,1570.44,31-05-2024
1912,36,111,155,4,3,1,6,2,1237.94,20,1980.7,05-02-2024
1913,213,44,186,37,2,1,5,3,2647.01,20,6352.82,31-07-2024
1914,364,98,249,38,2,1,1,2,1047.84,10,1886.11,29-12-2024
1915,106,5,237,32,3,1,1,4,965.07,10,3474.25,15-04-2024
1916,342,109,293,11,3,1,3,3,2492.47,20,5981.93,07-12-2024
1917,220,27,134,1,3,1,6,4,2959.22,20,9469.5,07-08-2024
1918,163,116,22,25,2,1,8,3,3265.6,20,7837.44,11-06-2024
1919,220,87,88,42,2,1,8,4,1877.55,20,6008.16,07-08-2024
1920,270,104,153,24,1,1,3,2,1191.14,20,1905.82,26-09-2024
1921,120,78,125,43,2,1,3,2,4434.63,20,7095.41,29-04-2024
1922,336,79,79,17,3,1,4,3,3920.16,20,9408.38,01-12-2024
1923,182,43,51,8,1,1,2,4,1866.51,20,5972.83,30-06-2024
1924,106,97,216,45,2,1,3,5,3472.54,20,13890.16,15-04-2024
1925,217,117,176,27,2,1,2,3,2468.42,20,5924.21,04-08-2024
1926,205,31,253,18,3,1,8,3,2591.8,20,6220.32,23-07-2024
1927,70,99,246,27,1,1,2,1,2335.76,20,1868.61,10-03-2024
1928,44,17,227,22,2,1,1,3,4424.01,10,11944.83,13-02-2024
1929,329,92,106,16,2,1,8,5,2380.87,20,9523.48,24-11-2024
1930,301,83,193,2,3,1,5,2,1991.76,20,3186.82,27-10-2024
1931,228,110,36,5,1,1,8,4,1763.23,20,5642.34,15-08-2024
1932,184,54,204,18,1,1,5,1,1963.05,20,1570.44,02-07-2024
1933,107,62,267,3,1,1,6,4,1822.34,20,5831.49,16-04-2024
1934,84,87,268,27,1,1,4,2,1877.55,20,3004.08,24-03-2024
1935,338,32,170,17,3,1,4,3,1906.42,20,4575.41,03-12-2024
1936,250,40,39,16,2,1,5,5,1171.25,20,4685,06-09-2024
1937,363,13,139,6,2,1,6,1,2731.73,20,2185.38,28-12-2024
1938,21,84,292,7,1,1,8,5,2833.5,20,11334,21-01-2024
1939,196,35,52,14,1,1,7,5,4331.06,30,15158.71,14-07-2024
1940,178,5,287,38,1,1,5,5,965.07,20,3860.28,26-06-2024
1941,7,73,289,40,2,1,8,5,2983.91,20,11935.64,07-01-2024
1942,70,29,141,15,2,1,6,2,1056.97,20,1691.15,10-03-2024
1943,127,70,146,33,1,1,6,5,1082.77,20,4331.08,06-05-2024
1944,160,25,184,43,3,1,6,5,1728.67,20,6914.68,08-06-2024
1945,248,95,152,27,2,1,6,2,1377.88,20,2204.61,04-09-2024
1946,203,22,201,29,2,1,1,4,3222.37,10,11600.53,21-07-2024
1947,148,66,128,37,1,1,8,2,3160.42,20,5056.67,27-05-2024
1948,143,45,287,5,3,1,1,3,2241.67,10,6052.51,22-05-2024
1949,199,69,253,29,1,1,5,2,2328.42,20,3725.47,17-07-2024
1950,154,91,266,32,1,1,6,4,1599.77,20,5119.26,02-06-2024
1951,142,89,188,6,3,1,3,3,2546.15,20,6110.76,21-05-2024
1952,313,72,230,2,3,1,6,3,999.42,20,2398.61,08-11-2024
1953,165,119,271,6,3,1,3,1,1071.78,20,857.42,13-06-2024
1954,314,1,259,43,2,1,1,5,2648.21,10,11916.94,09-11-2024
1955,21,84,299,4,1,1,6,3,2833.5,20,6800.4,21-01-2024
1956,82,44,198,29,2,1,2,3,2647.01,20,6352.82,22-03-2024
1957,69,87,56,25,3,1,5,4,1877.55,20,6008.16,09-03-2024
1958,131,96,203,9,2,1,6,3,4390.33,20,10536.79,10-05-2024
1959,87,75,271,3,3,1,4,4,3319.29,20,10621.73,27-03-2024
1960,218,39,109,26,3,1,3,5,4429.19,20,17716.76,05-08-2024
1961,305,111,116,43,1,1,7,1,1237.94,30,866.56,31-10-2024
1962,345,54,92,27,1,1,7,1,1963.05,30,1374.14,10-12-2024
1963,341,88,138,36,1,1,6,5,4374.91,20,17499.64,06-12-2024
1964,161,75,57,32,2,1,8,5,3319.29,20,13277.16,09-06-2024
1965,178,29,50,1,1,1,2,2,1056.97,20,1691.15,26-06-2024
1966,117,54,71,16,3,1,3,3,1963.05,20,4711.32,26-04-2024
1967,196,90,82,11,1,1,2,3,3931.28,20,9435.07,14-07-2024
1968,327,16,105,26,2,1,7,3,3023.54,30,6349.43,22-11-2024
1969,86,99,88,40,1,1,5,4,2335.76,20,7474.43,26-03-2024
1970,289,20,2,1,1,1,7,2,2463.82,30,3449.35,15-10-2024
1971,81,46,84,26,1,1,5,3,2320.89,20,5570.14,21-03-2024
1972,152,67,43,28,2,1,5,4,1599.39,20,5118.05,31-05-2024
1973,61,65,154,9,3,1,1,4,918.67,10,3307.21,01-03-2024
1974,61,58,94,44,3,1,7,1,3452.08,30,2416.46,01-03-2024
1975,354,53,298,22,3,1,8,4,1814.99,20,5807.97,19-12-2024
1976,28,111,133,8,1,1,7,5,1237.94,30,4332.79,28-01-2024
1977,43,1,65,42,1,1,2,4,2648.21,20,8474.27,12-02-2024
1978,169,81,290,27,2,1,6,5,1800.9,20,7203.6,17-06-2024
1979,86,66,257,39,3,1,4,5,3160.42,20,12641.68,26-03-2024
1980,177,29,213,19,1,1,4,1,1056.97,20,845.58,25-06-2024
1981,17,84,148,25,1,1,8,1,2833.5,20,2266.8,17-01-2024
1982,98,70,61,38,1,1,5,4,1082.77,20,3464.86,07-04-2024
1983,198,8,149,21,2,1,8,1,2219.29,20,1775.43,16-07-2024
1984,98,29,88,24,3,1,4,1,1056.97,20,845.58,07-04-2024
1985,65,112,278,24,2,1,8,3,1558.32,20,3739.97,05-03-2024
1986,330,51,82,19,3,1,3,4,3316.12,20,10611.58,25-11-2024
1987,341,33,129,2,3,1,2,4,4080.58,20,13057.86,06-12-2024
1988,5,3,286,14,1,1,2,4,4480.05,20,14336.16,05-01-2024
1989,2,60,280,32,1,1,8,1,1967.44,20,1573.95,02-01-2024
1990,22,35,270,42,1,1,2,1,4331.06,20,3464.85,22-01-2024
1991,112,69,292,32,1,1,3,5,2328.42,20,9313.68,21-04-2024
1992,57,91,203,28,1,1,6,2,1599.77,20,2559.63,26-02-2024
1993,66,108,24,39,3,1,1,2,4194.77,10,7550.59,06-03-2024
1994,330,76,208,40,1,1,3,2,2081.35,20,3330.16,25-11-2024
1995,98,84,280,42,1,1,2,3,2833.5,20,6800.4,07-04-2024
1996,144,109,205,40,2,1,2,1,2492.47,20,1993.98,23-05-2024
1997,125,20,152,13,2,1,7,5,2463.82,30,8623.37,04-05-2024
1998,167,73,26,12,3,1,2,5,2983.91,20,11935.64,15-06-2024
1999,86,39,194,8,3,1,6,2,4429.19,20,7086.7,26-03-2024
2000,76,4,238,15,2,1,4,3,1533.33,20,3679.99,16-03-2024
2001,344,115,75,26,2,1,1,3,2760.11,10,7452.3,09-12-2024
2002,294,118,163,12,1,1,3,2,3528.14,20,5645.02,20-10-2024
2003,59,19,299,43,1,1,8,2,4161.96,20,6659.14,28-02-2024
2004,138,102,29,27,3,1,2,1,1803.1,20,1442.48,17-05-2024
2005,99,91,165,18,2,1,7,3,1599.77,30,3359.52,08-04-2024
2006,192,45,186,45,3,1,7,5,2241.67,30,7845.84,10-07-2024
2007,243,43,54,36,1,1,5,2,1866.51,20,2986.42,30-08-2024
2008,319,13,295,27,3,1,1,1,2731.73,10,2458.56,14-11-2024
2009,49,13,42,9,3,1,7,5,2731.73,30,9561.05,18-02-2024
2010,32,60,285,39,3,1,5,3,1967.44,20,4721.86,01-02-2024
2011,277,57,138,1,1,1,1,2,1391.84,10,2505.31,03-10-2024
2012,20,86,187,7,3,1,2,2,3880.33,20,6208.53,20-01-2024
2013,154,92,204,26,1,1,1,1,2380.87,10,2142.78,02-06-2024
2014,68,52,42,7,2,1,1,1,2191.13,10,1972.02,08-03-2024
2015,214,111,288,7,3,1,8,3,1237.94,20,2971.06,01-08-2024
2016,143,53,26,8,3,1,2,2,1814.99,20,2903.98,22-05-2024
2017,232,109,56,16,1,1,6,1,2492.47,20,1993.98,19-08-2024
2018,213,86,253,3,3,1,7,2,3880.33,30,5432.46,31-07-2024
2019,79,43,122,45,1,1,5,3,1866.51,20,4479.62,19-03-2024
2020,214,83,106,10,3,1,8,2,1991.76,20,3186.82,01-08-2024
2021,116,72,130,7,2,1,8,5,999.42,20,3997.68,25-04-2024
2022,92,116,158,21,2,1,6,2,3265.6,20,5224.96,01-04-2024
2023,270,72,231,37,2,1,5,4,999.42,20,3198.14,26-09-2024
2024,168,42,91,31,3,1,4,4,1587.28,20,5079.3,16-06-2024
2025,58,90,22,23,3,1,7,3,3931.28,30,8255.69,27-02-2024
2026,284,112,290,27,2,1,5,3,1558.32,20,3739.97,10-10-2024
2027,26,115,110,22,2,1,5,3,2760.11,20,6624.26,26-01-2024
2028,66,26,49,39,1,1,1,5,2697.1,10,12136.95,06-03-2024
2029,248,23,129,27,1,1,4,5,3308.13,20,13232.52,04-09-2024
2030,254,43,73,4,2,1,2,2,1866.51,20,2986.42,10-09-2024
2031,44,77,53,24,2,1,2,1,1458.15,20,1166.52,13-02-2024
2032,97,28,168,23,3,1,3,4,3666.79,20,11733.73,06-04-2024
2033,42,9,45,19,2,1,4,4,3579.01,20,11452.83,11-02-2024
2034,227,20,105,42,1,1,1,4,2463.82,10,8869.75,14-08-2024
2035,262,56,150,3,1,1,3,2,3955.21,20,6328.34,18-09-2024
2036,167,83,146,27,1,1,3,2,1991.76,20,3186.82,15-06-2024
2037,279,112,204,3,1,1,2,3,1558.32,20,3739.97,05-10-2024
2038,89,39,299,28,1,1,5,1,4429.19,20,3543.35,29-03-2024
2039,178,51,167,17,1,1,1,3,3316.12,10,8953.52,26-06-2024
2040,197,12,201,31,2,1,8,2,2853.14,20,4565.02,15-07-2024
2041,307,79,134,10,1,1,8,5,3920.16,20,15680.64,02-11-2024
2042,267,95,211,22,1,1,4,3,1377.88,20,3306.91,23-09-2024
2043,268,55,48,30,1,1,3,2,2061.18,20,3297.89,24-09-2024
2044,74,78,126,21,1,1,1,2,4434.63,10,7982.33,14-03-2024
2045,8,11,239,36,2,1,2,5,2009.02,20,8036.08,08-01-2024
2046,297,26,7,23,3,1,3,5,2697.1,20,10788.4,23-10-2024
2047,164,42,272,38,3,1,3,5,1587.28,20,6349.12,12-06-2024
2048,85,27,37,12,3,1,6,1,2959.22,20,2367.38,25-03-2024
2049,72,11,211,25,3,1,2,2,2009.02,20,3214.43,12-03-2024
2050,55,38,165,20,1,1,8,5,2960.25,20,11841,24-02-2024
2051,47,98,125,42,3,1,6,1,1047.84,20,838.27,16-02-2024
2052,238,43,192,7,3,1,2,4,1866.51,20,5972.83,25-08-2024
2053,104,19,218,29,2,1,2,4,4161.96,20,13318.27,13-04-2024
2054,210,64,214,29,2,1,6,4,1193.74,20,3819.97,28-07-2024
2055,42,6,62,13,2,1,8,2,2678.02,20,4284.83,11-02-2024
2056,316,46,161,3,1,1,7,1,2320.89,30,1624.62,11-11-2024
2057,268,116,66,2,1,1,1,1,3265.6,10,2939.04,24-09-2024
2058,263,102,286,16,1,1,1,4,1803.1,10,6491.16,19-09-2024
2059,336,113,239,30,2,1,7,3,4264.61,30,8955.68,01-12-2024
2060,365,42,20,38,3,1,1,4,1587.28,10,5714.21,30-12-2024
2061,259,92,188,6,2,1,5,2,2380.87,20,3809.39,15-09-2024
2062,283,65,82,45,1,1,3,4,918.67,20,2939.74,09-10-2024
2063,114,99,202,7,2,1,1,4,2335.76,10,8408.74,23-04-2024
2064,363,104,132,5,3,1,5,1,1191.14,20,952.91,28-12-2024
2065,40,72,37,7,1,1,3,4,999.42,20,3198.14,09-02-2024
2066,220,59,132,34,3,1,1,5,2890.15,10,13005.68,07-08-2024
2067,129,52,77,32,3,1,2,5,2191.13,20,8764.52,08-05-2024
2068,8,118,89,13,1,1,7,3,3528.14,30,7409.09,08-01-2024
2069,101,47,253,30,3,1,4,2,3939.17,20,6302.67,10-04-2024
2070,176,120,194,25,2,1,1,2,2937.73,10,5287.91,24-06-2024
2071,107,7,176,21,3,1,4,1,1543.76,20,1235.01,16-04-2024
2072,101,11,33,21,3,1,1,2,2009.02,10,3616.24,10-04-2024
2073,260,103,58,28,3,1,2,3,1563.6,20,3752.64,16-09-2024
2074,246,61,201,20,2,1,7,5,2411.21,30,8439.23,02-09-2024
2075,275,68,28,34,3,1,8,1,1155.39,20,924.31,01-10-2024
2076,32,25,35,5,3,1,7,5,1728.67,30,6050.34,01-02-2024
2077,137,12,125,18,2,1,4,3,2853.14,20,6847.54,16-05-2024
2078,12,26,42,39,1,1,5,1,2697.1,20,2157.68,12-01-2024
2079,302,102,85,43,1,1,2,4,1803.1,20,5769.92,28-10-2024
2080,16,110,188,11,1,1,4,2,1763.23,20,2821.17,16-01-2024
2081,129,12,111,17,3,1,4,3,2853.14,20,6847.54,08-05-2024
2082,63,43,271,45,1,1,6,1,1866.51,20,1493.21,03-03-2024
2083,109,51,105,22,2,1,6,5,3316.12,20,13264.48,18-04-2024
2084,21,117,41,37,3,1,2,1,2468.42,20,1974.74,21-01-2024
2085,158,37,215,20,3,1,2,4,2889.95,20,9247.84,06-06-2024
2086,269,46,71,6,3,1,2,3,2320.89,20,5570.14,25-09-2024
2087,162,53,56,34,1,1,3,1,1814.99,20,1451.99,10-06-2024
2088,260,88,236,14,1,1,5,3,4374.91,20,10499.78,16-09-2024
2089,102,80,281,23,1,1,1,3,3997.46,10,10793.14,11-04-2024
2090,223,13,105,20,3,1,8,5,2731.73,20,10926.92,10-08-2024
2091,59,89,162,13,2,1,6,2,2546.15,20,4073.84,28-02-2024
2092,247,118,191,44,3,1,7,4,3528.14,30,9878.79,03-09-2024
2093,128,54,9,41,2,1,7,1,1963.05,30,1374.14,07-05-2024
2094,283,57,60,32,3,1,4,2,1391.84,20,2226.94,09-10-2024
2095,325,116,225,26,2,1,6,5,3265.6,20,13062.4,20-11-2024
2096,25,118,188,14,3,1,1,2,3528.14,10,6350.65,25-01-2024
2097,131,4,70,36,3,1,2,3,1533.33,20,3679.99,10-05-2024
2098,353,75,293,8,2,1,7,3,3319.29,30,6970.51,18-12-2024
2099,196,96,287,40,2,1,6,4,4390.33,20,14049.06,14-07-2024
2100,281,49,169,22,2,1,5,1,1153.5,20,922.8,07-10-2024
2101,154,7,62,22,2,1,5,1,1543.76,20,1235.01,02-06-2024
2102,133,110,14,16,2,1,8,5,1763.23,20,7052.92,12-05-2024
2103,227,11,164,27,2,1,3,4,2009.02,20,6428.86,14-08-2024
2104,189,92,245,10,2,1,6,1,2380.87,20,1904.7,07-07-2024
2105,265,54,8,25,2,1,2,3,1963.05,20,4711.32,21-09-2024
2106,134,105,154,31,3,1,4,4,2441.93,20,7814.18,13-05-2024
2107,211,87,36,21,2,1,8,2,1877.55,20,3004.08,29-07-2024
2108,60,45,48,27,2,1,8,4,2241.67,20,7173.34,29-02-2024
2109,364,23,85,17,3,1,3,4,3308.13,20,10586.02,29-12-2024
2110,364,114,28,33,3,1,2,1,3197.77,20,2558.22,29-12-2024
2111,213,28,196,31,1,1,8,5,3666.79,20,14667.16,31-07-2024
2112,216,107,208,42,1,1,3,5,1109.5,20,4438,03-08-2024
2113,226,111,204,26,2,1,6,1,1237.94,20,990.35,13-08-2024
2114,131,57,104,21,2,1,1,1,1391.84,10,1252.66,10-05-2024
2115,76,26,230,36,1,1,8,1,2697.1,20,2157.68,16-03-2024
2116,286,25,101,1,1,1,7,5,1728.67,30,6050.34,12-10-2024
2117,277,54,29,4,2,1,6,1,1963.05,20,1570.44,03-10-2024
2118,156,29,127,4,1,1,2,2,1056.97,20,1691.15,04-06-2024
2119,248,83,10,26,2,1,4,2,1991.76,20,3186.82,04-09-2024
2120,218,97,106,4,3,1,4,3,3472.54,20,8334.1,05-08-2024
2121,190,36,167,9,3,1,2,2,2090.7,20,3345.12,08-07-2024
2122,163,14,257,30,1,1,3,4,3190.8,20,10210.56,11-06-2024
2123,180,78,295,45,3,1,5,3,4434.63,20,10643.11,28-06-2024
2124,34,35,277,4,3,1,2,2,4331.06,20,6929.7,03-02-2024
2125,41,30,65,5,3,1,7,4,4480.38,30,12545.06,10-02-2024
2126,307,92,271,45,3,1,8,2,2380.87,20,3809.39,02-11-2024
2127,338,17,188,23,2,1,6,4,4424.01,20,14156.83,03-12-2024
2128,314,67,138,16,2,1,4,1,1599.39,20,1279.51,09-11-2024
2129,75,80,105,22,1,1,1,4,3997.46,10,14390.86,15-03-2024
2130,279,110,34,37,3,1,4,1,1763.23,20,1410.58,05-10-2024
2131,176,30,110,8,3,1,5,4,4480.38,20,14337.22,24-06-2024
2132,150,116,33,33,3,1,8,4,3265.6,20,10449.92,29-05-2024
2133,273,93,231,38,1,1,4,2,3418.24,20,5469.18,29-09-2024
2134,325,45,266,43,2,1,5,4,2241.67,20,7173.34,20-11-2024
2135,108,79,182,16,3,1,8,2,3920.16,20,6272.26,17-04-2024
2136,139,110,65,5,2,1,7,4,1763.23,30,4937.04,18-05-2024
2137,350,120,1,16,1,1,8,5,2937.73,20,11750.92,15-12-2024
2138,271,89,133,7,2,1,2,3,2546.15,20,6110.76,27-09-2024
2139,347,51,80,1,3,1,4,2,3316.12,20,5305.79,12-12-2024
2140,289,102,271,9,2,1,3,2,1803.1,20,2884.96,15-10-2024
2141,212,106,241,18,2,1,6,1,3378.6,20,2702.88,30-07-2024
2142,272,47,28,45,1,1,3,5,3939.17,20,15756.68,28-09-2024
2143,66,53,223,3,1,1,6,1,1814.99,20,1451.99,06-03-2024
2144,248,64,23,24,1,1,4,5,1193.74,20,4774.96,04-09-2024
2145,156,118,109,28,1,1,7,5,3528.14,30,12348.49,04-06-2024
2146,47,116,107,10,2,1,4,4,3265.6,20,10449.92,16-02-2024
2147,201,38,145,9,2,1,6,1,2960.25,20,2368.2,19-07-2024
2148,148,64,139,13,1,1,7,3,1193.74,30,2506.85,27-05-2024
2149,124,87,284,35,1,1,1,5,1877.55,10,8448.98,03-05-2024
2150,1,89,298,23,3,1,7,5,2546.15,30,8911.52,01-01-2024
2151,247,106,99,17,3,1,4,2,3378.6,20,5405.76,03-09-2024
2152,343,7,123,7,1,1,1,4,1543.76,10,5557.54,08-12-2024
2153,128,22,287,16,2,1,1,3,3222.37,10,8700.4,07-05-2024
2154,191,81,81,40,1,1,6,5,1800.9,20,7203.6,09-07-2024
2155,67,82,10,36,2,1,1,2,1039.81,10,1871.66,07-03-2024
2156,4,113,8,20,2,1,1,1,4264.61,10,3838.15,04-01-2024
2157,303,41,205,24,3,1,2,5,2000.51,20,8002.04,29-10-2024
2158,294,74,197,5,1,1,7,2,2478.51,30,3469.91,20-10-2024
2159,143,10,198,45,1,1,8,1,3495.38,20,2796.3,22-05-2024
2160,191,57,30,6,2,1,3,4,1391.84,20,4453.89,09-07-2024
2161,21,7,20,28,1,1,1,1,1543.76,10,1389.38,21-01-2024
2162,227,112,48,5,3,1,8,5,1558.32,20,6233.28,14-08-2024
2163,313,50,130,39,3,1,3,3,1652.11,20,3965.06,08-11-2024
2164,117,102,293,38,1,1,8,1,1803.1,20,1442.48,26-04-2024
2165,302,91,132,2,1,1,1,3,1599.77,10,4319.38,28-10-2024
2166,142,52,54,43,3,1,3,3,2191.13,20,5258.71,21-05-2024
2167,39,33,281,39,1,1,4,1,4080.58,20,3264.46,08-02-2024
2168,355,1,265,21,2,1,4,4,2648.21,20,8474.27,20-12-2024
2169,252,108,215,40,1,1,3,1,4194.77,20,3355.82,08-09-2024
2170,333,53,290,37,2,1,7,2,1814.99,30,2540.99,28-11-2024
2171,207,60,43,18,1,1,1,3,1967.44,10,5312.09,25-07-2024
2172,210,34,74,12,1,1,2,5,3591.79,20,14367.16,28-07-2024
2173,115,4,278,17,3,1,8,3,1533.33,20,3679.99,24-04-2024
2174,225,17,242,37,2,1,7,5,4424.01,30,15484.04,12-08-2024
2175,134,4,130,38,3,1,3,2,1533.33,20,2453.33,13-05-2024
2176,251,43,194,15,1,1,7,2,1866.51,30,2613.11,07-09-2024
2177,219,118,32,7,3,1,8,2,3528.14,20,5645.02,06-08-2024
2178,91,90,106,14,1,1,5,1,3931.28,20,3145.02,31-03-2024
2179,354,4,204,1,1,1,2,3,1533.33,20,3679.99,19-12-2024
2180,46,1,1,38,1,1,8,5,2648.21,20,10592.84,15-02-2024
2181,38,71,245,3,2,1,5,2,4091.82,20,6546.91,07-02-2024
2182,142,94,72,37,2,1,8,2,1398.07,20,2236.91,21-05-2024
2183,100,50,15,44,2,1,8,5,1652.11,20,6608.44,09-04-2024
2184,328,73,53,31,3,1,3,3,2983.91,20,7161.38,23-11-2024
2185,190,61,8,43,1,1,1,3,2411.21,10,6510.27,08-07-2024
2186,35,35,46,13,3,1,7,5,4331.06,30,15158.71,04-02-2024
2187,147,8,114,18,3,1,7,4,2219.29,30,6214.01,26-05-2024
2188,30,24,147,17,1,1,5,3,4011,20,9626.4,30-01-2024
2189,334,83,166,17,3,1,7,5,1991.76,30,6971.16,29-11-2024
2190,84,36,139,11,1,1,3,5,2090.7,20,8362.8,24-03-2024
2191,281,50,117,20,1,1,2,2,1652.11,20,2643.38,07-10-2024
2192,344,116,299,10,1,1,1,5,3265.6,10,14695.2,09-12-2024
2193,270,43,276,29,1,1,5,1,1866.51,20,1493.21,26-09-2024
2194,154,27,277,34,3,1,7,2,2959.22,30,4142.91,02-06-2024
2195,102,32,178,17,3,1,3,2,1906.42,20,3050.27,11-04-2024
2196,215,78,154,42,3,1,1,3,4434.63,10,11973.5,02-08-2024
2197,150,18,201,13,2,1,1,4,2652.27,10,9548.17,29-05-2024
2198,83,28,115,44,3,1,4,3,3666.79,20,8800.3,23-03-2024
2199,110,29,159,39,3,1,1,1,1056.97,10,951.27,19-04-2024
2200,275,16,42,27,2,1,8,2,3023.54,20,4837.66,01-10-2024
2201,201,99,247,26,1,1,3,2,2335.76,20,3737.22,19-07-2024
2202,284,47,68,28,1,1,2,5,3939.17,20,15756.68,10-10-2024
2203,173,59,196,13,1,1,6,4,2890.15,20,9248.48,21-06-2024
2204,327,31,90,12,2,1,4,4,2591.8,20,8293.76,22-11-2024
2205,206,4,111,44,3,1,3,5,1533.33,20,6133.32,24-07-2024
2206,63,37,145,28,3,1,3,1,2889.95,20,2311.96,03-03-2024
2207,73,17,275,2,3,1,3,4,4424.01,20,14156.83,13-03-2024
2208,251,39,179,37,3,1,5,2,4429.19,20,7086.7,07-09-2024
2209,124,48,241,34,2,1,7,1,4248.06,30,2973.64,03-05-2024
2210,121,46,153,23,3,1,5,3,2320.89,20,5570.14,30-04-2024
2211,275,90,104,45,1,1,8,3,3931.28,20,9435.07,01-10-2024
2212,120,48,75,29,2,1,2,1,4248.06,20,3398.45,29-04-2024
2213,317,39,128,35,2,1,8,2,4429.19,20,7086.7,12-11-2024
2214,164,105,199,11,1,1,3,3,2441.93,20,5860.63,12-06-2024
2215,286,4,154,33,1,1,7,2,1533.33,30,2146.66,12-10-2024
2216,265,30,56,11,3,1,8,5,4480.38,20,17921.52,21-09-2024
2217,320,30,278,9,1,1,5,4,4480.38,20,14337.22,15-11-2024
2218,161,22,19,14,2,1,5,1,3222.37,20,2577.9,09-06-2024
2219,308,75,159,9,2,1,5,4,3319.29,20,10621.73,03-11-2024
2220,89,66,26,39,2,1,2,5,3160.42,20,12641.68,29-03-2024
2221,142,108,169,3,3,1,2,3,4194.77,20,10067.45,21-05-2024
2222,203,12,23,29,3,1,3,2,2853.14,20,4565.02,21-07-2024
2223,309,94,47,19,1,1,4,2,1398.07,20,2236.91,04-11-2024
2224,227,36,13,36,3,1,8,5,2090.7,20,8362.8,14-08-2024
2225,334,18,217,32,3,1,3,1,2652.27,20,2121.82,29-11-2024
2226,222,90,194,7,2,1,5,4,3931.28,20,12580.1,09-08-2024
2227,41,53,144,28,2,1,6,3,1814.99,20,4355.98,10-02-2024
2228,196,71,73,44,1,1,8,1,4091.82,20,3273.46,14-07-2024
2229,68,1,156,18,2,1,7,5,2648.21,30,9268.73,08-03-2024
2230,264,58,77,5,3,1,5,5,3452.08,20,13808.32,20-09-2024
2231,2,90,169,23,1,1,1,2,3931.28,10,7076.3,02-01-2024
2232,361,87,287,22,1,1,6,3,1877.55,20,4506.12,26-12-2024
2233,125,90,85,26,2,1,6,1,3931.28,20,3145.02,04-05-2024
2234,110,109,182,42,2,1,7,2,2492.47,30,3489.46,19-04-2024
2235,86,6,297,12,2,1,3,3,2678.02,20,6427.25,26-03-2024
2236,120,70,112,40,1,1,5,4,1082.77,20,3464.86,29-04-2024
2237,127,44,230,19,2,1,5,4,2647.01,20,8470.43,06-05-2024
2238,255,72,96,1,3,1,4,2,999.42,20,1599.07,11-09-2024
2239,183,24,168,3,1,1,1,1,4011,10,3609.9,01-07-2024
2240,16,86,156,27,2,1,3,3,3880.33,20,9312.79,16-01-2024
2241,62,19,105,18,3,1,2,4,4161.96,20,13318.27,02-03-2024
2242,158,101,193,30,3,1,3,4,3578.55,20,11451.36,06-06-2024
2243,268,18,132,2,2,1,8,1,2652.27,20,2121.82,24-09-2024
2244,35,95,138,5,3,1,8,2,1377.88,20,2204.61,04-02-2024
2245,267,101,270,29,1,1,6,5,3578.55,20,14314.2,23-09-2024
2246,64,30,38,33,1,1,3,3,4480.38,20,10752.91,04-03-2024
2247,50,42,45,42,3,1,4,4,1587.28,20,5079.3,19-02-2024
2248,255,33,163,20,1,1,3,5,4080.58,20,16322.32,11-09-2024
2249,149,74,253,30,2,1,4,1,2478.51,20,1982.81,28-05-2024
2250,325,101,169,42,3,1,6,2,3578.55,20,5725.68,20-11-2024
2251,304,12,285,5,1,1,4,3,2853.14,20,6847.54,30-10-2024
2252,276,118,274,21,2,1,7,1,3528.14,30,2469.7,02-10-2024
2253,357,94,20,15,2,1,7,2,1398.07,30,1957.3,22-12-2024
2254,172,27,239,20,1,1,8,1,2959.22,20,2367.38,20-06-2024
2255,201,39,270,8,3,1,5,4,4429.19,20,14173.41,19-07-2024
2256,324,9,31,31,2,1,2,4,3579.01,20,11452.83,19-11-2024
2257,35,118,104,12,2,1,6,5,3528.14,20,14112.56,04-02-2024
2258,216,21,170,21,2,1,8,1,2160.28,20,1728.22,03-08-2024
2259,65,76,186,30,2,1,4,4,2081.35,20,6660.32,05-03-2024
2260,8,119,128,27,3,1,1,2,1071.78,10,1929.2,08-01-2024
2261,301,29,210,44,1,1,6,5,1056.97,20,4227.88,27-10-2024
2262,343,33,281,26,1,1,1,3,4080.58,10,11017.57,08-12-2024
2263,332,107,253,33,1,1,2,1,1109.5,20,887.6,27-11-2024
2264,76,62,19,26,2,1,4,4,1822.34,20,5831.49,16-03-2024
2265,174,117,200,26,3,1,6,2,2468.42,20,3949.47,22-06-2024
2266,47,15,220,36,1,1,6,1,1801.66,20,1441.33,16-02-2024
2267,15,2,136,40,3,1,2,2,2514.33,20,4022.93,15-01-2024
2268,361,52,223,1,1,1,5,5,2191.13,20,8764.52,26-12-2024
2269,147,103,3,15,2,1,1,4,1563.6,10,5628.96,26-05-2024
2270,26,117,236,1,1,1,6,4,2468.42,20,7898.94,26-01-2024
2271,308,44,228,11,2,1,3,5,2647.01,20,10588.04,03-11-2024
2272,93,54,142,2,2,1,1,2,1963.05,10,3533.49,02-04-2024
2273,232,18,9,1,1,1,8,1,2652.27,20,2121.82,19-08-2024
2274,21,3,190,31,3,1,4,2,4480.05,20,7168.08,21-01-2024
2275,307,7,165,44,2,1,2,1,1543.76,20,1235.01,02-11-2024
2276,38,43,139,16,3,1,8,5,1866.51,20,7466.04,07-02-2024
2277,276,82,276,22,1,1,1,3,1039.81,10,2807.49,02-10-2024
2278,157,108,291,42,2,1,3,1,4194.77,20,3355.82,05-06-2024
2279,179,38,53,18,3,1,7,4,2960.25,30,8288.7,27-06-2024
2280,132,37,175,17,2,1,3,4,2889.95,20,9247.84,11-05-2024
2281,311,58,110,30,1,1,8,4,3452.08,20,11046.66,06-11-2024
2282,348,33,203,10,2,1,2,2,4080.58,20,6528.93,13-12-2024
2283,28,108,136,35,1,1,8,2,4194.77,20,6711.63,28-01-2024
2284,260,59,4,21,3,1,2,2,2890.15,20,4624.24,16-09-2024
2285,76,95,155,16,2,1,7,4,1377.88,30,3858.06,16-03-2024
2286,67,11,172,6,3,1,1,1,2009.02,10,1808.12,07-03-2024
2287,342,68,47,3,1,1,4,4,1155.39,20,3697.25,07-12-2024
2288,194,82,94,41,1,1,5,1,1039.81,20,831.85,12-07-2024
2289,162,68,48,43,3,1,3,2,1155.39,20,1848.62,10-06-2024
2290,347,113,240,21,3,1,2,3,4264.61,20,10235.06,12-12-2024
2291,361,98,213,13,1,1,5,2,1047.84,20,1676.54,26-12-2024
2292,257,93,139,18,3,1,8,5,3418.24,20,13672.96,13-09-2024
2293,72,88,205,24,1,1,5,1,4374.91,20,3499.93,12-03-2024
2294,87,22,73,27,3,1,5,3,3222.37,20,7733.69,27-03-2024
2295,262,66,4,4,1,1,4,2,3160.42,20,5056.67,18-09-2024
2296,214,44,76,22,1,1,2,3,2647.01,20,6352.82,01-08-2024
2297,153,6,77,24,2,1,8,4,2678.02,20,8569.66,01-06-2024
2298,210,42,256,40,1,1,3,1,1587.28,20,1269.82,28-07-2024
2299,61,25,102,45,1,1,2,5,1728.67,20,6914.68,01-03-2024
2300,268,119,106,10,2,1,1,4,1071.78,10,3858.41,24-09-2024
2301,262,57,39,2,2,1,8,3,1391.84,20,3340.42,18-09-2024
2302,218,85,275,40,3,1,3,2,2075.94,20,3321.5,05-08-2024
2303,283,55,88,6,3,1,8,1,2061.18,20,1648.94,09-10-2024
2304,136,16,211,18,1,1,2,5,3023.54,20,12094.16,15-05-2024
2305,362,95,77,17,3,1,3,2,1377.88,20,2204.61,27-12-2024
2306,93,14,77,38,3,1,1,5,3190.8,10,14358.6,02-04-2024
2307,109,39,28,45,1,1,6,1,4429.19,20,3543.35,18-04-2024
2308,241,28,245,23,2,1,3,3,3666.79,20,8800.3,28-08-2024
2309,355,96,66,30,2,1,6,5,4390.33,20,17561.32,20-12-2024
2310,142,92,266,21,1,1,5,1,2380.87,20,1904.7,21-05-2024
2311,291,51,205,10,1,1,7,5,3316.12,30,11606.42,17-10-2024
2312,237,119,58,43,1,1,8,2,1071.78,20,1714.85,24-08-2024
2313,340,49,201,13,1,1,4,5,1153.5,20,4614,05-12-2024
2314,312,9,225,12,1,1,1,2,3579.01,10,6442.22,07-11-2024
2315,177,58,142,9,1,1,3,2,3452.08,20,5523.33,25-06-2024
2316,141,45,84,4,3,1,1,1,2241.67,10,2017.5,20-05-2024
2317,189,22,143,39,3,1,5,4,3222.37,20,10311.58,07-07-2024
2318,49,32,33,24,3,1,6,5,1906.42,20,7625.68,18-02-2024
2319,302,69,152,34,2,1,4,3,2328.42,20,5588.21,28-10-2024
2320,190,87,158,39,1,1,1,2,1877.55,10,3379.59,08-07-2024
2321,136,69,141,41,1,1,6,4,2328.42,20,7450.94,15-05-2024
2322,43,42,251,5,3,1,5,2,1587.28,20,2539.65,12-02-2024
2323,353,53,112,15,2,1,5,4,1814.99,20,5807.97,18-12-2024
2324,90,96,144,4,3,1,5,4,4390.33,20,14049.06,30-03-2024
2325,295,59,209,39,1,1,8,3,2890.15,20,6936.36,21-10-2024
2326,341,74,224,8,1,1,7,4,2478.51,30,6939.83,06-12-2024
2327,245,39,43,45,3,1,8,3,4429.19,20,10630.06,01-09-2024
2328,192,15,264,24,3,1,6,1,1801.66,20,1441.33,10-07-2024
2329,318,71,244,28,1,1,3,2,4091.82,20,6546.91,13-11-2024
2330,106,29,3,43,3,1,2,3,1056.97,20,2536.73,15-04-2024
2331,363,111,125,27,1,1,1,2,1237.94,10,2228.29,28-12-2024
2332,310,3,268,1,3,1,7,5,4480.05,30,15680.18,05-11-2024
2333,233,83,84,34,2,1,2,1,1991.76,20,1593.41,20-08-2024
2334,265,10,16,17,1,1,5,5,3495.38,20,13981.52,21-09-2024
2335,344,92,59,37,2,1,2,5,2380.87,20,9523.48,09-12-2024
2336,37,29,177,38,3,1,6,4,1056.97,20,3382.3,06-02-2024
2337,305,79,63,26,2,1,8,4,3920.16,20,12544.51,31-10-2024
2338,41,35,49,24,3,1,5,5,4331.06,20,17324.24,10-02-2024
2339,17,6,246,39,2,1,8,4,2678.02,20,8569.66,17-01-2024
2340,344,12,289,21,2,1,7,2,2853.14,30,3994.4,09-12-2024
2341,277,111,286,30,2,1,5,4,1237.94,20,3961.41,03-10-2024
2342,307,38,15,13,1,1,4,5,2960.25,20,11841,02-11-2024
2343,59,77,255,37,2,1,4,4,1458.15,20,4666.08,28-02-2024
2344,183,93,92,3,3,1,7,4,3418.24,30,9571.07,01-07-2024
2345,41,19,279,32,3,1,6,3,4161.96,20,9988.7,10-02-2024
2346,39,67,206,35,1,1,6,3,1599.39,20,3838.54,08-02-2024
2347,192,8,94,19,1,1,2,5,2219.29,20,8877.16,10-07-2024
2348,267,8,225,14,3,1,7,2,2219.29,30,3107.01,23-09-2024
2349,147,119,199,22,2,1,8,1,1071.78,20,857.42,26-05-2024
2350,333,84,271,17,3,1,1,1,2833.5,10,2550.15,28-11-2024
2351,127,47,234,4,1,1,7,5,3939.17,30,13787.09,06-05-2024
2352,46,4,46,45,1,1,2,2,1533.33,20,2453.33,15-02-2024
2353,45,51,64,40,3,1,6,2,3316.12,20,5305.79,14-02-2024
2354,1,85,230,19,2,1,1,2,2075.94,10,3736.69,01-01-2024
2355,168,67,249,37,2,1,7,3,1599.39,30,3358.72,16-06-2024
2356,108,45,246,2,1,1,2,5,2241.67,20,8966.68,17-04-2024
2357,19,8,75,15,3,1,3,1,2219.29,20,1775.43,19-01-2024
2358,332,87,157,2,3,1,8,2,1877.55,20,3004.08,27-11-2024
2359,72,16,223,11,1,1,3,5,3023.54,20,12094.16,12-03-2024
2360,109,77,190,45,3,1,8,1,1458.15,20,1166.52,18-04-2024
2361,268,67,52,23,1,1,1,3,1599.39,10,4318.35,24-09-2024
2362,240,112,88,10,2,1,4,4,1558.32,20,4986.62,27-08-2024
2363,301,9,66,3,2,1,8,1,3579.01,20,2863.21,27-10-2024
2364,90,60,150,5,3,1,1,1,1967.44,10,1770.7,30-03-2024
2365,103,78,20,3,2,1,2,1,4434.63,20,3547.7,12-04-2024
2366,250,77,33,38,2,1,5,4,1458.15,20,4666.08,06-09-2024
2367,8,117,281,13,1,1,3,2,2468.42,20,3949.47,08-01-2024
2368,153,71,46,42,1,1,5,4,4091.82,20,13093.82,01-06-2024
2369,347,15,73,19,3,1,3,1,1801.66,20,1441.33,12-12-2024
2370,174,71,133,40,1,1,2,3,4091.82,20,9820.37,22-06-2024
2371,343,102,55,35,3,1,3,1,1803.1,20,1442.48,08-12-2024
2372,158,98,61,24,3,1,1,3,1047.84,10,2829.17,06-06-2024
2373,215,41,8,24,1,1,5,5,2000.51,20,8002.04,02-08-2024
2374,177,22,272,17,2,1,6,3,3222.37,20,7733.69,25-06-2024
2375,175,24,246,40,2,1,5,1,4011,20,3208.8,23-06-2024
2376,340,113,176,10,2,1,2,4,4264.61,20,13646.75,05-12-2024
2377,338,101,116,2,2,1,6,1,3578.55,20,2862.84,03-12-2024
2378,146,44,271,44,3,1,5,1,2647.01,20,2117.61,25-05-2024
2379,324,1,193,23,2,1,8,5,2648.21,20,10592.84,19-11-2024
2380,161,10,150,6,3,1,7,2,3495.38,30,4893.53,09-06-2024
2381,127,107,131,2,1,1,8,1,1109.5,20,887.6,06-05-2024
2382,82,80,102,21,1,1,2,5,3997.46,20,15989.84,22-03-2024
2383,147,110,270,35,3,1,7,4,1763.23,30,4937.04,26-05-2024
2384,239,72,292,29,2,1,4,5,999.42,20,3997.68,26-08-2024
2385,84,56,210,7,3,1,1,5,3955.21,10,17798.44,24-03-2024
2386,113,113,67,29,2,1,8,3,4264.61,20,10235.06,22-04-2024
2387,225,89,10,37,2,1,3,2,2546.15,20,4073.84,12-08-2024
2388,332,50,49,23,3,1,7,2,1652.11,30,2312.95,27-11-2024
2389,243,12,111,33,3,1,3,4,2853.14,20,9130.05,30-08-2024
2390,143,89,219,8,2,1,3,5,2546.15,20,10184.6,22-05-2024
2391,41,81,57,12,3,1,4,4,1800.9,20,5762.88,10-02-2024
2392,258,60,283,10,2,1,1,4,1967.44,10,7082.78,14-09-2024
2393,285,26,113,15,3,1,5,2,2697.1,20,4315.36,11-10-2024
2394,105,110,133,24,1,1,7,2,1763.23,30,2468.52,14-04-2024
2395,202,112,71,26,2,1,5,2,1558.32,20,2493.31,20-07-2024
2396,307,78,83,42,1,1,8,1,4434.63,20,3547.7,02-11-2024
2397,331,41,57,39,3,1,1,5,2000.51,10,9002.3,26-11-2024
2398,266,36,271,3,1,1,6,4,2090.7,20,6690.24,22-09-2024
2399,210,23,111,2,3,1,1,5,3308.13,10,14886.58,28-07-2024
2400,51,43,76,6,2,1,3,4,1866.51,20,5972.83,20-02-2024
2401,118,6,158,21,3,1,5,4,2678.02,20,8569.66,27-04-2024
2402,201,111,20,9,3,1,1,4,1237.94,10,4456.58,19-07-2024
2403,39,69,131,10,2,1,5,4,2328.42,20,7450.94,08-02-2024
2404,28,43,122,36,3,1,1,3,1866.51,10,5039.58,28-01-2024
2405,259,25,41,3,2,1,2,3,1728.67,20,4148.81,15-09-2024
2406,84,18,167,41,3,1,8,1,2652.27,20,2121.82,24-03-2024
2407,155,62,130,24,2,1,7,2,1822.34,30,2551.28,03-06-2024
2408,117,13,23,22,1,1,3,4,2731.73,20,8741.54,26-04-2024
2409,2,43,279,14,3,1,1,5,1866.51,10,8399.3,02-01-2024
2410,93,78,251,42,3,1,4,3,4434.63,20,10643.11,02-04-2024
2411,166,28,9,45,3,1,1,2,3666.79,10,6600.22,14-06-2024
2412,350,18,13,44,2,1,2,1,2652.27,20,2121.82,15-12-2024
2413,296,59,52,27,3,1,8,2,2890.15,20,4624.24,22-10-2024
2414,258,60,209,33,2,1,4,4,1967.44,20,6295.81,14-09-2024
2415,81,63,38,22,3,1,4,2,3101.45,20,4962.32,21-03-2024
2416,268,57,100,29,1,1,8,4,1391.84,20,4453.89,24-09-2024
2417,235,92,193,19,3,1,1,3,2380.87,10,6428.35,22-08-2024
2418,321,51,191,19,1,1,2,3,3316.12,20,7958.69,16-11-2024
2419,311,56,51,6,2,1,4,4,3955.21,20,12656.67,06-11-2024
2420,301,27,141,45,1,1,7,5,2959.22,30,10357.27,27-10-2024
2421,357,32,168,19,3,1,3,3,1906.42,20,4575.41,22-12-2024
2422,213,111,109,13,3,1,6,5,1237.94,20,4951.76,31-07-2024
2423,62,9,207,26,2,1,3,4,3579.01,20,11452.83,02-03-2024
2424,49,104,300,22,3,1,5,4,1191.14,20,3811.65,18-02-2024
2425,127,96,110,21,3,1,5,3,4390.33,20,10536.79,06-05-2024
2426,223,84,196,36,2,1,2,5,2833.5,20,11334,10-08-2024
2427,279,92,152,2,2,1,4,4,2380.87,20,7618.78,05-10-2024
2428,294,97,243,44,1,1,3,3,3472.54,20,8334.1,20-10-2024
2429,284,68,128,30,2,1,3,4,1155.39,20,3697.25,10-10-2024
2430,277,46,105,27,3,1,6,2,2320.89,20,3713.42,03-10-2024
2431,107,98,10,7,2,1,2,2,1047.84,20,1676.54,16-04-2024
2432,146,112,148,20,3,1,7,3,1558.32,30,3272.47,25-05-2024
2433,99,67,140,31,1,1,4,4,1599.39,20,5118.05,08-04-2024
2434,73,26,190,23,2,1,2,3,2697.1,20,6473.04,13-03-2024
2435,122,8,94,13,3,1,1,1,2219.29,10,1997.36,01-05-2024
2436,30,6,229,17,2,1,3,3,2678.02,20,6427.25,30-01-2024
2437,188,80,63,4,2,1,2,3,3997.46,20,9593.9,06-07-2024
2438,364,24,25,14,2,1,2,2,4011,20,6417.6,29-12-2024
2439,354,48,268,20,2,1,6,2,4248.06,20,6796.9,19-12-2024
2440,288,103,281,13,1,1,7,4,1563.6,30,4378.08,14-10-2024
2441,195,94,11,3,3,1,1,3,1398.07,10,3774.79,13-07-2024
2442,156,45,201,26,2,1,5,3,2241.67,20,5380.01,04-06-2024
2443,172,13,126,26,3,1,3,4,2731.73,20,8741.54,20-06-2024
2444,335,69,190,18,1,1,6,5,2328.42,20,9313.68,30-11-2024
2445,41,25,89,32,3,1,7,4,1728.67,30,4840.28,10-02-2024
2446,63,20,116,14,3,1,7,2,2463.82,30,3449.35,03-03-2024
2447,23,118,177,3,1,1,2,2,3528.14,20,5645.02,23-01-2024
2448,360,82,14,1,2,1,3,3,1039.81,20,2495.54,25-12-2024
2449,75,111,257,26,3,1,8,2,1237.94,20,1980.7,15-03-2024
2450,48,82,209,24,3,1,5,4,1039.81,20,3327.39,17-02-2024
2451,160,66,281,35,2,1,8,3,3160.42,20,7585.01,08-06-2024
2452,313,74,105,14,2,1,8,4,2478.51,20,7931.23,08-11-2024
2453,118,119,147,3,3,1,8,4,1071.78,20,3429.7,27-04-2024
2454,100,45,279,13,1,1,7,3,2241.67,30,4707.51,09-04-2024
2455,167,114,9,14,2,1,2,5,3197.77,20,12791.08,15-06-2024
2456,290,47,118,21,2,1,7,2,3939.17,30,5514.84,16-10-2024
2457,156,63,94,26,1,1,1,1,3101.45,10,2791.3,04-06-2024
2458,7,76,144,3,3,1,7,1,2081.35,30,1456.94,07-01-2024
2459,196,111,289,40,2,1,3,1,1237.94,20,990.35,14-07-2024
2460,56,77,14,4,3,1,7,2,1458.15,30,2041.41,25-02-2024
2461,321,114,257,36,3,1,7,5,3197.77,30,11192.2,16-11-2024
2462,193,111,186,43,3,1,8,4,1237.94,20,3961.41,11-07-2024
2463,47,55,207,1,1,1,6,3,2061.18,20,4946.83,16-02-2024
2464,148,75,172,40,3,1,1,5,3319.29,10,14936.8,27-05-2024
2465,275,19,270,33,3,1,5,1,4161.96,20,3329.57,01-10-2024
2466,157,35,221,7,2,1,5,2,4331.06,20,6929.7,05-06-2024
2467,202,103,152,11,2,1,3,2,1563.6,20,2501.76,20-07-2024
2468,126,53,111,27,1,1,5,3,1814.99,20,4355.98,05-05-2024
2469,305,26,183,14,1,1,4,4,2697.1,20,8630.72,31-10-2024
2470,294,110,72,22,2,1,6,5,1763.23,20,7052.92,20-10-2024
2471,64,14,283,16,2,1,3,5,3190.8,20,12763.2,04-03-2024
2472,325,118,74,12,1,1,7,5,3528.14,30,12348.49,20-11-2024
2473,176,45,215,10,3,1,4,4,2241.67,20,7173.34,24-06-2024
2474,116,44,23,24,1,1,5,4,2647.01,20,8470.43,25-04-2024
2475,204,88,68,18,3,1,7,4,4374.91,30,12249.75,22-07-2024
2476,321,105,93,22,2,1,3,3,2441.93,20,5860.63,16-11-2024
2477,31,65,63,9,2,1,8,2,918.67,20,1469.87,31-01-2024
2478,113,51,224,17,2,1,4,1,3316.12,20,2652.9,22-04-2024
2479,365,43,225,38,3,1,5,4,1866.51,20,5972.83,30-12-2024
2480,325,119,103,40,1,1,2,2,1071.78,20,1714.85,20-11-2024
2481,344,86,215,13,3,1,2,4,3880.33,20,12417.06,09-12-2024
2482,67,23,192,37,1,1,1,1,3308.13,10,2977.32,07-03-2024
2483,75,56,160,6,1,1,2,4,3955.21,20,12656.67,15-03-2024
2484,45,118,207,21,1,1,8,2,3528.14,20,5645.02,14-02-2024
2485,260,19,269,36,2,1,4,3,4161.96,20,9988.7,16-09-2024
2486,154,82,194,7,1,1,8,1,1039.81,20,831.85,02-06-2024
2487,155,76,152,36,2,1,6,2,2081.35,20,3330.16,03-06-2024
2488,363,55,237,25,1,1,2,5,2061.18,20,8244.72,28-12-2024
2489,234,92,88,11,1,1,3,5,2380.87,20,9523.48,21-08-2024
2490,51,92,11,44,2,1,3,5,2380.87,20,9523.48,20-02-2024
2491,306,60,187,14,2,1,3,3,1967.44,20,4721.86,01-11-2024
2492,262,59,214,45,3,1,2,4,2890.15,20,9248.48,18-09-2024
2493,315,33,15,29,1,1,7,4,4080.58,30,11425.62,10-11-2024
2494,125,19,266,10,2,1,8,4,4161.96,20,13318.27,04-05-2024
2495,245,28,297,5,3,1,2,3,3666.79,20,8800.3,01-09-2024
2496,30,52,73,8,3,1,1,5,2191.13,10,9860.09,30-01-2024
2497,122,49,52,5,2,1,6,4,1153.5,20,3691.2,01-05-2024
2498,125,37,128,24,1,1,7,3,2889.95,30,6068.89,04-05-2024
2499,37,26,28,40,3,1,6,3,2697.1,20,6473.04,06-02-2024
2500,170,99,65,26,1,1,7,2,2335.76,30,3270.06,18-06-2024
2501,124,98,17,6,1,1,7,4,1047.84,30,2933.95,03-05-2024
2502,357,99,138,16,3,1,5,5,2335.76,20,9343.04,22-12-2024
2503,35,40,229,36,2,1,1,1,1171.25,10,1054.12,04-02-2024
2504,87,80,254,12,1,1,4,3,3997.46,20,9593.9,27-03-2024
2505,134,38,210,11,2,1,3,2,2960.25,20,4736.4,13-05-2024
2506,196,77,294,3,3,1,2,1,1458.15,20,1166.52,14-07-2024
2507,274,87,231,44,1,1,5,3,1877.55,20,4506.12,30-09-2024
2508,201,54,241,37,2,1,5,2,1963.05,20,3140.88,19-07-2024
2509,285,22,70,6,2,1,7,4,3222.37,30,9022.64,11-10-2024
2510,77,16,104,19,1,1,2,2,3023.54,20,4837.66,17-03-2024
2511,59,28,204,18,2,1,1,3,3666.79,10,9900.33,28-02-2024
2512,126,112,53,16,2,1,5,4,1558.32,20,4986.62,05-05-2024
2513,109,35,54,23,3,1,6,5,4331.06,20,17324.24,18-04-2024
2514,224,60,276,43,3,1,1,2,1967.44,10,3541.39,11-08-2024
2515,278,45,31,37,2,1,2,1,2241.67,20,1793.34,04-10-2024
2516,68,46,135,9,2,1,7,4,2320.89,30,6498.49,08-03-2024
2517,69,72,58,3,1,1,1,4,999.42,10,3597.91,09-03-2024
2518,165,108,105,8,3,1,7,5,4194.77,30,14681.7,13-06-2024
2519,305,55,266,38,1,1,6,2,2061.18,20,3297.89,31-10-2024
2520,162,119,10,4,2,1,3,1,1071.78,20,857.42,10-06-2024
2521,365,86,253,12,1,1,7,5,3880.33,30,13581.16,30-12-2024
2522,342,85,295,44,2,1,7,2,2075.94,30,2906.32,07-12-2024
2523,309,26,156,31,3,1,8,1,2697.1,20,2157.68,04-11-2024
2524,343,104,158,25,3,1,2,1,1191.14,20,952.91,08-12-2024
2525,42,85,37,16,2,1,6,3,2075.94,20,4982.26,11-02-2024
2526,354,25,119,42,3,1,2,1,1728.67,20,1382.94,19-12-2024
2527,109,105,67,14,2,1,6,2,2441.93,20,3907.09,18-04-2024
2528,51,65,242,13,1,1,6,5,918.67,20,3674.68,20-02-2024
2529,250,6,299,41,2,1,5,5,2678.02,20,10712.08,06-09-2024
2530,341,23,213,7,1,1,5,3,3308.13,20,7939.51,06-12-2024
2531,21,115,101,12,2,1,5,2,2760.11,20,4416.18,21-01-2024
2532,300,64,56,37,3,1,3,1,1193.74,20,954.99,26-10-2024
2533,139,87,239,4,2,1,3,3,1877.55,20,4506.12,18-05-2024
2534,359,43,231,2,2,1,6,4,1866.51,20,5972.83,24-12-2024
2535,324,107,92,35,2,1,4,2,1109.5,20,1775.2,19-11-2024
2536,92,23,279,44,3,1,2,3,3308.13,20,7939.51,01-04-2024
2537,280,96,109,3,2,1,5,5,4390.33,20,17561.32,06-10-2024
2538,125,30,168,4,3,1,2,3,4480.38,20,10752.91,04-05-2024
2539,111,77,300,38,2,1,7,4,1458.15,30,4082.82,20-04-2024
2540,354,107,218,12,1,1,6,2,1109.5,20,1775.2,19-12-2024
2541,139,18,222,19,2,1,1,3,2652.27,10,7161.13,18-05-2024
2542,273,87,161,10,1,1,6,1,1877.55,20,1502.04,29-09-2024
2543,99,79,16,1,3,1,3,2,3920.16,20,6272.26,08-04-2024
2544,252,97,278,17,3,1,4,3,3472.54,20,8334.1,08-09-2024
2545,338,21,57,16,2,1,1,3,2160.28,10,5832.76,03-12-2024
2546,104,57,62,9,3,1,2,2,1391.84,20,2226.94,13-04-2024
2547,214,103,242,9,2,1,3,5,1563.6,20,6254.4,01-08-2024
2548,249,23,90,9,3,1,5,1,3308.13,20,2646.5,05-09-2024
2549,152,91,72,12,1,1,1,2,1599.77,10,2879.59,31-05-2024
2550,250,45,30,41,3,1,3,1,2241.67,20,1793.34,06-09-2024
2551,275,44,288,15,1,1,2,1,2647.01,20,2117.61,01-10-2024
2552,165,82,86,2,2,1,6,2,1039.81,20,1663.7,13-06-2024
2553,341,88,234,11,2,1,2,3,4374.91,20,10499.78,06-12-2024
2554,8,115,235,11,2,1,1,5,2760.11,10,12420.5,08-01-2024
2555,284,47,265,8,1,1,8,1,3939.17,20,3151.34,10-10-2024
2556,5,40,287,32,2,1,1,1,1171.25,10,1054.12,05-01-2024
2557,145,51,269,6,2,1,6,3,3316.12,20,7958.69,24-05-2024
2558,101,42,186,20,1,1,1,2,1587.28,10,2857.1,10-04-2024
2559,164,7,131,39,3,1,4,5,1543.76,20,6175.04,12-06-2024
2560,147,50,291,35,2,1,5,1,1652.11,20,1321.69,26-05-2024
2561,64,48,277,8,3,1,3,1,4248.06,20,3398.45,04-03-2024
2562,91,84,180,43,3,1,6,2,2833.5,20,4533.6,31-03-2024
2563,117,91,290,34,2,1,2,3,1599.77,20,3839.45,26-04-2024
2564,354,6,163,19,2,1,2,4,2678.02,20,8569.66,19-12-2024
2565,267,91,271,7,1,1,5,3,1599.77,20,3839.45,23-09-2024
2566,310,9,96,31,1,1,1,1,3579.01,10,3221.11,05-11-2024
2567,173,117,262,18,2,1,1,1,2468.42,10,2221.58,21-06-2024
2568,47,109,288,40,3,1,2,5,2492.47,20,9969.88,16-02-2024
2569,140,57,83,14,1,1,5,3,1391.84,20,3340.42,19-05-2024
2570,246,31,225,39,1,1,2,4,2591.8,20,8293.76,02-09-2024
2571,149,21,223,36,2,1,1,5,2160.28,10,9721.26,28-05-2024
2572,246,90,118,17,2,1,6,4,3931.28,20,12580.1,02-09-2024
2573,5,40,192,37,2,1,3,5,1171.25,20,4685,05-01-2024
2574,184,112,79,44,2,1,1,3,1558.32,10,4207.46,02-07-2024
2575,20,45,78,9,1,1,6,1,2241.67,20,1793.34,20-01-2024
2576,46,77,147,20,1,1,3,4,1458.15,20,4666.08,15-02-2024
2577,12,49,107,45,1,1,7,3,1153.5,30,2422.35,12-01-2024
2578,70,87,271,28,3,1,4,4,1877.55,20,6008.16,10-03-2024
2579,17,20,244,20,1,1,5,3,2463.82,20,5913.17,17-01-2024
2580,147,101,73,41,1,1,6,5,3578.55,20,14314.2,26-05-2024
2581,154,118,26,36,2,1,4,3,3528.14,20,8467.54,02-06-2024
2582,304,117,210,27,1,1,1,5,2468.42,10,11107.89,30-10-2024
2583,108,92,92,8,1,1,7,1,2380.87,30,1666.61,17-04-2024
2584,236,17,125,32,1,1,5,5,4424.01,20,17696.04,23-08-2024
2585,308,28,73,1,2,1,6,2,3666.79,20,5866.86,03-11-2024
2586,352,41,123,17,1,1,7,1,2000.51,30,1400.36,17-12-2024
2587,70,66,184,9,1,1,8,3,3160.42,20,7585.01,10-03-2024
2588,183,25,187,20,3,1,1,3,1728.67,10,4667.41,01-07-2024
2589,250,58,198,45,3,1,5,2,3452.08,20,5523.33,06-09-2024
2590,228,114,78,32,3,1,8,3,3197.77,20,7674.65,15-08-2024
2591,102,41,186,2,3,1,5,1,2000.51,20,1600.41,11-04-2024
2592,75,6,253,32,2,1,1,1,2678.02,10,2410.22,15-03-2024
2593,216,75,13,45,3,1,1,5,3319.29,10,14936.8,03-08-2024
2594,203,38,299,9,1,1,7,4,2960.25,30,8288.7,21-07-2024
2595,192,6,76,30,3,1,7,3,2678.02,30,5623.84,10-07-2024
2596,249,45,51,20,2,1,6,2,2241.67,20,3586.67,05-09-2024
2597,242,75,275,38,3,1,5,1,3319.29,20,2655.43,29-08-2024
2598,179,14,149,1,3,1,6,1,3190.8,20,2552.64,27-06-2024
2599,219,66,219,5,2,1,7,1,3160.42,30,2212.29,06-08-2024
2600,82,40,122,35,2,1,5,4,1171.25,20,3748,22-03-2024
2601,92,3,211,36,2,1,6,4,4480.05,20,14336.16,01-04-2024
2602,175,119,280,1,2,1,1,3,1071.78,10,2893.81,23-06-2024
2603,239,117,26,14,2,1,1,2,2468.42,10,4443.16,26-08-2024
2604,260,99,173,9,2,1,8,4,2335.76,20,7474.43,16-09-2024
2605,365,97,156,30,1,1,2,5,3472.54,20,13890.16,30-12-2024
2606,163,24,238,24,3,1,7,4,4011,30,11230.8,11-06-2024
2607,48,19,82,4,3,1,6,1,4161.96,20,3329.57,17-02-2024
2608,329,18,273,14,2,1,2,2,2652.27,20,4243.63,24-11-2024
2609,328,64,68,25,2,1,2,3,1193.74,20,2864.98,23-11-2024
2610,116,113,44,4,1,1,4,4,4264.61,20,13646.75,25-04-2024
2611,337,116,61,25,1,1,5,1,3265.6,20,2612.48,02-12-2024
2612,337,88,123,10,2,1,3,5,4374.91,20,17499.64,02-12-2024
2613,225,109,196,35,1,1,4,5,2492.47,20,9969.88,12-08-2024
2614,352,35,111,7,1,1,7,3,4331.06,30,9095.23,17-12-2024
2615,328,62,258,42,2,1,8,3,1822.34,20,4373.62,23-11-2024
2616,147,1,89,13,2,1,5,4,2648.21,20,8474.27,26-05-2024
2617,63,100,198,4,2,1,3,3,2460.67,20,5905.61,03-03-2024
2618,294,25,282,43,2,1,2,1,1728.67,20,1382.94,20-10-2024
2619,323,45,200,36,3,1,8,1,2241.67,20,1793.34,18-11-2024
2620,325,49,99,14,3,1,3,1,1153.5,20,922.8,20-11-2024
2621,13,107,27,18,2,1,1,4,1109.5,10,3994.2,13-01-2024
2622,189,98,89,8,1,1,7,4,1047.84,30,2933.95,07-07-2024
2623,287,89,146,32,2,1,8,3,2546.15,20,6110.76,13-10-2024
2624,208,16,182,27,3,1,1,4,3023.54,10,10884.74,26-07-2024
2625,114,98,257,42,1,1,6,1,1047.84,20,838.27,23-04-2024
2626,22,93,189,37,3,1,8,2,3418.24,20,5469.18,22-01-2024
2627,349,19,240,23,2,1,8,1,4161.96,20,3329.57,14-12-2024
2628,214,23,196,7,3,1,5,2,3308.13,20,5293.01,01-08-2024
2629,171,83,297,12,3,1,4,3,1991.76,20,4780.22,19-06-2024
2630,323,25,165,25,3,1,7,5,1728.67,30,6050.34,18-11-2024
2631,54,16,271,3,1,1,2,4,3023.54,20,9675.33,23-02-2024
2632,298,54,8,26,3,1,7,4,1963.05,30,5496.54,24-10-2024
2633,320,115,38,4,1,1,5,1,2760.11,20,2208.09,15-11-2024
2634,126,73,114,42,2,1,8,1,2983.91,20,2387.13,05-05-2024
2635,277,1,56,36,2,1,2,2,2648.21,20,4237.14,03-10-2024
2636,204,42,138,15,3,1,1,4,1587.28,10,5714.21,22-07-2024
2637,194,19,102,32,1,1,7,3,4161.96,30,8740.12,12-07-2024
2638,169,97,177,29,2,1,4,1,3472.54,20,2778.03,17-06-2024
2639,152,34,169,10,1,1,4,4,3591.79,20,11493.73,31-05-2024
2640,35,80,286,21,1,1,1,5,3997.46,10,17988.57,04-02-2024
2641,184,108,261,16,3,1,3,2,4194.77,20,6711.63,02-07-2024
2642,286,104,223,19,3,1,4,1,1191.14,20,952.91,12-10-2024
2643,57,55,199,29,1,1,3,1,2061.18,20,1648.94,26-02-2024
2644,222,18,211,18,1,1,2,3,2652.27,20,6365.45,09-08-2024
2645,303,34,287,44,3,1,4,1,3591.79,20,2873.43,29-10-2024
2646,163,89,180,16,1,1,6,4,2546.15,20,8147.68,11-06-2024
2647,19,45,250,1,3,1,8,4,2241.67,20,7173.34,19-01-2024
2648,264,6,231,2,1,1,1,4,2678.02,10,9640.87,20-09-2024
2649,282,21,23,15,3,1,8,5,2160.28,20,8641.12,08-10-2024
2650,113,70,48,39,1,1,8,5,1082.77,20,4331.08,22-04-2024
2651,327,96,109,28,3,1,7,1,4390.33,30,3073.23,22-11-2024
2652,30,105,296,1,1,1,3,5,2441.93,20,9767.72,30-01-2024
2653,135,48,6,5,2,1,6,5,4248.06,20,16992.24,14-05-2024
2654,67,107,38,42,2,1,2,3,1109.5,20,2662.8,07-03-2024
2655,65,39,169,22,1,1,2,5,4429.19,20,17716.76,05-03-2024
2656,292,31,283,36,2,1,4,2,2591.8,20,4146.88,18-10-2024
2657,25,106,203,13,1,1,4,2,3378.6,20,5405.76,25-01-2024
2658,37,10,273,1,1,1,6,2,3495.38,20,5592.61,06-02-2024
2659,1,30,244,16,2,1,5,1,4480.38,20,3584.3,01-01-2024
2660,37,116,47,41,1,1,5,4,3265.6,20,10449.92,06-02-2024
2661,141,18,249,22,3,1,4,3,2652.27,20,6365.45,20-05-2024
2662,232,60,79,32,1,1,5,1,1967.44,20,1573.95,19-08-2024
2663,136,88,110,16,1,1,1,4,4374.91,10,15749.68,15-05-2024
2664,188,116,13,15,2,1,6,3,3265.6,20,7837.44,06-07-2024
2665,128,73,90,42,3,1,1,3,2983.91,10,8056.56,07-05-2024
2666,201,95,280,12,1,1,5,3,1377.88,20,3306.91,19-07-2024
2667,127,15,221,1,1,1,4,2,1801.66,20,2882.66,06-05-2024
2668,257,4,73,17,1,1,8,2,1533.33,20,2453.33,13-09-2024
2669,164,63,234,41,1,1,8,2,3101.45,20,4962.32,12-06-2024
2670,35,40,260,28,1,1,1,3,1171.25,10,3162.38,04-02-2024
2671,194,9,113,7,1,1,2,3,3579.01,20,8589.62,12-07-2024
2672,191,109,46,9,3,1,7,2,2492.47,30,3489.46,09-07-2024
2673,104,9,274,22,3,1,8,3,3579.01,20,8589.62,13-04-2024
2674,23,26,43,26,1,1,8,2,2697.1,20,4315.36,23-01-2024
2675,265,4,208,12,1,1,4,2,1533.33,20,2453.33,21-09-2024
2676,290,81,103,7,2,1,6,2,1800.9,20,2881.44,16-10-2024
2677,260,16,124,15,3,1,3,4,3023.54,20,9675.33,16-09-2024
2678,358,15,10,38,3,1,3,3,1801.66,20,4323.98,23-12-2024
2679,75,99,187,21,1,1,4,1,2335.76,20,1868.61,15-03-2024
2680,355,52,31,14,3,1,5,2,2191.13,20,3505.81,20-12-2024
2681,72,69,156,2,3,1,8,1,2328.42,20,1862.74,12-03-2024
2682,259,119,60,8,2,1,8,4,1071.78,20,3429.7,15-09-2024
2683,188,5,249,45,2,1,1,3,965.07,10,2605.69,06-07-2024
2684,173,20,270,6,3,1,1,2,2463.82,10,4434.88,21-06-2024
2685,290,79,217,37,3,1,4,2,3920.16,20,6272.26,16-10-2024
2686,45,18,2,37,3,1,2,2,2652.27,20,4243.63,14-02-2024
2687,61,111,24,33,1,1,6,1,1237.94,20,990.35,01-03-2024
2688,83,2,206,41,2,1,5,4,2514.33,20,8045.86,23-03-2024
2689,123,93,199,6,1,1,8,3,3418.24,20,8203.78,02-05-2024
2690,358,13,114,26,2,1,2,4,2731.73,20,8741.54,23-12-2024
2691,16,4,280,39,2,1,4,2,1533.33,20,2453.33,16-01-2024
2692,66,42,155,41,2,1,4,4,1587.28,20,5079.3,06-03-2024
2693,145,109,165,37,3,1,8,1,2492.47,20,1993.98,24-05-2024
2694,162,74,222,14,2,1,2,5,2478.51,20,9914.04,10-06-2024
2695,234,61,91,37,1,1,3,5,2411.21,20,9644.84,21-08-2024
2696,144,95,167,8,2,1,4,3,1377.88,20,3306.91,23-05-2024
2697,358,105,207,39,1,1,6,3,2441.93,20,5860.63,23-12-2024
2698,188,8,282,13,2,1,7,4,2219.29,30,6214.01,06-07-2024
2699,322,67,65,13,2,1,5,3,1599.39,20,3838.54,17-11-2024
2700,13,112,4,40,3,1,2,1,1558.32,20,1246.66,13-01-2024
2701,184,63,157,43,1,1,3,2,3101.45,20,4962.32,02-07-2024
2702,111,110,249,28,2,1,2,2,1763.23,20,2821.17,20-04-2024
2703,290,9,257,18,2,1,3,4,3579.01,20,11452.83,16-10-2024
2704,295,94,235,19,1,1,3,2,1398.07,20,2236.91,21-10-2024
2705,215,117,74,38,2,1,6,4,2468.42,20,7898.94,02-08-2024
2706,120,11,187,32,3,1,5,3,2009.02,20,4821.65,29-04-2024
2707,55,99,62,22,1,1,4,3,2335.76,20,5605.82,24-02-2024
2708,27,101,164,2,3,1,3,1,3578.55,20,2862.84,27-01-2024
2709,118,42,56,13,1,1,4,2,1587.28,20,2539.65,27-04-2024
2710,221,13,111,23,1,1,5,1,2731.73,20,2185.38,08-08-2024
2711,231,36,218,25,1,1,4,5,2090.7,20,8362.8,18-08-2024
2712,53,120,240,28,2,1,8,1,2937.73,20,2350.18,22-02-2024
2713,295,13,21,11,1,1,6,4,2731.73,20,8741.54,21-10-2024
2714,321,12,141,33,1,1,6,4,2853.14,20,9130.05,16-11-2024
2715,233,37,265,24,1,1,1,1,2889.95,10,2600.96,20-08-2024
2716,158,74,139,2,3,1,6,3,2478.51,20,5948.42,06-06-2024
2717,269,120,70,30,1,1,3,5,2937.73,20,11750.92,25-09-2024
2718,21,73,118,17,2,1,5,1,2983.91,20,2387.13,21-01-2024
2719,53,52,198,40,1,1,6,3,2191.13,20,5258.71,22-02-2024
2720,275,71,205,34,1,1,2,1,4091.82,20,3273.46,01-10-2024
2721,313,2,214,38,3,1,5,2,2514.33,20,4022.93,08-11-2024
2722,281,118,56,22,2,1,3,4,3528.14,20,11290.05,07-10-2024
2723,214,56,287,5,2,1,5,2,3955.21,20,6328.34,01-08-2024
2724,31,60,293,40,2,1,6,2,1967.44,20,3147.9,31-01-2024
2725,337,23,175,16,1,1,2,5,3308.13,20,13232.52,02-12-2024
2726,183,103,128,13,1,1,1,3,1563.6,10,4221.72,01-07-2024
2727,23,40,292,26,2,1,3,4,1171.25,20,3748,23-01-2024
2728,32,64,288,31,2,1,7,2,1193.74,30,1671.24,01-02-2024
2729,74,103,226,39,3,1,8,4,1563.6,20,5003.52,14-03-2024
2730,10,85,64,23,2,1,3,3,2075.94,20,4982.26,10-01-2024
2731,54,23,48,12,1,1,5,1,3308.13,20,2646.5,23-02-2024
2732,52,29,202,14,1,1,7,2,1056.97,30,1479.76,21-02-2024
2733,148,78,60,18,1,1,7,3,4434.63,30,9312.72,27-05-2024
2734,160,90,257,27,3,1,4,4,3931.28,20,12580.1,08-06-2024
2735,14,51,65,28,2,1,7,3,3316.12,30,6963.85,14-01-2024
2736,178,69,239,18,1,1,4,1,2328.42,20,1862.74,26-06-2024
2737,53,119,289,16,3,1,8,3,1071.78,20,2572.27,22-02-2024
2738,335,95,38,16,3,1,7,4,1377.88,30,3858.06,30-11-2024
2739,22,89,25,13,1,1,2,2,2546.15,20,4073.84,22-01-2024
2740,30,31,59,29,3,1,1,2,2591.8,10,4665.24,30-01-2024
2741,191,50,297,9,3,1,1,5,1652.11,10,7434.5,09-07-2024
2742,260,20,158,26,1,1,7,4,2463.82,30,6898.7,16-09-2024
2743,205,108,57,28,3,1,5,5,4194.77,20,16779.08,23-07-2024
2744,59,55,48,41,1,1,5,5,2061.18,20,8244.72,28-02-2024
2745,264,81,56,13,1,1,4,1,1800.9,20,1440.72,20-09-2024
2746,12,109,65,36,3,1,6,4,2492.47,20,7975.9,12-01-2024
2747,119,2,268,9,1,1,1,2,2514.33,10,4525.79,28-04-2024
2748,290,25,69,14,1,1,6,4,1728.67,20,5531.74,16-10-2024
2749,338,13,216,12,2,1,1,1,2731.73,10,2458.56,03-12-2024
2750,248,103,89,32,1,1,6,4,1563.6,20,5003.52,04-09-2024
2751,354,92,281,38,2,1,6,4,2380.87,20,7618.78,19-12-2024
2752,127,106,257,3,2,1,1,5,3378.6,10,15203.7,06-05-2024
2753,75,119,160,16,2,1,8,4,1071.78,20,3429.7,15-03-2024
2754,361,70,234,20,2,1,2,5,1082.77,20,4331.08,26-12-2024
2755,204,67,131,32,3,1,2,5,1599.39,20,6397.56,22-07-2024
2756,49,58,49,23,3,1,5,3,3452.08,20,8284.99,18-02-2024
2757,79,99,147,17,1,1,6,1,2335.76,20,1868.61,19-03-2024
2758,241,82,2,16,1,1,6,5,1039.81,20,4159.24,28-08-2024
2759,349,75,145,38,1,1,8,4,3319.29,20,10621.73,14-12-2024
2760,154,118,61,8,3,1,6,5,3528.14,20,14112.56,02-06-2024
2761,274,84,273,19,2,1,8,5,2833.5,20,11334,30-09-2024
2762,96,64,49,30,3,1,6,5,1193.74,20,4774.96,05-04-2024
2763,214,69,131,34,3,1,6,2,2328.42,20,3725.47,01-08-2024
2764,294,83,43,14,1,1,8,2,1991.76,20,3186.82,20-10-2024
2765,209,86,57,22,1,1,4,2,3880.33,20,6208.53,27-07-2024
2766,343,59,50,44,1,1,3,2,2890.15,20,4624.24,08-12-2024
2767,88,60,178,17,2,1,6,3,1967.44,20,4721.86,28-03-2024
2768,306,83,293,15,2,1,4,5,1991.76,20,7967.04,01-11-2024
2769,264,111,46,32,3,1,2,3,1237.94,20,2971.06,20-09-2024
2770,325,62,170,13,2,1,6,4,1822.34,20,5831.49,20-11-2024
2771,320,16,271,21,1,1,2,1,3023.54,20,2418.83,15-11-2024
2772,157,88,139,40,2,1,5,3,4374.91,20,10499.78,05-06-2024
2773,156,105,247,33,2,1,3,2,2441.93,20,3907.09,04-06-2024
2774,139,68,148,27,2,1,1,2,1155.39,10,2079.7,18-05-2024
2775,121,15,230,35,2,1,3,4,1801.66,20,5765.31,30-04-2024
2776,65,89,280,16,1,1,6,5,2546.15,20,10184.6,05-03-2024
2777,107,108,125,28,1,1,6,1,4194.77,20,3355.82,16-04-2024
2778,147,55,192,34,3,1,8,3,2061.18,20,4946.83,26-05-2024
2779,137,35,80,1,3,1,3,5,4331.06,20,17324.24,16-05-2024
2780,162,55,94,41,3,1,3,5,2061.18,20,8244.72,10-06-2024
2781,100,14,226,31,2,1,5,3,3190.8,20,7657.92,09-04-2024
2782,338,49,65,36,2,1,7,3,1153.5,30,2422.35,03-12-2024
2783,307,83,88,44,1,1,2,3,1991.76,20,4780.22,02-11-2024
2784,141,102,88,33,3,1,8,3,1803.1,20,4327.44,20-05-2024
2785,83,100,201,33,1,1,1,2,2460.67,10,4429.21,23-03-2024
2786,177,7,214,39,3,1,8,5,1543.76,20,6175.04,25-06-2024
2787,198,30,204,18,3,1,7,5,4480.38,30,15681.33,16-07-2024
2788,112,83,89,23,3,1,3,2,1991.76,20,3186.82,21-04-2024
2789,56,49,61,23,2,1,1,5,1153.5,10,5190.75,25-02-2024
2790,179,89,271,15,3,1,3,3,2546.15,20,6110.76,27-06-2024
2791,186,16,94,26,3,1,8,1,3023.54,20,2418.83,04-07-2024
2792,218,111,27,30,2,1,2,5,1237.94,20,4951.76,05-08-2024
2793,316,118,214,25,3,1,1,1,3528.14,10,3175.33,11-11-2024
2794,217,104,74,45,2,1,7,1,1191.14,30,833.8,04-08-2024
2795,120,51,61,16,2,1,4,2,3316.12,20,5305.79,29-04-2024
2796,175,72,186,39,1,1,2,4,999.42,20,3198.14,23-06-2024
2797,23,82,31,45,2,1,7,5,1039.81,30,3639.33,23-01-2024
2798,213,92,219,14,2,1,1,2,2380.87,10,4285.57,31-07-2024
2799,235,80,12,17,2,1,3,2,3997.46,20,6395.94,22-08-2024
2800,13,116,32,12,3,1,7,1,3265.6,30,2285.92,13-01-2024
2801,101,83,160,29,1,1,3,5,1991.76,20,7967.04,10-04-2024
2802,24,42,237,32,3,1,2,2,1587.28,20,2539.65,24-01-2024
2803,364,17,227,24,2,1,2,3,4424.01,20,10617.62,29-12-2024
2804,11,63,181,13,2,1,7,2,3101.45,30,4342.03,11-01-2024
2805,273,45,46,20,1,1,3,3,2241.67,20,5380.01,29-09-2024
2806,281,77,80,15,1,1,1,4,1458.15,10,5249.34,07-10-2024
2807,94,7,135,4,2,1,7,3,1543.76,30,3241.9,03-04-2024
2808,201,27,260,34,2,1,4,3,2959.22,20,7102.13,19-07-2024
2809,21,10,247,28,3,1,8,1,3495.38,20,2796.3,21-01-2024
2810,340,34,159,2,2,1,5,2,3591.79,20,5746.86,05-12-2024
2811,211,36,203,30,3,1,2,4,2090.7,20,6690.24,29-07-2024
2812,140,25,112,26,1,1,3,2,1728.67,20,2765.87,19-05-2024
2813,293,6,292,26,3,1,1,3,2678.02,10,7230.65,19-10-2024
2814,298,24,119,20,2,1,2,3,4011,20,9626.4,24-10-2024
2815,101,18,17,42,3,1,1,2,2652.27,10,4774.09,10-04-2024
2816,304,87,227,28,3,1,2,4,1877.55,20,6008.16,30-10-2024
2817,359,6,117,20,1,1,3,4,2678.02,20,8569.66,24-12-2024
2818,28,29,43,11,3,1,1,1,1056.97,10,951.27,28-01-2024
2819,41,25,115,10,2,1,3,3,1728.67,20,4148.81,10-02-2024
2820,355,55,283,23,3,1,1,3,2061.18,10,5565.19,20-12-2024
2821,303,81,37,37,3,1,2,1,1800.9,20,1440.72,29-10-2024
2822,146,46,113,41,3,1,5,2,2320.89,20,3713.42,25-05-2024
2823,256,24,35,19,2,1,8,3,4011,20,9626.4,12-09-2024
2824,227,75,132,45,3,1,8,2,3319.29,20,5310.86,14-08-2024
2825,236,26,228,18,2,1,5,4,2697.1,20,8630.72,23-08-2024
2826,361,115,147,27,3,1,8,5,2760.11,20,11040.44,26-12-2024
2827,13,98,122,6,1,1,7,1,1047.84,30,733.49,13-01-2024
2828,210,28,81,10,1,1,4,3,3666.79,20,8800.3,28-07-2024
2829,229,3,173,2,1,1,4,1,4480.05,20,3584.04,16-08-2024
2830,100,75,154,24,2,1,7,4,3319.29,30,9294.01,09-04-2024
2831,31,38,150,38,2,1,7,4,2960.25,30,8288.7,31-01-2024
2832,16,61,58,28,2,1,6,4,2411.21,20,7715.87,16-01-2024
2833,137,78,63,28,3,1,3,4,4434.63,20,14190.82,16-05-2024
2834,329,51,156,45,2,1,1,5,3316.12,10,14922.54,24-11-2024
2835,166,90,168,39,2,1,4,2,3931.28,20,6290.05,14-06-2024
2836,310,48,166,2,2,1,2,2,4248.06,20,6796.9,05-11-2024
2837,100,21,85,5,2,1,7,5,2160.28,30,7560.98,09-04-2024
2838,109,54,137,11,1,1,8,2,1963.05,20,3140.88,18-04-2024
2839,343,56,189,10,3,1,5,4,3955.21,20,12656.67,08-12-2024
2840,173,103,2,43,1,1,1,2,1563.6,10,2814.48,21-06-2024
2841,237,94,106,2,3,1,6,1,1398.07,20,1118.46,24-08-2024
2842,162,59,72,15,3,1,5,2,2890.15,20,4624.24,10-06-2024
2843,216,72,126,39,1,1,8,1,999.42,20,799.54,03-08-2024
2844,264,51,170,41,2,1,7,3,3316.12,30,6963.85,20-09-2024
2845,263,20,205,37,1,1,1,1,2463.82,10,2217.44,19-09-2024
2846,292,112,195,7,3,1,7,1,1558.32,30,1090.82,18-10-2024
2847,274,96,158,20,3,1,4,4,4390.33,20,14049.06,30-09-2024
2848,3,86,141,34,2,1,4,4,3880.33,20,12417.06,03-01-2024
2849,28,59,275,35,1,1,3,4,2890.15,20,9248.48,28-01-2024
2850,326,71,7,34,3,1,8,1,4091.82,20,3273.46,21-11-2024
2851,149,9,54,22,1,1,6,5,3579.01,20,14316.04,28-05-2024
2852,28,109,104,31,2,1,1,4,2492.47,10,8972.89,28-01-2024
2853,310,1,61,23,2,1,6,4,2648.21,20,8474.27,05-11-2024
2854,65,29,87,19,3,1,2,1,1056.97,20,845.58,05-03-2024
2855,356,63,258,4,2,1,6,3,3101.45,20,7443.48,21-12-2024
2856,21,72,178,24,3,1,7,3,999.42,30,2098.78,21-01-2024
2857,252,56,242,20,3,1,7,2,3955.21,30,5537.29,08-09-2024
2858,235,118,203,39,2,1,4,3,3528.14,20,8467.54,22-08-2024
2859,227,68,31,28,2,1,3,4,1155.39,20,3697.25,14-08-2024
2860,13,35,289,39,1,1,8,5,4331.06,20,17324.24,13-01-2024
2861,313,3,80,17,1,1,7,2,4480.05,30,6272.07,08-11-2024
2862,49,118,11,19,3,1,4,5,3528.14,20,14112.56,18-02-2024
2863,118,109,254,35,1,1,5,5,2492.47,20,9969.88,27-04-2024
2864,54,104,287,32,3,1,4,4,1191.14,20,3811.65,23-02-2024
2865,138,7,176,39,2,1,1,1,1543.76,10,1389.38,17-05-2024
2866,53,27,126,35,2,1,8,1,2959.22,20,2367.38,22-02-2024
2867,44,1,47,30,1,1,3,1,2648.21,20,2118.57,13-02-2024
2868,303,91,206,17,3,1,7,3,1599.77,30,3359.52,29-10-2024
2869,53,80,107,42,3,1,1,1,3997.46,10,3597.71,22-02-2024
2870,74,102,275,29,1,1,2,4,1803.1,20,5769.92,14-03-2024
2871,46,71,123,6,3,1,2,3,4091.82,20,9820.37,15-02-2024
2872,13,44,134,17,3,1,4,1,2647.01,20,2117.61,13-01-2024
2873,165,87,107,17,2,1,3,5,1877.55,20,7510.2,13-06-2024
2874,102,41,50,14,3,1,6,4,2000.51,20,6401.63,11-04-2024
2875,280,75,95,24,3,1,3,4,3319.29,20,10621.73,06-10-2024
2876,258,42,268,37,3,1,3,2,1587.28,20,2539.65,14-09-2024
2877,337,117,23,40,1,1,3,4,2468.42,20,7898.94,02-12-2024
2878,356,33,54,39,1,1,4,5,4080.58,20,16322.32,21-12-2024
2879,138,50,254,32,1,1,1,4,1652.11,10,5947.6,17-05-2024
2880,163,63,235,36,3,1,4,2,3101.45,20,4962.32,11-06-2024
2881,111,100,59,37,3,1,6,4,2460.67,20,7874.14,20-04-2024
2882,102,37,164,14,1,1,1,4,2889.95,10,10403.82,11-04-2024
2883,17,105,259,27,1,1,6,2,2441.93,20,3907.09,17-01-2024
2884,268,59,216,19,3,1,5,4,2890.15,20,9248.48,24-09-2024
2885,182,81,183,31,3,1,5,3,1800.9,20,4322.16,30-06-2024
2886,24,99,57,9,2,1,8,4,2335.76,20,7474.43,24-01-2024
2887,29,48,145,38,1,1,7,1,4248.06,30,2973.64,29-01-2024
2888,171,5,90,17,3,1,7,1,965.07,30,675.55,19-06-2024
2889,228,48,45,19,1,1,1,3,4248.06,10,11469.76,15-08-2024
2890,188,96,257,44,1,1,4,4,4390.33,20,14049.06,06-07-2024
2891,346,3,21,4,1,1,6,5,4480.05,20,17920.2,11-12-2024
2892,230,116,21,11,2,1,6,4,3265.6,20,10449.92,17-08-2024
2893,321,47,52,22,3,1,7,1,3939.17,30,2757.42,16-11-2024
2894,340,62,171,4,3,1,7,2,1822.34,30,2551.28,05-12-2024
2895,119,99,67,17,1,1,2,3,2335.76,20,5605.82,28-04-2024
2896,156,116,113,8,3,1,6,2,3265.6,20,5224.96,04-06-2024
2897,272,14,300,34,2,1,4,5,3190.8,20,12763.2,28-09-2024
2898,175,63,160,11,1,1,2,4,3101.45,20,9924.64,23-06-2024
2899,104,112,266,31,2,1,4,5,1558.32,20,6233.28,13-04-2024
2900,92,61,232,11,2,1,3,2,2411.21,20,3857.94,01-04-2024
2901,186,31,68,38,3,1,6,4,2591.8,20,8293.76,04-07-2024
2902,283,95,28,21,3,1,3,5,1377.88,20,5511.52,09-10-2024
2903,181,17,116,30,2,1,5,1,4424.01,20,3539.21,29-06-2024
2904,170,24,51,10,3,1,5,1,4011,20,3208.8,18-06-2024
2905,187,116,181,26,2,1,1,3,3265.6,10,8817.12,05-07-2024
2906,175,23,260,27,2,1,6,1,3308.13,20,2646.5,23-06-2024
2907,222,82,79,8,1,1,7,1,1039.81,30,727.87,09-08-2024
2908,233,50,273,39,2,1,2,2,1652.11,20,2643.38,20-08-2024
2909,162,118,108,8,2,1,3,1,3528.14,20,2822.51,10-06-2024
2910,134,78,74,8,3,1,4,1,4434.63,20,3547.7,13-05-2024
2911,224,114,175,34,1,1,6,2,3197.77,20,5116.43,11-08-2024
2912,153,79,184,16,3,1,1,1,3920.16,10,3528.14,01-06-2024
2913,33,79,23,41,1,1,4,1,3920.16,20,3136.13,02-02-2024
2914,55,70,274,13,3,1,3,3,1082.77,20,2598.65,24-02-2024
2915,7,27,129,23,2,1,6,1,2959.22,20,2367.38,07-01-2024
2916,244,15,291,12,1,1,7,1,1801.66,30,1261.16,31-08-2024
2917,313,50,186,27,1,1,3,3,1652.11,20,3965.06,08-11-2024
2918,126,36,59,22,1,1,6,2,2090.7,20,3345.12,05-05-2024
2919,12,119,1,32,1,1,6,1,1071.78,20,857.42,12-01-2024
2920,16,8,131,27,3,1,3,5,2219.29,20,8877.16,16-01-2024
2921,208,79,67,2,3,1,3,2,3920.16,20,6272.26,26-07-2024
2922,43,3,293,45,1,1,4,2,4480.05,20,7168.08,12-02-2024
2923,135,62,285,33,1,1,1,1,1822.34,10,1640.11,14-05-2024
2924,228,47,89,26,1,1,3,3,3939.17,20,9454.01,15-08-2024
2925,111,77,100,28,3,1,5,2,1458.15,20,2333.04,20-04-2024
2926,307,105,189,19,1,1,8,3,2441.93,20,5860.63,02-11-2024
2927,160,98,241,43,1,1,1,5,1047.84,10,4715.28,08-06-2024
2928,331,88,270,5,1,1,5,3,4374.91,20,10499.78,26-11-2024
2929,264,104,219,33,3,1,4,4,1191.14,20,3811.65,20-09-2024
2930,225,96,176,20,2,1,3,3,4390.33,20,10536.79,12-08-2024
2931,217,61,233,30,2,1,1,2,2411.21,10,4340.18,04-08-2024
2932,45,32,151,45,3,1,7,3,1906.42,30,4003.48,14-02-2024
2933,214,94,277,8,2,1,3,3,1398.07,20,3355.37,01-08-2024
2934,59,116,229,38,1,1,6,4,3265.6,20,10449.92,28-02-2024
2935,132,113,171,17,1,1,3,4,4264.61,20,13646.75,11-05-2024
2936,104,13,223,44,3,1,7,1,2731.73,30,1912.21,13-04-2024
2937,195,1,213,1,3,1,1,2,2648.21,10,4766.78,13-07-2024
2938,157,34,282,3,2,1,3,1,3591.79,20,2873.43,05-06-2024
2939,98,62,41,26,2,1,3,4,1822.34,20,5831.49,07-04-2024
2940,226,79,122,31,1,1,2,3,3920.16,20,9408.38,13-08-2024
2941,205,108,227,8,3,1,2,4,4194.77,20,13423.26,23-07-2024
2942,79,78,294,43,2,1,1,5,4434.63,10,19955.84,19-03-2024
2943,124,93,88,8,2,1,1,3,3418.24,10,9229.25,03-05-2024
2944,218,98,267,35,1,1,6,1,1047.84,20,838.27,05-08-2024
2945,4,82,29,39,1,1,6,3,1039.81,20,2495.54,04-01-2024
2946,90,118,247,28,1,1,8,5,3528.14,20,14112.56,30-03-2024
2947,104,71,244,4,1,1,3,4,4091.82,20,13093.82,13-04-2024
2948,119,93,61,16,2,1,5,2,3418.24,20,5469.18,28-04-2024
2949,133,119,147,13,3,1,1,2,1071.78,10,1929.2,12-05-2024
2950,312,31,174,20,3,1,7,2,2591.8,30,3628.52,07-11-2024
2951,96,64,278,5,1,1,3,4,1193.74,20,3819.97,05-04-2024
2952,331,25,142,37,1,1,5,2,1728.67,20,2765.87,26-11-2024
2953,143,38,44,20,2,1,2,5,2960.25,20,11841,22-05-2024
2954,288,14,144,24,1,1,6,4,3190.8,20,10210.56,14-10-2024
2955,28,8,55,36,3,1,7,2,2219.29,30,3107.01,28-01-2024
2956,278,91,161,34,1,1,1,1,1599.77,10,1439.79,04-10-2024
2957,233,54,285,45,3,1,3,4,1963.05,20,6281.76,20-08-2024
2958,17,2,198,34,1,1,2,4,2514.33,20,8045.86,17-01-2024
2959,59,81,159,19,1,1,8,3,1800.9,20,4322.16,28-02-2024
2960,90,101,80,17,3,1,4,2,3578.55,20,5725.68,30-03-2024
2961,199,78,31,5,2,1,2,1,4434.63,20,3547.7,17-07-2024
2962,362,89,112,25,2,1,3,5,2546.15,20,10184.6,27-12-2024
2963,26,56,46,18,1,1,8,4,3955.21,20,12656.67,26-01-2024
2964,25,94,205,8,1,1,6,5,1398.07,20,5592.28,25-01-2024
2965,301,93,52,27,3,1,5,5,3418.24,20,13672.96,27-10-2024
2966,339,84,138,15,3,1,7,5,2833.5,30,9917.25,04-12-2024
2967,267,85,74,45,1,1,7,3,2075.94,30,4359.47,23-09-2024
2968,181,61,41,13,3,1,4,5,2411.21,20,9644.84,29-06-2024
2969,360,117,77,16,2,1,7,2,2468.42,30,3455.79,25-12-2024
2970,68,22,187,22,2,1,4,2,3222.37,20,5155.79,08-03-2024
2971,351,35,52,20,3,1,8,1,4331.06,20,3464.85,16-12-2024
2972,321,101,87,13,3,1,6,1,3578.55,20,2862.84,16-11-2024
2973,49,16,109,20,3,1,4,5,3023.54,20,12094.16,18-02-2024
2974,175,50,225,2,2,1,1,5,1652.11,10,7434.5,23-06-2024
2975,52,113,248,35,1,1,3,3,4264.61,20,10235.06,21-02-2024
2976,102,43,69,19,3,1,8,5,1866.51,20,7466.04,11-04-2024
2977,216,17,120,45,3,1,7,5,4424.01,30,15484.04,03-08-2024
2978,188,80,67,37,3,1,4,5,3997.46,20,15989.84,06-07-2024
2979,57,58,61,6,1,1,2,4,3452.08,20,11046.66,26-02-2024
2980,47,119,191,14,3,1,5,4,1071.78,20,3429.7,16-02-2024
2981,159,2,189,4,3,1,3,3,2514.33,20,6034.39,07-06-2024
2982,174,4,151,22,2,1,6,3,1533.33,20,3679.99,22-06-2024
2983,242,85,286,39,3,1,7,2,2075.94,30,2906.32,29-08-2024
2984,282,39,96,36,2,1,2,3,4429.19,20,10630.06,08-10-2024
2985,241,98,263,34,1,1,1,2,1047.84,10,1886.11,28-08-2024
2986,5,94,97,27,3,1,4,5,1398.07,20,5592.28,05-01-2024
2987,84,6,113,7,3,1,2,3,2678.02,20,6427.25,24-03-2024
2988,308,81,125,3,2,1,3,3,1800.9,20,4322.16,03-11-2024
2989,361,103,132,33,1,1,7,3,1563.6,30,3283.56,26-12-2024
2990,248,89,121,2,1,1,2,2,2546.15,20,4073.84,04-09-2024
2991,54,69,197,42,2,1,1,2,2328.42,10,4191.16,23-02-2024
2992,161,69,294,16,1,1,5,1,2328.42,20,1862.74,09-06-2024
2993,226,20,122,25,1,1,8,2,2463.82,20,3942.11,13-08-2024
2994,15,64,282,15,1,1,4,2,1193.74,20,1909.98,15-01-2024
2995,224,16,260,24,1,1,3,4,3023.54,20,9675.33,11-08-2024
2996,61,51,39,15,1,1,7,3,3316.12,30,6963.85,01-03-2024
2997,122,105,54,31,1,1,8,2,2441.93,20,3907.09,01-05-2024
2998,277,37,161,14,1,1,4,3,2889.95,20,6935.88,03-10-2024
2999,46,104,289,14,1,1,4,3,1191.14,20,2858.74,15-02-2024
3000,294,73,200,6,3,1,6,4,2983.91,20,9548.51,20-10-2024
3001,62,69,276,14,2,1,4,3,2328.42,20,5588.21,02-03-2024
3002,86,42,16,17,1,1,2,2,1587.28,20,2539.65,26-03-2024
3003,210,57,173,18,2,1,2,3,1391.84,20,3340.42,28-07-2024
3004,78,66,248,20,1,1,8,1,3160.42,20,2528.34,18-03-2024
3005,202,9,218,17,1,1,5,1,3579.01,20,2863.21,20-07-2024
3006,302,107,87,16,3,1,1,4,1109.5,10,3994.2,28-10-2024
3007,223,100,82,40,2,1,7,2,2460.67,30,3444.94,10-08-2024
3008,222,86,62,39,2,1,8,4,3880.33,20,12417.06,09-08-2024
3009,3,64,287,32,3,1,7,1,1193.74,30,835.62,03-01-2024
3010,6,86,42,44,3,1,8,2,3880.33,20,6208.53,06-01-2024
3011,93,22,12,9,2,1,3,3,3222.37,20,7733.69,02-04-2024
3012,8,34,234,27,1,1,2,2,3591.79,20,5746.86,08-01-2024
3013,235,55,131,33,1,1,4,5,2061.18,20,8244.72,22-08-2024
3014,108,29,115,10,2,1,1,2,1056.97,10,1902.55,17-04-2024
3015,161,38,218,17,1,1,8,3,2960.25,20,7104.6,09-06-2024
3016,209,110,137,36,3,1,3,5,1763.23,20,7052.92,27-07-2024
3017,240,97,106,17,3,1,7,4,3472.54,30,9723.11,27-08-2024
3018,331,18,179,18,3,1,3,2,2652.27,20,4243.63,26-11-2024
3019,333,71,16,23,2,1,3,4,4091.82,20,13093.82,28-11-2024
3020,50,65,242,34,2,1,7,2,918.67,30,1286.14,19-02-2024
3021,11,97,226,8,2,1,3,1,3472.54,20,2778.03,11-01-2024
3022,351,1,242,13,1,1,5,1,2648.21,20,2118.57,16-12-2024
3023,156,88,141,23,2,1,3,3,4374.91,20,10499.78,04-06-2024
3024,70,4,199,20,2,1,1,1,1533.33,10,1380,10-03-2024
3025,169,4,112,22,3,1,8,5,1533.33,20,6133.32,17-06-2024
3026,272,82,127,23,1,1,2,5,1039.81,20,4159.24,28-09-2024
3027,68,27,21,41,1,1,1,2,2959.22,10,5326.6,08-03-2024
3028,355,43,147,35,3,1,4,4,1866.51,20,5972.83,20-12-2024
3029,252,59,89,3,1,1,6,5,2890.15,20,11560.6,08-09-2024
3030,48,32,203,34,2,1,5,2,1906.42,20,3050.27,17-02-2024
3031,184,33,85,33,1,1,5,4,4080.58,20,13057.86,02-07-2024
3032,320,28,167,17,3,1,4,1,3666.79,20,2933.43,15-11-2024
3033,187,106,72,45,1,1,7,2,3378.6,30,4730.04,05-07-2024
3034,90,105,298,19,3,1,1,4,2441.93,10,8790.95,30-03-2024
3035,332,55,9,30,2,1,1,3,2061.18,10,5565.19,27-11-2024
3036,139,100,281,23,2,1,4,3,2460.67,20,5905.61,18-05-2024
3037,357,60,258,15,3,1,7,5,1967.44,30,6886.04,22-12-2024
3038,89,70,275,14,2,1,6,4,1082.77,20,3464.86,29-03-2024
3039,274,62,238,2,2,1,3,3,1822.34,20,4373.62,30-09-2024
3040,19,80,20,39,1,1,7,5,3997.46,30,13991.11,19-01-2024
3041,311,34,233,18,2,1,8,2,3591.79,20,5746.86,06-11-2024
3042,358,87,221,6,3,1,3,2,1877.55,20,3004.08,23-12-2024
3043,154,114,17,32,2,1,8,4,3197.77,20,10232.86,02-06-2024
3044,260,106,89,21,1,1,2,4,3378.6,20,10811.52,16-09-2024
3045,108,88,196,40,3,1,1,4,4374.91,10,15749.68,17-04-2024
3046,285,56,84,28,2,1,1,4,3955.21,10,14238.76,11-10-2024
3047,59,113,87,27,2,1,4,3,4264.61,20,10235.06,28-02-2024
3048,125,13,154,2,2,1,4,3,2731.73,20,6556.15,04-05-2024
3049,354,56,228,33,3,1,3,5,3955.21,20,15820.84,19-12-2024
3050,273,18,264,16,1,1,7,3,2652.27,30,5569.77,29-09-2024
3051,107,54,223,39,3,1,1,2,1963.05,10,3533.49,16-04-2024
3052,299,77,121,22,3,1,1,5,1458.15,10,6561.68,25-10-2024
3053,245,113,173,43,1,1,5,3,4264.61,20,10235.06,01-09-2024
3054,336,101,4,13,3,1,8,4,3578.55,20,11451.36,01-12-2024
3055,247,43,128,2,3,1,2,3,1866.51,20,4479.62,03-09-2024
3056,8,39,110,14,2,1,2,1,4429.19,20,3543.35,08-01-2024
3057,141,61,37,38,3,1,8,5,2411.21,20,9644.84,20-05-2024
3058,362,42,71,41,2,1,3,3,1587.28,20,3809.47,27-12-2024
3059,8,81,289,28,3,1,6,3,1800.9,20,4322.16,08-01-2024
3060,352,79,31,7,2,1,7,2,3920.16,30,5488.22,17-12-2024
3061,94,18,268,18,2,1,1,4,2652.27,10,9548.17,03-04-2024
3062,321,23,11,41,2,1,5,4,3308.13,20,10586.02,16-11-2024
3063,39,54,32,36,1,1,7,2,1963.05,30,2748.27,08-02-2024
3064,81,115,57,41,3,1,1,2,2760.11,10,4968.2,21-03-2024
3065,187,30,166,36,3,1,4,1,4480.38,20,3584.3,05-07-2024
3066,84,98,188,44,3,1,7,5,1047.84,30,3667.44,24-03-2024
3067,88,58,19,4,1,1,3,4,3452.08,20,11046.66,28-03-2024
3068,242,68,116,30,2,1,7,2,1155.39,30,1617.55,29-08-2024
3069,342,67,184,24,3,1,6,2,1599.39,20,2559.02,07-12-2024
3070,93,71,270,20,1,1,7,5,4091.82,30,14321.37,02-04-2024
3071,86,120,33,31,1,1,7,2,2937.73,30,4112.82,26-03-2024
3072,44,18,10,24,3,1,7,1,2652.27,30,1856.59,13-02-2024
3073,137,106,80,7,2,1,2,5,3378.6,20,13514.4,16-05-2024
3074,74,7,192,26,1,1,1,1,1543.76,10,1389.38,14-03-2024
3075,36,40,190,13,3,1,6,3,1171.25,20,2811,05-02-2024
3076,101,70,68,8,2,1,8,4,1082.77,20,3464.86,10-04-2024
3077,156,86,125,5,1,1,3,2,3880.33,20,6208.53,04-06-2024
3078,255,65,59,44,1,1,8,5,918.67,20,3674.68,11-09-2024
3079,171,68,97,13,3,1,2,1,1155.39,20,924.31,19-06-2024
3080,216,110,275,29,3,1,1,4,1763.23,10,6347.63,03-08-2024
3081,170,49,149,20,2,1,5,4,1153.5,20,3691.2,18-06-2024
3082,252,52,278,14,3,1,3,2,2191.13,20,3505.81,08-09-2024
3083,360,114,265,32,3,1,1,4,3197.77,10,11511.97,25-12-2024
3084,322,107,9,27,2,1,2,2,1109.5,20,1775.2,17-11-2024
3085,55,29,283,25,3,1,2,3,1056.97,20,2536.73,24-02-2024
3086,91,21,273,4,2,1,5,2,2160.28,20,3456.45,31-03-2024
3087,278,90,8,21,2,1,3,1,3931.28,20,3145.02,04-10-2024
3088,101,78,208,18,2,1,3,4,4434.63,20,14190.82,10-04-2024
3089,155,9,125,39,3,1,6,4,3579.01,20,11452.83,03-06-2024
3090,349,47,123,15,2,1,1,4,3939.17,10,14181.01,14-12-2024
3091,364,76,33,38,3,1,6,2,2081.35,20,3330.16,29-12-2024
3092,141,42,1,24,2,1,2,5,1587.28,20,6349.12,20-05-2024
3093,173,51,204,8,3,1,8,2,3316.12,20,5305.79,21-06-2024
3094,10,56,6,28,2,1,2,1,3955.21,20,3164.17,10-01-2024
3095,228,51,297,21,1,1,7,2,3316.12,30,4642.57,15-08-2024
3096,265,70,5,16,1,1,5,4,1082.77,20,3464.86,21-09-2024
3097,248,20,80,16,1,1,5,3,2463.82,20,5913.17,04-09-2024
3098,247,88,274,35,2,1,8,1,4374.91,20,3499.93,03-09-2024
3099,155,27,177,17,3,1,8,3,2959.22,20,7102.13,03-06-2024
3100,34,38,136,9,2,1,3,1,2960.25,20,2368.2,03-02-2024
3101,129,72,25,35,2,1,8,1,999.42,20,799.54,08-05-2024
3102,160,65,183,29,2,1,6,4,918.67,20,2939.74,08-06-2024
3103,89,54,168,39,2,1,2,2,1963.05,20,3140.88,29-03-2024
3104,93,113,178,18,3,1,7,4,4264.61,30,11940.91,02-04-2024
3105,327,113,95,12,2,1,1,4,4264.61,10,15352.6,22-11-2024
3106,241,24,33,19,1,1,7,4,4011,30,11230.8,28-08-2024
3107,323,47,111,22,1,1,4,3,3939.17,20,9454.01,18-11-2024
3108,117,71,146,15,1,1,1,1,4091.82,10,3682.64,26-04-2024
3109,94,83,231,1,2,1,5,5,1991.76,20,7967.04,03-04-2024
3110,163,86,272,2,3,1,1,2,3880.33,10,6984.59,11-06-2024
3111,99,63,38,8,3,1,8,4,3101.45,20,9924.64,08-04-2024
3112,113,57,135,22,3,1,2,1,1391.84,20,1113.47,22-04-2024
3113,359,55,235,25,2,1,6,2,2061.18,20,3297.89,24-12-2024
3114,91,60,160,2,3,1,8,5,1967.44,20,7869.76,31-03-2024
3115,346,99,38,9,1,1,8,5,2335.76,20,9343.04,11-12-2024
3116,206,62,150,9,3,1,7,4,1822.34,30,5102.55,24-07-2024
3117,17,30,29,13,2,1,3,5,4480.38,20,17921.52,17-01-2024
3118,274,93,144,6,2,1,6,5,3418.24,20,13672.96,30-09-2024
3119,173,22,76,30,3,1,4,2,3222.37,20,5155.79,21-06-2024
3120,116,75,145,15,2,1,3,2,3319.29,20,5310.86,25-04-2024
3121,349,84,229,15,3,1,4,4,2833.5,20,9067.2,14-12-2024
3122,181,29,64,7,3,1,4,1,1056.97,20,845.58,29-06-2024
3123,91,115,269,11,1,1,2,4,2760.11,20,8832.35,31-03-2024
3124,82,41,184,40,2,1,2,3,2000.51,20,4801.22,22-03-2024
3125,324,42,261,38,1,1,8,5,1587.28,20,6349.12,19-11-2024
3126,114,98,268,40,2,1,5,1,1047.84,20,838.27,23-04-2024
3127,257,65,169,2,3,1,5,2,918.67,20,1469.87,13-09-2024
3128,58,31,259,39,2,1,4,3,2591.8,20,6220.32,27-02-2024
3129,154,30,227,10,3,1,6,3,4480.38,20,10752.91,02-06-2024
3130,365,112,33,44,2,1,5,5,1558.32,20,6233.28,30-12-2024
3131,116,18,214,17,1,1,2,2,2652.27,20,4243.63,25-04-2024
3132,343,119,50,7,1,1,5,1,1071.78,20,857.42,08-12-2024
3133,266,17,210,40,3,1,4,2,4424.01,20,7078.42,22-09-2024
3134,315,38,29,39,1,1,7,5,2960.25,30,10360.88,10-11-2024
3135,203,14,39,4,3,1,3,3,3190.8,20,7657.92,21-07-2024
3136,41,87,100,35,3,1,6,5,1877.55,20,7510.2,10-02-2024
3137,105,89,173,36,3,1,6,4,2546.15,20,8147.68,14-04-2024
3138,193,79,17,31,2,1,1,3,3920.16,10,10584.43,11-07-2024
3139,278,110,56,25,3,1,8,5,1763.23,20,7052.92,04-10-2024
3140,354,56,226,41,1,1,5,1,3955.21,20,3164.17,19-12-2024
3141,237,22,46,13,2,1,8,1,3222.37,20,2577.9,24-08-2024
3142,221,67,67,18,1,1,8,1,1599.39,20,1279.51,08-08-2024
3143,68,56,197,21,3,1,6,4,3955.21,20,12656.67,08-03-2024
3144,197,119,142,1,3,1,7,2,1071.78,30,1500.49,15-07-2024
3145,256,19,23,36,1,1,7,1,4161.96,30,2913.37,12-09-2024
3146,139,57,94,8,2,1,2,4,1391.84,20,4453.89,18-05-2024
3147,312,44,242,21,1,1,3,1,2647.01,20,2117.61,07-11-2024
3148,149,98,237,43,3,1,2,4,1047.84,20,3353.09,28-05-2024
3149,99,35,54,21,2,1,5,1,4331.06,20,3464.85,08-04-2024
3150,76,114,138,27,3,1,4,2,3197.77,20,5116.43,16-03-2024
3151,282,1,272,19,3,1,7,5,2648.21,30,9268.73,08-10-2024
3152,109,52,41,23,1,1,7,1,2191.13,30,1533.79,18-04-2024
3153,188,85,98,43,3,1,1,5,2075.94,10,9341.73,06-07-2024
3154,199,93,183,35,1,1,1,1,3418.24,10,3076.42,17-07-2024
3155,303,70,128,40,2,1,7,2,1082.77,30,1515.88,29-10-2024
3156,327,37,229,42,3,1,3,5,2889.95,20,11559.8,22-11-2024
3157,154,65,86,5,3,1,6,4,918.67,20,2939.74,02-06-2024
3158,40,51,256,41,2,1,6,1,3316.12,20,2652.9,09-02-2024
3159,133,1,209,8,1,1,7,1,2648.21,30,1853.75,12-05-2024
3160,132,91,215,11,3,1,6,4,1599.77,20,5119.26,11-05-2024
3161,279,21,100,16,2,1,1,2,2160.28,10,3888.5,05-10-2024
3162,362,53,49,39,3,1,4,3,1814.99,20,4355.98,27-12-2024
3163,84,16,201,24,1,1,6,1,3023.54,20,2418.83,24-03-2024
3164,242,108,258,21,1,1,8,4,4194.77,20,13423.26,29-08-2024
3165,116,61,178,23,1,1,2,3,2411.21,20,5786.9,25-04-2024
3166,109,54,245,38,1,1,7,1,1963.05,30,1374.14,18-04-2024
3167,221,40,123,8,2,1,6,5,1171.25,20,4685,08-08-2024
3168,41,26,171,7,3,1,8,4,2697.1,20,8630.72,10-02-2024
3169,147,80,136,2,2,1,4,5,3997.46,20,15989.84,26-05-2024
3170,112,92,59,30,1,1,7,2,2380.87,30,3333.22,21-04-2024
3171,103,65,193,13,1,1,8,3,918.67,20,2204.81,12-04-2024
3172,46,100,268,23,1,1,3,4,2460.67,20,7874.14,15-02-2024
3173,324,74,260,29,1,1,3,1,2478.51,20,1982.81,19-11-2024
3174,271,64,95,38,3,1,8,1,1193.74,20,954.99,27-09-2024
3175,195,43,125,37,1,1,1,3,1866.51,10,5039.58,13-07-2024
3176,280,17,41,20,3,1,4,5,4424.01,20,17696.04,06-10-2024
3177,283,59,254,33,1,1,8,5,2890.15,20,11560.6,09-10-2024
3178,40,23,7,29,3,1,2,4,3308.13,20,10586.02,09-02-2024
3179,189,7,216,15,3,1,4,4,1543.76,20,4940.03,07-07-2024
3180,164,44,69,23,1,1,2,5,2647.01,20,10588.04,12-06-2024
3181,24,53,69,42,2,1,2,4,1814.99,20,5807.97,24-01-2024
3182,24,71,81,3,2,1,4,5,4091.82,20,16367.28,24-01-2024
3183,4,108,30,37,2,1,7,3,4194.77,30,8809.02,04-01-2024
3184,323,79,73,29,2,1,5,4,3920.16,20,12544.51,18-11-2024
3185,290,34,262,45,2,1,4,5,3591.79,20,14367.16,16-10-2024
3186,181,46,89,8,1,1,8,4,2320.89,20,7426.85,29-06-2024
3187,248,109,208,22,1,1,7,1,2492.47,30,1744.73,04-09-2024
3188,116,68,213,29,1,1,2,1,1155.39,20,924.31,25-04-2024
3189,279,78,266,2,1,1,7,2,4434.63,30,6208.48,05-10-2024
3190,365,78,293,41,1,1,7,5,4434.63,30,15521.2,30-12-2024
3191,69,16,207,45,1,1,6,2,3023.54,20,4837.66,09-03-2024
3192,351,71,77,1,3,1,8,5,4091.82,20,16367.28,16-12-2024
3193,254,96,288,44,3,1,3,4,4390.33,20,14049.06,10-09-2024
3194,181,19,47,20,1,1,3,5,4161.96,20,16647.84,29-06-2024
3195,318,2,110,21,1,1,8,1,2514.33,20,2011.46,13-11-2024
3196,169,10,200,37,3,1,8,4,3495.38,20,11185.22,17-06-2024
3197,313,50,210,8,3,1,1,1,1652.11,10,1486.9,08-11-2024
3198,249,81,154,27,1,1,3,4,1800.9,20,5762.88,05-09-2024
3199,188,101,10,35,3,1,5,5,3578.55,20,14314.2,06-07-2024
3200,54,12,157,6,2,1,2,5,2853.14,20,11412.56,23-02-2024
3201,326,70,261,45,2,1,4,1,1082.77,20,866.22,21-11-2024
3202,357,22,77,44,2,1,4,3,3222.37,20,7733.69,22-12-2024
3203,313,32,257,19,3,1,5,5,1906.42,20,7625.68,08-11-2024
3204,138,105,131,18,1,1,3,3,2441.93,20,5860.63,17-05-2024
3205,168,84,67,1,1,1,2,4,2833.5,20,9067.2,16-06-2024
3206,103,1,228,25,1,1,3,3,2648.21,20,6355.7,12-04-2024
3207,85,54,163,27,3,1,7,1,1963.05,30,1374.14,25-03-2024
3208,317,111,15,7,3,1,1,2,1237.94,10,2228.29,12-11-2024
3209,212,117,232,44,2,1,3,2,2468.42,20,3949.47,30-07-2024
3210,3,58,195,42,3,1,1,1,3452.08,10,3106.87,03-01-2024
3211,179,70,30,29,2,1,8,2,1082.77,20,1732.43,27-06-2024
3212,342,83,296,31,2,1,8,1,1991.76,20,1593.41,07-12-2024
3213,303,18,220,44,1,1,4,5,2652.27,20,10609.08,29-10-2024
3214,332,6,147,43,3,1,2,3,2678.02,20,6427.25,27-11-2024
3215,38,45,259,36,1,1,6,2,2241.67,20,3586.67,07-02-2024
3216,239,97,292,19,1,1,7,5,3472.54,30,12153.89,26-08-2024
3217,169,23,299,6,3,1,1,2,3308.13,10,5954.63,17-06-2024
3218,343,23,143,25,3,1,3,4,3308.13,20,10586.02,08-12-2024
3219,314,26,235,31,2,1,8,1,2697.1,20,2157.68,09-11-2024
3220,306,77,115,9,2,1,7,1,1458.15,30,1020.7,01-11-2024
3221,30,7,90,20,2,1,3,5,1543.76,20,6175.04,30-01-2024
3222,190,79,208,10,2,1,7,4,3920.16,30,10976.45,08-07-2024
3223,357,44,164,37,1,1,4,3,2647.01,20,6352.82,22-12-2024
3224,25,27,84,27,1,1,5,4,2959.22,20,9469.5,25-01-2024
3225,112,26,77,13,3,1,7,4,2697.1,30,7551.88,21-04-2024
3226,206,97,161,41,2,1,8,3,3472.54,20,8334.1,24-07-2024
3227,185,79,5,2,2,1,6,3,3920.16,20,9408.38,03-07-2024
3228,47,36,78,21,2,1,5,4,2090.7,20,6690.24,16-02-2024
3229,228,109,91,33,1,1,8,2,2492.47,20,3987.95,15-08-2024
3230,39,55,87,24,3,1,3,2,2061.18,20,3297.89,08-02-2024
3231,16,64,270,44,1,1,8,4,1193.74,20,3819.97,16-01-2024
3232,22,91,104,42,3,1,5,2,1599.77,20,2559.63,22-01-2024
3233,213,57,175,34,3,1,7,3,1391.84,30,2922.86,31-07-2024
3234,310,69,54,9,1,1,6,3,2328.42,20,5588.21,05-11-2024
3235,149,61,211,2,1,1,6,2,2411.21,20,3857.94,28-05-2024
3236,241,2,95,30,3,1,2,3,2514.33,20,6034.39,28-08-2024
3237,272,55,223,22,1,1,8,1,2061.18,20,1648.94,28-09-2024
3238,59,97,9,11,1,1,5,3,3472.54,20,8334.1,28-02-2024
3239,287,80,53,43,3,1,2,4,3997.46,20,12791.87,13-10-2024
3240,202,87,77,17,3,1,3,5,1877.55,20,7510.2,20-07-2024
3241,32,38,206,36,2,1,3,2,2960.25,20,4736.4,01-02-2024
3242,162,119,112,13,1,1,3,2,1071.78,20,1714.85,10-06-2024
3243,255,80,165,7,3,1,4,3,3997.46,20,9593.9,11-09-2024
3244,254,78,279,16,1,1,5,3,4434.63,20,10643.11,10-09-2024
3245,9,29,27,33,1,1,1,5,1056.97,10,4756.37,09-01-2024
3246,139,26,70,45,3,1,6,5,2697.1,20,10788.4,18-05-2024
3247,10,35,218,1,2,1,1,4,4331.06,10,15591.82,10-01-2024
3248,214,79,189,11,3,1,3,1,3920.16,20,3136.13,01-08-2024
3249,273,67,124,6,3,1,7,4,1599.39,30,4478.29,29-09-2024
3250,324,87,19,20,1,1,8,2,1877.55,20,3004.08,19-11-2024
3251,48,29,257,35,2,1,7,3,1056.97,30,2219.64,17-02-2024
3252,111,34,296,44,3,1,5,4,3591.79,20,11493.73,20-04-2024
3253,153,97,22,37,1,1,7,3,3472.54,30,7292.33,01-06-2024
3254,123,41,40,41,3,1,2,3,2000.51,20,4801.22,02-05-2024
3255,357,41,38,26,1,1,8,4,2000.51,20,6401.63,22-12-2024
3256,102,23,48,12,3,1,8,4,3308.13,20,10586.02,11-04-2024
3257,241,71,183,30,2,1,1,5,4091.82,10,18413.19,28-08-2024
3258,321,3,75,28,3,1,7,1,4480.05,30,3136.04,16-11-2024
3259,191,58,209,27,1,1,3,5,3452.08,20,13808.32,09-07-2024
3260,217,32,183,42,3,1,1,1,1906.42,10,1715.78,04-08-2024
3261,51,31,107,19,2,1,1,4,2591.8,10,9330.48,20-02-2024
3262,292,82,188,5,2,1,6,1,1039.81,20,831.85,18-10-2024
3263,81,43,264,5,2,1,1,2,1866.51,10,3359.72,21-03-2024
3264,88,7,86,41,2,1,3,5,1543.76,20,6175.04,28-03-2024
3265,194,105,137,27,1,1,6,5,2441.93,20,9767.72,12-07-2024
3266,104,1,95,28,3,1,8,5,2648.21,20,10592.84,13-04-2024
3267,271,61,245,26,2,1,3,3,2411.21,20,5786.9,27-09-2024
3268,96,14,90,27,3,1,4,3,3190.8,20,7657.92,05-04-2024
3269,198,52,59,42,1,1,8,4,2191.13,20,7011.62,16-07-2024
3270,1,96,28,21,3,1,8,4,4390.33,20,14049.06,01-01-2024
3271,167,6,72,1,3,1,7,3,2678.02,30,5623.84,15-06-2024
3272,126,103,270,28,2,1,4,5,1563.6,20,6254.4,05-05-2024
3273,313,10,24,15,2,1,7,3,3495.38,30,7340.3,08-11-2024
3274,81,71,112,17,1,1,4,1,4091.82,20,3273.46,21-03-2024
3275,251,90,300,26,3,1,1,5,3931.28,10,17690.76,07-09-2024
3276,169,98,56,20,1,1,5,3,1047.84,20,2514.82,17-06-2024
3277,73,30,223,25,1,1,3,4,4480.38,20,14337.22,13-03-2024
3278,141,100,120,13,1,1,4,3,2460.67,20,5905.61,20-05-2024
3279,70,21,179,33,2,1,8,2,2160.28,20,3456.45,10-03-2024
3280,262,60,288,25,2,1,8,3,1967.44,20,4721.86,18-09-2024
3281,340,81,281,8,3,1,5,5,1800.9,20,7203.6,05-12-2024
3282,308,97,189,5,3,1,4,3,3472.54,20,8334.1,03-11-2024
3283,245,74,66,6,3,1,8,4,2478.51,20,7931.23,01-09-2024
3284,3,115,298,23,2,1,7,1,2760.11,30,1932.08,03-01-2024
3285,337,63,249,30,2,1,4,2,3101.45,20,4962.32,02-12-2024
3286,63,111,76,14,1,1,5,5,1237.94,20,4951.76,03-03-2024
3287,49,42,137,23,2,1,4,4,1587.28,20,5079.3,18-02-2024
3288,76,51,164,11,1,1,1,2,3316.12,10,5969.02,16-03-2024
3289,175,64,233,31,1,1,1,3,1193.74,10,3223.1,23-06-2024
3290,109,76,255,6,2,1,6,2,2081.35,20,3330.16,18-04-2024
3291,183,56,294,11,1,1,1,1,3955.21,10,3559.69,01-07-2024
3292,192,80,170,13,1,1,2,2,3997.46,20,6395.94,10-07-2024
3293,65,41,174,12,3,1,6,2,2000.51,20,3200.82,05-03-2024
3294,337,32,18,2,1,1,4,3,1906.42,20,4575.41,02-12-2024
3295,271,15,70,35,2,1,2,3,1801.66,20,4323.98,27-09-2024
3296,100,62,116,36,2,1,3,5,1822.34,20,7289.36,09-04-2024
3297,32,27,80,17,1,1,5,3,2959.22,20,7102.13,01-02-2024
3298,352,28,15,28,3,1,3,2,3666.79,20,5866.86,17-12-2024
3299,128,81,176,28,2,1,2,1,1800.9,20,1440.72,07-05-2024
3300,339,64,269,22,2,1,8,3,1193.74,20,2864.98,04-12-2024
3301,43,110,119,38,3,1,1,5,1763.23,10,7934.54,12-02-2024
3302,78,59,299,7,1,1,7,5,2890.15,30,10115.52,18-03-2024
3303,314,114,188,15,2,1,4,2,3197.77,20,5116.43,09-11-2024
3304,289,58,57,32,1,1,6,3,3452.08,20,8284.99,15-10-2024
3305,270,2,199,11,1,1,8,3,2514.33,20,6034.39,26-09-2024
3306,162,36,17,24,1,1,7,5,2090.7,30,7317.45,10-06-2024
3307,189,114,288,3,1,1,8,3,3197.77,20,7674.65,07-07-2024
3308,247,71,55,30,2,1,7,2,4091.82,30,5728.55,03-09-2024
3309,216,13,269,6,3,1,4,1,2731.73,20,2185.38,03-08-2024
3310,315,15,87,2,2,1,1,2,1801.66,10,3242.99,10-11-2024
3311,339,89,29,14,3,1,4,3,2546.15,20,6110.76,04-12-2024
3312,168,87,22,41,1,1,5,2,1877.55,20,3004.08,16-06-2024
3313,339,60,285,18,3,1,7,4,1967.44,30,5508.83,04-12-2024
3314,193,22,48,44,1,1,5,4,3222.37,20,10311.58,11-07-2024
3315,283,63,5,31,2,1,8,3,3101.45,20,7443.48,09-10-2024
3316,336,90,250,13,2,1,5,3,3931.28,20,9435.07,01-12-2024
3317,13,97,163,26,3,1,3,1,3472.54,20,2778.03,13-01-2024
3318,240,75,202,44,1,1,8,2,3319.29,20,5310.86,27-08-2024
3319,320,74,101,12,1,1,1,1,2478.51,10,2230.66,15-11-2024
3320,147,25,71,18,3,1,5,3,1728.67,20,4148.81,26-05-2024
3321,204,101,163,9,1,1,2,3,3578.55,20,8588.52,22-07-2024
3322,80,48,173,21,1,1,5,5,4248.06,20,16992.24,20-03-2024
3323,43,43,141,40,1,1,6,1,1866.51,20,1493.21,12-02-2024
3324,89,117,138,43,2,1,3,3,2468.42,20,5924.21,29-03-2024
3325,148,38,66,24,2,1,2,4,2960.25,20,9472.8,27-05-2024
3326,95,41,198,34,2,1,7,5,2000.51,30,7001.78,04-04-2024
3327,151,45,228,8,1,1,1,2,2241.67,10,4035.01,30-05-2024
3328,2,88,281,44,2,1,1,5,4374.91,10,19687.1,02-01-2024
3329,22,40,172,33,1,1,6,2,1171.25,20,1874,22-01-2024
3330,313,110,40,23,1,1,7,4,1763.23,30,4937.04,08-11-2024
3331,328,120,7,13,3,1,5,2,2937.73,20,4700.37,23-11-2024
3332,7,97,174,14,1,1,2,1,3472.54,20,2778.03,07-01-2024
3333,206,17,151,14,2,1,6,2,4424.01,20,7078.42,24-07-2024
3334,114,88,211,16,2,1,2,2,4374.91,20,6999.86,23-04-2024
3335,272,101,86,38,1,1,5,5,3578.55,20,14314.2,28-09-2024
3336,83,57,253,39,2,1,7,4,1391.84,30,3897.15,23-03-2024
3337,179,2,21,26,1,1,5,2,2514.33,20,4022.93,27-06-2024
3338,210,96,257,26,3,1,4,1,4390.33,20,3512.26,28-07-2024
3339,328,62,33,1,1,1,4,5,1822.34,20,7289.36,23-11-2024
3340,124,88,260,32,1,1,5,4,4374.91,20,13999.71,03-05-2024
3341,113,9,234,15,3,1,3,4,3579.01,20,11452.83,22-04-2024
3342,12,68,3,21,2,1,6,3,1155.39,20,2772.94,12-01-2024
3343,126,81,227,18,3,1,4,1,1800.9,20,1440.72,05-05-2024
3344,53,17,284,30,3,1,8,5,4424.01,20,17696.04,22-02-2024
3345,331,117,70,13,1,1,5,5,2468.42,20,9873.68,26-11-2024
3346,283,50,254,24,1,1,8,1,1652.11,20,1321.69,09-10-2024
3347,140,112,144,30,3,1,8,4,1558.32,20,4986.62,19-05-2024
3348,97,94,24,2,2,1,2,2,1398.07,20,2236.91,06-04-2024
3349,5,40,234,19,3,1,6,1,1171.25,20,937,05-01-2024
3350,57,58,175,44,2,1,7,5,3452.08,30,12082.28,26-02-2024
3351,334,75,159,25,3,1,4,1,3319.29,20,2655.43,29-11-2024
3352,69,85,286,14,3,1,7,4,2075.94,30,5812.63,09-03-2024
3353,118,21,18,6,2,1,3,3,2160.28,20,5184.67,27-04-2024
3354,59,18,44,12,3,1,6,3,2652.27,20,6365.45,28-02-2024
3355,33,55,155,20,1,1,6,2,2061.18,20,3297.89,02-02-2024
3356,318,29,231,23,3,1,1,2,1056.97,10,1902.55,13-11-2024
3357,50,24,225,30,1,1,2,4,4011,20,12835.2,19-02-2024
3358,19,74,217,30,2,1,3,2,2478.51,20,3965.62,19-01-2024
3359,214,109,56,38,2,1,8,3,2492.47,20,5981.93,01-08-2024
3360,197,17,31,30,1,1,3,4,4424.01,20,14156.83,15-07-2024
3361,47,18,59,41,3,1,7,4,2652.27,30,7426.36,16-02-2024
3362,167,42,235,30,1,1,3,4,1587.28,20,5079.3,15-06-2024
3363,289,112,107,36,1,1,2,1,1558.32,20,1246.66,15-10-2024
3364,141,84,191,34,2,1,3,2,2833.5,20,4533.6,20-05-2024
3365,84,101,18,16,1,1,1,5,3578.55,10,16103.48,24-03-2024
3366,182,45,226,24,3,1,4,3,2241.67,20,5380.01,30-06-2024
3367,79,82,167,14,1,1,2,2,1039.81,20,1663.7,19-03-2024
3368,215,17,71,26,2,1,3,3,4424.01,20,10617.62,02-08-2024
3369,14,73,54,8,3,1,5,2,2983.91,20,4774.26,14-01-2024
3370,215,14,245,14,2,1,4,5,3190.8,20,12763.2,02-08-2024
3371,128,49,76,31,1,1,7,3,1153.5,30,2422.35,07-05-2024
3372,310,29,35,2,1,1,8,5,1056.97,20,4227.88,05-11-2024
3373,248,95,267,4,2,1,6,3,1377.88,20,3306.91,04-09-2024
3374,29,4,300,1,2,1,2,1,1533.33,20,1226.66,29-01-2024
3375,280,82,121,20,3,1,5,1,1039.81,20,831.85,06-10-2024
3376,338,20,25,14,2,1,6,3,2463.82,20,5913.17,03-12-2024
3377,319,120,160,40,2,1,5,3,2937.73,20,7050.55,14-11-2024
3378,202,120,84,25,1,1,3,5,2937.73,20,11750.92,20-07-2024
3379,361,47,114,25,1,1,8,4,3939.17,20,12605.34,26-12-2024
3380,57,107,223,3,2,1,2,3,1109.5,20,2662.8,26-02-2024
3381,218,108,166,5,2,1,8,2,4194.77,20,6711.63,05-08-2024
3382,62,9,191,38,1,1,8,2,3579.01,20,5726.42,02-03-2024
3383,157,77,175,26,3,1,7,2,1458.15,30,2041.41,05-06-2024
3384,202,79,1,40,3,1,3,1,3920.16,20,3136.13,20-07-2024
3385,17,27,229,38,3,1,6,5,2959.22,20,11836.88,17-01-2024
3386,322,15,86,38,3,1,7,1,1801.66,30,1261.16,17-11-2024
3387,6,92,62,4,1,1,8,2,2380.87,20,3809.39,06-01-2024
3388,58,101,206,7,2,1,1,3,3578.55,10,9662.09,27-02-2024
3389,325,119,105,30,3,1,5,2,1071.78,20,1714.85,20-11-2024
3390,318,19,291,30,1,1,1,3,4161.96,10,11237.29,13-11-2024
3391,169,90,250,19,2,1,6,5,3931.28,20,15725.12,17-06-2024
3392,82,52,13,39,3,1,3,4,2191.13,20,7011.62,22-03-2024
3393,219,26,163,35,2,1,7,3,2697.1,30,5663.91,06-08-2024
3394,177,89,43,40,3,1,7,1,2546.15,30,1782.3,25-06-2024
3395,204,26,111,33,2,1,7,2,2697.1,30,3775.94,22-07-2024
3396,71,26,205,33,3,1,4,2,2697.1,20,4315.36,11-03-2024
3397,266,46,256,14,3,1,5,2,2320.89,20,3713.42,22-09-2024
3398,98,92,144,38,2,1,4,3,2380.87,20,5714.09,07-04-2024
3399,345,49,146,10,2,1,2,5,1153.5,20,4614,10-12-2024
3400,291,82,164,28,2,1,5,3,1039.81,20,2495.54,17-10-2024
3401,208,96,169,14,1,1,1,1,4390.33,10,3951.3,26-07-2024
3402,2,53,298,36,1,1,4,2,1814.99,20,2903.98,02-01-2024
3403,124,3,233,38,2,1,6,3,4480.05,20,10752.12,03-05-2024
3404,280,66,271,16,1,1,2,2,3160.42,20,5056.67,06-10-2024
3405,74,97,60,21,3,1,5,1,3472.54,20,2778.03,14-03-2024
3406,166,42,296,28,2,1,7,4,1587.28,30,4444.38,14-06-2024
3407,22,19,235,33,1,1,6,4,4161.96,20,13318.27,22-01-2024
3408,154,17,165,6,2,1,8,4,4424.01,20,14156.83,02-06-2024
3409,295,108,194,41,3,1,2,2,4194.77,20,6711.63,21-10-2024
3410,219,33,234,15,3,1,1,3,4080.58,10,11017.57,06-08-2024
3411,157,76,183,44,1,1,7,2,2081.35,30,2913.89,05-06-2024
3412,230,49,232,3,3,1,6,5,1153.5,20,4614,17-08-2024
3413,20,56,107,43,2,1,5,3,3955.21,20,9492.5,20-01-2024
3414,41,63,223,35,1,1,2,1,3101.45,20,2481.16,10-02-2024
3415,148,3,80,14,2,1,3,4,4480.05,20,14336.16,27-05-2024
3416,108,107,234,2,2,1,8,3,1109.5,20,2662.8,17-04-2024
3417,84,49,184,29,2,1,5,3,1153.5,20,2768.4,24-03-2024
3418,322,55,185,4,3,1,5,4,2061.18,20,6595.78,17-11-2024
3419,309,26,134,26,2,1,7,1,2697.1,30,1887.97,04-11-2024
3420,290,99,220,12,3,1,5,2,2335.76,20,3737.22,16-10-2024
3421,323,72,288,2,2,1,7,2,999.42,30,1399.19,18-11-2024
3422,134,52,202,17,3,1,5,3,2191.13,20,5258.71,13-05-2024
3423,207,100,146,35,3,1,3,4,2460.67,20,7874.14,25-07-2024
3424,283,117,127,10,3,1,6,5,2468.42,20,9873.68,09-10-2024
3425,266,118,135,22,2,1,6,1,3528.14,20,2822.51,22-09-2024
3426,73,7,114,41,2,1,6,2,1543.76,20,2470.02,13-03-2024
3427,352,46,264,43,3,1,1,1,2320.89,10,2088.8,17-12-2024
3428,48,46,64,21,2,1,3,1,2320.89,20,1856.71,17-02-2024
3429,326,100,135,15,3,1,3,1,2460.67,20,1968.54,21-11-2024
3430,233,16,41,35,2,1,8,4,3023.54,20,9675.33,20-08-2024
3431,100,24,296,21,3,1,2,4,4011,20,12835.2,09-04-2024
3432,59,61,3,21,3,1,4,4,2411.21,20,7715.87,28-02-2024
3433,258,54,194,21,1,1,6,3,1963.05,20,4711.32,14-09-2024
3434,65,62,110,44,2,1,4,4,1822.34,20,5831.49,05-03-2024
3435,83,1,221,32,2,1,2,3,2648.21,20,6355.7,23-03-2024
3436,154,49,4,5,1,1,3,2,1153.5,20,1845.6,02-06-2024
3437,266,25,244,39,3,1,2,2,1728.67,20,2765.87,22-09-2024
3438,309,10,166,9,3,1,5,2,3495.38,20,5592.61,04-11-2024
3439,79,118,26,18,1,1,2,2,3528.14,20,5645.02,19-03-2024
3440,315,80,17,21,1,1,2,2,3997.46,20,6395.94,10-11-2024
3441,150,16,216,8,3,1,7,4,3023.54,30,8465.91,29-05-2024
3442,48,58,92,44,2,1,5,5,3452.08,20,13808.32,17-02-2024
3443,248,72,31,34,1,1,7,4,999.42,30,2798.38,04-09-2024
3444,278,29,205,10,1,1,4,5,1056.97,20,4227.88,04-10-2024
3445,356,103,207,41,1,1,8,4,1563.6,20,5003.52,21-12-2024
3446,98,92,107,24,1,1,5,2,2380.87,20,3809.39,07-04-2024
3447,25,6,146,40,1,1,8,1,2678.02,20,2142.42,25-01-2024
3448,284,16,101,24,1,1,1,5,3023.54,10,13605.93,10-10-2024
3449,301,20,241,32,3,1,2,1,2463.82,20,1971.06,27-10-2024
3450,68,80,247,33,3,1,8,2,3997.46,20,6395.94,08-03-2024
3451,7,71,163,38,1,1,2,5,4091.82,20,16367.28,07-01-2024
3452,305,105,173,44,3,1,7,1,2441.93,30,1709.35,31-10-2024
3453,137,78,35,34,2,1,4,4,4434.63,20,14190.82,16-05-2024
3454,164,43,284,11,2,1,7,2,1866.51,30,2613.11,12-06-2024
3455,83,26,21,31,1,1,3,4,2697.1,20,8630.72,23-03-2024
3456,138,90,163,18,2,1,5,4,3931.28,20,12580.1,17-05-2024
3457,73,78,97,23,2,1,3,2,4434.63,20,7095.41,13-03-2024
3458,237,71,55,22,3,1,1,5,4091.82,10,18413.19,24-08-2024
3459,46,33,127,43,3,1,5,3,4080.58,20,9793.39,15-02-2024
3460,106,26,193,18,3,1,1,3,2697.1,10,7282.17,15-04-2024
3461,288,45,243,40,3,1,1,2,2241.67,10,4035.01,14-10-2024
3462,262,84,88,41,2,1,1,3,2833.5,10,7650.45,18-09-2024
3463,176,63,215,39,1,1,6,1,3101.45,20,2481.16,24-06-2024
3464,166,67,92,20,3,1,5,5,1599.39,20,6397.56,14-06-2024
3465,145,52,235,13,2,1,8,4,2191.13,20,7011.62,24-05-2024
3466,330,68,184,45,3,1,5,4,1155.39,20,3697.25,25-11-2024
3467,283,26,38,1,2,1,6,2,2697.1,20,4315.36,09-10-2024
3468,54,75,139,4,3,1,4,4,3319.29,20,10621.73,23-02-2024
3469,178,2,195,24,1,1,8,1,2514.33,20,2011.46,26-06-2024
3470,244,14,15,36,3,1,6,1,3190.8,20,2552.64,31-08-2024
3471,341,108,257,36,1,1,8,2,4194.77,20,6711.63,06-12-2024
3472,127,30,135,45,3,1,2,4,4480.38,20,14337.22,06-05-2024
3473,271,49,1,2,3,1,3,3,1153.5,20,2768.4,27-09-2024
3474,132,12,49,28,3,1,3,3,2853.14,20,6847.54,11-05-2024
3475,93,90,96,26,2,1,1,5,3931.28,10,17690.76,02-04-2024
3476,73,44,201,23,2,1,5,2,2647.01,20,4235.22,13-03-2024
3477,248,33,26,15,1,1,5,5,4080.58,20,16322.32,04-09-2024
3478,348,13,235,36,1,1,1,3,2731.73,10,7375.67,13-12-2024
3479,273,78,244,27,2,1,2,3,4434.63,20,10643.11,29-09-2024
3480,43,88,51,6,1,1,3,3,4374.91,20,10499.78,12-02-2024
3481,41,98,81,35,1,1,6,5,1047.84,20,4191.36,10-02-2024
3482,170,108,36,39,2,1,4,2,4194.77,20,6711.63,18-06-2024
3483,212,26,67,38,2,1,8,1,2697.1,20,2157.68,30-07-2024
3484,168,21,129,35,2,1,8,1,2160.28,20,1728.22,16-06-2024
3485,39,28,155,36,2,1,8,3,3666.79,20,8800.3,08-02-2024
3486,245,48,245,10,3,1,8,2,4248.06,20,6796.9,01-09-2024
3487,151,100,111,30,2,1,7,2,2460.67,30,3444.94,30-05-2024
3488,111,40,168,41,1,1,2,4,1171.25,20,3748,20-04-2024
3489,47,66,142,38,3,1,8,4,3160.42,20,10113.34,16-02-2024
3490,63,106,197,29,3,1,5,5,3378.6,20,13514.4,03-03-2024
3491,225,73,109,43,1,1,7,4,2983.91,30,8354.95,12-08-2024
3492,69,87,79,39,3,1,1,5,1877.55,10,8448.98,09-03-2024
3493,299,79,161,4,1,1,3,1,3920.16,20,3136.13,25-10-2024
3494,290,77,19,5,3,1,7,3,1458.15,30,3062.12,16-10-2024
3495,296,23,127,4,3,1,1,2,3308.13,10,5954.63,22-10-2024
3496,203,81,205,36,1,1,5,1,1800.9,20,1440.72,21-07-2024
3497,61,48,29,45,1,1,8,1,4248.06,20,3398.45,01-03-2024
3498,318,2,207,16,1,1,1,5,2514.33,10,11314.48,13-11-2024
3499,314,84,280,25,1,1,6,3,2833.5,20,6800.4,09-11-2024
3500,161,20,151,14,2,1,7,5,2463.82,30,8623.37,09-06-2024
